trait,model,y_true,y_pred_oof_outer
blumeria_graminis,svr_linear,1.607661268,1.4450016674973662
blumeria_graminis,svr_linear,1.282545663,1.6583792744423365
blumeria_graminis,svr_linear,1.824626108,2.1278152067959875
blumeria_graminis,svr_linear,3.557255932,1.991203739393432
blumeria_graminis,svr_linear,1.422513744,1.8066105675000375
blumeria_graminis,svr_linear,2.118846253,1.7835848678573867
blumeria_graminis,svr_linear,1.658119077,1.6124673150192805
blumeria_graminis,svr_linear,2.280562163,2.002318471600443
blumeria_graminis,svr_linear,1.399851787,1.511315698668469
blumeria_graminis,svr_linear,3.163780342,3.1943971431437284
blumeria_graminis,svr_linear,2.835312948,1.9270645769259604
blumeria_graminis,svr_linear,2.169725662,2.103273494019354
blumeria_graminis,svr_linear,1.474720911,1.661611459064145
blumeria_graminis,svr_linear,2.784311373,2.5340344115873927
blumeria_graminis,svr_linear,1.567611335,2.158094853028083
blumeria_graminis,svr_linear,0.878362783,1.4893927391312825
blumeria_graminis,svr_linear,2.454749367,1.9542857519272783
blumeria_graminis,svr_linear,1.960430977,2.1020433083247587
blumeria_graminis,svr_linear,1.079959671,2.0685754830677463
blumeria_graminis,svr_linear,1.767445451,1.4161131880007067
blumeria_graminis,svr_linear,1.080969349,2.1133241171090145
blumeria_graminis,svr_linear,2.853356049,1.87810992669838
blumeria_graminis,svr_linear,2.616380327,1.9970338919205666
blumeria_graminis,svr_linear,1.313348005,2.4426526397450727
blumeria_graminis,svr_linear,1.18198696,1.9407761546602915
blumeria_graminis,svr_linear,1.39162445,1.5431237877667061
blumeria_graminis,svr_linear,1.137216305,2.462288947479213
blumeria_graminis,svr_linear,1.647907625,1.4419377946904226
blumeria_graminis,svr_linear,1.235201359,1.867255719026416
blumeria_graminis,svr_linear,2.108077598,1.9769363474603698
blumeria_graminis,svr_linear,1.184409835,1.8046599990345453
blumeria_graminis,svr_linear,1.321922995,1.4268570209395652
blumeria_graminis,svr_linear,1.1200677,1.4458303690223286
blumeria_graminis,svr_linear,1.359683313,1.8770377338708002
blumeria_graminis,svr_linear,1.278845843,1.7482058386190384
blumeria_graminis,svr_linear,1.479149112,1.7068957273482745
blumeria_graminis,svr_linear,1.264224462,1.800897829763298
blumeria_graminis,svr_linear,1.607518173,1.7885830355162682
blumeria_graminis,svr_linear,1.571836665,1.6337245664282949
blumeria_graminis,svr_linear,1.515752045,1.8813550073764542
blumeria_graminis,svr_linear,2.780634944,2.372213016013025
blumeria_graminis,svr_linear,1.477580516,1.8287007238072945
blumeria_graminis,svr_linear,2.239054599,1.5164528288453116
blumeria_graminis,svr_linear,1.248313638,1.3877243901042204
blumeria_graminis,svr_linear,1.670556521,1.7681750217130188
blumeria_graminis,svr_linear,1.21224341,1.8629076300554788
blumeria_graminis,svr_linear,1.325912087,1.7155363973821036
blumeria_graminis,svr_linear,1.273001399,1.7142829555829548
blumeria_graminis,svr_linear,1.789160934,2.048749994171811
blumeria_graminis,svr_linear,3.109295634,2.243989201683013
blumeria_graminis,svr_linear,1.199908391,1.8766026181154492
blumeria_graminis,svr_linear,1.312854167,1.9056654020850547
blumeria_graminis,svr_linear,1.177500001,1.7948972802052494
blumeria_graminis,svr_linear,1.957260414,1.8641712567141866
blumeria_graminis,svr_linear,1.431817791,1.9232273084877296
blumeria_graminis,svr_linear,1.344824841,1.949823704346572
blumeria_graminis,svr_linear,1.19671147,1.4182818500923293
blumeria_graminis,svr_linear,1.09251436,1.8378178620208168
blumeria_graminis,svr_linear,1.245893872,2.4996691242651226
blumeria_graminis,svr_linear,1.195568981,1.6056255544711475
blumeria_graminis,svr_linear,1.075752275,1.4833555621385623
blumeria_graminis,svr_linear,1.457284446,1.3857616803559933
blumeria_graminis,svr_linear,2.890299499,2.1116831345578326
blumeria_graminis,svr_linear,1.924411354,2.514782968610646
blumeria_graminis,svr_linear,1.180154129,1.8087677382163476
blumeria_graminis,svr_linear,1.607241022,1.4969174209498424
blumeria_graminis,svr_linear,2.275259506,1.8893748141723488
blumeria_graminis,svr_linear,1.33541314,2.0701856312353044
blumeria_graminis,svr_linear,1.296630445,1.93171671643203
blumeria_graminis,svr_linear,1.682945121,1.6876509613896542
blumeria_graminis,svr_linear,1.230735091,1.8117368756010241
blumeria_graminis,svr_linear,1.298666677,2.317008871287186
blumeria_graminis,svr_linear,1.516214308,1.7976655726443518
blumeria_graminis,svr_linear,1.276218294,2.1524617549740146
blumeria_graminis,svr_linear,1.384377824,1.5592379679568462
blumeria_graminis,svr_linear,2.38395236,1.6188293411938774
blumeria_graminis,svr_linear,2.112994033,2.266551790943754
blumeria_graminis,svr_linear,1.739651179,2.2674543023903766
blumeria_graminis,svr_linear,1.309187342,1.7406464747715522
blumeria_graminis,svr_linear,3.393857949,2.081214040900615
blumeria_graminis,svr_linear,1.504892337,1.8193765145664813
blumeria_graminis,svr_linear,1.23815383,1.7283515169791148
blumeria_graminis,svr_linear,1.425633541,2.1252339045620428
blumeria_graminis,svr_linear,1.451144803,1.8369242223434938
blumeria_graminis,svr_linear,1.468239282,1.4401257429785668
blumeria_graminis,svr_linear,1.611376461,2.131183241466343
blumeria_graminis,svr_linear,1.18084023,1.4145721666652182
blumeria_graminis,svr_linear,2.007750502,2.254271014672031
blumeria_graminis,svr_linear,1.268648611,1.948238269693278
blumeria_graminis,svr_linear,1.910940074,1.6132472070047652
blumeria_graminis,svr_linear,2.735423773,2.0168088758701055
blumeria_graminis,svr_linear,1.488873596,1.9189857366749867
blumeria_graminis,svr_linear,1.483833804,1.692648801204407
blumeria_graminis,svr_linear,1.502115379,2.068949650178062
blumeria_graminis,svr_linear,2.45121835,1.9422479588612922
blumeria_graminis,svr_linear,1.194439857,1.7974011531559404
blumeria_graminis,svr_linear,1.424394868,2.090300059690204
blumeria_graminis,svr_linear,1.323548827,1.7753330341872207
blumeria_graminis,svr_linear,1.199962683,1.4070011812757621
blumeria_graminis,svr_linear,1.266170724,2.1588750082113295
blumeria_graminis,svr_linear,1.385844234,1.792724545876084
blumeria_graminis,svr_linear,1.594917668,2.009515745399982
blumeria_graminis,svr_linear,1.188508207,1.7909313608230253
blumeria_graminis,svr_linear,1.416087092,1.7133658316275986
blumeria_graminis,svr_linear,1.450550884,1.9831945426448492
blumeria_graminis,svr_linear,1.253072067,1.8467597664143884
blumeria_graminis,svr_linear,1.431584064,1.8121568884219064
blumeria_graminis,svr_linear,1.364132813,1.8570447140024375
blumeria_graminis,svr_linear,1.235694489,1.4066975477332089
blumeria_graminis,svr_linear,1.834366315,1.5027783646912196
blumeria_graminis,svr_linear,1.278786368,1.9032640871357767
blumeria_graminis,svr_linear,2.019738746,1.4465563304932187
blumeria_graminis,svr_linear,1.883581975,2.019884023734021
blumeria_graminis,svr_linear,1.513130744,1.4927042191287754
blumeria_graminis,svr_linear,1.17494921,1.4022062309624848
blumeria_graminis,svr_linear,1.234538962,1.8269301868453396
blumeria_graminis,svr_linear,2.146275561,1.9881743837197723
blumeria_graminis,svr_linear,2.548445612,1.9758028182550833
blumeria_graminis,svr_linear,2.91279473,2.467278364201312
blumeria_graminis,svr_linear,1.192607622,1.7605250753851225
blumeria_graminis,svr_linear,2.18201933,2.038773832104373
blumeria_graminis,svr_linear,1.621276748,1.7669380386998965
blumeria_graminis,svr_linear,1.218567799,1.4288763181119828
blumeria_graminis,svr_linear,1.569724829,1.9814278369550762
blumeria_graminis,svr_linear,1.571529128,2.1396914577286434
blumeria_graminis,svr_linear,1.183105356,2.068097032273431
blumeria_graminis,svr_linear,1.760640182,1.7398420873508695
blumeria_graminis,svr_linear,1.235966649,2.13369343737913
blumeria_graminis,svr_linear,4.564505948,3.804832209886729
blumeria_graminis,svr_linear,3.556418177,2.9217405578935915
blumeria_graminis,svr_linear,3.180000688,3.358255080316478
blumeria_graminis,svr_linear,6.589138619,3.6450945840405455
blumeria_graminis,svr_linear,4.276054141,3.6716380752491533
blumeria_graminis,svr_linear,2.534190253,3.6809648543323075
blumeria_graminis,svr_linear,3.019697482,3.711295421020245
blumeria_graminis,svr_linear,2.411663088,3.1558969103185235
blumeria_graminis,svr_linear,2.920814432,3.5569332878793856
blumeria_graminis,svr_linear,2.287903953,3.083167985867343
blumeria_graminis,svr_linear,3.027663889,3.659602233179867
blumeria_graminis,svr_linear,4.157511268,3.7257311285854544
blumeria_graminis,svr_linear,2.390854411,2.9641070293365024
blumeria_graminis,svr_linear,2.904034227,3.6925569710690196
blumeria_graminis,svr_linear,2.791457945,3.668459032041017
blumeria_graminis,svr_linear,3.542664674,3.6111813958016286
blumeria_graminis,svr_linear,2.666662658,3.685202343802343
blumeria_graminis,svr_linear,3.418368958,3.1498637911250382
blumeria_graminis,svr_linear,4.188001098,3.2858398577669297
blumeria_graminis,svr_linear,2.540939638,3.4370486525740884
blumeria_graminis,svr_linear,2.930715273,3.097553806703179
blumeria_graminis,svr_linear,2.699797776,2.947683417942866
blumeria_graminis,svr_linear,4.493524122,3.5834897786055326
blumeria_graminis,svr_linear,5.146678714,3.4320861843638166
blumeria_graminis,svr_linear,2.410529842,2.9997834710862232
blumeria_graminis,svr_linear,4.008990408,3.1768628205606912
blumeria_graminis,svr_linear,4.008608582,3.332286222616259
blumeria_graminis,svr_linear,3.891826181,2.877370215192489
blumeria_graminis,svr_linear,2.979570497,3.284382520363705
blumeria_graminis,svr_linear,2.721315015,2.99549826259968
blumeria_graminis,svr_linear,2.629762575,3.115186500394455
blumeria_graminis,svr_linear,2.860550558,3.79889262696257
blumeria_graminis,svr_linear,4.062468799,3.0984386643039503
blumeria_graminis,svr_linear,4.848314026,3.483338877997393
blumeria_graminis,svr_linear,4.112070774,3.5880335570904007
blumeria_graminis,svr_linear,3.246044365,3.4822333797741267
blumeria_graminis,svr_linear,3.682047913,3.3588143173444838
blumeria_graminis,svr_linear,4.469646647,3.490007032882487
blumeria_graminis,svr_linear,3.447599585,3.037399059807171
blumeria_graminis,svr_linear,3.239698053,3.2372249854493877
blumeria_graminis,svr_linear,3.85304031,3.6356464387025547
blumeria_graminis,svr_linear,3.069274663,1.646604294107485
blumeria_graminis,svr_linear,2.872516237,2.8286280276223534
blumeria_graminis,svr_linear,3.543755695,3.4980793025718553
blumeria_graminis,svr_linear,2.85595884,3.66618196835922
blumeria_graminis,svr_linear,3.555119352,2.9998520275975507
blumeria_graminis,svr_linear,3.30976685,2.878674257773324
blumeria_graminis,svr_linear,3.043052785,3.6288642893953895
blumeria_graminis,svr_linear,3.741443185,3.4477508299623083
blumeria_graminis,svr_linear,3.928411229,3.5257225176021385
blumeria_graminis,svr_linear,4.590927718,3.5848737462969766
blumeria_graminis,svr_linear,3.655174103,3.338203226028337
blumeria_graminis,svr_linear,2.906454968,2.9004783443822966
blumeria_graminis,svr_linear,3.097001974,3.6739885751716996
blumeria_graminis,svr_linear,2.798874784,3.2667722037328515
blumeria_graminis,svr_linear,4.406218731,3.661462333182886
blumeria_graminis,svr_linear,3.433186966,2.754000025745409
blumeria_graminis,svr_linear,3.684065586,3.5568359390764406
blumeria_graminis,svr_linear,2.975448722,3.0946477777871353
blumeria_graminis,svr_linear,4.145771488,3.227911301817307
blumeria_graminis,svr_linear,4.962126692,3.6636308443317547
blumeria_graminis,svr_linear,5.063516056,3.5472229557487607
blumeria_graminis,svr_linear,4.24409059,3.5383558411715645
blumeria_graminis,svr_linear,3.149025161,3.128837898832729
blumeria_graminis,svr_linear,3.032712489,3.198160275838814
blumeria_graminis,svr_linear,3.889121027,3.7200689182185385
blumeria_graminis,svr_linear,4.028138475,3.180397707133107
blumeria_graminis,svr_linear,4.505033293,3.149614662059065
blumeria_graminis,svr_linear,3.107990383,3.72898620944332
blumeria_graminis,svr_linear,3.428772966,3.3962162540413527
blumeria_graminis,svr_linear,3.160942868,3.6656944679222088
blumeria_graminis,svr_linear,2.447616775,2.925833547344479
blumeria_graminis,svr_linear,3.004071277,3.35671352995394
blumeria_graminis,svr_linear,4.290238698,3.4570783079846956
blumeria_graminis,svr_linear,4.263476721,3.5464031612191627
blumeria_graminis,svr_linear,2.961706458,3.6113701485545477
blumeria_graminis,svr_linear,4.157007598,3.7015753652231567
blumeria_graminis,svr_linear,3.442248818,3.6473289785174043
blumeria_graminis,svr_linear,4.295626453,2.9812904158520066
blumeria_graminis,svr_linear,4.521787881,3.566076149023294
blumeria_graminis,svr_linear,1.980491283,3.7959800222901814
blumeria_graminis,svr_linear,3.194400545,3.674203274994391
blumeria_graminis,svr_linear,3.903138775,3.743382564809886
blumeria_graminis,svr_linear,3.022576062,3.727101786349401
blumeria_graminis,svr_linear,4.367614723,3.6899070890828845
blumeria_graminis,svr_linear,3.472011705,3.615991744539073
blumeria_graminis,svr_linear,3.717066553,3.745707035427072
blumeria_graminis,svr_linear,2.873965832,3.2913540089226454
blumeria_graminis,svr_linear,3.279381497,3.7004665728611603
blumeria_graminis,svr_linear,2.661315957,3.0845028808384827
blumeria_graminis,svr_linear,3.150697043,3.0917009421387562
blumeria_graminis,svr_linear,3.426235627,3.7044422197833033
blumeria_graminis,svr_linear,4.268562575,2.895971346886993
blumeria_graminis,svr_linear,3.540086341,3.814455778521864
blumeria_graminis,svr_linear,2.845898934,3.561840154860624
blumeria_graminis,svr_linear,3.049252072,3.5845491621582153
blumeria_graminis,svr_linear,3.400882727,3.695765255600145
blumeria_graminis,svr_linear,3.683867214,3.70573532790832
blumeria_graminis,svr_linear,3.634671231,3.0286075010750717
blumeria_graminis,svr_linear,2.27943587,2.8739752061951616
blumeria_graminis,svr_linear,2.704987972,3.23687221042381
blumeria_graminis,svr_linear,3.416915262,3.623910282226867
blumeria_graminis,svr_linear,3.328202772,3.6552892471180556
blumeria_graminis,svr_linear,2.756426229,3.831039082467546
blumeria_graminis,svr_linear,3.637625031,3.607414672697066
blumeria_graminis,svr_linear,3.429806456,3.6176010341403293
blumeria_graminis,svr_linear,3.545213946,3.6826050498032132
blumeria_graminis,svr_linear,3.184426594,3.817732999983603
blumeria_graminis,svr_linear,3.458869061,2.8948523326567326
blumeria_graminis,svr_linear,2.989321031,3.16341669882231
blumeria_graminis,svr_linear,3.658455994,3.2290850553241492
blumeria_graminis,svr_linear,2.351764217,1.9512170244506482
blumeria_graminis,svr_linear,3.239734038,3.6883670209464823
blumeria_graminis,svr_linear,3.412612816,3.143449860091115
blumeria_graminis,svr_linear,3.758961177,3.660684954337756
blumeria_graminis,svr_linear,3.64693133,3.764841101015617
blumeria_graminis,svr_linear,4.425828633,3.243329183128888
blumeria_graminis,svr_linear,4.636268046,3.5368955498889543
blumeria_graminis,svr_linear,4.272345892,3.3229388430510163
blumeria_graminis,svr_linear,3.172735051,3.155699450168469
blumeria_graminis,svr_linear,3.949681236,3.6626651281252
blumeria_graminis,svr_linear,2.785514466,3.543544447260064
blumeria_graminis,svr_linear,2.553140951,2.8117930499980304
blumeria_graminis,svr_linear,2.045791317,2.0051917832117434
blumeria_graminis,svr_linear,3.012701172,2.9490255810241415
blumeria_graminis,svr_linear,3.493796248,3.312881656757237
blumeria_graminis,svr_linear,3.594167986,3.7531653553258213
blumeria_graminis,svr_linear,4.135491211,3.6452759590384187
blumeria_graminis,svr_linear,3.785544967,3.289586254190682
blumeria_graminis,svr_linear,3.029052143,3.2254569861483455
blumeria_graminis,svr_linear,3.368255205,3.7377241757146815
blumeria_graminis,svr_linear,4.306653911,3.1618510539969837
blumeria_graminis,svr_linear,3.785167304,3.122340896329573
blumeria_graminis,svr_linear,3.639007752,3.6600447318518645
blumeria_graminis,svr_linear,3.456843562,2.9228552944037367
blumeria_graminis,svr_linear,4.147701114,3.5853009160064064
blumeria_graminis,svr_linear,2.446781946,1.5736387996804257
blumeria_graminis,svr_linear,2.909312189,3.7470668671179546
blumeria_graminis,svr_linear,2.494668195,3.706537665063484
blumeria_graminis,svr_linear,4.053919174,2.8628244427125855
blumeria_graminis,svr_linear,4.641373898,3.4228926758170592
blumeria_graminis,svr_linear,4.233338983,3.581753598402508
blumeria_graminis,svr_linear,2.681197233,3.02677480382802
blumeria_graminis,svr_linear,2.681340092,3.4329048873228296
blumeria_graminis,svr_linear,3.350652113,3.645147177511389
blumeria_graminis,svr_linear,3.538647045,3.2670969439767448
blumeria_graminis,svr_linear,2.862047713,3.652014150926291
blumeria_graminis,svr_linear,3.946302219,3.6976192120046405
blumeria_graminis,svr_linear,3.011278457,3.626735727635957
blumeria_graminis,svr_linear,2.529239907,2.633030352076056
blumeria_graminis,svr_linear,3.841334897,3.257577042020777
blumeria_graminis,svr_linear,3.228487904,3.583152907086897
blumeria_graminis,svr_linear,2.658916003,3.3134440387493593
blumeria_graminis,svr_linear,3.151626716,3.1186611646697484
blumeria_graminis,svr_linear,3.283427369,3.59222902382164
blumeria_graminis,svr_linear,3.789334106,3.402163941637956
blumeria_graminis,svr_linear,3.796669747,3.7314240868610393
blumeria_graminis,svr_linear,2.791675033,3.0836193123283637
blumeria_graminis,svr_linear,3.014089299,3.7592699862934538
blumeria_graminis,svr_linear,3.252486318,3.5625365133000946
blumeria_graminis,svr_linear,2.5721814,2.9650052672877747
blumeria_graminis,svr_linear,2.204087133,3.2398605986228075
blumeria_graminis,svr_linear,2.672992823,2.988650670551662
blumeria_graminis,svr_linear,4.604826501,3.5536175292059506
blumeria_graminis,svr_linear,2.175609019,3.5388028414302775
blumeria_graminis,svr_linear,2.606679475,3.490906322476576
blumeria_graminis,svr_linear,2.480321934,3.2201142737060624
blumeria_graminis,svr_linear,2.593974221,3.1704246079194185
blumeria_graminis,svr_linear,2.162478728,3.421233055786597
blumeria_graminis,svr_linear,3.227683402,3.522161823335787
blumeria_graminis,svr_linear,5.257224227,3.9116968241698307
blumeria_graminis,svr_linear,4.658690624,3.997860691357657
blumeria_graminis,svr_linear,5.058437263,4.624373708288886
blumeria_graminis,svr_linear,4.193726931,4.238984994862827
blumeria_graminis,svr_linear,3.83227834,4.456527907380018
blumeria_graminis,svr_linear,4.650309925,4.649074218217742
blumeria_graminis,svr_linear,3.606162525,4.1641723627129394
blumeria_graminis,svr_linear,3.100924054,3.94729673429159
blumeria_graminis,svr_linear,3.31137996,4.493143087794804
blumeria_graminis,svr_linear,4.977813317,4.444639921128199
blumeria_graminis,svr_linear,4.427159955,4.053446768215437
blumeria_graminis,svr_linear,3.529045416,4.084497956735599
blumeria_graminis,svr_linear,3.783676765,4.2159488837019286
blumeria_graminis,svr_linear,6.783789402,4.719883837195509
blumeria_graminis,svr_linear,1.72188989,2.5221769767020428
blumeria_graminis,svr_linear,3.043797092,2.541258760182166
blumeria_graminis,svr_linear,3.722045809,2.8456310063610206
blumeria_graminis,svr_linear,4.23536422,4.670056186511433
blumeria_graminis,svr_linear,4.290764957,3.5884654326754926
blumeria_graminis,svr_linear,2.984318562,2.811164755050693
blumeria_graminis,svr_linear,4.3866521,4.492645720446948
blumeria_graminis,svr_linear,5.337324402,4.152367245094471
blumeria_graminis,svr_linear,3.87655913,4.375688747881911
blumeria_graminis,svr_linear,5.933277057,4.728584775257227
blumeria_graminis,svr_linear,5.89991457,4.036425075932415
blumeria_graminis,svr_linear,5.88349109,4.647950293436062
blumeria_graminis,svr_linear,4.385962468,4.583239042243929
blumeria_graminis,svr_linear,4.34240292,3.8679631210253906
blumeria_graminis,svr_linear,4.675377199,3.888984283822792
blumeria_graminis,svr_linear,2.981498306,4.43165076946186
blumeria_graminis,svr_linear,3.846017812,3.8376326297869676
blumeria_graminis,svr_linear,4.896727372,4.244435697983656
blumeria_graminis,svr_linear,3.698828362,4.115557125233041
blumeria_graminis,svr_linear,2.837618486,4.624834252695116
blumeria_graminis,svr_linear,3.140009536,4.2759025494650675
blumeria_graminis,svr_linear,4.205556563,4.036593009978346
blumeria_graminis,svr_linear,4.110451642,4.3135405495642924
blumeria_graminis,svr_linear,4.471026716,4.519429249062339
blumeria_graminis,svr_linear,4.398478495,4.483883734398821
blumeria_graminis,svr_linear,4.505945818,3.9910833486581794
blumeria_graminis,svr_linear,2.77712455,3.743278508781077
blumeria_graminis,svr_linear,5.472366993,4.6873366253649635
blumeria_graminis,svr_linear,2.426397308,2.919002796178411
blumeria_graminis,svr_linear,4.002508029,4.376215474417426
blumeria_graminis,svr_linear,4.019140308,4.241826621671613
blumeria_graminis,svr_linear,5.015633914,4.489868554136567
blumeria_graminis,svr_linear,3.059442559,3.1185751487395708
blumeria_graminis,svr_linear,3.615430717,3.8033343321143573
blumeria_graminis,svr_linear,3.808117529,4.107953946771959
blumeria_graminis,svr_linear,4.220613878,3.9761307290647587
blumeria_graminis,svr_linear,3.327399942,3.7309208268242653
blumeria_graminis,svr_linear,4.438366136,3.22527292117236
blumeria_graminis,svr_linear,3.423200647,4.6945564300396825
blumeria_graminis,svr_linear,4.102691645,3.8727909819408572
blumeria_graminis,svr_linear,4.262336389,3.858101959291597
blumeria_graminis,svr_linear,4.462897806,4.1983021233751465
blumeria_graminis,svr_linear,4.50671033,4.450924559971049
blumeria_graminis,svr_linear,4.612852176,4.147502847258943
blumeria_graminis,svr_linear,4.223745685,4.2190568205917405
blumeria_graminis,svr_linear,4.907772242,4.33111816450269
blumeria_graminis,svr_linear,4.521578663,4.328127549305438
blumeria_graminis,svr_linear,3.108863115,3.2601886618370983
blumeria_graminis,svr_linear,4.127661936,4.200391204373434
blumeria_graminis,svr_linear,4.80815216,4.0804610355925135
blumeria_graminis,svr_linear,4.547944294,4.442056834592254
blumeria_graminis,svr_linear,3.955554329,4.329213120885957
blumeria_graminis,svr_linear,4.14426247,4.1042806816971344
blumeria_graminis,svr_linear,2.445808577,4.431157921735502
blumeria_graminis,svr_linear,4.035274245,3.7569191473249797
blumeria_graminis,svr_linear,2.872589198,4.097564286887703
blumeria_graminis,svr_linear,4.808844585,4.468229192436995
blumeria_graminis,svr_linear,4.202214152,4.584825932546551
blumeria_graminis,svr_linear,3.68544338,4.055780102111024
blumeria_graminis,svr_linear,3.206817275,3.5361663805658354
blumeria_graminis,svr_linear,1.316526234,3.1159013356980036
blumeria_graminis,svr_linear,5.32297995,4.317547992507977
blumeria_graminis,svr_linear,4.790679092,4.5940131932172585
blumeria_graminis,svr_linear,3.133040489,4.314455606225275
blumeria_graminis,svr_linear,2.589397338,4.662441997138617
blumeria_graminis,svr_linear,3.809839372,4.520684488177396
blumeria_graminis,svr_linear,3.212470436,2.3554339823791177
blumeria_graminis,svr_linear,4.874351216,4.2703665332503356
blumeria_graminis,svr_linear,4.825596813,4.2906280248570585
blumeria_graminis,svr_linear,3.198514563,4.390623268620975
blumeria_graminis,svr_linear,5.421395854,4.284351039139024
blumeria_graminis,svr_linear,2.892750152,2.8885142727138917
blumeria_graminis,svr_linear,4.592522799,4.153334749917106
blumeria_graminis,svr_linear,3.84236037,3.82009514310257
blumeria_graminis,svr_linear,2.684293347,4.053694484511317
blumeria_graminis,svr_linear,3.888140358,4.224252848452896
blumeria_graminis,svr_linear,2.278679185,4.180795254682789
blumeria_graminis,svr_linear,4.111821098,4.28940132732727
blumeria_graminis,svr_linear,6.301205105,4.35451074628895
blumeria_graminis,svr_linear,4.910084379,4.485108808996957
blumeria_graminis,svr_linear,3.659228408,4.008298286881671
blumeria_graminis,svr_linear,4.543352862,4.385627991522157
blumeria_graminis,svr_linear,3.172507983,4.298769289416936
blumeria_graminis,svr_linear,5.009628539,4.581613414982459
blumeria_graminis,svr_linear,4.850060637,3.7333115584350174
blumeria_graminis,svr_linear,3.910036696,4.1093066106245715
blumeria_graminis,svr_linear,5.661886978,4.152408568181851
blumeria_graminis,svr_linear,3.836782413,3.186994160273464
blumeria_graminis,svr_linear,4.050657305,3.9941823412702284
blumeria_graminis,svr_linear,3.187221607,3.5474330357653363
blumeria_graminis,svr_linear,3.651880155,3.340057680959551
blumeria_graminis,svr_linear,3.44469146,3.672375762591977
blumeria_graminis,svr_linear,3.182503062,4.483183615070586
blumeria_graminis,svr_linear,5.409569142,4.427788167588668
blumeria_graminis,svr_linear,4.649484742,4.520481104306199
blumeria_graminis,svr_linear,3.816267738,4.399994475870122
blumeria_graminis,svr_linear,6.225613057,3.7134128975281566
blumeria_graminis,svr_linear,3.291470209,3.8773801440269526
blumeria_graminis,svr_linear,3.358712446,4.071895188844139
blumeria_graminis,svr_linear,3.511842721,3.8644977539634233
blumeria_graminis,svr_linear,3.267604963,2.784455131908786
blumeria_graminis,svr_linear,5.618688592,20.537175067015475
blumeria_graminis,svr_linear,4.422295665,3.8591846594285024
blumeria_graminis,svr_linear,2.473112519,2.4650271645653046
blumeria_graminis,svr_linear,4.376537544,3.79152070933615
blumeria_graminis,svr_linear,3.720439024,3.8771605039889234
blumeria_graminis,svr_linear,3.372753117,4.528151719375161
blumeria_graminis,svr_linear,3.96233861,3.9434943778436407
blumeria_graminis,svr_linear,4.735057511,4.573763909984064
blumeria_graminis,svr_linear,3.983885653,4.778158986141011
blumeria_graminis,svr_linear,4.321173794,3.7676175790072417
blumeria_graminis,svr_linear,4.770752699,4.795532647743816
blumeria_graminis,svr_linear,5.143586806,4.659870185309732
blumeria_graminis,svr_linear,4.530680852,4.700009631215289
blumeria_graminis,svr_linear,4.043679662,4.612042971974885
blumeria_graminis,svr_linear,3.489522481,4.61531046970761
blumeria_graminis,svr_linear,4.601631326,4.722872998322149
blumeria_graminis,svr_linear,4.024574639,4.600704602761929
blumeria_graminis,svr_linear,5.236225652,3.81864349292416
blumeria_graminis,svr_linear,2.522042127,3.979677805274127
blumeria_graminis,svr_linear,3.853910452,3.8018076146000115
blumeria_graminis,svr_linear,3.558781016,3.8957594993673674
blumeria_graminis,svr_linear,4.938299021,3.8073440516576844
blumeria_graminis,svr_linear,4.125145135,4.511996199375883
blumeria_graminis,svr_linear,4.024236296,4.591954422400645
blumeria_graminis,svr_linear,4.073491322,4.367695896354881
blumeria_graminis,svr_linear,5.837107993,4.511898303306419
blumeria_graminis,svr_linear,4.778856643,4.312385123461808
blumeria_graminis,svr_linear,3.411237625,3.1889852500342495
blumeria_graminis,svr_linear,3.665090276,3.9356642572082863
blumeria_graminis,svr_linear,3.825702693,4.432466593364934
blumeria_graminis,svr_linear,3.91817307,4.779910031797739
blumeria_graminis,svr_linear,4.242019861,4.31601278728054
blumeria_graminis,svr_linear,4.516213003,4.347995366706614
blumeria_graminis,svr_linear,4.226698287,3.9957022572130785
blumeria_graminis,svr_linear,4.408071506,4.0602206003685195
blumeria_graminis,svr_linear,5.237206111,4.623140917184402
blumeria_graminis,svr_linear,3.350073339,3.7041633925948574
blumeria_graminis,svr_linear,5.10572123,4.855570520882106
blumeria_graminis,svr_linear,2.260962592,3.9881882777859827
blumeria_graminis,svr_linear,4.110758686,4.011501262727827
blumeria_graminis,svr_linear,4.798073378,4.741914717937999
blumeria_graminis,svr_linear,4.959153868,3.742383615674847
blumeria_graminis,svr_linear,3.641454816,4.259501086895142
blumeria_graminis,svr_linear,4.141635804,4.3750930031411635
blumeria_graminis,svr_linear,4.86279032,3.976349558636776
blumeria_graminis,svr_linear,4.216600178,4.6967260007307345
blumeria_graminis,svr_linear,3.849773986,3.994326911300191
blumeria_graminis,svr_linear,4.956999528,4.076747241575295
blumeria_graminis,svr_linear,2.440978639,3.9774431506986163
blumeria_graminis,svr_linear,4.702881793,4.226775543326757
blumeria_graminis,svr_linear,4.554219439,3.8514944226981376
blumeria_graminis,svr_linear,3.253718608,3.2298739364234836
blumeria_graminis,svr_linear,4.467081127,4.758368812891717
blumeria_graminis,svr_linear,3.569373326,4.234724014548645
blumeria_graminis,svr_linear,6.097746394,3.5214288993101075
blumeria_graminis,svr_linear,5.392107042,3.408963201678036
blumeria_graminis,svr_linear,4.427849306,3.519679037937739
blumeria_graminis,svr_linear,3.84279713,3.9073570645674227
blumeria_graminis,svr_linear,3.260197683,3.8961536870702975
blumeria_graminis,svr_linear,3.570921944,4.433880793370759
blumeria_graminis,svr_linear,4.706338199,4.72954681170267
blumeria_graminis,svr_linear,4.133519633,4.332220774207434
blumeria_graminis,svr_linear,4.826196289,4.201728646460024
blumeria_graminis,svr_linear,4.355886165,3.772125238915075
blumeria_graminis,svr_linear,3.956880334,4.2253746970565995
blumeria_graminis,svr_linear,5.260171874,4.332362447890065
blumeria_graminis,svr_linear,3.644976323,4.381474021101764
blumeria_graminis,svr_linear,5.675513712,4.218321112119113
blumeria_graminis,svr_linear,5.53101205,5.196631440713641
blumeria_graminis,svr_linear,4.393923556,4.667194837093008
blumeria_graminis,svr_linear,4.355963781,4.167137101206869
blumeria_graminis,svr_linear,2.538144792,4.885185770456954
blumeria_graminis,svr_linear,4.815350645,4.124974661233412
blumeria_graminis,svr_linear,4.449596248,4.300006856675181
blumeria_graminis,svr_linear,4.179388227,3.821368358557748
blumeria_graminis,svr_linear,4.167315222,3.905156728919275
blumeria_graminis,svr_linear,5.372524213,4.248089708260665
blumeria_graminis,svr_linear,4.231502172,3.5585760480638164
blumeria_graminis,svr_linear,4.90477488,4.457890802891448
blumeria_graminis,svr_linear,4.845521707,4.6083803642881245
blumeria_graminis,svr_linear,4.026336417,3.95394524571572
blumeria_graminis,svr_linear,2.660645523,2.6567893108167686
blumeria_graminis,svr_linear,3.346839531,4.03143103200646
blumeria_graminis,svr_linear,4.220619255,4.462564903527001
blumeria_graminis,svr_linear,4.716208531,3.7308294935729585
blumeria_graminis,svr_linear,4.630099604,3.818370387157962
blumeria_graminis,svr_linear,3.426240215,4.06912231318912
blumeria_graminis,svr_linear,2.81102902,4.2607180924490144
blumeria_graminis,svr_linear,3.50149357,4.570727113775951
blumeria_graminis,svr_linear,4.348562936,4.134644370139308
blumeria_graminis,svr_linear,3.646960045,3.902543629963623
blumeria_graminis,svr_linear,2.448063444,3.9365644292605286
blumeria_graminis,svr_linear,5.300520045,4.257584037672547
blumeria_graminis,svr_linear,3.986582557,3.786885370918559
blumeria_graminis,svr_linear,3.893447874,3.815984421810833
blumeria_graminis,svr_linear,4.336290184,4.045333817161328
blumeria_graminis,svr_linear,4.317294748,4.132643746096759
blumeria_graminis,svr_linear,4.557154459,2.8289776977885044
blumeria_graminis,svr_linear,3.233179976,3.7085970150332583
blumeria_graminis,svr_linear,3.142372722,4.439978895217108
blumeria_graminis,svr_linear,3.234102553,2.9626381895826266
blumeria_graminis,svr_linear,4.449691489,4.056799113159665
blumeria_graminis,svr_linear,3.867291291,3.2438328613453598
blumeria_graminis,svr_linear,2.79413729,4.057451470619426
blumeria_graminis,svr_linear,4.40435114,3.3733111918311383
blumeria_graminis,svr_linear,3.271024069,2.6270596078296125
blumeria_graminis,svr_linear,4.201435819,4.4411528945917444
blumeria_graminis,svr_linear,4.80463112,4.377193412882669
blumeria_graminis,svr_linear,3.532907492,3.422151085499584
blumeria_graminis,svr_linear,3.631286016,3.170251900614352
blumeria_graminis,svr_linear,2.477673493,2.554051283513987
blumeria_graminis,svr_linear,4.13546807,4.547031813769266
blumeria_graminis,svr_linear,3.772246592,4.284120362377734
blumeria_graminis,svr_linear,3.050776096,2.780918076889188
blumeria_graminis,svr_linear,5.534791148,4.243165671180182
blumeria_graminis,svr_linear,4.451547648,3.7335877492690455
blumeria_graminis,svr_linear,3.997291665,3.7223206971017966
blumeria_graminis,svr_linear,3.32836914,4.08955935171496
blumeria_graminis,svr_linear,4.478395922,4.571309110716837
blumeria_graminis,svr_linear,4.754708489,4.526507060402509
blumeria_graminis,svr_linear,1.70233291,4.008976283125006
blumeria_graminis,svr_linear,4.137604427,3.2141846562148997
blumeria_graminis,svr_linear,4.392161166,4.255795047111558
blumeria_graminis,svr_linear,1.955866093,3.850581235533915
blumeria_graminis,svr_linear,4.722269459,4.185740699335303
blumeria_graminis,svr_linear,2.734304778,3.1528950988315527
blumeria_graminis,svr_linear,2.949331181,3.168805281839672
blumeria_graminis,svr_linear,5.688562708,4.138937534875543
blumeria_graminis,svr_linear,4.851811167,4.028956742331326
blumeria_graminis,svr_linear,4.569751205,4.256309255659419
blumeria_graminis,svr_linear,2.949877825,4.189257943343665
blumeria_graminis,svr_linear,3.101476517,4.373233249770459
blumeria_graminis,svr_linear,4.177878372,3.9838665789173913
blumeria_graminis,svr_linear,2.875922437,2.9254637177387703
blumeria_graminis,svr_linear,4.122794964,4.53491492049281
blumeria_graminis,svr_linear,4.616040819,3.3740780151022367
blumeria_graminis,svr_linear,2.891870258,2.182701959952044
blumeria_graminis,svr_linear,2.111914299,1.9829138653171845
blumeria_graminis,svr_linear,2.692208952,2.5425229395295874
blumeria_graminis,svr_linear,3.181936661,2.592843076208429
blumeria_graminis,svr_linear,6.382031613,4.073426012457038
blumeria_graminis,svr_linear,4.282237152,3.919067922631184
blumeria_graminis,svr_linear,3.714908705,3.9870542659339248
blumeria_graminis,svr_linear,4.415496498,4.119827182578154
blumeria_graminis,svr_linear,3.768961456,4.469172945297487
blumeria_graminis,svr_linear,3.737782353,3.460750214693898
blumeria_graminis,svr_linear,4.15173181,4.325502333600336
blumeria_graminis,svr_linear,3.693106282,3.645918298638975
blumeria_graminis,svr_linear,2.688979987,3.994890884138693
blumeria_graminis,svr_linear,3.992654485,4.461833381082865
blumeria_graminis,svr_linear,2.8549377,2.81483728130819
blumeria_graminis,svr_linear,1.378409492,2.832514920377812
blumeria_graminis,svr_linear,5.122061688,4.308585264831466
blumeria_graminis,svr_linear,5.155437394,4.256886061203799
blumeria_graminis,svr_linear,3.720142706,3.8857244960316786
blumeria_graminis,svr_linear,5.874003613,4.3167882294435405
blumeria_graminis,svr_linear,3.978383705,3.992671328142667
blumeria_graminis,svr_linear,5.310099244,4.414743812836046
blumeria_graminis,svr_linear,4.225593161,3.7754397600657414
blumeria_graminis,svr_linear,4.588819157,4.218062345522821
blumeria_graminis,svr_linear,3.307801401,2.8105529232129633
blumeria_graminis,svr_linear,5.274935231,4.1837360281770035
blumeria_graminis,svr_linear,4.581761662,4.287805677760306
blumeria_graminis,svr_linear,3.784649858,3.4465447875744477
blumeria_graminis,svr_linear,2.75391404,3.779651665535742
blumeria_graminis,svr_linear,4.400475554,3.933745858424845
blumeria_graminis,svr_linear,3.451219525,3.608177955549607
blumeria_graminis,svr_linear,2.99784099,3.5616081385479066
blumeria_graminis,svr_linear,2.901250076,4.207568121034882
blumeria_graminis,svr_linear,3.546352625,4.151335277087696
blumeria_graminis,svr_linear,4.167944505,4.179266758700821
blumeria_graminis,svr_linear,4.845170757,4.422196973336409
blumeria_graminis,svr_linear,4.269036478,3.3149499564340403
blumeria_graminis,svr_linear,4.662446828,4.081977004048573
blumeria_graminis,svr_linear,2.941978655,3.706344275944532
blumeria_graminis,svr_linear,3.855978145,4.685889884762596
blumeria_graminis,svr_linear,4.103741363,4.335529350086925
blumeria_graminis,svr_linear,3.927403393,3.4343197809890103
blumeria_graminis,svr_linear,3.488888168,3.8037718857931453
blumeria_graminis,svr_linear,5.264730973,4.798404938093094
blumeria_graminis,svr_linear,4.146731987,3.1653250014892835
blumeria_graminis,svr_linear,4.415234402,4.265707778681218
blumeria_graminis,svr_linear,5.227753998,4.229179434152659
blumeria_graminis,svr_linear,4.951180855,4.189319280480504
blumeria_graminis,svr_linear,3.242313383,4.554518056903577
blumeria_graminis,svr_linear,3.581391962,4.751577925086505
blumeria_graminis,svr_linear,4.779757073,4.738214675434753
blumeria_graminis,svr_linear,3.789186141,3.694383416752173
blumeria_graminis,svr_linear,3.452819481,3.2114476471359157
blumeria_graminis,svr_linear,3.822506018,4.803474805132955
blumeria_graminis,svr_linear,4.48963065,4.541888104710808
blumeria_graminis,svr_linear,1.764133912,3.4386944898514273
blumeria_graminis,svr_linear,4.166039527,4.078075518893834
blumeria_graminis,svr_linear,5.456378574,4.623524341089189
blumeria_graminis,svr_linear,1.511216651,2.146929093782373
blumeria_graminis,svr_linear,3.274252656,3.807280536216902
blumeria_graminis,svr_linear,2.948178444,3.9181072726589363
blumeria_graminis,svr_linear,4.152561375,4.528204377940897
blumeria_graminis,svr_linear,4.644183662,4.082396880278513
blumeria_graminis,svr_linear,4.754428706,4.013256121701694
blumeria_graminis,svr_linear,4.460732122,4.331308130812748
blumeria_graminis,svr_linear,3.783403222,3.9611015624781567
blumeria_graminis,svr_linear,4.78870537,4.674474069625839
blumeria_graminis,svr_linear,4.235566032,4.845868030211204
blumeria_graminis,svr_linear,2.506675145,3.5917913478539756
blumeria_graminis,svr_linear,3.895082023,3.1902710820370084
blumeria_graminis,svr_linear,3.648182618,3.6834732989701497
blumeria_graminis,svr_linear,5.195142192,4.7367300681957
blumeria_graminis,svr_linear,5.857579768,4.764037218700322
blumeria_graminis,svr_linear,4.712397423,4.12570024985087
blumeria_graminis,svr_linear,3.58122687,4.452948364716105
blumeria_graminis,svr_linear,3.36186509,2.9920866205741867
blumeria_graminis,svr_linear,3.152762989,4.159362285220599
blumeria_graminis,svr_linear,3.27484881,3.052343563237825
blumeria_graminis,svr_linear,4.613429446,3.996991767479532
blumeria_graminis,svr_linear,3.302955327,3.7600923992150146
blumeria_graminis,svr_linear,4.040670396,4.344425360692797
blumeria_graminis,svr_linear,4.612095765,4.623766867816171
blumeria_graminis,svr_linear,3.977859626,4.4250224752475225
blumeria_graminis,svr_linear,4.13605548,4.666813767831865
blumeria_graminis,svr_linear,3.942556938,4.717290089781003
blumeria_graminis,svr_linear,4.190644421,4.3903614515159
blumeria_graminis,svr_linear,4.599376755,4.669575594077273
blumeria_graminis,svr_linear,4.019428768,3.87002849930792
blumeria_graminis,svr_linear,2.376037436,4.472362835424012
blumeria_graminis,svr_linear,3.656548376,4.153945604887991
blumeria_graminis,svr_linear,4.239869618,4.336815003268069
blumeria_graminis,svr_linear,2.950422709,3.9259263949234233
blumeria_graminis,svr_linear,4.41929205,2.741416578540233
blumeria_graminis,svr_linear,3.613731844,4.741628709267183
blumeria_graminis,svr_linear,3.948674204,3.556511375277976
blumeria_graminis,svr_linear,3.267134764,2.630816420086025
blumeria_graminis,svr_linear,3.730007541,4.405528493165267
blumeria_graminis,svr_linear,4.253975037,3.2818277643092637
blumeria_graminis,svr_linear,3.623478316,4.736829466952837
blumeria_graminis,svr_linear,3.885879862,4.049347302677478
blumeria_graminis,svr_linear,3.794351277,3.2732921125118333
blumeria_graminis,svr_linear,3.618311066,4.257421293014387
blumeria_graminis,svr_linear,2.420042814,4.128205976099133
blumeria_graminis,svr_linear,3.53487142,4.437999863897044
blumeria_graminis,svr_linear,4.713959622,4.233771723911871
blumeria_graminis,svr_linear,4.127095218,4.208585926103019
blumeria_graminis,svr_linear,3.3767252,4.129605376699995
blumeria_graminis,svr_linear,3.65911629,4.2988217698068105
blumeria_graminis,svr_linear,3.915426952,4.210291873452185
blumeria_graminis,svr_linear,5.953092094,4.5406713296271
blumeria_graminis,svr_linear,3.211985757,4.391522355147609
blumeria_graminis,svr_linear,4.359206162,3.9304443488176073
blumeria_graminis,svr_linear,4.268787503,4.801858391496566
blumeria_graminis,svr_linear,4.348575639,4.383772830896404
blumeria_graminis,svr_linear,4.739567057,4.360679884774464
blumeria_graminis,svr_linear,5.348289052,4.50558303702344
blumeria_graminis,svr_linear,4.569255449,3.318846639673346
blumeria_graminis,svr_linear,5.016286424,3.3197683947437704
blumeria_graminis,svr_linear,4.261425807,3.972813490756679
blumeria_graminis,svr_linear,3.82509917,3.0964521884329104
blumeria_graminis,svr_linear,3.48173721,2.8839091420223975
blumeria_graminis,svr_linear,4.181554228,4.012047019863428
blumeria_graminis,svr_linear,3.931179341,3.605219583848491
blumeria_graminis,svr_linear,3.52939646,4.242460842824983
blumeria_graminis,svr_linear,4.797323453,5.212690422810538
blumeria_graminis,svr_linear,2.674061693,4.500547262522983
blumeria_graminis,svr_linear,4.695344887,4.256967330020721
blumeria_graminis,svr_linear,5.106326175,4.2754480664869785
blumeria_graminis,svr_linear,4.539577153,4.0106333846486955
blumeria_graminis,svr_linear,5.094612275,4.143489306674043
blumeria_graminis,svr_linear,3.459095167,4.849301822386413
blumeria_graminis,svr_linear,3.958834789,4.440636219473249
blumeria_graminis,svr_linear,3.965129928,4.249579037323402
blumeria_graminis,svr_linear,4.046867252,4.575597489794671
blumeria_graminis,svr_linear,3.498437063,4.614312415457769
blumeria_graminis,svr_linear,3.024222557,3.0182537877734594
blumeria_graminis,svr_linear,3.752366795,3.8101120832341677
blumeria_graminis,svr_linear,3.136303836,3.7612588817777377
blumeria_graminis,svr_linear,3.66246826,3.627593030225378
blumeria_graminis,svr_linear,4.565214057,4.623670370651952
blumeria_graminis,svr_linear,4.429721865,4.524275616552114
blumeria_graminis,svr_linear,3.339296547,4.436697935776745
blumeria_graminis,svr_linear,4.657620487,4.232124593819336
blumeria_graminis,svr_linear,4.335747748,4.168066838431731
blumeria_graminis,svr_linear,3.725854383,4.0875484428897115
blumeria_graminis,svr_linear,4.620832885,3.970005619416519
blumeria_graminis,svr_linear,3.307611388,4.208444028369011
blumeria_graminis,svr_linear,3.385584274,4.37269999415446
blumeria_graminis,svr_linear,2.534156227,4.2793466687263635
blumeria_graminis,svr_linear,2.433592295,4.251848693266047
blumeria_graminis,svr_linear,4.629395457,3.8620143954671926
blumeria_graminis,svr_linear,2.904299111,3.830247299916347
blumeria_graminis,svr_linear,2.957852412,3.210661674914063
blumeria_graminis,svr_linear,3.159131947,2.8984555785167583
blumeria_graminis,svr_linear,3.727728353,4.017896067053343
blumeria_graminis,svr_linear,4.010426504,4.426393398550971
blumeria_graminis,svr_linear,3.461613888,2.938634664375326
blumeria_graminis,svr_linear,4.714572886,4.2836842833884985
blumeria_graminis,svr_linear,2.206160689,2.5784813008057013
blumeria_graminis,svr_linear,4.693752103,3.769927289213016
blumeria_graminis,svr_linear,4.160382043,3.8897885681379574
blumeria_graminis,svr_linear,1.790936211,3.3773976770306002
blumeria_graminis,svr_linear,3.26668967,3.646547532481508
blumeria_graminis,svr_linear,4.5139563,3.8455202967002076
blumeria_graminis,svr_linear,4.131965295,3.851145404229963
blumeria_graminis,svr_linear,4.082535373500001,3.6735267566668117
blumeria_graminis,svr_linear,4.348059065,3.962752621992637
blumeria_graminis,svr_linear,3.725885131,4.531046175239215
blumeria_graminis,svr_linear,5.797693712,4.32636457905743
blumeria_graminis,svr_linear,3.684156528,3.8267004694462186
blumeria_graminis,svr_linear,4.866508045,4.011367538550123
blumeria_graminis,svr_linear,5.128023287,4.479549725688219
blumeria_graminis,svr_linear,4.777572048,3.8233405601765136
blumeria_graminis,svr_linear,3.362793162,4.0826921947439345
blumeria_graminis,svr_linear,3.889438785,3.5664658014796666
blumeria_graminis,svr_linear,5.174623051,3.600382057366673
blumeria_graminis,svr_linear,4.65571882,4.104774286792069
blumeria_graminis,svr_linear,4.342266519,3.9915678562725345
blumeria_graminis,svr_linear,4.792492405,3.9045460205635587
blumeria_graminis,svr_linear,5.555649379,4.40144935416719
blumeria_graminis,svr_linear,3.441252136,4.2449609159885275
blumeria_graminis,svr_linear,2.973322991,3.8125698751374477
blumeria_graminis,svr_linear,3.432769832,2.778661191692288
blumeria_graminis,svr_linear,2.255119591,3.1433961651320437
blumeria_graminis,svr_linear,3.225686049,4.1282801843448595
blumeria_graminis,svr_linear,5.450875302,4.530164550601158
blumeria_graminis,svr_linear,2.392445537,3.2134864473244655
blumeria_graminis,svr_linear,3.745437591,3.788658142735533
blumeria_graminis,svr_linear,4.170079739,3.8640767188068637
blumeria_graminis,svr_linear,3.702604009,3.165414137580087
blumeria_graminis,svr_linear,4.322449994,3.626588285198205
blumeria_graminis,svr_linear,5.007408434,3.4747517048360606
blumeria_graminis,svr_linear,4.364947911,3.6613602998712156
blumeria_graminis,svr_linear,4.412701705,4.46821009842042
blumeria_graminis,svr_linear,3.821028807,3.5873455373034613
blumeria_graminis,svr_linear,4.007265884,4.400312718405507
blumeria_graminis,svr_linear,4.39254388,4.283698025143681
blumeria_graminis,svr_linear,4.315922431,4.296602794243237
blumeria_graminis,svr_linear,4.077058671,4.376705577859121
blumeria_graminis,svr_linear,4.243993794,4.329154048929616
blumeria_graminis,svr_linear,3.623043876,4.4687888504442554
blumeria_graminis,svr_linear,1.969898414,3.9093027670535774
blumeria_graminis,svr_linear,4.023721533,4.550081388402254
blumeria_graminis,svr_linear,5.557457464,4.065378016757291
blumeria_graminis,svr_linear,5.687791969,4.3129342236043815
blumeria_graminis,svr_linear,4.937622169,4.295281581544973
blumeria_graminis,svr_linear,4.362381287,4.217408084692375
blumeria_graminis,svr_linear,3.694930707,4.215325045036963
blumeria_graminis,svr_linear,4.508605869,4.213913847502182
blumeria_graminis,svr_linear,4.80386177,4.6227509197240675
blumeria_graminis,svr_linear,4.776355444,4.593872139391127
blumeria_graminis,svr_linear,4.745946577,4.329033469743559
blumeria_graminis,svr_linear,4.589738825,4.510749467978975
blumeria_graminis,svr_linear,4.866184672,4.33948181303753
blumeria_graminis,svr_linear,6.098758416,4.015951942689063
blumeria_graminis,svr_linear,3.844397407,4.1494433691117765
blumeria_graminis,svr_linear,4.941602747,4.261296187694969
blumeria_graminis,svr_linear,4.49473368,4.451707576127522
blumeria_graminis,svr_linear,4.241755514,4.489859964259426
blumeria_graminis,svr_linear,4.554658226,4.552915162975631
blumeria_graminis,svr_linear,5.857153654,4.785170950733145
blumeria_graminis,svr_linear,4.036618343,3.9123452547749293
blumeria_graminis,svr_linear,5.78820279,4.416075707597916
blumeria_graminis,svr_linear,4.418298767,4.383942419985857
blumeria_graminis,svr_linear,3.046046877,4.34152510500371
blumeria_graminis,svr_linear,4.842009433,4.433062712669515
blumeria_graminis,svr_linear,4.223465711,4.298410600107808
blumeria_graminis,svr_linear,3.098072475,3.9784819029717022
blumeria_graminis,svr_linear,1.877312667,4.074666705221016
blumeria_graminis,svr_linear,4.447964912,4.516743603561322
blumeria_graminis,svr_linear,4.888873012,4.214661673927178
blumeria_graminis,svr_linear,3.840150002,3.68640275499492
blumeria_graminis,svr_linear,4.876265944,4.460648557616094
blumeria_graminis,svr_linear,4.668610372,4.114874674186119
blumeria_graminis,svr_linear,2.570698487,2.3062284332607077
blumeria_graminis,svr_linear,2.026248771,2.5744436648309392
blumeria_graminis,svr_linear,4.427801555,4.101834457749849
blumeria_graminis,svr_linear,3.723106649,3.8754270585014816
blumeria_graminis,svr_linear,5.250758366,3.980594973504056
blumeria_graminis,svr_linear,3.855764302,4.263368567841734
blumeria_graminis,svr_linear,2.773607313,4.0098806490077115
blumeria_graminis,svr_linear,3.925818128,3.7476455140871585
blumeria_graminis,svr_linear,2.733244932,3.379646720115964
blumeria_graminis,svr_linear,3.297534651,4.011563150838967
blumeria_graminis,svr_linear,3.563464841,2.835601599445938
blumeria_graminis,svr_linear,3.175064717,4.484595335695291
blumeria_graminis,svr_linear,4.345459161,4.3815702508931835
blumeria_graminis,svr_linear,3.04092758,2.7616140813481067
blumeria_graminis,svr_linear,4.420581109,4.146188241649988
blumeria_graminis,svr_linear,3.060804964,2.455221575045054
blumeria_graminis,svr_linear,3.288843157,4.072377463462538
blumeria_graminis,svr_linear,3.21282406,1.7403782026731072
blumeria_graminis,svr_linear,2.358034469,4.057750598674033
blumeria_graminis,svr_linear,4.512703249,4.294781261989926
blumeria_graminis,svr_linear,3.665361328,4.443451404305719
blumeria_graminis,svr_linear,2.144039734,2.7293899140022773
blumeria_graminis,svr_linear,4.402121924,4.720584621156851
blumeria_graminis,svr_linear,3.939246135,4.228753090620993
blumeria_graminis,svr_linear,4.851357272,4.061006170243628
blumeria_graminis,svr_linear,4.311405507,3.2138822569253596
blumeria_graminis,svr_linear,4.082999544,3.8724447410942497
blumeria_graminis,svr_linear,4.281794473,2.954028926128543
blumeria_graminis,svr_linear,4.062606785,4.391782435906403
blumeria_graminis,svr_linear,3.651404518,2.7840151914245292
blumeria_graminis,svr_linear,2.282709652,2.210591276618596
blumeria_graminis,svr_linear,3.744211802,4.206475066128282
blumeria_graminis,svr_linear,4.411132487,4.766012397765106
blumeria_graminis,svr_linear,6.172727679,4.172314887523751
blumeria_graminis,svr_linear,3.936373147,3.8800304556170753
blumeria_graminis,svr_linear,3.41468884,4.318056306738687
blumeria_graminis,svr_linear,4.648151062,4.249252264664904
blumeria_graminis,svr_linear,4.724743907,4.540824912076113
blumeria_graminis,svr_linear,3.021462403,4.1631955147067075
blumeria_graminis,svr_linear,5.766695548,4.290590273165433
blumeria_graminis,svr_linear,4.32755469,4.331383427573924
blumeria_graminis,svr_linear,3.010948132,4.276828169806952
blumeria_graminis,svr_linear,6.3601382,3.351511226145453
blumeria_graminis,svr_linear,4.803031515,3.265444202868408
blumeria_graminis,svr_linear,3.641216199,4.031707474873994
blumeria_graminis,svr_linear,2.456815349,4.196341780491673
blumeria_graminis,svr_linear,2.485620465,3.835597709148152
blumeria_graminis,svr_linear,3.364029543,4.343636267869481
blumeria_graminis,svr_linear,4.386838456,3.739492517783636
blumeria_graminis,svr_linear,5.826977965,4.5562563392732285
blumeria_graminis,svr_linear,3.884278773,4.232737190696592
blumeria_graminis,svr_linear,4.070743586,4.209804661030154
blumeria_graminis,svr_linear,3.424166895,4.077896675813941
blumeria_graminis,svr_linear,3.852326036,4.30237329958386
blumeria_graminis,svr_linear,3.042276193,4.269307651876336
blumeria_graminis,svr_linear,4.666907596,4.266264892862809
blumeria_graminis,svr_linear,5.888885877,4.104233631829091
blumeria_graminis,svr_linear,5.463727666,3.9349547860996936
blumeria_graminis,svr_linear,3.766301702,4.339467132752773
blumeria_graminis,svr_linear,3.823955062,4.162033441389114
blumeria_graminis,svr_linear,3.611106167,4.194806613850135
blumeria_graminis,svr_linear,5.081185259,4.480045037856399
blumeria_graminis,svr_linear,2.580224227,3.190106164885808
blumeria_graminis,svr_linear,4.128899115,2.9726981419873133
blumeria_graminis,svr_linear,3.258512065,3.0631928841650513
blumeria_graminis,svr_linear,3.884615229,4.113079172508956
blumeria_graminis,svr_linear,3.932823283,3.630307090884272
blumeria_graminis,svr_linear,3.988067723,4.299347021969788
blumeria_graminis,svr_linear,3.68683076,2.9970447836937795
blumeria_graminis,svr_linear,3.425015442,3.647386616911956
blumeria_graminis,svr_linear,4.607816555,4.371623007645751
blumeria_graminis,svr_linear,3.53549884,3.8746900545199296
blumeria_graminis,svr_linear,4.244624555,3.9335188477721545
blumeria_graminis,svr_linear,3.052348367,3.0636890127148124
blumeria_graminis,svr_linear,3.911863786,4.678966916589518
blumeria_graminis,svr_linear,2.901501571,3.2167383106680303
blumeria_graminis,svr_linear,4.069394407,3.836388252639914
blumeria_graminis,svr_linear,3.234024335,3.7493729569392507
blumeria_graminis,svr_linear,3.290464113,4.496532069363196
blumeria_graminis,svr_linear,4.144107518,3.67239417512522
blumeria_graminis,svr_linear,3.112065223,4.180984379455046
blumeria_graminis,svr_linear,2.510927184,4.411684103248063
blumeria_graminis,svr_linear,4.329741234,4.276007763974743
blumeria_graminis,svr_linear,4.049932024,4.613443846316506
blumeria_graminis,svr_linear,4.045512278,4.099788042255112
blumeria_graminis,svr_linear,3.494770087,4.260802403672273
blumeria_graminis,svr_linear,4.051084833,4.133656812504399
blumeria_graminis,svr_linear,5.223061008,3.9410113382655467
blumeria_graminis,svr_linear,2.951040552,4.260667403196755
blumeria_graminis,svr_linear,5.713243311,3.914495132226356
blumeria_graminis,svr_linear,4.820251819,4.045573929599866
blumeria_graminis,svr_linear,3.498137346,4.292204262668058
blumeria_graminis,svr_linear,3.83511316,4.8655641594848
blumeria_graminis,svr_linear,3.420138707,3.9451274070573064
blumeria_graminis,svr_linear,4.087289868,4.147769943303452
blumeria_graminis,svr_linear,5.194994024,3.7375762653578137
blumeria_graminis,svr_linear,3.489111676,4.5542456222934895
blumeria_graminis,svr_linear,4.333511054,3.84476445963065
blumeria_graminis,svr_linear,5.32589699,4.092022322350833
blumeria_graminis,svr_linear,4.112591304,4.1983969120040765
blumeria_graminis,svr_linear,3.422256833,4.040335271964299
blumeria_graminis,svr_linear,5.102243633,3.9846722905682292
blumeria_graminis,svr_linear,5.363367843,4.335590356065136
blumeria_graminis,svr_linear,3.118180244,4.01936540867394
blumeria_graminis,svr_linear,4.306991685,4.126196748361062
blumeria_graminis,svr_linear,4.905010905,3.733258386446605
blumeria_graminis,svr_linear,3.447851063,3.521885395043005
blumeria_graminis,svr_linear,3.039462401,4.083429141986058
blumeria_graminis,svr_linear,4.344656587,4.479043368651489
blumeria_graminis,svr_linear,4.791354078,4.159421936403039
blumeria_graminis,svr_linear,5.353286713,4.00180310625506
blumeria_graminis,svr_linear,3.449194794,4.320437320126038
blumeria_graminis,svr_linear,3.596370585,4.363615184228907
blumeria_graminis,svr_linear,3.644534121,4.248980303836517
blumeria_graminis,svr_linear,4.132706701,4.394395891841304
blumeria_graminis,svr_linear,3.779201223,3.5885829555332727
blumeria_graminis,svr_linear,3.644064607,4.0651543164723325
blumeria_graminis,svr_linear,4.623903306,4.203135655843194
blumeria_graminis,svr_linear,4.264716331,4.084543118736568
blumeria_graminis,svr_linear,6.601650002,4.319403291575007
blumeria_graminis,svr_linear,4.121764333,3.722173523171823
blumeria_graminis,svr_linear,2.562255233,3.745549786882925
blumeria_graminis,svr_linear,4.562694555,3.9516568451602554
blumeria_graminis,svr_linear,5.755098796,4.468425992797862
blumeria_graminis,svr_linear,2.726201313,4.189045111328305
blumeria_graminis,svr_linear,3.483857419,4.445077352216921
blumeria_graminis,svr_linear,5.71951145,3.4359307553972425
blumeria_graminis,svr_linear,4.241817266,3.3233183645576427
blumeria_graminis,svr_linear,4.310806373,4.015490963160055
blumeria_graminis,svr_linear,2.995633811,3.929444239111329
blumeria_graminis,svr_linear,6.274280972,4.113728414091845
blumeria_graminis,svr_linear,4.98352765,3.7288678067910084
blumeria_graminis,svr_linear,4.942027411,4.412555329097928
blumeria_graminis,svr_linear,4.028113979,4.223751921604781
blumeria_graminis,svr_linear,7.045269922,4.812181252333378
blumeria_graminis,svr_linear,4.414160861,4.056185260817126
blumeria_graminis,svr_linear,2.88826956,4.189566209068681
blumeria_graminis,svr_linear,4.50693053,4.237462188070187
blumeria_graminis,svr_linear,5.271819541,4.347646121200727
blumeria_graminis,svr_linear,3.80335948,4.20800863929726
blumeria_graminis,svr_linear,6.295343551,4.376997072178566
blumeria_graminis,svr_linear,5.577365676,4.257860920987381
blumeria_graminis,svr_linear,5.357602189,4.360188941303658
blumeria_graminis,svr_linear,3.858937745,4.061477439776601
blumeria_graminis,svr_linear,3.925779013,3.814318759294921
blumeria_graminis,svr_linear,4.844510298,3.923941805495174
blumeria_graminis,svr_linear,4.93960012,3.662656621784524
blumeria_graminis,svr_linear,4.32274593,4.025300195676655
blumeria_graminis,svr_linear,4.76935941,4.261711139476194
blumeria_graminis,svr_linear,4.687145544,4.472613236953929
blumeria_graminis,svr_linear,3.415324308,3.3405965601360794
blumeria_graminis,svr_linear,3.676010591,4.308470375413226
blumeria_graminis,svr_linear,4.438202184,4.160441175236986
blumeria_graminis,svr_linear,3.151711333,3.8174350794670655
blumeria_graminis,svr_linear,2.841005688,3.696475792517888
blumeria_graminis,svr_linear,5.120684545,4.175464451549845
blumeria_graminis,svr_linear,3.455268423,4.350736507489383
blumeria_graminis,svr_linear,5.143047969,4.482593820242609
blumeria_graminis,svr_linear,5.842858453,4.3287838556751685
blumeria_graminis,svr_linear,5.593598927,4.368969139737981
blumeria_graminis,svr_linear,3.983459251,4.173683311573167
blumeria_graminis,svr_linear,4.884947286,4.27646587813168
blumeria_graminis,svr_linear,5.075748326,4.13127114429079
blumeria_graminis,svr_linear,5.386486796,4.241793897830515
blumeria_graminis,svr_linear,5.077611856,4.510074408859815
blumeria_graminis,svr_linear,4.258859206,4.082755703132013
blumeria_graminis,svr_linear,5.915001805,4.230974740181345
blumeria_graminis,svr_linear,3.832313726,4.170737079955741
blumeria_graminis,svr_linear,4.476779927,4.356448574355586
blumeria_graminis,svr_linear,4.051685465,4.4372958555061395
blumeria_graminis,svr_linear,4.74856398,4.511899491347273
blumeria_graminis,svr_linear,5.203742243,4.5201438944356696
blumeria_graminis,svr_linear,3.729312197,4.1945671915677645
blumeria_graminis,svr_linear,5.290949055,4.153628276024808
blumeria_graminis,svr_linear,3.05774086,3.874931557315138
blumeria_graminis,svr_linear,3.763917625,4.0437903246961495
blumeria_graminis,svr_linear,4.206176855,4.307784638555703
blumeria_graminis,svr_linear,7.367902685,4.202411145428491
blumeria_graminis,svr_linear,4.11805602,3.754117174950331
blumeria_graminis,svr_linear,3.827531616,4.079071395157767
blumeria_graminis,svr_linear,2.919077938,3.8539260913559876
blumeria_graminis,svr_linear,3.361623953,4.062968696348924
blumeria_graminis,svr_linear,3.854420187,3.7832479587269687
blumeria_graminis,svr_linear,5.007677852,4.063048994740927
blumeria_graminis,svr_linear,3.059464217,4.522405844335911
blumeria_graminis,svr_linear,4.323858621,4.5015513066284925
blumeria_graminis,svr_linear,4.408261382,3.980247011481933
blumeria_graminis,svr_linear,3.847954647,3.8786913061166097
blumeria_graminis,svr_linear,4.86168591,4.218595157545994
blumeria_graminis,svr_linear,2.958379991,3.9031916715541106
blumeria_graminis,svr_linear,3.890829373,4.207097916643322
blumeria_graminis,svr_linear,4.556828462,4.065591616101962
blumeria_graminis,svr_linear,3.661268719,4.196747878873064
blumeria_graminis,svr_linear,3.216419892,4.166582522520918
blumeria_graminis,svr_linear,3.254023818,4.206875737284433
blumeria_graminis,svr_linear,2.875059855,4.270766080098256
blumeria_graminis,svr_linear,3.202230973,4.204097923932632
blumeria_graminis,svr_linear,3.522500023,4.017055531577606
blumeria_graminis,svr_linear,4.317768397,3.9101672876673734
blumeria_graminis,svr_linear,3.880151944,3.9669256069190886
blumeria_graminis,svr_linear,3.980199533,4.1300054669749064
blumeria_graminis,svr_linear,4.304798499,3.955535530604813
blumeria_graminis,svr_linear,3.449398715,4.259786189550905
blumeria_graminis,svr_linear,4.42140744,4.2818625777672095
blumeria_graminis,svr_linear,3.680221,3.855441187591914
blumeria_graminis,svr_linear,3.736067207,3.897586070774121
blumeria_graminis,svr_linear,4.233890202,4.0888154507885375
blumeria_graminis,svr_linear,5.645865214,3.762046104559984
blumeria_graminis,svr_linear,3.914856434,3.6099019595379884
blumeria_graminis,svr_linear,3.309342994,3.895847225597256
blumeria_graminis,svr_linear,3.132563743,3.310442268135124
blumeria_graminis,svr_linear,3.314284363,3.85842518652567
blumeria_graminis,svr_linear,3.954499738,3.997851768726372
blumeria_graminis,svr_linear,2.939447818,4.292026353521781
blumeria_graminis,svr_linear,3.277083069,3.7592262089386708
blumeria_graminis,svr_linear,4.407024808,4.144689636607583
blumeria_graminis,svr_linear,6.462666059,4.625819896315717
blumeria_graminis,svr_linear,6.27866152,4.812976945881856
blumeria_graminis,svr_linear,4.345764747,4.095701031239289
blumeria_graminis,svr_linear,3.139996195,3.7724768445446446
blumeria_graminis,svr_linear,5.171766017,4.148825249278715
blumeria_graminis,svr_linear,4.055661641,4.226316521033192
blumeria_graminis,svr_linear,3.505944876,3.8145910186778202
blumeria_graminis,svr_linear,3.303869395,4.3164566777920745
blumeria_graminis,svr_linear,5.761093556,4.233381872915083
blumeria_graminis,svr_linear,3.424469094,3.9233194781281657
blumeria_graminis,svr_linear,3.592222443,4.068951503516351
blumeria_graminis,svr_linear,4.731835723,3.952523128240378
blumeria_graminis,svr_linear,5.951877601,4.450834792216598
blumeria_graminis,svr_linear,4.739879741,4.343552099128125
blumeria_graminis,svr_linear,4.675856061,4.264148324747461
blumeria_graminis,svr_linear,2.804158176,4.294225530763767
blumeria_graminis,svr_linear,3.337396083,4.347411941678873
blumeria_graminis,svr_linear,5.377339574,4.1927823646461375
blumeria_graminis,svr_linear,4.717434255,4.3384075001662215
blumeria_graminis,svr_linear,4.079367259,4.015057736262488
blumeria_graminis,svr_linear,4.777049307,4.08179025414946
blumeria_graminis,svr_linear,4.409615648,3.9850638357889276
blumeria_graminis,svr_linear,4.93304891,4.332509684632266
blumeria_graminis,svr_linear,4.118544071,3.803398983541276
blumeria_graminis,svr_linear,4.71622497,4.935279370538522
blumeria_graminis,svr_linear,3.031923651,4.060126023567541
blumeria_graminis,svr_linear,3.831736869,4.2798184173015255
blumeria_graminis,svr_linear,4.01794567,8.720784421454077
blumeria_graminis,svr_linear,3.840184727,3.9176426087922853
blumeria_graminis,svr_linear,3.970041501,4.518180032108429
blumeria_graminis,svr_linear,4.109412736,4.1529250385631356
blumeria_graminis,svr_linear,4.526617298,4.423453756294064
blumeria_graminis,svr_linear,5.500806716,4.213662854940538
blumeria_graminis,svr_linear,3.465675722,4.470011884345033
blumeria_graminis,svr_linear,3.350238434,3.941172071822436
blumeria_graminis,svr_linear,5.311917403,4.575082046933842
blumeria_graminis,svr_linear,6.046298011,4.403327512663785
blumeria_graminis,svr_linear,3.8828188,4.2760051007802495
blumeria_graminis,svr_linear,5.550213465,4.124975915912738
blumeria_graminis,svr_linear,3.577912445,4.4802565335225255
blumeria_graminis,svr_linear,3.875260667,3.7698712974537893
blumeria_graminis,svr_linear,3.439395028,3.8848662150137065
blumeria_graminis,svr_linear,3.463714469,4.2219611305616835
blumeria_graminis,svr_linear,3.676053063,3.995979634612452
blumeria_graminis,svr_linear,3.023053077,4.43882657488089
blumeria_graminis,svr_linear,3.705512582,4.109693362541044
blumeria_graminis,svr_linear,6.492195503,4.647388464115586
blumeria_graminis,svr_linear,3.900652406,4.314929420709427
blumeria_graminis,svr_linear,3.980031361,4.362335245854098
blumeria_graminis,svr_linear,2.363758168,4.003084975682466
blumeria_graminis,svr_linear,4.13764132,4.264740004685551
blumeria_graminis,svr_linear,4.255842967,4.639393093969924
blumeria_graminis,svr_linear,4.172107942,4.328156342501707
blumeria_graminis,svr_linear,5.003801249,3.94467203865399
blumeria_graminis,svr_linear,4.144007976,4.127854072428013
blumeria_graminis,svr_linear,4.817876475,4.004358646717452
blumeria_graminis,svr_linear,4.604081846,4.441671767628835
blumeria_graminis,svr_linear,4.182938065,3.861739303079318
blumeria_graminis,svr_linear,4.087904741,4.27306845052531
blumeria_graminis,svr_linear,4.951483433,4.098101127694563
blumeria_graminis,svr_linear,4.038775542,4.027306939147642
blumeria_graminis,svr_linear,4.344543688,3.737402033432814
blumeria_graminis,svr_linear,3.117907827,4.298205664972194
blumeria_graminis,svr_linear,3.691132033,3.930952629587557
blumeria_graminis,svr_linear,5.946405794,4.176666886614581
blumeria_graminis,svr_linear,5.580476655,4.455405563020958
blumeria_graminis,svr_linear,3.811018503,4.710391557667508
blumeria_graminis,svr_linear,4.469634478,4.361090140334403
blumeria_graminis,svr_linear,3.260598705,4.114186111218837
blumeria_graminis,svr_linear,6.738081004,4.208475432468958
blumeria_graminis,svr_linear,5.273991438,4.275682883477516
blumeria_graminis,svr_linear,5.134796482,4.646931968923923
blumeria_graminis,svr_linear,5.341249653,4.450767004655414
blumeria_graminis,svr_linear,5.611389683,4.293122642509354
blumeria_graminis,svr_linear,4.663330017,4.02132563990436
blumeria_graminis,svr_linear,3.785479449,4.350924780009796
blumeria_graminis,svr_linear,6.151572524,4.090443658846507
blumeria_graminis,svr_linear,5.407008158,4.083411351757902
blumeria_graminis,svr_linear,5.652743525,4.079181690678031
blumeria_graminis,svr_linear,3.892962363,3.5438590210340273
blumeria_graminis,svr_linear,4.881089926,4.2450582344736
blumeria_graminis,svr_linear,4.385639631,4.282515148198948
blumeria_graminis,svr_linear,3.749660727,3.8622841842387374
blumeria_graminis,svr_linear,4.581438856,4.175490545150508
blumeria_graminis,svr_linear,3.845938485,4.298498074945808
blumeria_graminis,svr_linear,4.030012579,3.897807383377841
blumeria_graminis,svr_linear,3.650255614,4.182266786196854
blumeria_graminis,svr_linear,5.641643936,4.281475047597321
blumeria_graminis,svr_linear,5.348934939,3.7353809548076784
blumeria_graminis,svr_linear,5.227686383,4.428367256191757
blumeria_graminis,svr_linear,3.715270042,3.9142708338168664
blumeria_graminis,svr_linear,4.526383009,4.022523088677421
blumeria_graminis,svr_linear,3.439913788,4.361831939684861
blumeria_graminis,svr_linear,4.55612287,3.9698471900049572
blumeria_graminis,svr_linear,5.594145091,4.319368492531833
blumeria_graminis,svr_linear,2.957821288,3.7948533304351955
blumeria_graminis,svr_linear,6.469365954,4.08419304697958
blumeria_graminis,svr_linear,3.746454486,4.050458303890593
blumeria_graminis,svr_linear,5.775658755,4.506181417189616
blumeria_graminis,svr_linear,4.839184537,3.4179833571027785
blumeria_graminis,svr_linear,3.533469605,3.564670142822354
blumeria_graminis,svr_linear,3.980012624,3.7737717357194454
blumeria_graminis,svr_linear,4.84687311,4.068242387049339
blumeria_graminis,svr_linear,2.563567656,4.339825006507168
blumeria_graminis,svr_linear,2.660903612,4.143538934990257
blumeria_graminis,svr_linear,3.168452551,4.1475567997902285
blumeria_graminis,svr_linear,3.757404726,3.9420852581015398
blumeria_graminis,svr_linear,3.39893887,3.9317580922309108
blumeria_graminis,svr_linear,3.306779363,3.9921965270541064
blumeria_graminis,svr_linear,4.483502784,4.182079633020944
blumeria_graminis,svr_linear,3.880089506,4.051754949424634
heading_date,svr_linear,75.67916931,73.59172711633846
heading_date,svr_linear,75.29405435,74.88400752377831
heading_date,svr_linear,76.15450935,72.24862247234974
heading_date,svr_linear,78.74180339,77.45758098022732
heading_date,svr_linear,75.35020872,75.83581194700884
heading_date,svr_linear,75.02600135,73.46549934362298
heading_date,svr_linear,74.69349411,73.00996186807204
heading_date,svr_linear,74.32422301,74.17224891798563
heading_date,svr_linear,72.6810561,73.8904532991057
heading_date,svr_linear,79.32702336,119.0539876532592
heading_date,svr_linear,74.01429377,70.23624946665498
heading_date,svr_linear,75.10918952,77.04910722324401
heading_date,svr_linear,74.94637814,73.84712749489476
heading_date,svr_linear,75.4032268,71.01471908987925
heading_date,svr_linear,73.78958335,74.52430107673572
heading_date,svr_linear,72.73418788,75.55175652916591
heading_date,svr_linear,75.11893545,75.7862351698353
heading_date,svr_linear,73.10220177,75.68033849118466
heading_date,svr_linear,77.23696363,73.05162437502347
heading_date,svr_linear,75.96346417,73.75175798541936
heading_date,svr_linear,75.38643743,78.18985652294548
heading_date,svr_linear,76.65991366,71.71296737691634
heading_date,svr_linear,73.5852581,75.10972848562481
heading_date,svr_linear,73.00903639,78.63296183992682
heading_date,svr_linear,74.80874627,75.001088453432
heading_date,svr_linear,75.13345237,75.13945066741097
heading_date,svr_linear,74.52581487,76.74494946337413
heading_date,svr_linear,74.60090386,74.11979610069505
heading_date,svr_linear,75.75141573,76.20669509629741
heading_date,svr_linear,73.53510243,74.67995416606713
heading_date,svr_linear,73.09571265,75.7789880647348
heading_date,svr_linear,74.35005069,73.24633083483471
heading_date,svr_linear,73.25311668,74.49537533176917
heading_date,svr_linear,74.96491833,76.42064722279632
heading_date,svr_linear,74.66385948,74.84232622537439
heading_date,svr_linear,76.72861862,74.63666753057541
heading_date,svr_linear,75.18036716,75.85319067702024
heading_date,svr_linear,75.9391834,75.41576999661072
heading_date,svr_linear,74.52030249,75.73142413072748
heading_date,svr_linear,74.27092162,73.7337226159139
heading_date,svr_linear,73.64991022,76.70039331043523
heading_date,svr_linear,75.30980072,76.43959069207007
heading_date,svr_linear,72.99722065,74.2785096369836
heading_date,svr_linear,74.02335325,73.48463436571056
heading_date,svr_linear,75.88067906,75.41715240034218
heading_date,svr_linear,73.08927607,76.67933793658702
heading_date,svr_linear,71.59574442,76.19268415856335
heading_date,svr_linear,73.74820576,75.75609997233613
heading_date,svr_linear,73.16066365,75.4953102481051
heading_date,svr_linear,74.05744508,80.69705018329238
heading_date,svr_linear,75.75463446,76.39495631061129
heading_date,svr_linear,76.22230961,74.58977625847365
heading_date,svr_linear,72.57108914,72.5619922787725
heading_date,svr_linear,75.43364166,75.46163834065139
heading_date,svr_linear,74.42938267,75.81228246097018
heading_date,svr_linear,74.32418062,76.81878888612104
heading_date,svr_linear,73.80976625,73.87499763271268
heading_date,svr_linear,74.65786618,74.97500830549303
heading_date,svr_linear,75.36658952,77.55491652727572
heading_date,svr_linear,75.13578424,74.29562526712655
heading_date,svr_linear,75.04116906,74.00509745206921
heading_date,svr_linear,75.71106568,74.53701025467848
heading_date,svr_linear,75.58610618,75.63566303912881
heading_date,svr_linear,74.08581651,71.56017066731985
heading_date,svr_linear,72.35424717,76.69440617859897
heading_date,svr_linear,74.57644518,74.97151887772421
heading_date,svr_linear,75.25810132,75.93968640882123
heading_date,svr_linear,75.17774582,76.34193232821404
heading_date,svr_linear,75.85870722,75.50706401273268
heading_date,svr_linear,74.22923613,75.28372173645158
heading_date,svr_linear,73.70079766,77.23431847488965
heading_date,svr_linear,73.58132839,76.33212070468814
heading_date,svr_linear,75.16020615,74.96288018360133
heading_date,svr_linear,71.97539302,77.92647146636963
heading_date,svr_linear,75.1642079,75.27654008155862
heading_date,svr_linear,74.98726692,73.21423829594762
heading_date,svr_linear,75.77679606,75.92752571594649
heading_date,svr_linear,74.33197782,74.74612048585708
heading_date,svr_linear,73.90186089,75.01245860710507
heading_date,svr_linear,73.92699353,75.38841067762176
heading_date,svr_linear,74.81343126,77.27995289943681
heading_date,svr_linear,72.71326872,75.12050988086062
heading_date,svr_linear,76.0409586,78.09128657119786
heading_date,svr_linear,75.08983042,75.42422893557537
heading_date,svr_linear,76.1960331,75.16013353193624
heading_date,svr_linear,77.44673833,76.32850172704302
heading_date,svr_linear,74.9930519,74.48223362800255
heading_date,svr_linear,75.92181628,77.68734864985346
heading_date,svr_linear,75.94611088,76.55843670026408
heading_date,svr_linear,73.88439348,75.54396250342917
heading_date,svr_linear,76.83170901,74.0981924780301
heading_date,svr_linear,75.08141948,76.80700297445469
heading_date,svr_linear,74.06711509,75.69198245880436
heading_date,svr_linear,76.12021396,77.92185480986703
heading_date,svr_linear,72.41689945,77.21240334414532
heading_date,svr_linear,76.58638152,76.18431611894724
heading_date,svr_linear,72.60844048,76.66815323849943
heading_date,svr_linear,74.3730758,75.90874182109144
heading_date,svr_linear,73.13103335,74.25523703021197
heading_date,svr_linear,76.58618595,76.93498762174369
heading_date,svr_linear,75.23716387,75.12751709084208
heading_date,svr_linear,75.86126429,77.51085726747765
heading_date,svr_linear,76.11249358,75.58110081588043
heading_date,svr_linear,75.55148283,73.96233652504715
heading_date,svr_linear,75.71551632,77.71815206436523
heading_date,svr_linear,75.21772616,74.89667840792364
heading_date,svr_linear,75.16248262,76.33463070767293
heading_date,svr_linear,74.82156949,76.60766888456601
heading_date,svr_linear,73.91778997,74.34163524549388
heading_date,svr_linear,72.52733191,74.61927033274739
heading_date,svr_linear,74.35037983,74.99975631579497
heading_date,svr_linear,75.11641679,74.86990210998789
heading_date,svr_linear,73.7740987,76.82720329061189
heading_date,svr_linear,74.03305159,74.55140691531454
heading_date,svr_linear,75.72395776,73.18777137524465
heading_date,svr_linear,72.55620236,75.65006116436777
heading_date,svr_linear,73.76532309,75.14092152668869
heading_date,svr_linear,74.88633875,75.79569572523934
heading_date,svr_linear,74.46048551,76.28257806631588
heading_date,svr_linear,74.02121369,75.24006098416804
heading_date,svr_linear,74.34277488,76.05049273156634
heading_date,svr_linear,76.05605801,75.65039557542572
heading_date,svr_linear,75.09481433,73.94479688787709
heading_date,svr_linear,74.67341088,76.88527835192573
heading_date,svr_linear,75.70398307,77.89424015502105
heading_date,svr_linear,73.96729083,76.53935850036105
heading_date,svr_linear,73.05731399,75.17522429383166
heading_date,svr_linear,73.07685103,77.48458722664766
heading_date,svr_linear,133.0219709,134.20030135143912
heading_date,svr_linear,134.9013462,111.9824680712974
heading_date,svr_linear,136.1465929,118.36981094904252
heading_date,svr_linear,132.9253747,133.31857111364343
heading_date,svr_linear,136.7376634,139.26030329697736
heading_date,svr_linear,136.0725179,133.17480189327802
heading_date,svr_linear,136.903772,145.99497490120837
heading_date,svr_linear,134.3494122,116.29319408723188
heading_date,svr_linear,133.8387036,132.41600491083804
heading_date,svr_linear,136.2058824,110.86764479418663
heading_date,svr_linear,136.0230069,138.60102099407217
heading_date,svr_linear,134.2329673,134.74716556942903
heading_date,svr_linear,137.991287,113.63757441574471
heading_date,svr_linear,135.1382179,139.26733301935639
heading_date,svr_linear,136.3559203,136.8569543914054
heading_date,svr_linear,135.0799603,137.43435417289004
heading_date,svr_linear,137.1742865,127.79446818231355
heading_date,svr_linear,135.9205646,113.70571412685888
heading_date,svr_linear,131.9034001,127.48891277540272
heading_date,svr_linear,140.6794111,120.75372179523907
heading_date,svr_linear,135.6492299,118.21831437142268
heading_date,svr_linear,135.7561817,110.51533131434397
heading_date,svr_linear,132.583591,128.613476483218
heading_date,svr_linear,133.9694768,119.67160905044742
heading_date,svr_linear,135.4305068,116.17415975140722
heading_date,svr_linear,137.9388582,100.63327051434004
heading_date,svr_linear,133.2323751,126.98090235057916
heading_date,svr_linear,140.0069685,108.34713675087217
heading_date,svr_linear,137.4899617,106.11012319262672
heading_date,svr_linear,133.4797268,114.39331681860948
heading_date,svr_linear,135.8185389,117.33458211473953
heading_date,svr_linear,139.2384612,145.7451751721955
heading_date,svr_linear,135.5115719,113.00272190718707
heading_date,svr_linear,133.0887701,132.06809751483416
heading_date,svr_linear,133.5292959,137.2901957431531
heading_date,svr_linear,134.4272701,120.39935226565186
heading_date,svr_linear,137.0681871,106.37721695469202
heading_date,svr_linear,135.753503,132.623278060215
heading_date,svr_linear,135.7930556,107.00926208639105
heading_date,svr_linear,136.4586786,113.49923477565423
heading_date,svr_linear,134.5776597,126.72664177135519
heading_date,svr_linear,137.5169901,76.16844987284236
heading_date,svr_linear,137.0498982,111.4097438169362
heading_date,svr_linear,133.4969524,136.99531067318364
heading_date,svr_linear,135.0756661,137.16015941254022
heading_date,svr_linear,134.5265713,110.04465861772034
heading_date,svr_linear,135.2396962,109.05053285343664
heading_date,svr_linear,131.777985,125.38264325163154
heading_date,svr_linear,134.4633636,134.19403336007161
heading_date,svr_linear,133.4749321,127.44119289466704
heading_date,svr_linear,133.367927,128.42248997789605
heading_date,svr_linear,132.9269191,128.9181032554148
heading_date,svr_linear,134.0146375,111.05566485245483
heading_date,svr_linear,131.6049891,137.68154003956258
heading_date,svr_linear,133.6938462,116.79001963784765
heading_date,svr_linear,132.8776968,137.24093654236373
heading_date,svr_linear,138.0828644,97.3785465265684
heading_date,svr_linear,135.1415918,136.85440052282667
heading_date,svr_linear,137.1118155,115.86236195919014
heading_date,svr_linear,137.6541025,112.62075366050426
heading_date,svr_linear,135.9369659,141.54435341891372
heading_date,svr_linear,134.7790973,138.85968133015712
heading_date,svr_linear,135.9727168,134.83581638119628
heading_date,svr_linear,137.1700398,116.58373125028768
heading_date,svr_linear,136.8322641,101.64269636190006
heading_date,svr_linear,135.2412176,146.15719392667484
heading_date,svr_linear,136.8133036,104.57170796715768
heading_date,svr_linear,136.7705731,114.91272487408926
heading_date,svr_linear,134.1099746,129.21382301950752
heading_date,svr_linear,132.9515832,133.69455235684617
heading_date,svr_linear,134.9710516,141.46873475106065
heading_date,svr_linear,133.9659042,111.56371515343382
heading_date,svr_linear,137.4441804,118.3061998008873
heading_date,svr_linear,133.8969129,131.17885663755962
heading_date,svr_linear,133.3137514,130.3541738914883
heading_date,svr_linear,134.5876808,123.13071595752884
heading_date,svr_linear,134.7944269,136.80311252877078
heading_date,svr_linear,136.5346921,141.02322492253347
heading_date,svr_linear,138.5780371,113.43458380473696
heading_date,svr_linear,134.4786529,138.34653354786425
heading_date,svr_linear,134.558552,140.3146916055967
heading_date,svr_linear,138.0511128,140.704863837022
heading_date,svr_linear,133.2394328,135.1812687179187
heading_date,svr_linear,137.6547702,138.169392363685
heading_date,svr_linear,137.7144331,141.1958355619172
heading_date,svr_linear,133.3896039,134.01851251355146
heading_date,svr_linear,135.8131638,142.56343628785058
heading_date,svr_linear,134.969904,118.18536786584959
heading_date,svr_linear,137.3768367,142.57122651362138
heading_date,svr_linear,133.9752213,112.6975202369802
heading_date,svr_linear,137.6601493,118.84404324328679
heading_date,svr_linear,136.5705359,143.136038469479
heading_date,svr_linear,137.6351966,109.28671335878741
heading_date,svr_linear,134.8303287,143.6594614593233
heading_date,svr_linear,136.3882918,139.4670575222226
heading_date,svr_linear,135.350966,140.09324667099355
heading_date,svr_linear,132.8974047,140.58955406841213
heading_date,svr_linear,136.8465646,137.8159609046972
heading_date,svr_linear,135.8784814,113.02257749912839
heading_date,svr_linear,136.9299785,110.50706508013877
heading_date,svr_linear,137.3841104,121.14317854102615
heading_date,svr_linear,136.9740398,128.6780847488565
heading_date,svr_linear,134.7245815,140.8006475947351
heading_date,svr_linear,134.2586032,137.16425769877617
heading_date,svr_linear,135.1528062,140.5136061160087
heading_date,svr_linear,135.6971826,144.34614386817282
heading_date,svr_linear,135.2127783,141.9983550552189
heading_date,svr_linear,134.4294672,142.64296141771732
heading_date,svr_linear,134.7693113,112.72620318586682
heading_date,svr_linear,135.8459618,117.3081711233085
heading_date,svr_linear,133.4322078,108.86979849554525
heading_date,svr_linear,134.0834126,75.51537495224132
heading_date,svr_linear,138.9198469,144.0044834286567
heading_date,svr_linear,136.6915265,117.2954033006246
heading_date,svr_linear,136.8366907,142.57153649110813
heading_date,svr_linear,135.0377264,142.6514948662639
heading_date,svr_linear,137.0851979,102.54201563183587
heading_date,svr_linear,135.2575871,134.345133880455
heading_date,svr_linear,134.2863357,132.7372977593014
heading_date,svr_linear,136.7068569,116.18885366434543
heading_date,svr_linear,133.3652813,134.19371807165237
heading_date,svr_linear,135.1702797,120.31207492160404
heading_date,svr_linear,137.4954138,108.2011338028408
heading_date,svr_linear,134.9085803,75.48924993588565
heading_date,svr_linear,133.9943849,115.0305036640008
heading_date,svr_linear,133.2717786,131.180748867411
heading_date,svr_linear,137.6519396,141.27961539489766
heading_date,svr_linear,132.8097401,133.7292408644257
heading_date,svr_linear,136.0490954,113.38878730482521
heading_date,svr_linear,137.2875868,119.9126123704813
heading_date,svr_linear,134.4081749,145.15089871488286
heading_date,svr_linear,137.7029616,105.99357254554953
heading_date,svr_linear,133.7246545,116.20221454522385
heading_date,svr_linear,134.7778105,124.12209952876205
heading_date,svr_linear,135.6756687,112.09428176692623
heading_date,svr_linear,135.4103712,129.7109133687122
heading_date,svr_linear,133.1164445,74.36202526299834
heading_date,svr_linear,133.9098585,135.98892727222108
heading_date,svr_linear,132.5767523,136.25250105035232
heading_date,svr_linear,136.9376694,109.36822172616027
heading_date,svr_linear,136.5193347,134.62491614540914
heading_date,svr_linear,134.4355115,139.83075088047747
heading_date,svr_linear,136.5909431,113.64649288656207
heading_date,svr_linear,136.6953807,134.66442361172875
heading_date,svr_linear,136.6904744,143.19703782669853
heading_date,svr_linear,135.4367871,113.6756331634053
heading_date,svr_linear,135.6411631,134.15993908423061
heading_date,svr_linear,136.621046,138.87641601498774
heading_date,svr_linear,135.5813673,142.4835361414138
heading_date,svr_linear,135.2475413,98.47162256361295
heading_date,svr_linear,135.8789302,114.712823167496
heading_date,svr_linear,137.4948795,135.83867098963012
heading_date,svr_linear,133.2937355,113.49465652147134
heading_date,svr_linear,135.9623029,106.10265265190664
heading_date,svr_linear,134.5887208,138.06959763713016
heading_date,svr_linear,132.5680096,126.16277712224755
heading_date,svr_linear,135.5547842,143.23918063079378
heading_date,svr_linear,133.238328,111.8095171018442
heading_date,svr_linear,134.7381612,129.52734320930614
heading_date,svr_linear,135.2919834,140.2319775319846
heading_date,svr_linear,138.7615454,113.67542186307321
heading_date,svr_linear,134.0676652,116.23059553033737
heading_date,svr_linear,137.5420887,113.67312249656226
heading_date,svr_linear,130.4657158,130.89120034426452
heading_date,svr_linear,131.671828,131.00456662849328
heading_date,svr_linear,133.8293377,130.9232037606383
heading_date,svr_linear,138.18741,115.95004654708002
heading_date,svr_linear,138.4685061,115.94785073762237
heading_date,svr_linear,135.4182353,121.2466420404058
heading_date,svr_linear,132.6351968,124.8888096719896
heading_date,svr_linear,65.80483587,75.18586159280161
heading_date,svr_linear,67.99335074,75.09808911567475
heading_date,svr_linear,66.34102396,67.91592488599602
heading_date,svr_linear,68.92989212,78.01193954159449
heading_date,svr_linear,67.27478923,76.79262038682687
heading_date,svr_linear,71.70182585,87.68182519066276
heading_date,svr_linear,73.9339786,81.23527441158232
heading_date,svr_linear,70.56032842,74.12145755548883
heading_date,svr_linear,66.13391866,69.32342343667369
heading_date,svr_linear,66.6308974,69.95877029211022
heading_date,svr_linear,65.64868539,59.553103935410796
heading_date,svr_linear,72.00056619,94.0933005040806
heading_date,svr_linear,69.20584669,65.8850371889101
heading_date,svr_linear,65.46986244,66.84396790158611
heading_date,svr_linear,73.34465507,73.80045260552028
heading_date,svr_linear,74.61072714,85.36809471702733
heading_date,svr_linear,70.54568289,75.36017752859426
heading_date,svr_linear,69.3251707,62.3820933374307
heading_date,svr_linear,72.59908247,68.43257430931837
heading_date,svr_linear,68.43493141,86.0362220471452
heading_date,svr_linear,70.13052349,67.55448525190221
heading_date,svr_linear,69.27305296,72.62936986967983
heading_date,svr_linear,70.60288008,75.07428590958158
heading_date,svr_linear,70.45455858,73.53524437852204
heading_date,svr_linear,70.32061905,67.63165965021136
heading_date,svr_linear,74.55627336,78.96922101316852
heading_date,svr_linear,69.66066513,69.03672570162993
heading_date,svr_linear,73.17262525,79.58935914790088
heading_date,svr_linear,70.21243008,74.45060971010265
heading_date,svr_linear,71.80141332,77.67844153753208
heading_date,svr_linear,71.97025614,74.41612056884007
heading_date,svr_linear,75.45236549,77.31328399449785
heading_date,svr_linear,77.30227709,83.0181033047955
heading_date,svr_linear,74.5216702,76.742868874784
heading_date,svr_linear,70.50972665,73.16679236298053
heading_date,svr_linear,64.84513695,129.80467273442028
heading_date,svr_linear,74.57133721,119.65961456809251
heading_date,svr_linear,66.90897709,69.85313894409742
heading_date,svr_linear,67.30300987,70.2979468299608
heading_date,svr_linear,65.80627173,87.00681554110577
heading_date,svr_linear,66.94256104,77.41465957791469
heading_date,svr_linear,71.02360101,78.30594233451276
heading_date,svr_linear,75.26806721,93.87997629212312
heading_date,svr_linear,65.94060762,68.6699120420693
heading_date,svr_linear,67.28218471,76.47272769268392
heading_date,svr_linear,66.13197454,70.57406164226492
heading_date,svr_linear,73.89873854,47.86198390629831
heading_date,svr_linear,72.16237461,74.31645602886177
heading_date,svr_linear,78.18746362,87.21775449951859
heading_date,svr_linear,66.92302977,100.63838583775772
heading_date,svr_linear,65.7458736,69.20166007943136
heading_date,svr_linear,69.31481322,62.63261496285398
heading_date,svr_linear,63.7916767,65.31662799918887
heading_date,svr_linear,75.48986964,73.9814399269764
heading_date,svr_linear,67.94195682,86.36370109911802
heading_date,svr_linear,76.16601095,77.088404300723
heading_date,svr_linear,69.5881565,74.793379616485
heading_date,svr_linear,69.37799717,89.00100982229512
heading_date,svr_linear,68.86964375,107.58889704326084
heading_date,svr_linear,69.26810828,114.75804696756995
heading_date,svr_linear,71.67877714,86.9899075519634
heading_date,svr_linear,74.67537548,78.99805691151757
heading_date,svr_linear,65.56403994,116.52776453721692
heading_date,svr_linear,72.2204256,86.4989958242995
heading_date,svr_linear,73.74644535,84.10798007851896
heading_date,svr_linear,72.58852546,97.0567696466765
heading_date,svr_linear,70.48045292,77.96319249945856
heading_date,svr_linear,67.47003236,120.18882203021042
heading_date,svr_linear,68.34424418,66.68807129089112
heading_date,svr_linear,70.88705845,66.18911150356949
heading_date,svr_linear,65.16802566,69.41323171961531
heading_date,svr_linear,71.48402054,84.06562077401446
heading_date,svr_linear,71.25980554,93.28996433088489
heading_date,svr_linear,72.88600289,76.10346359308258
heading_date,svr_linear,69.19923325,81.95705410017646
heading_date,svr_linear,72.48344516,79.16353102193426
heading_date,svr_linear,65.27963284,73.16561049613003
heading_date,svr_linear,70.16911615,99.39089372213428
heading_date,svr_linear,67.5617562,67.06098938612578
heading_date,svr_linear,68.11919304,74.08573137794038
heading_date,svr_linear,75.5047331,79.67391877431531
heading_date,svr_linear,66.18211032,64.5919530368275
heading_date,svr_linear,66.49480747,66.17686710243333
heading_date,svr_linear,71.21513779,68.7244107365996
heading_date,svr_linear,70.97716018,67.18971438639329
heading_date,svr_linear,71.07285001,73.68849253206304
heading_date,svr_linear,69.68894246,73.54267371438874
heading_date,svr_linear,68.52389578,71.68828845252776
heading_date,svr_linear,74.74759693,109.37209504572958
heading_date,svr_linear,78.26296807,70.4317633448961
heading_date,svr_linear,75.48535816,74.38399083684388
heading_date,svr_linear,71.29569348,93.80505145592075
heading_date,svr_linear,64.96164625,78.05076901778295
heading_date,svr_linear,69.41099454,75.77284155340232
heading_date,svr_linear,70.24288346,80.7118531426256
heading_date,svr_linear,68.63507333,75.1799711421983
heading_date,svr_linear,71.77422188,77.40690173956088
heading_date,svr_linear,73.25910454,71.55108756215914
heading_date,svr_linear,70.48754829,75.3946198924921
heading_date,svr_linear,72.49846683,67.94028461858937
heading_date,svr_linear,71.42897318,67.85705223741778
heading_date,svr_linear,73.90681593,75.35070815515155
heading_date,svr_linear,75.0763434,71.75455436203411
heading_date,svr_linear,73.29046622,74.61430431504027
heading_date,svr_linear,72.84834209,73.42441673137523
heading_date,svr_linear,73.03059289,71.85351410563237
heading_date,svr_linear,74.81303221,75.9272846694184
heading_date,svr_linear,69.87624574,75.3528404365088
heading_date,svr_linear,70.01806104,66.35376073793853
heading_date,svr_linear,71.33815823,79.04812462189653
heading_date,svr_linear,70.5636743,66.47300154421325
heading_date,svr_linear,73.89859722,120.62392297457353
heading_date,svr_linear,66.45445872,80.29810215699439
heading_date,svr_linear,64.34095747,62.65243783657557
heading_date,svr_linear,74.15193902,73.67974162172209
heading_date,svr_linear,66.90326977,25.729251445513967
heading_date,svr_linear,78.19537158,91.21858227444552
heading_date,svr_linear,73.02781027,77.3775175979614
heading_date,svr_linear,72.96219599,70.59155872302713
heading_date,svr_linear,80.18677465,97.61751872311153
heading_date,svr_linear,70.20291568,73.67693788437401
heading_date,svr_linear,68.99896855,114.23376535437197
heading_date,svr_linear,68.80222537,68.16427867716806
heading_date,svr_linear,72.06416894,73.93738072396893
heading_date,svr_linear,69.64686076,58.61318398294887
heading_date,svr_linear,67.43635668,76.4823405039105
heading_date,svr_linear,69.74451908,66.80063375725894
heading_date,svr_linear,70.11836606,72.20024358745633
heading_date,svr_linear,73.05881477,63.137488377765266
heading_date,svr_linear,71.47835468,71.76727742216505
heading_date,svr_linear,68.28504321,68.62037339840262
heading_date,svr_linear,74.02237023,62.868984936029506
heading_date,svr_linear,69.77775012,94.47809176255566
heading_date,svr_linear,70.25188418,66.13146766861479
heading_date,svr_linear,67.52991314,68.33021849310093
heading_date,svr_linear,66.17220103,66.0866949984306
heading_date,svr_linear,66.76791783,62.197166714046304
heading_date,svr_linear,73.62141608,68.35749500495297
heading_date,svr_linear,76.34517081,76.14453040177025
heading_date,svr_linear,72.94854897,79.22297921027487
heading_date,svr_linear,65.85205183,100.25538587617976
heading_date,svr_linear,71.71104647,137.46037369469286
heading_date,svr_linear,70.99697782,67.07778787276918
heading_date,svr_linear,70.45273437,103.67734323659266
heading_date,svr_linear,74.39071969,87.14724842542252
heading_date,svr_linear,66.85864453,69.98369965150002
heading_date,svr_linear,64.71684734,67.85292787520014
heading_date,svr_linear,70.62405409,75.90801258256556
heading_date,svr_linear,73.86051066,76.28367156989508
heading_date,svr_linear,73.08667753,88.51251351613179
heading_date,svr_linear,66.88384025,71.47973019695652
heading_date,svr_linear,66.86742594,75.85239353892445
heading_date,svr_linear,69.41512041,71.55875017920292
heading_date,svr_linear,66.16265597,74.74575405323395
heading_date,svr_linear,70.69853541,72.94772625780402
heading_date,svr_linear,72.56203757,71.86855905593377
heading_date,svr_linear,67.34999015,70.00482913545379
heading_date,svr_linear,70.07040908,75.75947131291485
heading_date,svr_linear,69.937545,111.20973864753748
heading_date,svr_linear,65.84904188,103.46953750623219
heading_date,svr_linear,67.2799696,70.77470604690215
heading_date,svr_linear,70.11400845,95.47187990385343
heading_date,svr_linear,63.84659883,62.347918603276085
heading_date,svr_linear,69.25919539,68.46482671380173
heading_date,svr_linear,71.25587222,87.02604229293436
heading_date,svr_linear,69.22726685,80.71692337959722
heading_date,svr_linear,70.60567069,57.66327641597586
heading_date,svr_linear,72.15576955,78.85577153559106
heading_date,svr_linear,75.47829556,77.36872195479627
heading_date,svr_linear,69.02323276,80.4806474772864
heading_date,svr_linear,68.90974081,75.78547267341793
heading_date,svr_linear,75.69213077,73.87181483743007
heading_date,svr_linear,66.02107783,62.29167841602126
heading_date,svr_linear,73.40545811,76.54174425526773
heading_date,svr_linear,76.11240967,75.28792293970525
heading_date,svr_linear,71.16120997,70.38082630718401
heading_date,svr_linear,70.77944106,141.94686491151575
heading_date,svr_linear,69.63841101,99.53678951989015
heading_date,svr_linear,66.8033324,68.36957805920991
heading_date,svr_linear,76.24116334,143.14680210832404
heading_date,svr_linear,65.3672869,66.83176672526065
heading_date,svr_linear,70.58184502,79.3429474951176
heading_date,svr_linear,70.06940976,95.10420249485217
heading_date,svr_linear,68.80476808,72.06045804996873
heading_date,svr_linear,69.03168267,72.40587991152901
heading_date,svr_linear,65.91869265,99.50031925067455
heading_date,svr_linear,68.04330573,65.27412492573416
heading_date,svr_linear,70.20751618,69.76393557331684
heading_date,svr_linear,69.44380651,83.73557153301022
heading_date,svr_linear,66.75509277,70.91991716665967
heading_date,svr_linear,66.35955136,72.23740716630424
heading_date,svr_linear,70.38516689,72.73034571536357
heading_date,svr_linear,71.89335576,76.9560918530111
heading_date,svr_linear,71.12237666,93.08812330688848
heading_date,svr_linear,66.84042767,71.89628680065414
heading_date,svr_linear,71.34862675,75.40798940801753
heading_date,svr_linear,76.04175339,78.50484064549455
heading_date,svr_linear,72.31816082,80.08085065326667
heading_date,svr_linear,70.9479367,71.80336010427207
heading_date,svr_linear,70.8148652,70.48411841881821
heading_date,svr_linear,70.98241149,81.3689839314853
heading_date,svr_linear,65.64308604,65.90962830534907
heading_date,svr_linear,72.47605013,67.69808076044579
heading_date,svr_linear,73.37557025,69.7567348697913
heading_date,svr_linear,70.78020229,69.43688987182571
heading_date,svr_linear,74.97162863,74.66206213341704
heading_date,svr_linear,70.72763568,74.26291834612492
heading_date,svr_linear,66.59723738,67.1229321365436
heading_date,svr_linear,68.41493803,68.41340255064324
heading_date,svr_linear,73.15376871,78.89479151971838
heading_date,svr_linear,73.71375899,75.0004096477677
heading_date,svr_linear,67.72264716,122.47130395591897
heading_date,svr_linear,72.49313335,76.14402050290568
heading_date,svr_linear,75.15278351,73.11652574437775
heading_date,svr_linear,70.35854659,100.00176197866554
heading_date,svr_linear,72.10827256,71.96721838425256
heading_date,svr_linear,70.95737641,83.54750098488924
heading_date,svr_linear,68.69884136,73.57171698900848
heading_date,svr_linear,73.29227928,75.85833464861253
heading_date,svr_linear,70.50191917,113.6994281337347
heading_date,svr_linear,75.51062035,75.99673708230081
heading_date,svr_linear,76.01535063,80.46628797329076
heading_date,svr_linear,74.96161981,92.18018144503226
heading_date,svr_linear,65.95291119,68.67973199633107
heading_date,svr_linear,71.47202269,106.00860734666547
heading_date,svr_linear,75.88829881,74.21879122426412
heading_date,svr_linear,68.99770678,72.17031970680291
heading_date,svr_linear,72.41193951,73.90878183063722
heading_date,svr_linear,76.13441076,76.5917672039109
heading_date,svr_linear,66.32248551,70.3524843897772
heading_date,svr_linear,71.65864155,72.13931700194567
heading_date,svr_linear,71.0872356,84.4798264550863
heading_date,svr_linear,67.98054011,77.9020956918306
heading_date,svr_linear,68.45763256,63.685594184944044
heading_date,svr_linear,68.74370561,76.5254987207177
heading_date,svr_linear,73.661783,80.73147044154166
heading_date,svr_linear,72.47748564,59.09106881579153
heading_date,svr_linear,69.17359096,68.72617446123822
heading_date,svr_linear,70.52540696,86.74005432676083
heading_date,svr_linear,69.57811645,103.92604560081018
heading_date,svr_linear,74.06753412,74.01613698241948
heading_date,svr_linear,76.08233525,82.92766361581164
heading_date,svr_linear,66.89485452,85.71165046047548
heading_date,svr_linear,66.47290116,69.0928863018559
heading_date,svr_linear,66.10037516,75.00291761772267
heading_date,svr_linear,71.24383736,81.83119515402772
heading_date,svr_linear,73.73619032,82.04068340094707
heading_date,svr_linear,69.09121195,74.29293632911768
heading_date,svr_linear,74.84314052,71.68727091475728
heading_date,svr_linear,73.84519396,122.88885144994106
heading_date,svr_linear,66.93723576,75.02381474456664
heading_date,svr_linear,74.58257326,71.48675231777841
heading_date,svr_linear,74.44195046,70.96571597607482
heading_date,svr_linear,73.30522901,71.45374178102449
heading_date,svr_linear,75.49738119,75.73608787510933
heading_date,svr_linear,66.43667858,113.82184385269866
heading_date,svr_linear,68.85407314,87.74465042098943
heading_date,svr_linear,65.51496639,63.14564823553695
heading_date,svr_linear,65.23113022,73.98903809794544
heading_date,svr_linear,75.19488328,107.57055981491932
heading_date,svr_linear,68.65996046,54.5007691740073
heading_date,svr_linear,69.32183845,74.35928660696224
heading_date,svr_linear,71.47390865,79.91425693433654
heading_date,svr_linear,63.60653189,65.91406706402002
heading_date,svr_linear,71.6814977,81.84337531594925
heading_date,svr_linear,75.47961513,73.66984641352475
heading_date,svr_linear,71.49905543,71.01137281141034
heading_date,svr_linear,68.40154143,141.30515517028266
heading_date,svr_linear,71.47454821,84.52078672303087
heading_date,svr_linear,75.41440662,85.17792464318913
heading_date,svr_linear,73.53232282,142.46728260172952
heading_date,svr_linear,73.38787846,77.32515856603246
heading_date,svr_linear,71.14925478,83.39973496431986
heading_date,svr_linear,65.95455457,64.34065296282172
heading_date,svr_linear,72.88953837,96.6297911875749
heading_date,svr_linear,76.44161435,73.93214633587195
heading_date,svr_linear,70.27463073,75.27832101903599
heading_date,svr_linear,72.2394546,79.66016799477627
heading_date,svr_linear,70.41476261,64.9783576008811
heading_date,svr_linear,73.88433532,84.84950682833949
heading_date,svr_linear,70.40496905,78.7201795774578
heading_date,svr_linear,73.84329904,76.44393973701537
heading_date,svr_linear,73.32306067,75.45991102749747
heading_date,svr_linear,77.88167969,107.330067630756
heading_date,svr_linear,75.36142987,76.34277425588503
heading_date,svr_linear,67.1766843,75.8991256355601
heading_date,svr_linear,72.68712084,76.76822819742479
heading_date,svr_linear,72.24724216,75.05361545140622
heading_date,svr_linear,69.86431728,83.60184169721504
heading_date,svr_linear,71.59961536,73.95681334037509
heading_date,svr_linear,72.12272676,69.52284750386974
heading_date,svr_linear,71.39521691,94.66012231561443
heading_date,svr_linear,72.92330733,71.9092084166406
heading_date,svr_linear,64.77806944,68.64153955903049
heading_date,svr_linear,70.2972185,65.06069645973847
heading_date,svr_linear,73.18887687,74.15554326904271
heading_date,svr_linear,66.03170016,81.79610501564639
heading_date,svr_linear,66.57897461,76.07554796979498
heading_date,svr_linear,68.03193931,76.05784110187858
heading_date,svr_linear,66.00954055,76.25015982216757
heading_date,svr_linear,72.67306315,77.28134037330327
heading_date,svr_linear,69.92228344,71.05848852642954
heading_date,svr_linear,68.72075796,85.58446193112167
heading_date,svr_linear,77.22752805,76.43479289519203
heading_date,svr_linear,65.63955967,31.286924469124777
heading_date,svr_linear,68.09084766,71.2954988766019
heading_date,svr_linear,74.34608236,79.53900586963395
heading_date,svr_linear,73.87774779,73.54995576664199
heading_date,svr_linear,68.85229399,70.61880459206613
heading_date,svr_linear,74.64033401,73.98305178930785
heading_date,svr_linear,75.31887766,118.15554573948069
heading_date,svr_linear,75.86668472,82.56307152304598
heading_date,svr_linear,72.93319662,71.89375241474806
heading_date,svr_linear,66.66699329,89.18288311199757
heading_date,svr_linear,67.97779268,86.3242301060259
heading_date,svr_linear,70.1364937,75.95974581985232
heading_date,svr_linear,76.57938336,73.6013998906704
heading_date,svr_linear,70.55262868,68.77371329993986
heading_date,svr_linear,71.1110076,91.09728077732558
heading_date,svr_linear,74.83589779,75.95876235293808
heading_date,svr_linear,76.51973791,75.53877674663195
heading_date,svr_linear,76.29784896,78.82363574385708
heading_date,svr_linear,70.74393525,71.45601074679436
heading_date,svr_linear,68.13099532,75.81953429109964
heading_date,svr_linear,68.12169332,76.59322710377904
heading_date,svr_linear,73.10569573,81.47877417516635
heading_date,svr_linear,71.86954572,71.2910520089386
heading_date,svr_linear,77.05671031,72.21186723258438
heading_date,svr_linear,75.28967282,74.13121338227188
heading_date,svr_linear,69.90700066,86.91772279421782
heading_date,svr_linear,76.88103588,74.84847316219395
heading_date,svr_linear,74.08328467,65.6556248963492
heading_date,svr_linear,68.89564055,67.1183624376799
heading_date,svr_linear,73.56021564,59.28492623233722
heading_date,svr_linear,73.5808855,71.90789978479836
heading_date,svr_linear,70.31119991,68.39228330773324
heading_date,svr_linear,72.16224226,64.4522212902264
heading_date,svr_linear,72.05557631,72.95630955754062
heading_date,svr_linear,71.32553595,134.60600142391735
heading_date,svr_linear,77.70641607,73.95443700380831
heading_date,svr_linear,73.47383902,76.28272307704921
heading_date,svr_linear,73.60813506,66.20000876469675
heading_date,svr_linear,67.08958845,66.18677345111541
heading_date,svr_linear,74.77027119,73.7929724269151
heading_date,svr_linear,75.32193801,69.38623511708826
heading_date,svr_linear,73.43810176,73.47122113467663
heading_date,svr_linear,71.45203421,73.45999073331373
heading_date,svr_linear,71.56721859,71.6787177933328
heading_date,svr_linear,73.05006146,74.10318524332772
heading_date,svr_linear,73.23809874,68.27122389687506
heading_date,svr_linear,70.7905393,77.917017982298
heading_date,svr_linear,74.96498688,76.93909120808023
heading_date,svr_linear,74.45265722,81.10482989811688
heading_date,svr_linear,77.83211711,69.91611264886758
heading_date,svr_linear,70.25976192,100.30008859927
heading_date,svr_linear,72.59543156,88.10763495109212
heading_date,svr_linear,69.87004508,70.46804948371367
heading_date,svr_linear,67.35990526,77.0802911309839
heading_date,svr_linear,70.53892868,80.72882980088721
heading_date,svr_linear,69.65381816,107.67895252522912
heading_date,svr_linear,64.79137899,66.6119527201359
heading_date,svr_linear,70.55581706,68.4391457537526
heading_date,svr_linear,71.69392732,83.48170844780229
heading_date,svr_linear,71.15600193,73.52286799237208
heading_date,svr_linear,68.50321935,73.98380306122787
heading_date,svr_linear,71.8439335,91.52849345444577
heading_date,svr_linear,72.03574691,72.37407160706572
heading_date,svr_linear,74.13524586,100.08271181703178
heading_date,svr_linear,73.25621539,76.7405850176365
heading_date,svr_linear,71.17979877,69.22821793963563
heading_date,svr_linear,79.43995387,78.80821924937825
heading_date,svr_linear,73.95401072,73.92329984588233
heading_date,svr_linear,70.40511568,91.07002452680457
heading_date,svr_linear,72.60609784,84.08081699604976
heading_date,svr_linear,69.50185485,72.91161125124091
heading_date,svr_linear,66.20056607,79.90977543503871
heading_date,svr_linear,72.41292025,66.30438042693108
heading_date,svr_linear,71.01321896,85.62928700850395
heading_date,svr_linear,71.4227622,95.81847477605
heading_date,svr_linear,64.1620208,88.14781181825987
heading_date,svr_linear,69.49922466,67.98348430629065
heading_date,svr_linear,69.32396011,64.37869574468318
heading_date,svr_linear,68.8462765,75.94771249217033
heading_date,svr_linear,70.32972131,87.60638623946923
heading_date,svr_linear,70.1299142,66.29528182986988
heading_date,svr_linear,68.74930527,80.50314974626892
heading_date,svr_linear,70.17365081,71.3569406985675
heading_date,svr_linear,66.0978734,68.34100180432901
heading_date,svr_linear,74.72194686,102.96070745297818
heading_date,svr_linear,73.23503031,77.93625478144463
heading_date,svr_linear,70.41579451,68.85277333004015
heading_date,svr_linear,69.98064762,75.1366058494122
heading_date,svr_linear,71.79630868,72.78247703242397
heading_date,svr_linear,71.29354425,84.7502426284109
heading_date,svr_linear,67.49763499,77.2446438068518
heading_date,svr_linear,73.39298905,72.15314903511995
heading_date,svr_linear,67.21585775,64.80612267996435
heading_date,svr_linear,77.89114616,67.44154026097756
heading_date,svr_linear,71.70051615,66.93179557628845
heading_date,svr_linear,70.80899456,71.39039549371302
heading_date,svr_linear,69.57346631,70.22600277305955
heading_date,svr_linear,74.65867956,87.63050435329336
heading_date,svr_linear,74.40344875,73.2665215763055
heading_date,svr_linear,73.34151876,73.05452421487695
heading_date,svr_linear,72.67549667,77.89294629917993
heading_date,svr_linear,72.00874397,72.55621263347822
heading_date,svr_linear,70.24671324,124.62716756165254
heading_date,svr_linear,70.34895685,76.73435824539133
heading_date,svr_linear,71.14708344,91.59792466283716
heading_date,svr_linear,77.85087289,80.06932239073463
heading_date,svr_linear,69.86009609,77.27225129275719
heading_date,svr_linear,67.0700819,57.81618891555074
heading_date,svr_linear,70.22088521,69.4676841703228
heading_date,svr_linear,69.26721347,65.03128493219961
heading_date,svr_linear,70.33919103,76.3777455032396
heading_date,svr_linear,68.72731007,69.19544616503642
heading_date,svr_linear,65.345322435,66.17518368607557
heading_date,svr_linear,70.73256258,80.00619532778308
heading_date,svr_linear,68.36744232,77.84208601206105
heading_date,svr_linear,65.89015858,71.16910157319354
heading_date,svr_linear,66.05264166,67.64811717319546
heading_date,svr_linear,71.6055494,75.93804615675883
heading_date,svr_linear,65.70822977,71.1363024868905
heading_date,svr_linear,63.68768235,66.8662897968783
heading_date,svr_linear,69.32214361,83.37615080861796
heading_date,svr_linear,63.93969362,63.57399537818027
heading_date,svr_linear,66.86712059,64.12293726489469
heading_date,svr_linear,65.35246628,61.79936521467728
heading_date,svr_linear,71.38976714,85.03085450530367
heading_date,svr_linear,65.65626114,64.71205211162624
heading_date,svr_linear,70.00919458,69.38965395534788
heading_date,svr_linear,75.60384423,92.47562080897174
heading_date,svr_linear,68.46201352,67.95802050545866
heading_date,svr_linear,73.10082123,73.55921817891615
heading_date,svr_linear,76.356754,69.6051166520916
heading_date,svr_linear,70.6456504,68.27363772397294
heading_date,svr_linear,71.7316861,75.66757725164794
heading_date,svr_linear,75.1142689,80.1608847945184
heading_date,svr_linear,71.93597037,68.76721791036309
heading_date,svr_linear,73.10390928,77.69994010431854
heading_date,svr_linear,75.45138162,75.81704300442244
heading_date,svr_linear,69.12878797,73.90608956832607
heading_date,svr_linear,68.44705577,73.41811211361431
heading_date,svr_linear,73.80793907,72.72479073856354
heading_date,svr_linear,69.96800607,70.72365223067568
heading_date,svr_linear,76.21083683,73.77307852691054
heading_date,svr_linear,68.1511504,68.20410913507743
heading_date,svr_linear,66.35890322,67.18065799629973
heading_date,svr_linear,72.84233623,93.81160104097438
heading_date,svr_linear,69.69312002,66.03416428354417
heading_date,svr_linear,67.18052391,68.1949677253684
heading_date,svr_linear,69.86090994,70.10047083248438
heading_date,svr_linear,76.0816442,74.9389615061439
heading_date,svr_linear,69.91428023,68.50249390202441
heading_date,svr_linear,66.78096121,73.94955729600596
heading_date,svr_linear,65.95061099,67.94343868837237
heading_date,svr_linear,72.473336,95.99175664019673
heading_date,svr_linear,76.83008918,102.87041432713791
heading_date,svr_linear,71.67358103,87.36676467710772
heading_date,svr_linear,69.916653,76.92566224865178
heading_date,svr_linear,68.83440229,62.78966286080687
heading_date,svr_linear,73.40337589,87.32793655785923
heading_date,svr_linear,69.72753808,69.42635644838104
heading_date,svr_linear,73.64268186,67.24088903180251
heading_date,svr_linear,70.34605298,76.61043008789244
heading_date,svr_linear,70.71476569,74.59999931572185
heading_date,svr_linear,71.34776186,71.80288915750474
heading_date,svr_linear,68.04398239,71.0360929487081
heading_date,svr_linear,69.90992187,67.96143430625081
heading_date,svr_linear,69.49890944,67.40597259637613
heading_date,svr_linear,69.7891648,78.22111292200455
heading_date,svr_linear,71.61136297,73.39037123889605
heading_date,svr_linear,74.72511563,79.68993446020548
heading_date,svr_linear,71.11973783,69.36686280859107
heading_date,svr_linear,66.83063971,66.66451566411735
heading_date,svr_linear,67.26308671,65.30145539185852
heading_date,svr_linear,68.196063,70.34754241726118
heading_date,svr_linear,69.13499905,69.24176780040762
heading_date,svr_linear,68.05007939,71.47655353466442
heading_date,svr_linear,64.39479985,68.12432694406002
heading_date,svr_linear,75.43039886,70.18171454901548
heading_date,svr_linear,70.71278575,70.99714386280777
heading_date,svr_linear,65.70530213,66.14555050380783
heading_date,svr_linear,69.01161839,73.05549723351285
heading_date,svr_linear,68.09290189,74.4785598729841
heading_date,svr_linear,74.12225962,72.82542995967225
heading_date,svr_linear,74.16746489,76.88448266999931
heading_date,svr_linear,69.57076912,72.29714180224849
heading_date,svr_linear,66.30653296,65.63038337375775
heading_date,svr_linear,65.21326658,77.87106385480308
heading_date,svr_linear,65.80157103,65.94073661207923
heading_date,svr_linear,65.84069511,105.43878836383873
heading_date,svr_linear,72.96050881,67.12019824882894
heading_date,svr_linear,71.10671963,68.95052720688156
heading_date,svr_linear,65.79428981,65.84162010571842
heading_date,svr_linear,72.64786489,74.99117607448486
heading_date,svr_linear,74.88924313,76.71910182434975
heading_date,svr_linear,68.51305027,104.64768858949806
heading_date,svr_linear,75.70286332,90.68860633086629
heading_date,svr_linear,71.36798435,72.77902556229947
heading_date,svr_linear,76.79945152,78.28338584471238
heading_date,svr_linear,74.05047899,74.98424551846661
heading_date,svr_linear,70.15245605,89.76249112821868
heading_date,svr_linear,70.21139135,83.98408979857953
heading_date,svr_linear,74.83238292,119.21619696852233
heading_date,svr_linear,74.90889667,77.83728609795442
heading_date,svr_linear,77.77169813,75.15184444715399
heading_date,svr_linear,73.20269395,73.52515349664019
heading_date,svr_linear,70.33837877,71.91455735979375
heading_date,svr_linear,71.90487538,121.93591000937234
heading_date,svr_linear,71.70476953,75.39452673457899
heading_date,svr_linear,67.17324806,107.8297527840179
heading_date,svr_linear,67.81119546,45.575182319954344
heading_date,svr_linear,67.29786665,75.08020630677
heading_date,svr_linear,76.0255848,73.28353612084852
heading_date,svr_linear,76.41919117,73.22591714029667
heading_date,svr_linear,74.5923255,80.29695210071863
heading_date,svr_linear,73.24052531,67.33598355954865
heading_date,svr_linear,66.56854857,72.82749642904768
heading_date,svr_linear,65.59403766,71.43403438225549
heading_date,svr_linear,75.23821327,77.11416330153116
heading_date,svr_linear,73.37352334,71.60807170299974
heading_date,svr_linear,68.31242523,63.079438000322455
heading_date,svr_linear,70.18988702,91.41677440252974
heading_date,svr_linear,135.0124977,100.56590425384711
heading_date,svr_linear,131.1376018,101.6771498611893
heading_date,svr_linear,127.4952925,75.09705825957266
heading_date,svr_linear,132.9185581,119.30944987758991
heading_date,svr_linear,135.5122478,110.75714855206084
heading_date,svr_linear,136.708832,131.53844711510789
heading_date,svr_linear,138.1521257,78.4356305409656
heading_date,svr_linear,133.6229181,132.15862990029245
heading_date,svr_linear,142.5172946,130.0321484821091
heading_date,svr_linear,133.1346108,126.69366333729833
heading_date,svr_linear,128.2808634,69.74805655592232
heading_date,svr_linear,131.4490245,114.49464262321223
heading_date,svr_linear,130.1225762,110.83793639765112
heading_date,svr_linear,140.329899,95.45708303066752
heading_date,svr_linear,129.5939866,96.33573915314784
heading_date,svr_linear,137.3372998,115.48404336180018
heading_date,svr_linear,133.9333111,138.5084628593303
heading_date,svr_linear,139.658972,90.17264899330065
heading_date,svr_linear,133.875129,108.90973578339664
heading_date,svr_linear,128.4178839,108.84516766271798
heading_date,svr_linear,132.7842797,133.22938558272935
heading_date,svr_linear,133.2090608,139.85639014700237
heading_date,svr_linear,130.8903962,91.03928446551367
heading_date,svr_linear,134.12579,102.17223162584398
heading_date,svr_linear,133.9805901,73.38136624407421
heading_date,svr_linear,135.8769503,74.27673379193476
heading_date,svr_linear,130.8627045,107.27527258160302
heading_date,svr_linear,137.6324379,78.68546337333605
heading_date,svr_linear,135.6980028,147.42722201031825
heading_date,svr_linear,132.5179743,103.64858460050166
heading_date,svr_linear,137.786505,92.90470091248153
heading_date,svr_linear,134.9355974,125.62052039560191
heading_date,svr_linear,135.5590088,97.47178315113013
heading_date,svr_linear,139.7923564,141.27521623288868
heading_date,svr_linear,134.8275248,89.7608420270763
heading_date,svr_linear,137.4435432,112.89833312280123
heading_date,svr_linear,136.4458612,104.58333707940153
heading_date,svr_linear,138.1860589,139.38400379986902
heading_date,svr_linear,132.4494121,124.88161228337917
heading_date,svr_linear,134.1848786,112.73124407838537
heading_date,svr_linear,134.1127859,132.80767211667418
heading_date,svr_linear,132.6606136,118.08359668469058
heading_date,svr_linear,131.5267898,123.23617553927285
heading_date,svr_linear,135.1331239,125.9930305877643
heading_date,svr_linear,131.9704949,133.6821854034805
heading_date,svr_linear,129.0285291,118.83199008863227
heading_date,svr_linear,129.6938329,118.3111835229748
heading_date,svr_linear,134.4295035,127.26152713915386
heading_date,svr_linear,128.5273442,78.64647608903836
heading_date,svr_linear,139.4167345,121.20152078626413
heading_date,svr_linear,135.9682749,130.93753120019386
heading_date,svr_linear,132.4074653,99.5707727961638
heading_date,svr_linear,129.0138553,70.76422887073046
heading_date,svr_linear,139.002867,74.52543333032061
heading_date,svr_linear,131.232896,103.57699101281662
heading_date,svr_linear,131.2749892,106.80880984969804
heading_date,svr_linear,129.9801436,73.22023639242848
heading_date,svr_linear,132.3355948,66.9550285583604
heading_date,svr_linear,127.6646855,69.94540102656188
heading_date,svr_linear,130.372926,66.33186524210927
heading_date,svr_linear,124.6588773,105.64401828440297
heading_date,svr_linear,130.604193,87.01313410446079
heading_date,svr_linear,130.8283306,83.17643235609756
heading_date,svr_linear,141.729227,146.67671170116716
heading_date,svr_linear,137.8176787,93.05352205851716
heading_date,svr_linear,131.281506,93.20094436059472
heading_date,svr_linear,125.7384657,79.01167945325514
heading_date,svr_linear,131.9882392,120.01940018153203
heading_date,svr_linear,138.5408884,133.356181533981
heading_date,svr_linear,138.1311221,75.66185712518329
heading_date,svr_linear,142.4949325,78.92561302841402
heading_date,svr_linear,137.1695845,75.57441527779123
heading_date,svr_linear,139.7680022,69.72903395776353
heading_date,svr_linear,138.8299962,76.71132214229449
heading_date,svr_linear,138.8265307,83.89347856745324
heading_date,svr_linear,140.1420899,74.84639172365168
heading_date,svr_linear,138.5309748,79.97545809773189
heading_date,svr_linear,133.5885158,81.49867183211104
heading_date,svr_linear,137.688565,75.32472572775175
heading_date,svr_linear,142.6567569,121.38244754171046
heading_date,svr_linear,138.8864808,101.37969079880472
heading_date,svr_linear,144.7717432,99.42608519452625
heading_date,svr_linear,137.1934361,114.98784153357155
heading_date,svr_linear,137.2712069,86.58662751612695
heading_date,svr_linear,139.5023062,107.8376119862843
heading_date,svr_linear,134.1392296,121.55916460185101
heading_date,svr_linear,125.9265837,71.87261842225143
heading_date,svr_linear,134.1863729,122.38195685491834
heading_date,svr_linear,137.5206775,97.71370889644024
heading_date,svr_linear,133.8219732,91.95142083678293
heading_date,svr_linear,137.4739844,104.02845840468746
heading_date,svr_linear,129.180234,90.41524574627431
heading_date,svr_linear,126.560584,77.80484038970606
heading_date,svr_linear,142.6777739,83.43673283648099
heading_date,svr_linear,138.8260235,132.00271240729143
heading_date,svr_linear,132.7598533,82.7980471211501
heading_date,svr_linear,133.6671655,117.26408261379459
heading_date,svr_linear,132.3802859,147.6230354918464
heading_date,svr_linear,141.9584089,67.09001464534664
heading_date,svr_linear,137.2961454,80.93538821197313
heading_date,svr_linear,138.0104867,107.07196453753926
heading_date,svr_linear,140.9308021,89.89182748465363
heading_date,svr_linear,137.3267537,137.41198630022657
heading_date,svr_linear,137.5703576,137.42641459040422
heading_date,svr_linear,137.5391761,130.68544971246808
heading_date,svr_linear,135.2826812,134.6742779992666
heading_date,svr_linear,127.6581182,74.83534959431145
heading_date,svr_linear,136.3724187,115.5113815650484
heading_date,svr_linear,140.3018932,136.45651942471596
heading_date,svr_linear,138.9132929,100.76552920544002
heading_date,svr_linear,132.5338815,115.58155413079734
heading_date,svr_linear,136.2670827,105.00968601530846
heading_date,svr_linear,134.4168437,78.66707965091592
heading_date,svr_linear,139.5018265,153.8273661579479
heading_date,svr_linear,136.6966077,127.65602238737964
heading_date,svr_linear,139.2046267,128.12908232114958
heading_date,svr_linear,139.5328422,94.13729286275068
heading_date,svr_linear,139.5568279,113.5346380324931
heading_date,svr_linear,133.419942,104.7547656673942
heading_date,svr_linear,142.1277933,78.52298731216356
heading_date,svr_linear,133.289293,118.59854178991073
heading_date,svr_linear,138.2303584,119.07983018879179
heading_date,svr_linear,135.3760747,100.19819604805525
heading_date,svr_linear,135.4289193,137.75096125321545
heading_date,svr_linear,136.0103199,120.31280280149835
heading_date,svr_linear,136.3843709,102.74459973431236
heading_date,svr_linear,127.5878797,97.47378084083518
heading_date,svr_linear,135.4825109,119.83697805854415
heading_date,svr_linear,135.6400614,134.4986855226216
heading_date,svr_linear,135.0667128,103.14363724214267
heading_date,svr_linear,134.2585613,91.47106813745305
heading_date,svr_linear,130.1923437,121.79900037498895
heading_date,svr_linear,138.1207407,103.33378017983149
heading_date,svr_linear,135.5829359,132.56003422746187
heading_date,svr_linear,137.567537,110.95900112593178
heading_date,svr_linear,136.8892699,118.90844812219493
heading_date,svr_linear,136.4341031,91.7224155515634
heading_date,svr_linear,133.8149685,123.66909197057613
heading_date,svr_linear,137.1670643,100.72732549964007
heading_date,svr_linear,135.8769162,135.0036840354117
heading_date,svr_linear,137.0656528,132.69694918530834
heading_date,svr_linear,136.9844925,147.4835710203925
heading_date,svr_linear,127.2012288,78.16384145984252
heading_date,svr_linear,136.0725267,120.34467355100332
heading_date,svr_linear,136.0865759,119.56458899531074
heading_date,svr_linear,137.9369893,123.12693894488999
heading_date,svr_linear,137.274842,75.94777242542536
heading_date,svr_linear,132.7043471,118.70289157392494
heading_date,svr_linear,137.2478415,99.16755358773943
heading_date,svr_linear,137.2427613,79.81185412804045
heading_date,svr_linear,132.7352285,131.37814176021004
heading_date,svr_linear,132.3494267,134.4531276764866
heading_date,svr_linear,138.4349052,128.92077198027596
heading_date,svr_linear,137.8602773,152.03744808997737
heading_date,svr_linear,134.5827086,153.51092247724165
heading_date,svr_linear,147.2995825,109.61098059235785
heading_date,svr_linear,143.2762998,95.75645233174144
heading_date,svr_linear,136.3281237,147.93113855787882
heading_date,svr_linear,135.3488419,79.05410193657964
heading_date,svr_linear,136.5309641,129.92604182934005
heading_date,svr_linear,140.0179642,111.07126718383923
heading_date,svr_linear,138.2297729,149.30684235837808
heading_date,svr_linear,137.3292465,125.27687512930717
heading_date,svr_linear,135.7116789,119.76866774147656
heading_date,svr_linear,142.2021781,140.58844130444913
heading_date,svr_linear,131.2541635,140.2393028414425
heading_date,svr_linear,136.1333373,140.38022719511082
heading_date,svr_linear,144.9484596,120.85170105595776
heading_date,svr_linear,141.1257137,118.38246406787
heading_date,svr_linear,132.5056467,128.25146919429042
heading_date,svr_linear,136.3393475,139.6034580009606
heading_date,svr_linear,136.0473209,100.58495666800152
heading_date,svr_linear,130.7922896,138.013828949706
heading_date,svr_linear,134.4381523,96.65784161202427
heading_date,svr_linear,137.1228511,123.55225370789911
heading_date,svr_linear,136.0061576,115.11452936907374
heading_date,svr_linear,133.9543172,142.6086433132094
heading_date,svr_linear,137.7701297,106.19805691970505
heading_date,svr_linear,137.6326115,92.85050325521141
heading_date,svr_linear,131.1816109,115.95323836460463
heading_date,svr_linear,148.009344,90.27671014719644
heading_date,svr_linear,139.9671981,134.3734156438178
heading_date,svr_linear,142.0799892,101.38709030446309
heading_date,svr_linear,136.9659509,128.9056789040943
heading_date,svr_linear,146.9063677,86.92729773948815
heading_date,svr_linear,137.7331428,140.38484350167036
heading_date,svr_linear,142.1866771,92.74843143967854
heading_date,svr_linear,132.203008,138.4601425971351
heading_date,svr_linear,135.8051786,136.02167623267312
heading_date,svr_linear,132.4734016,112.62681244543171
heading_date,svr_linear,134.1501118,132.60987211528965
heading_date,svr_linear,141.9748227,118.27275415191556
heading_date,svr_linear,134.4129753,148.0922497068235
heading_date,svr_linear,136.0469073,141.85678755389824
heading_date,svr_linear,131.8178343,133.41752587442062
heading_date,svr_linear,140.2483705,100.1461921905376
heading_date,svr_linear,137.1906833,120.36082948688215
heading_date,svr_linear,137.5477175,144.32937759731945
heading_date,svr_linear,134.932367,103.06529585422733
heading_date,svr_linear,140.0229539,113.96252137654677
heading_date,svr_linear,136.6995063,112.39069049762463
heading_date,svr_linear,139.3233338,72.59707667315213
heading_date,svr_linear,133.806829,82.94625483629504
heading_date,svr_linear,144.8853647,144.57858672860326
heading_date,svr_linear,130.7195337,116.48489081095576
heading_date,svr_linear,132.9521219,116.86758803491995
heading_date,svr_linear,140.5833506,127.67657167799626
heading_date,svr_linear,132.9469242,150.31731043136034
heading_date,svr_linear,137.894999,136.13545703415986
heading_date,svr_linear,138.0837962,142.9115522364327
heading_date,svr_linear,142.3090935,98.55403588967515
heading_date,svr_linear,135.8272429,128.26474996582203
heading_date,svr_linear,136.5147156,73.06556646221702
heading_date,svr_linear,140.3571793,85.15082862515554
heading_date,svr_linear,135.7120763,94.60708079648572
heading_date,svr_linear,134.7976425,147.99441426975415
heading_date,svr_linear,140.4601646,146.47157444422348
heading_date,svr_linear,135.0964616,138.6646900471042
heading_date,svr_linear,137.9825587,141.95858589440962
heading_date,svr_linear,139.0650279,145.17970093701535
heading_date,svr_linear,142.4398586,126.07806653287807
heading_date,svr_linear,132.707686,149.3675043194889
heading_date,svr_linear,138.6626667,139.2789639151328
heading_date,svr_linear,137.7864379,123.91411353039862
heading_date,svr_linear,134.8522889,138.47441161292036
heading_date,svr_linear,134.8720955,82.291026161134
heading_date,svr_linear,131.2259749,120.17000078522193
heading_date,svr_linear,132.2150325,125.55448979022587
heading_date,svr_linear,132.9847901,109.09555890916101
heading_date,svr_linear,137.0717572,77.1969745083893
heading_date,svr_linear,132.4746996,117.00880213750452
heading_date,svr_linear,135.5408098,128.33749068467773
heading_date,svr_linear,134.1517945,106.12049285810146
heading_date,svr_linear,139.5071789,92.29389712155562
heading_date,svr_linear,135.2343139,129.8910321393318
heading_date,svr_linear,139.4998594,108.20481805814643
heading_date,svr_linear,142.211522,118.64863932832635
heading_date,svr_linear,138.0249307,126.5887211661524
heading_date,svr_linear,141.7401619,97.59808009617323
heading_date,svr_linear,134.6946846,107.07454331378408
heading_date,svr_linear,133.7162425,87.53182832348851
heading_date,svr_linear,137.8476631,87.88353002244038
heading_date,svr_linear,135.1377472,85.3664590431105
heading_date,svr_linear,141.6554593,82.29925581696972
heading_date,svr_linear,135.6852196,114.99297623444573
heading_date,svr_linear,138.5267729,91.8104446284218
heading_date,svr_linear,140.5689081,97.07670208922248
heading_date,svr_linear,135.6119781,116.34025209900102
heading_date,svr_linear,138.3260143,65.40304537162771
heading_date,svr_linear,134.4735789,84.0653453501878
heading_date,svr_linear,143.1625163,88.32204615827611
heading_date,svr_linear,135.8281407,124.13380304671163
heading_date,svr_linear,138.5601171,125.42909337435437
heading_date,svr_linear,135.6353811,92.25047518054222
heading_date,svr_linear,136.8042019,91.5489473814295
heading_date,svr_linear,133.5868267,125.52568861543178
heading_date,svr_linear,142.2942098,107.89207048760971
heading_date,svr_linear,139.850888,111.07997026175177
heading_date,svr_linear,138.9752432,114.01197685946346
heading_date,svr_linear,137.7451895,119.97103902063587
heading_date,svr_linear,146.9884934,106.24855352414289
heading_date,svr_linear,133.4227444,119.2055073869212
heading_date,svr_linear,139.345096,133.03327090880245
heading_date,svr_linear,125.6506941,122.86137927681912
heading_date,svr_linear,141.5605411,70.42943943869031
heading_date,svr_linear,139.675944,121.17386439623296
heading_date,svr_linear,135.6584289,122.72329453839328
heading_date,svr_linear,135.2312701,147.47039190505802
heading_date,svr_linear,136.3833726,140.57646260680607
heading_date,svr_linear,134.8069279,150.37248433518303
heading_date,svr_linear,137.9885548,119.48730332852767
heading_date,svr_linear,132.2602137,118.95114352485217
heading_date,svr_linear,129.6272054,69.73258976442861
heading_date,svr_linear,130.1739431,70.61574709771843
heading_date,svr_linear,138.0208657,137.9878164424184
heading_date,svr_linear,139.6305963,125.76027417542636
heading_date,svr_linear,132.9542458,120.80368961824287
heading_date,svr_linear,133.8095452,81.68474678392892
heading_date,svr_linear,137.8854529,122.8096686973159
heading_date,svr_linear,134.2877325,83.72117979764568
heading_date,svr_linear,142.228753,80.00445143813027
heading_date,svr_linear,141.6299267,81.91756965565216
heading_date,svr_linear,134.0759735,85.50377669055302
heading_date,svr_linear,128.0650606,92.49322550856864
heading_date,svr_linear,131.7831402,93.67262056950875
heading_date,svr_linear,133.9285765,84.15563611235085
heading_date,svr_linear,136.6396674,107.37748490128817
heading_date,svr_linear,137.3865059,120.03638089477373
lodging,svr_linear,2.174896356,1.4860704920033
lodging,svr_linear,1.644474162,1.5218043201532907
lodging,svr_linear,1.324642932,2.1682996983695033
lodging,svr_linear,1.593071519,1.8161210668705916
lodging,svr_linear,1.54400155,1.657473653689483
lodging,svr_linear,1.346724921,1.841778196615919
lodging,svr_linear,1.160769774,1.563990761161593
lodging,svr_linear,1.740891513,1.9414108545007438
lodging,svr_linear,1.588899886,1.6072704311547736
lodging,svr_linear,1.657603308,1.5809335329803533
lodging,svr_linear,2.442546063,2.1368990401935175
lodging,svr_linear,1.498489697,1.8444812410091829
lodging,svr_linear,1.784790868,1.5299517305450796
lodging,svr_linear,1.636561435,2.408670362924699
lodging,svr_linear,1.399702272,2.0818035770630745
lodging,svr_linear,1.560870412,1.4047933939138613
lodging,svr_linear,1.772587931,1.852769850969873
lodging,svr_linear,2.03978502,1.9000877858178953
lodging,svr_linear,1.431336858,1.8030207498023831
lodging,svr_linear,1.269377908,1.5100867974028973
lodging,svr_linear,1.990377116,1.8615048937604193
lodging,svr_linear,1.627762666,2.0348955160833
lodging,svr_linear,1.382168736,1.9290499945927093
lodging,svr_linear,2.200916425,2.1113650361165446
lodging,svr_linear,1.410106875,1.7283999884972714
lodging,svr_linear,1.86656083,1.4455818724473315
lodging,svr_linear,1.602000897,2.0943850491402123
lodging,svr_linear,2.193294571,1.421315344940382
lodging,svr_linear,1.481490118,1.7071386202423635
lodging,svr_linear,1.86339624,1.8094665813633082
lodging,svr_linear,1.429558742,1.6329739344911423
lodging,svr_linear,2.042719308,1.3906229940424542
lodging,svr_linear,2.075744924,1.460867497776345
lodging,svr_linear,1.240136442,1.5853678615110818
lodging,svr_linear,2.297266405,1.646725229675407
lodging,svr_linear,1.746838412,1.577957085376356
lodging,svr_linear,1.756920627,1.6686193886022522
lodging,svr_linear,1.750614066,1.7142949352855572
lodging,svr_linear,1.773587349,1.60860049412579
lodging,svr_linear,1.681479531,1.8191148902097916
lodging,svr_linear,2.266559292,2.1587488737878013
lodging,svr_linear,2.066713065,1.6816947117999974
lodging,svr_linear,1.820676161,1.491480865279101
lodging,svr_linear,1.354843064,1.4427047989797197
lodging,svr_linear,1.975439353,1.5961183259628442
lodging,svr_linear,1.836534779,1.750308374415667
lodging,svr_linear,1.672623341,1.7425291422999316
lodging,svr_linear,1.454333973,1.5613005093537187
lodging,svr_linear,1.173183446,1.9068284757237641
lodging,svr_linear,1.771514459,1.8926778568181648
lodging,svr_linear,1.340578989,1.7574422055378869
lodging,svr_linear,1.289758323,1.7432674729063335
lodging,svr_linear,1.744585964,1.79653205697528
lodging,svr_linear,2.084199041,1.7596344167906932
lodging,svr_linear,1.493996936,1.7647951548178433
lodging,svr_linear,1.975708308,1.7338812408569815
lodging,svr_linear,1.580723645,1.317241411426918
lodging,svr_linear,1.867533803,1.613520952823036
lodging,svr_linear,1.405880024,2.1782495015677243
lodging,svr_linear,1.620924956,1.570440521487837
lodging,svr_linear,1.958262078,1.4461133374897783
lodging,svr_linear,1.585077248,1.3960357846900036
lodging,svr_linear,1.585669207,1.9993725104528606
lodging,svr_linear,1.910482094,2.400567287110654
lodging,svr_linear,1.278928394,1.6048243509338487
lodging,svr_linear,1.644734721,1.4174201691275292
lodging,svr_linear,1.367993778,1.73143037904451
lodging,svr_linear,1.819732899,1.846511616352757
lodging,svr_linear,1.922282156,1.869915346383684
lodging,svr_linear,1.614082805,1.5833979699594438
lodging,svr_linear,1.317918266,1.5710975948631962
lodging,svr_linear,1.838037822,1.9432448020198436
lodging,svr_linear,1.717080721,1.588776806536788
lodging,svr_linear,1.691805224,1.900603999491627
lodging,svr_linear,1.907767787,1.6074127167509928
lodging,svr_linear,1.525371576,1.6006508947815465
lodging,svr_linear,2.100521689,2.0075090883441256
lodging,svr_linear,1.522756314,1.9930813424856149
lodging,svr_linear,2.127461912,1.633982317693203
lodging,svr_linear,1.652993328,1.9110397048945438
lodging,svr_linear,1.865713234,1.6864669071462077
lodging,svr_linear,2.351763054,1.581107032634189
lodging,svr_linear,1.33176336,1.8260264333033327
lodging,svr_linear,2.2234094,1.661880495844871
lodging,svr_linear,1.965940807,1.3526260735102116
lodging,svr_linear,2.189899205,1.883073833366876
lodging,svr_linear,1.54378452,1.4030455478852972
lodging,svr_linear,1.588521812,1.9257048547614954
lodging,svr_linear,1.752836155,1.7467020816503398
lodging,svr_linear,1.67650173,1.5378442066081293
lodging,svr_linear,1.505694386,1.7198677101921789
lodging,svr_linear,1.424562669,1.6480809743515128
lodging,svr_linear,1.638292774,1.5671866328963895
lodging,svr_linear,1.76320614,1.8358206235156151
lodging,svr_linear,1.750860556,1.7007288249640506
lodging,svr_linear,1.131848318,1.6580515821514108
lodging,svr_linear,1.354444006,1.9104081768523742
lodging,svr_linear,1.851463536,1.6356742868278262
lodging,svr_linear,1.531464952,1.4049076196315364
lodging,svr_linear,1.413676502,1.9409616622342791
lodging,svr_linear,1.3127499,1.6490945544144973
lodging,svr_linear,1.872652005,1.7419984299955305
lodging,svr_linear,1.440529343,1.6989556691775545
lodging,svr_linear,2.186423213,1.6448516375403286
lodging,svr_linear,1.601519151,1.6930035413076048
lodging,svr_linear,1.734423343,1.7377555731818886
lodging,svr_linear,1.467271582,1.619515569552864
lodging,svr_linear,1.26778,1.7349171085524056
lodging,svr_linear,1.379054586,1.4562628114582337
lodging,svr_linear,2.105580046,1.4252205641785993
lodging,svr_linear,1.94242448,1.7194053073804243
lodging,svr_linear,2.177710329,1.4916505285850654
lodging,svr_linear,1.721316019,1.8459541053549262
lodging,svr_linear,1.409414026,1.4330400767090383
lodging,svr_linear,1.365175223,1.4409619347281586
lodging,svr_linear,1.323500978,1.7929282620918023
lodging,svr_linear,1.948810123,1.9192940257197817
lodging,svr_linear,1.722424615,1.835805935799571
lodging,svr_linear,1.580923969,2.504899011126458
lodging,svr_linear,2.004633761,1.7111134747490553
lodging,svr_linear,1.493726908,1.814335681228466
lodging,svr_linear,1.756751832,1.709286606414192
lodging,svr_linear,1.482967417,1.4895192015283922
lodging,svr_linear,1.591733276,1.7938240325158812
lodging,svr_linear,1.731077463,1.8498393938048994
lodging,svr_linear,2.06681345,1.9109256914893935
lodging,svr_linear,1.872419174,1.6681610793461688
lodging,svr_linear,2.007996102,1.9501024478332993
lodging,svr_linear,1.940916602,1.8650812828225294
lodging,svr_linear,1.365806212,1.3587410578643033
lodging,svr_linear,1.510106607,2.052477034472706
lodging,svr_linear,1.74642917,2.077435304717115
lodging,svr_linear,1.487665602,1.6894599730059994
lodging,svr_linear,1.959194849,1.5394299511969063
lodging,svr_linear,2.134539728,1.7392085298402014
lodging,svr_linear,1.827586585,1.5372724900318062
lodging,svr_linear,1.818257974,1.6759105937719412
lodging,svr_linear,1.817372322,1.6326211169320066
lodging,svr_linear,1.439763956,1.5058383730341443
lodging,svr_linear,1.500180074,1.7763732196345263
lodging,svr_linear,1.49342233,1.3791913146165542
lodging,svr_linear,1.676955457,1.953135120587761
lodging,svr_linear,1.867121101,2.3967780320519205
lodging,svr_linear,1.85428206,1.6952573477292472
lodging,svr_linear,1.148898128,1.7587452949554419
lodging,svr_linear,2.175295528,1.6521438831954591
lodging,svr_linear,1.878915658,1.5101177801530992
lodging,svr_linear,1.790424296,2.08481929855183
lodging,svr_linear,1.61560033,1.4799943327348002
lodging,svr_linear,1.750917127,1.4556508525084166
lodging,svr_linear,1.385366839,1.9961790885241675
lodging,svr_linear,1.633425128,1.9482708421258883
lodging,svr_linear,1.206546691,1.4286143718127642
lodging,svr_linear,1.275022063,2.121786295956376
lodging,svr_linear,1.427953313,1.7039324735112589
lodging,svr_linear,1.180846017,1.3704819025470378
lodging,svr_linear,1.549151256,2.309759043548815
lodging,svr_linear,1.393761863,1.4327347260688508
lodging,svr_linear,1.834635834,1.6035987818816428
lodging,svr_linear,1.486786007,2.4159769650960303
lodging,svr_linear,1.862558477,1.6327276931930477
lodging,svr_linear,1.836323398,2.0576998136379787
lodging,svr_linear,0.975118276,1.6344136450174722
lodging,svr_linear,1.72295041,1.74987106302935
lodging,svr_linear,1.439642856,2.294584572076504
lodging,svr_linear,1.391685624,1.2556595940354
lodging,svr_linear,1.468916923,1.614093272197294
lodging,svr_linear,1.147871917,1.8435512692552638
lodging,svr_linear,1.509668018,1.490420068452886
lodging,svr_linear,1.331044049,1.5831083437639288
lodging,svr_linear,1.773679045,1.3951646365430221
lodging,svr_linear,1.547875173,1.3918750757866323
lodging,svr_linear,1.357375044,1.4887167241940222
lodging,svr_linear,1.17337958,1.536545549377052
lodging,svr_linear,1.449338201,1.4933776486893695
lodging,svr_linear,1.445600358,2.1350341550728476
lodging,svr_linear,1.229873803,1.322316932991047
lodging,svr_linear,1.743754915,2.09678418781543
lodging,svr_linear,1.706855006,1.9545923335115392
lodging,svr_linear,1.325813255,1.48159612015826
lodging,svr_linear,1.297201345,1.4239820309694724
lodging,svr_linear,2.233143456,1.6261503022479389
lodging,svr_linear,1.350200107,1.7452448536338914
lodging,svr_linear,1.660671858,1.6423580388353813
lodging,svr_linear,1.760077093,1.830447760996785
lodging,svr_linear,1.743612369,1.5435298016410912
lodging,svr_linear,1.297346298,1.7040868830924012
lodging,svr_linear,1.223807024,1.8339324049738879
lodging,svr_linear,2.456640793,1.4624776398575845
lodging,svr_linear,1.161127788,1.5427062989724307
lodging,svr_linear,1.294585295,1.6290478274483173
lodging,svr_linear,1.135960307,1.6100112193619511
lodging,svr_linear,1.299666628,2.152834405164262
lodging,svr_linear,1.905735591,1.1925502333195857
lodging,svr_linear,1.423816209,1.9548813726281804
lodging,svr_linear,1.582496151,1.6134159057818258
lodging,svr_linear,1.599451965,1.9205540499837208
lodging,svr_linear,1.496044981,1.2710839570004926
lodging,svr_linear,1.482371964,1.3072757481353205
lodging,svr_linear,2.159505115,1.480660966077284
lodging,svr_linear,2.039812074,2.00545847991685
lodging,svr_linear,1.246098725,1.7228099717867391
lodging,svr_linear,1.600795917,1.9253915067833063
lodging,svr_linear,1.378768069,1.6759645667395429
lodging,svr_linear,2.323874331,1.5900519111474254
lodging,svr_linear,1.0543539,1.482785413282612
lodging,svr_linear,1.924530472,1.4074015914661322
lodging,svr_linear,1.966952627,1.4133732578925509
lodging,svr_linear,1.722567445,1.8684415755666313
lodging,svr_linear,1.87565572,1.5509044012787425
lodging,svr_linear,1.592225204,2.0151497788658665
lodging,svr_linear,1.662921211,1.6172544738534305
lodging,svr_linear,1.377220248,1.6516413181171627
lodging,svr_linear,1.785156319,1.6683930168887582
lodging,svr_linear,1.079310903,1.5437543362797672
lodging,svr_linear,1.038879417,1.848846274540251
lodging,svr_linear,1.8557847,1.6168691573969778
lodging,svr_linear,1.797969229,1.3504738279618587
lodging,svr_linear,1.21462199,1.5206734514511102
lodging,svr_linear,1.411882382,1.928184176271465
lodging,svr_linear,1.419515321,1.5145963423571525
lodging,svr_linear,1.690417119,1.5614774263556686
lodging,svr_linear,2.317425756,1.3733505410266256
lodging,svr_linear,1.468285063,1.2062578911805923
lodging,svr_linear,1.445874967,2.0042231048694847
lodging,svr_linear,1.354035318,2.1530974022946503
lodging,svr_linear,1.608738995,1.6743928055250183
lodging,svr_linear,2.020943696,1.5388475130063786
lodging,svr_linear,1.484247432,1.7117917165484526
lodging,svr_linear,1.870095018,1.9778082795120921
lodging,svr_linear,1.857689791,1.6311831762057363
lodging,svr_linear,1.882448973,1.7789155602836964
lodging,svr_linear,1.736660911,1.4639762201790707
lodging,svr_linear,2.195606986,1.317094595721632
lodging,svr_linear,1.596590086,1.1983870524789357
lodging,svr_linear,1.733215486,1.6175238644774648
lodging,svr_linear,1.112061113,1.5079259659141862
lodging,svr_linear,1.587140357,1.5475506180419527
lodging,svr_linear,1.634174041,1.8993004972482639
lodging,svr_linear,2.178916808,1.779603599061085
lodging,svr_linear,2.851628346,1.7405135489511732
lodging,svr_linear,1.478683648,1.4772930255217878
lodging,svr_linear,1.153062717,2.0260671585155894
lodging,svr_linear,2.156623307,1.2361426862437126
lodging,svr_linear,1.054599367,2.0716719537090427
lodging,svr_linear,1.593133632,1.6632522783634693
lodging,svr_linear,1.491709489,1.2505245756736971
lodging,svr_linear,1.598084436,1.7139993842187464
lodging,svr_linear,1.920316984,1.6261077672753717
lodging,svr_linear,1.243463149,1.8257675463527734
lodging,svr_linear,1.319433809,1.5043054781663172
lodging,svr_linear,1.383527401,1.89161909561308
lodging,svr_linear,1.222146923,1.3562623759501653
lodging,svr_linear,1.608250487,1.2710811069871677
lodging,svr_linear,1.110620479,1.4600812605615157
lodging,svr_linear,1.62727473,1.8393765798903727
lodging,svr_linear,1.738210719,1.9006491127583371
lodging,svr_linear,1.716117969,1.6915565315211354
lodging,svr_linear,1.782518052,1.605768820985674
lodging,svr_linear,1.151720715,2.177023739265609
lodging,svr_linear,1.651606099,1.4890447039583399
lodging,svr_linear,1.419185588,1.8841971987125996
lodging,svr_linear,1.794645353,1.4137510850053525
lodging,svr_linear,1.413626487,1.7781053845314512
lodging,svr_linear,1.325395468,1.4982291261756657
lodging,svr_linear,1.463975309,1.527387467233781
lodging,svr_linear,1.576546262,1.7508297257321006
lodging,svr_linear,1.35987865,1.4180237188079752
lodging,svr_linear,1.862132485,1.3896516307413238
lodging,svr_linear,1.711342035,1.592867244067406
lodging,svr_linear,1.059401865,1.5144777651986987
lodging,svr_linear,1.223158561,1.1126715165195438
lodging,svr_linear,1.260028983,1.261730692816882
lodging,svr_linear,1.5207664,1.9920724172156927
lodging,svr_linear,1.249210593,1.4795417403527713
lodging,svr_linear,1.373474829,1.414811011389944
lodging,svr_linear,1.836985563,1.255887087646173
lodging,svr_linear,1.533551389,1.6150622583911276
lodging,svr_linear,2.011879363,1.806252077167434
lodging,svr_linear,1.462697538,1.6280694154154343
lodging,svr_linear,1.471198088,1.8201097246227773
lodging,svr_linear,1.711186507,1.707556550598305
lodging,svr_linear,1.48378685,1.5259261343639194
lodging,svr_linear,1.573657384,1.5612475057042634
lodging,svr_linear,1.210990067,1.2941942216449043
lodging,svr_linear,1.29375366,1.6519831676990848
lodging,svr_linear,1.931993009,1.9037093180567755
lodging,svr_linear,1.819677164,1.2494698839674077
lodging,svr_linear,1.109247072,1.3589162142691524
lodging,svr_linear,0.993583408,1.7899432155972714
lodging,svr_linear,1.069824135,1.3612628320265383
lodging,svr_linear,2.198843485,1.819946381641929
lodging,svr_linear,2.557028666,1.907393665091172
lodging,svr_linear,1.786834572,1.71834792348563
lodging,svr_linear,1.961614156,1.695195246180714
lodging,svr_linear,1.73854534,1.6331134348468845
lodging,svr_linear,1.295389302,1.6337595605426662
lodging,svr_linear,1.934289976,1.9773579221788187
lodging,svr_linear,3.896026468,5.002243720550327
lodging,svr_linear,4.439651189,5.475096811312308
lodging,svr_linear,5.974704929,5.822370190754841
lodging,svr_linear,4.311404441,5.497904815014627
lodging,svr_linear,3.898448097,5.254745311318887
lodging,svr_linear,2.4005268,3.951459165642489
lodging,svr_linear,4.196809061,5.017378939862435
lodging,svr_linear,6.44889985,6.870260769972195
lodging,svr_linear,3.680472446,4.8525551540312835
lodging,svr_linear,3.472293262,4.405405082451659
lodging,svr_linear,6.006310038,4.831862707307784
lodging,svr_linear,4.378330103,4.05341655450036
lodging,svr_linear,5.301541467,4.519736418836231
lodging,svr_linear,4.018198831,5.244972670054851
lodging,svr_linear,2.150761618,2.321793495346202
lodging,svr_linear,1.846990422,2.2137466530477106
lodging,svr_linear,1.847541835,2.896819831088502
lodging,svr_linear,3.712477994,3.642114678554858
lodging,svr_linear,2.279279412,3.465946140596042
lodging,svr_linear,2.893861478,2.838887176442098
lodging,svr_linear,6.137386548,4.93315991556501
lodging,svr_linear,5.903995471,4.914053913642298
lodging,svr_linear,4.158545464,3.684186811240826
lodging,svr_linear,2.428033965,3.723963198764072
lodging,svr_linear,2.025134393,3.2440513491607272
lodging,svr_linear,3.833975178,3.670927641581189
lodging,svr_linear,3.464739305,3.504222151125913
lodging,svr_linear,4.557754879,3.5152760606190445
lodging,svr_linear,1.732260846,2.827162548795765
lodging,svr_linear,5.610611737,5.2733573591292195
lodging,svr_linear,4.631430006,4.375098065035046
lodging,svr_linear,4.221243337,5.1512159100404356
lodging,svr_linear,4.210396535,5.13395954213504
lodging,svr_linear,1.331475989,3.5457442193424966
lodging,svr_linear,5.924395753,5.121966471537613
lodging,svr_linear,5.49059074,4.84154860669662
lodging,svr_linear,5.26166452,4.41201858436714
lodging,svr_linear,6.10153495,5.375587160364464
lodging,svr_linear,4.189357017,5.104930760388437
lodging,svr_linear,1.713467512,3.4025586716039244
lodging,svr_linear,2.705356573,3.73925074822049
lodging,svr_linear,4.436597337,3.7202306972399746
lodging,svr_linear,2.370132372,2.711025909998682
lodging,svr_linear,4.238393343,3.7453680894008903
lodging,svr_linear,4.955320324,4.555653454533669
lodging,svr_linear,4.632944782,5.528318623001444
lodging,svr_linear,4.191054133,3.7371391265411376
lodging,svr_linear,2.634229973,3.2069034045438274
lodging,svr_linear,5.832377079,4.355092442610619
lodging,svr_linear,5.420327517,4.4549481189518225
lodging,svr_linear,5.191522928,4.1886099636456
lodging,svr_linear,3.937127999,3.891402045388394
lodging,svr_linear,3.114429781,3.95870412909242
lodging,svr_linear,4.758328879,4.365147266466047
lodging,svr_linear,6.045625336,5.917143121391531
lodging,svr_linear,5.428073661,6.309857421033724
lodging,svr_linear,4.273195052,5.031231282268079
lodging,svr_linear,5.144325785,5.17284353322473
lodging,svr_linear,4.634576879,6.066710197866158
lodging,svr_linear,5.581716746,4.428244153790091
lodging,svr_linear,5.508295105,4.666786748895793
lodging,svr_linear,2.175288427,2.8699408143416854
lodging,svr_linear,4.931298096,6.392836367153882
lodging,svr_linear,5.344920372,5.348591930278083
lodging,svr_linear,3.347708844,4.707468693576068
lodging,svr_linear,4.471667602,3.8053096196185416
lodging,svr_linear,4.994937047,4.542228239516805
lodging,svr_linear,1.584022955,4.437470841844067
lodging,svr_linear,5.178256765,5.503398161866892
lodging,svr_linear,5.766552709,5.656149086272437
lodging,svr_linear,3.812042281,4.449644015941086
lodging,svr_linear,5.374889783,4.940371659556687
lodging,svr_linear,4.347813791,4.3863354620208845
lodging,svr_linear,4.4116959,4.088436913085618
lodging,svr_linear,1.892882879,2.4777270808043377
lodging,svr_linear,3.757816039,5.3782638820526145
lodging,svr_linear,2.742599792,4.28840395420817
lodging,svr_linear,5.171269919,3.814278804070633
lodging,svr_linear,5.823737514,5.248709794572608
lodging,svr_linear,6.167182902,4.638344348233101
lodging,svr_linear,1.9551186,2.0487247366745365
lodging,svr_linear,6.169369642,5.425658098252705
lodging,svr_linear,6.50915752,5.90445139063308
lodging,svr_linear,5.956223423,5.958087043268382
lodging,svr_linear,5.197338785,4.911056102920627
lodging,svr_linear,3.165873735,3.150800301884318
lodging,svr_linear,5.360932478,5.475634908560754
lodging,svr_linear,4.880555925,3.4983151995603863
lodging,svr_linear,5.382606735,3.485458446710937
lodging,svr_linear,5.693121072,3.994667873186092
lodging,svr_linear,3.854758677,4.304281893988592
lodging,svr_linear,5.185357021,4.0802032890346975
lodging,svr_linear,4.614984133,4.89763966481301
lodging,svr_linear,5.30333718,4.7402651076551585
lodging,svr_linear,5.526014976,5.664152426550215
lodging,svr_linear,5.33831448,6.024852208050879
lodging,svr_linear,5.486231915,4.326614310656442
lodging,svr_linear,2.846304125,4.0324828456917325
lodging,svr_linear,5.790824839,4.437837809950864
lodging,svr_linear,6.552538765,5.180768135190193
lodging,svr_linear,5.668091246,5.646694067635854
lodging,svr_linear,5.086837394,3.315527304187797
lodging,svr_linear,4.054663338,4.005417118143681
lodging,svr_linear,3.809711512,3.3218928146353215
lodging,svr_linear,4.451206295,3.3704561897417578
lodging,svr_linear,4.890316246,3.993789330683001
lodging,svr_linear,5.83940246,4.74330955293221
lodging,svr_linear,4.57481975,5.043592964665162
lodging,svr_linear,4.707641308,5.9412470405635895
lodging,svr_linear,5.915845941,4.324505428833717
lodging,svr_linear,5.317733602,4.790177634763497
lodging,svr_linear,3.007658952,2.600762624991111
lodging,svr_linear,5.480262428,4.382591438890053
lodging,svr_linear,3.878657473,5.238599317632205
lodging,svr_linear,4.215039594,2.652716026691663
lodging,svr_linear,4.272317156,2.2786375466543145
lodging,svr_linear,4.597023333,4.066223333319867
lodging,svr_linear,2.495991323,2.405914295334604
lodging,svr_linear,6.606384456,4.337777930486923
lodging,svr_linear,3.117780187,3.6813777892623234
lodging,svr_linear,6.725461894,5.673056077473614
lodging,svr_linear,2.838225815,3.074496303529371
lodging,svr_linear,2.339632572,3.4813190990565865
lodging,svr_linear,4.777638937,4.186797842257163
lodging,svr_linear,4.556355841,5.098736904764433
lodging,svr_linear,5.945419876,4.53225260286329
lodging,svr_linear,4.050493657,3.5811632674759286
lodging,svr_linear,5.302868522,3.725721792162041
lodging,svr_linear,2.729445786,3.34324421323644
lodging,svr_linear,3.232630847,3.491478369233941
lodging,svr_linear,3.549975133,4.827317839685596
lodging,svr_linear,2.455953587,3.2412683050155455
lodging,svr_linear,3.972741721,5.0511962823745655
lodging,svr_linear,2.477956886,3.1840811246344902
lodging,svr_linear,4.650354068,4.565055904055557
lodging,svr_linear,3.348766365,4.915959042458753
lodging,svr_linear,6.292982436,4.668868429464096
lodging,svr_linear,4.243202869,4.441117098166913
lodging,svr_linear,2.60421781,3.908176091429772
lodging,svr_linear,5.071410865,3.3061911259025822
lodging,svr_linear,2.352486133,4.00980442730956
lodging,svr_linear,3.216436666,3.545409723813844
lodging,svr_linear,4.899199554,3.789141654002079
lodging,svr_linear,4.658669506,3.673728440693904
lodging,svr_linear,3.590791647,3.646184560223376
lodging,svr_linear,3.534490455,4.187221114029465
lodging,svr_linear,3.895758578,4.726366047887879
lodging,svr_linear,6.264105977,5.037423882113444
lodging,svr_linear,4.898612672,4.936325252397879
lodging,svr_linear,4.832225047,4.881849501191062
lodging,svr_linear,3.103622643,4.499975821168763
lodging,svr_linear,5.850636111,4.87990142403092
lodging,svr_linear,3.006257964,4.361348553563605
lodging,svr_linear,4.260302407,4.980811369971221
lodging,svr_linear,5.526556033,4.977950016557663
lodging,svr_linear,3.194702075,3.500874684863924
lodging,svr_linear,5.683728864,4.607085484744715
lodging,svr_linear,4.633772031,5.460614145418042
lodging,svr_linear,4.245684852,4.135654563626293
lodging,svr_linear,5.475448767,5.139591520040854
lodging,svr_linear,4.37683697,4.210222080596252
lodging,svr_linear,2.696504545,3.497906199453289
lodging,svr_linear,4.02266556,4.82934133270062
lodging,svr_linear,5.111301742,5.096762350019874
lodging,svr_linear,5.539852746,4.578698798974659
lodging,svr_linear,6.872117552,5.471050996409292
lodging,svr_linear,4.183703762,4.059016040683435
lodging,svr_linear,5.181903053,4.957699251319774
lodging,svr_linear,3.775652065,4.192219306691043
lodging,svr_linear,5.821299645,3.6970748554578514
lodging,svr_linear,4.327894254,3.9783416462665686
lodging,svr_linear,3.582551394,3.614861265042896
lodging,svr_linear,4.351011006,5.004685661908969
lodging,svr_linear,4.872841609,4.8740823213797935
lodging,svr_linear,3.978956337,3.33679340284453
lodging,svr_linear,3.620595705,3.544651036492875
lodging,svr_linear,4.329065778,3.7378440669356845
lodging,svr_linear,4.806399323,3.9955854077728095
lodging,svr_linear,4.707846935,4.373447282737849
lodging,svr_linear,3.498895966,3.557777623998626
lodging,svr_linear,5.523333581,4.566237172360871
lodging,svr_linear,4.719864731,4.071419785208603
lodging,svr_linear,5.361344724,3.9594878410641483
lodging,svr_linear,5.562203652,5.465397274321944
lodging,svr_linear,4.915984247,3.458372700591522
lodging,svr_linear,5.253851879,4.767720565294367
lodging,svr_linear,5.059527271,2.977440100559436
lodging,svr_linear,5.135112082,5.0661104206177825
lodging,svr_linear,5.512279283,4.690205897505813
lodging,svr_linear,2.521316042,3.496749567578358
lodging,svr_linear,5.124428232,4.768453474180667
lodging,svr_linear,3.749274042,3.478160573828224
lodging,svr_linear,3.658866437,3.09053317499651
lodging,svr_linear,3.919528269,3.7828757361676892
lodging,svr_linear,3.926984468,5.4788350710447284
lodging,svr_linear,4.397955464,5.408866061036323
lodging,svr_linear,1.652942521,2.1554751425630485
lodging,svr_linear,4.969980074,3.966794765739778
lodging,svr_linear,4.649858969,4.7312012365921365
lodging,svr_linear,3.790861055,4.397477874116814
lodging,svr_linear,4.594024351,4.621088453889899
lodging,svr_linear,4.990780311,4.6093165106103635
lodging,svr_linear,4.620565627,5.527562617890347
lodging,svr_linear,4.652114054,4.383985673176752
lodging,svr_linear,4.321070989,2.8706277173479027
lodging,svr_linear,4.162164063,3.4777374184283705
lodging,svr_linear,4.702770328,4.185347623362512
lodging,svr_linear,6.234887724,5.403156655805892
lodging,svr_linear,4.538992816,4.420959106744509
lodging,svr_linear,5.463588289,3.8137577337285435
lodging,svr_linear,4.69526536,4.228827491226617
lodging,svr_linear,3.297521063,3.5069150418012915
lodging,svr_linear,2.929538509,2.5292947216658463
lodging,svr_linear,4.656969351,4.0323252916653285
lodging,svr_linear,5.020231095,5.549230680045232
lodging,svr_linear,5.114981399,3.222814272545936
lodging,svr_linear,5.650842925,5.363023741647645
lodging,svr_linear,3.061165849,3.1374596409711457
lodging,svr_linear,3.816660847,3.791925852377254
lodging,svr_linear,1.76315568,2.2312017654872243
lodging,svr_linear,4.461376421,2.6293734603460925
lodging,svr_linear,3.897087598,4.3856636018053585
lodging,svr_linear,4.227437727,3.460238738560301
lodging,svr_linear,3.739869741,4.697100902386882
lodging,svr_linear,3.05781295,2.396886047669171
lodging,svr_linear,2.123951455,2.3018624046169704
lodging,svr_linear,4.668373287,4.439610664141746
lodging,svr_linear,4.856869571,6.402601731416355
lodging,svr_linear,2.846266292,2.571112571048166
lodging,svr_linear,4.712003608,4.436800589646792
lodging,svr_linear,3.362131662,3.3071639742596792
lodging,svr_linear,7.622874823,5.303844868146179
lodging,svr_linear,4.497894012,4.8472666595142675
lodging,svr_linear,4.399029059,5.666229424170053
lodging,svr_linear,4.357475075,4.524261293354821
lodging,svr_linear,4.084908202,3.9255696325777545
lodging,svr_linear,2.931079574,3.348270361533449
lodging,svr_linear,5.118345116,5.9342252000515305
lodging,svr_linear,5.227534284,4.083249230865182
lodging,svr_linear,4.760308786,4.840640851585775
lodging,svr_linear,4.961383238,3.777773792164764
lodging,svr_linear,2.987004774,3.141928007297102
lodging,svr_linear,3.94705695,3.762373811634189
lodging,svr_linear,4.084518834,5.548750739438596
lodging,svr_linear,3.385490985,3.8509078599767985
lodging,svr_linear,3.332437308,3.4361299315236047
lodging,svr_linear,4.092816532,6.053829132318409
lodging,svr_linear,5.750686866,5.271776361868556
lodging,svr_linear,4.046082841,2.8929165116457423
lodging,svr_linear,3.911884515,4.7362174233124765
lodging,svr_linear,3.032681467,3.430072179833383
lodging,svr_linear,1.842241512,2.347724712602348
lodging,svr_linear,1.521855278,2.2602917296191816
lodging,svr_linear,1.852497718,2.6956464722601177
lodging,svr_linear,1.991830975,2.442183871829154
lodging,svr_linear,3.25416796,4.6116202646602815
lodging,svr_linear,5.861620171,5.100613248560782
lodging,svr_linear,3.973206476,4.537723526041189
lodging,svr_linear,3.855542112,4.854528695761868
lodging,svr_linear,4.415043957,4.3737102499583935
lodging,svr_linear,4.788720722,4.498089192710561
lodging,svr_linear,5.27621314,3.3552501096890666
lodging,svr_linear,3.12442764,3.3738975945709875
lodging,svr_linear,4.916196659,4.4614245938654244
lodging,svr_linear,4.174916025,3.580539176188776
lodging,svr_linear,3.018373684,2.5493766871534183
lodging,svr_linear,3.654144662,2.7291902696677073
lodging,svr_linear,4.788902379,3.773852725802424
lodging,svr_linear,5.345048071,4.427643043813318
lodging,svr_linear,3.797265608,3.7575986601352516
lodging,svr_linear,4.226098546,3.6183433520458905
lodging,svr_linear,4.726022542,5.318748416868414
lodging,svr_linear,4.347589164,4.343368486836626
lodging,svr_linear,4.388137225,4.658006587006318
lodging,svr_linear,5.520380141,4.562678963146446
lodging,svr_linear,5.151347886,2.7407499655295653
lodging,svr_linear,6.547075227,5.304241900292273
lodging,svr_linear,2.006057878,4.082367289575172
lodging,svr_linear,4.467419511,4.815874026573337
lodging,svr_linear,2.109106784,3.4251670567612957
lodging,svr_linear,4.432711994,4.833550624312943
lodging,svr_linear,5.334823806,3.2000440388288887
lodging,svr_linear,4.351484117,3.399439968908414
lodging,svr_linear,2.8356063,3.6951400912490997
lodging,svr_linear,4.656178745,4.137939796153821
lodging,svr_linear,2.226618446,4.021756230900229
lodging,svr_linear,5.115806316,5.228079722937052
lodging,svr_linear,4.717028951,3.6650481859999524
lodging,svr_linear,5.230518033,5.419035855427055
lodging,svr_linear,4.4583204,3.8098355648877336
lodging,svr_linear,3.184280556,4.090737553882903
lodging,svr_linear,4.02314869,3.5039302989520404
lodging,svr_linear,5.469011821,3.573016159917634
lodging,svr_linear,4.292328015,4.712858927258271
lodging,svr_linear,4.941436323,5.810897340431594
lodging,svr_linear,4.656513771,3.3172733047395986
lodging,svr_linear,5.129638566,5.684094744675598
lodging,svr_linear,4.364490175,5.849817388910488
lodging,svr_linear,6.398037925,5.804052170443931
lodging,svr_linear,5.898260402,5.465580161619611
lodging,svr_linear,6.445446333,5.773412953701824
lodging,svr_linear,4.485682849,3.98548846772533
lodging,svr_linear,4.104672636,2.848749861721688
lodging,svr_linear,4.343036868,3.321807387568594
lodging,svr_linear,4.721548166,2.919047924519284
lodging,svr_linear,2.721797518,3.2659627937303943
lodging,svr_linear,3.927073481,3.7219576635837024
lodging,svr_linear,3.897246117,3.8426247586779887
lodging,svr_linear,1.959922517,3.446748678289944
lodging,svr_linear,1.345335356,2.021800156135695
lodging,svr_linear,2.483123379,3.286146181572004
lodging,svr_linear,3.535152614,3.680210472261254
lodging,svr_linear,3.905811507,3.5388159390251874
lodging,svr_linear,4.792873996,5.055053163620098
lodging,svr_linear,5.422952208,5.3503048453676705
lodging,svr_linear,5.858145806,5.2457327802032925
lodging,svr_linear,2.714066514,3.397595893812519
lodging,svr_linear,3.557785783,3.9010737184387407
lodging,svr_linear,4.239419192,5.120589638054409
lodging,svr_linear,4.879896412,4.015207758997674
lodging,svr_linear,2.199258873,2.6922973460967716
lodging,svr_linear,4.310518118,3.7687604651021305
lodging,svr_linear,3.458677396,3.6448983073686927
lodging,svr_linear,5.126184026,4.713141329774741
lodging,svr_linear,3.157951198,3.982296798384553
lodging,svr_linear,2.495654859,4.245991677462742
lodging,svr_linear,3.17187251,2.5703336141410373
lodging,svr_linear,4.231189011,3.4566639856801173
lodging,svr_linear,2.839871118,3.0844536713111443
lodging,svr_linear,6.114884823,5.473694105778684
lodging,svr_linear,4.519585972,4.607254592600229
lodging,svr_linear,2.836531508,4.5365640835665655
lodging,svr_linear,4.280409351,4.422415486321633
lodging,svr_linear,3.302575963,4.584995575036114
lodging,svr_linear,2.762068049,3.366065760499639
lodging,svr_linear,4.277552963,4.296904262908874
lodging,svr_linear,4.740483969,5.1499146279401105
lodging,svr_linear,4.78344071,4.329339135978003
lodging,svr_linear,3.3086576,3.3078562477112117
lodging,svr_linear,4.420136557,4.119839281281243
lodging,svr_linear,4.228182347,3.390225784327586
lodging,svr_linear,3.622257198,4.773834190312031
lodging,svr_linear,3.800183974,4.836993310989674
lodging,svr_linear,3.077478694,2.5504754056674854
lodging,svr_linear,3.80419515,3.802477851958334
lodging,svr_linear,4.554386761,3.472990475982164
lodging,svr_linear,2.944961573,2.5547908856850734
lodging,svr_linear,2.766499021,3.817502717819097
lodging,svr_linear,4.423300721,3.18900719355211
lodging,svr_linear,4.616495526,3.732582302488024
lodging,svr_linear,5.078188354,3.911226797378622
lodging,svr_linear,4.921836463,3.345627624525201
lodging,svr_linear,6.354450241,4.531083495931213
lodging,svr_linear,4.164241775,3.797517517087378
lodging,svr_linear,4.622479531,3.8250216768010734
lodging,svr_linear,4.32803416,4.652194306640979
lodging,svr_linear,4.888426596,5.345420281011216
lodging,svr_linear,5.130013638,6.446288308808885
lodging,svr_linear,4.912231624,4.3665106328570715
lodging,svr_linear,5.313829485,3.905519745967763
lodging,svr_linear,2.910019696,5.653902818479306
lodging,svr_linear,5.949283225,7.0660579886153005
lodging,svr_linear,6.213324731,5.142731130332191
lodging,svr_linear,3.582525186,4.076687684028268
lodging,svr_linear,5.718219152,6.076025401401207
lodging,svr_linear,4.784482872,4.953478881648539
lodging,svr_linear,3.20561382,3.4106328822784295
lodging,svr_linear,2.157534855,2.9216315062832585
lodging,svr_linear,4.569913543,3.4961089543023873
lodging,svr_linear,6.429281313,6.460817980494419
lodging,svr_linear,2.272441004,2.9132646667738946
lodging,svr_linear,1.684594722,2.586892657535275
lodging,svr_linear,5.351767574,4.556942606475425
lodging,svr_linear,3.461243287,3.756298860844271
lodging,svr_linear,5.951598285,6.870072063836405
lodging,svr_linear,4.775419338,4.957594730838867
lodging,svr_linear,5.594345263,4.553347761051563
lodging,svr_linear,4.647939538,4.833315564448424
lodging,svr_linear,4.384931256,4.721506067765553
lodging,svr_linear,5.867212696,5.068894820385427
lodging,svr_linear,6.433244562,5.003150174253516
lodging,svr_linear,2.975325383,4.326347629921633
lodging,svr_linear,5.535560789,5.491919375455553
lodging,svr_linear,5.374501518,4.755885431214568
lodging,svr_linear,3.412517888,3.551947984309405
lodging,svr_linear,5.007931087,5.441528358735947
lodging,svr_linear,2.824084032,2.838932271169374
lodging,svr_linear,5.461442303,5.2051310439063725
lodging,svr_linear,2.221533451,3.2999091769034417
lodging,svr_linear,5.339080212,3.5626447180344147
lodging,svr_linear,3.00941801,3.6487709283815657
lodging,svr_linear,4.050293724,3.627629918534463
lodging,svr_linear,4.828747404,3.8262765517822372
lodging,svr_linear,3.471794706,5.017981523188489
lodging,svr_linear,4.276882324,5.3982158327376775
lodging,svr_linear,5.712272697,4.665396821887496
lodging,svr_linear,2.75195233,3.2653318337752264
lodging,svr_linear,4.425545405,4.382030139717681
lodging,svr_linear,5.035453277,5.200953651972322
lodging,svr_linear,5.833932351,5.689471056387239
lodging,svr_linear,5.796110096,5.5284171514139615
lodging,svr_linear,4.947919417,4.192132418844783
lodging,svr_linear,5.107548571,4.290558103314179
lodging,svr_linear,3.61060408,3.6120474425029316
lodging,svr_linear,3.019364291,2.5910474657280007
lodging,svr_linear,6.251530686,4.58787991876671
lodging,svr_linear,4.414177121,3.816231504144358
lodging,svr_linear,4.220568237,5.3477014071627575
lodging,svr_linear,4.262197652,4.078806121635676
lodging,svr_linear,2.256176744,2.2950643496936394
lodging,svr_linear,5.504238808,4.176926785506724
lodging,svr_linear,5.349120378,4.764159976157699
lodging,svr_linear,1.948802947,3.24598493792725
lodging,svr_linear,5.045576705,4.6218836289404095
lodging,svr_linear,4.45909478,4.991531863967982
lodging,svr_linear,3.115109204,4.692751992735437
lodging,svr_linear,3.2519328535,4.569482654672966
lodging,svr_linear,4.586131284,4.704595299220658
lodging,svr_linear,7.573818309,5.392794930092579
lodging,svr_linear,4.784326574,5.139195005530633
lodging,svr_linear,5.317745894,4.502604645404411
lodging,svr_linear,4.944483525,4.398922788130324
lodging,svr_linear,4.416832099,5.161684359773811
lodging,svr_linear,4.566377849,4.533193887378796
lodging,svr_linear,6.13393837,4.660514632502045
lodging,svr_linear,4.161002275,4.57682072909166
lodging,svr_linear,4.077029973,4.768844629354749
lodging,svr_linear,2.911577251,4.880435470832639
lodging,svr_linear,5.047151684,4.786298091671205
lodging,svr_linear,4.786826873,4.711555972826519
lodging,svr_linear,6.139518626,5.382745189570462
lodging,svr_linear,4.919173356,5.505743358051124
lodging,svr_linear,4.476460842,4.503978863764138
lodging,svr_linear,1.812338882,2.749028853560514
lodging,svr_linear,1.602527523,2.91956043463206
lodging,svr_linear,6.467910165,5.45553636199776
lodging,svr_linear,3.796933208,3.3323534266678223
lodging,svr_linear,2.847636652,3.0145086167553674
lodging,svr_linear,2.801179323,3.955389008678277
lodging,svr_linear,4.503331147,4.033706870900087
lodging,svr_linear,4.697404464,3.0566280840562428
lodging,svr_linear,3.452804531,3.247882002577475
lodging,svr_linear,4.473978076,3.4462552769693064
lodging,svr_linear,5.179140491,3.4571002020860813
lodging,svr_linear,4.023612906,3.679693030333372
lodging,svr_linear,3.431845789,3.057386110675595
lodging,svr_linear,5.740444128,5.767620568923325
lodging,svr_linear,6.868828198,5.405580945706707
lodging,svr_linear,5.104171755,4.785021135191382
lodging,svr_linear,4.76863407,5.757392411805496
lodging,svr_linear,6.751134334,5.554704825632427
lodging,svr_linear,5.439629806,5.7713417699206495
lodging,svr_linear,4.672937649,4.562219959880893
lodging,svr_linear,6.787596732,5.936396589480687
lodging,svr_linear,5.475898943,5.086895001761301
lodging,svr_linear,7.265955874,5.4472649379930935
lodging,svr_linear,4.872031548,4.501528964335058
lodging,svr_linear,3.382035541,3.988752731882627
lodging,svr_linear,4.525669767,4.351758715105645
lodging,svr_linear,4.623861384,4.961828422201689
lodging,svr_linear,6.223058511,5.7069670370006715
lodging,svr_linear,4.37548774,4.946434459854498
lodging,svr_linear,4.499155652,5.3882962038857105
lodging,svr_linear,6.104600126,5.527314161542362
lodging,svr_linear,5.053382437,5.0521156853875
lodging,svr_linear,3.63390081,5.143365881425605
lodging,svr_linear,6.115412217,5.497455979072484
lodging,svr_linear,6.058013171,5.230993788440934
lodging,svr_linear,6.000484175,5.923104913896431
lodging,svr_linear,6.014842728,5.244154547923344
lodging,svr_linear,5.01647163,4.725357365099928
lodging,svr_linear,3.953235103,3.775182162018534
lodging,svr_linear,4.179331082,3.774693010867509
lodging,svr_linear,4.392127321,5.5641212638296835
lodging,svr_linear,6.763826753,5.527116509963913
lodging,svr_linear,6.779607827,5.896081997825178
lodging,svr_linear,6.703613377,5.642984073845499
lodging,svr_linear,5.396830176,5.385293928715853
lodging,svr_linear,5.868403779,4.694008625991618
lodging,svr_linear,5.421888563,4.5055869927184355
lodging,svr_linear,3.411879072,5.682136019980186
lodging,svr_linear,5.160703488,5.193323533311716
lodging,svr_linear,4.366121199,4.616860052312786
lodging,svr_linear,3.544802343,5.011574220487322
lodging,svr_linear,5.557012284,5.126540611304578
lodging,svr_linear,1.680536011,2.2169173057255365
lodging,svr_linear,1.778381997,2.455435576968597
lodging,svr_linear,5.68494121,5.364948579605896
lodging,svr_linear,3.856466636,4.8473511979253825
lodging,svr_linear,3.117689596,5.608701279771094
lodging,svr_linear,5.119732307,4.688871127784468
lodging,svr_linear,3.862444722,3.5023610863222445
lodging,svr_linear,3.301610727,3.297737233115077
lodging,svr_linear,3.299030754,3.974494765725346
lodging,svr_linear,4.638951363,4.400546730440297
lodging,svr_linear,4.015279224,2.362106451837894
lodging,svr_linear,4.576371766,4.645016845646034
lodging,svr_linear,4.371463961,3.934649111199961
lodging,svr_linear,3.347167778,2.348288427453655
lodging,svr_linear,3.853084511,4.874145900509937
lodging,svr_linear,1.337708735,2.0903292429667184
lodging,svr_linear,4.092336223,4.816557895366465
lodging,svr_linear,4.584704065,4.912602225327261
lodging,svr_linear,4.641198522,4.496509674228147
lodging,svr_linear,4.043323334,3.7364353341809906
lodging,svr_linear,4.364560795,3.471830705680648
lodging,svr_linear,0.893707226,2.9657505982204078
lodging,svr_linear,3.875339844,3.6201612817135276
lodging,svr_linear,3.396556025,3.514423888522188
lodging,svr_linear,4.28998733,3.314215570467994
lodging,svr_linear,3.860008033,3.1087288931982378
lodging,svr_linear,7.067088669,5.007585211547795
lodging,svr_linear,4.740083449,4.405409860885127
lodging,svr_linear,4.834950951,4.554570516357197
lodging,svr_linear,1.218162723,3.0281807091874655
lodging,svr_linear,1.248560567,2.15500458720369
lodging,svr_linear,4.320385706,5.396547144235306
lodging,svr_linear,3.989236797,4.658504503365927
lodging,svr_linear,1.964620369,3.1420686956453356
lodging,svr_linear,3.764629335,3.362645528418864
lodging,svr_linear,4.772437166,5.430164542887235
lodging,svr_linear,4.55920976,5.354430182063796
lodging,svr_linear,4.829363796,5.130949845323848
lodging,svr_linear,5.22506268,5.324456028177215
lodging,svr_linear,5.505694965,5.531785550887504
lodging,svr_linear,4.327852354,3.589631277814442
lodging,svr_linear,5.197882276,5.415966860571414
lodging,svr_linear,1.632720397,2.087331367262688
lodging,svr_linear,1.54784709,2.2613156869932496
lodging,svr_linear,5.004945045,4.199355541283707
lodging,svr_linear,5.146490773,5.1686748900459225
lodging,svr_linear,2.508978419,2.9455609405553833
lodging,svr_linear,3.584736855,4.3935461058175775
lodging,svr_linear,2.064772446,2.7520343969473955
lodging,svr_linear,3.919152409,4.54968342123154
lodging,svr_linear,4.657951759,5.4088335545895
lodging,svr_linear,5.649148764,4.940851288253782
lodging,svr_linear,3.841546978,4.045487715579813
lodging,svr_linear,5.385630271,6.273942350156242
lodging,svr_linear,5.039232182,5.166288285210926
lodging,svr_linear,3.760815206,4.731043352838871
lodging,svr_linear,5.346277948,4.647022120421939
lodging,svr_linear,4.266503751,4.79146823421759
lodging,svr_linear,6.566555523,5.835341309040082
lodging,svr_linear,4.531366111,4.599490845744744
lodging,svr_linear,3.914885439,3.876489124783555
lodging,svr_linear,5.150057616,6.085866316095771
lodging,svr_linear,1.801756288,2.1866703927010587
lodging,svr_linear,2.432197243,2.6848943768597877
lodging,svr_linear,1.99320788,2.65232083872946
lodging,svr_linear,6.504567262,5.866797868836204
lodging,svr_linear,2.301614905,2.9023610086376284
lodging,svr_linear,5.071310959,4.018587436237016
lodging,svr_linear,1.969593308,2.11916568624447
lodging,svr_linear,5.476465658,3.53807445906709
lodging,svr_linear,4.099072818,4.584055415471873
lodging,svr_linear,3.89988251,5.002295464757351
lodging,svr_linear,1.741193104,2.7252888469239887
lodging,svr_linear,2.559948281,2.4699104924678332
lodging,svr_linear,4.479070022,4.627287375017366
lodging,svr_linear,1.101869328,2.302701855492126
lodging,svr_linear,1.809142825,2.630311033636899
lodging,svr_linear,2.325586512,2.7249658019337755
lodging,svr_linear,6.022132232,5.543549402074922
lodging,svr_linear,2.403801113,2.255632986040549
lodging,svr_linear,5.19670088,5.2098864810484615
lodging,svr_linear,3.304496575,4.373873944773264
lodging,svr_linear,3.882299353,4.376807908230942
lodging,svr_linear,4.321430004,4.633781469508005
lodging,svr_linear,5.117319238,4.686965373496882
lodging,svr_linear,4.199238013,4.345792439793202
lodging,svr_linear,3.94259445,4.817462273614036
lodging,svr_linear,6.144647904,4.858685163335391
lodging,svr_linear,4.65571242,4.220268067436328
lodging,svr_linear,3.019690362,2.640950204951472
lodging,svr_linear,4.672617719,5.000200391506814
lodging,svr_linear,4.74200161,4.935447809006869
lodging,svr_linear,4.906033452,5.960773846291581
lodging,svr_linear,3.707176796,4.836763108931819
lodging,svr_linear,4.104879749,4.727236236798948
lodging,svr_linear,5.307473856,4.475462512384244
lodging,svr_linear,4.838346722,4.2048528070290505
lodging,svr_linear,6.991458199,4.536209518766953
lodging,svr_linear,4.463347296,4.72486457794297
lodging,svr_linear,4.298862098,4.7090068813815495
lodging,svr_linear,6.975004619,5.002222848118583
lodging,svr_linear,5.241783201,4.9655094121879655
lodging,svr_linear,4.88884554,4.04118478551523
lodging,svr_linear,5.622153822,5.180903445021675
lodging,svr_linear,6.112798407,5.331042830531819
lodging,svr_linear,5.784897284,4.890453103180303
lodging,svr_linear,3.625195196,3.2967862024514747
lodging,svr_linear,2.394888765,3.7054982932789335
lodging,svr_linear,3.660392061,3.311806875855665
lodging,svr_linear,3.853187623,3.8675615335367564
lodging,svr_linear,4.167079841,4.442480084818479
lodging,svr_linear,1.844759632,3.7568930197451307
lodging,svr_linear,3.641194674,3.905414361860507
lodging,svr_linear,2.896456547,3.5206984762737816
lodging,svr_linear,4.053443693,3.750131638181035
lodging,svr_linear,5.453390512,3.5656668847845174
lodging,svr_linear,3.839919072,3.3185737791763716
lodging,svr_linear,5.075445612,3.853158369710687
lodging,svr_linear,3.063298141,3.358360014107347
lodging,svr_linear,4.939951446,4.390460483994349
lodging,svr_linear,1.892332919,3.3752500474334313
lodging,svr_linear,3.493881131,3.5011097009165972
lodging,svr_linear,5.191209619,3.793976984600429
lodging,svr_linear,4.379345952,3.819512602591921
lodging,svr_linear,3.971284143,3.4820695233105714
lodging,svr_linear,4.296070344,4.989436922398038
lodging,svr_linear,2.213588334,2.141862381155367
lodging,svr_linear,1.477866342,2.534649063236123
lodging,svr_linear,3.291478704,4.940544442225329
lodging,svr_linear,4.098301531,4.915068834472542
lodging,svr_linear,2.593418654,4.732817764582951
lodging,svr_linear,3.840692807,3.7083269385184945
lodging,svr_linear,2.559092228,4.865129688389298
lodging,svr_linear,2.228494701,3.7255079150300654
lodging,svr_linear,6.122793352,5.261632651350027
lodging,svr_linear,3.897611651,4.822816344827671
lodging,svr_linear,4.089283519,3.6438779739540363
lodging,svr_linear,3.935390208,4.839795387085205
lodging,svr_linear,5.471261277,4.647077411693331
lodging,svr_linear,4.773921412,4.931109243475655
lodging,svr_linear,4.448736192,5.2557588958981825
lodging,svr_linear,4.480610067,3.530046358744299
lodging,svr_linear,4.678029094,4.067810945880494
lodging,svr_linear,4.478901922,3.696399921186182
lodging,svr_linear,2.979226226,2.9327809984068924
lodging,svr_linear,3.145577394,3.5468314849933824
lodging,svr_linear,3.287340025,2.8392888761017137
lodging,svr_linear,2.896896744,3.6302889050813856
lodging,svr_linear,4.654163806,4.231352335492457
lodging,svr_linear,2.13623792,4.288758313279897
lodging,svr_linear,2.522362427,2.8398179459127513
lodging,svr_linear,4.550783543,3.8636613918669633
lodging,svr_linear,3.508206028,3.826191364496475
lodging,svr_linear,2.440079575,2.3083433786843885
lodging,svr_linear,2.770383488,2.9307051206315213
lodging,svr_linear,6.145358316,4.279282742915853
lodging,svr_linear,5.021682448,4.107390108717576
lodging,svr_linear,5.658259837,4.37592667275493
lodging,svr_linear,5.185553415,6.100834645019198
lodging,svr_linear,3.851277592,3.8159840357506556
lodging,svr_linear,3.425438489,3.9909383772501488
lodging,svr_linear,4.301141772,3.8393145633206944
lodging,svr_linear,5.2022527,3.629201265272693
lodging,svr_linear,4.491685657,3.7254760092682746
lodging,svr_linear,4.978795668,4.425692808092813
lodging,svr_linear,3.655321858,3.5314489649838534
lodging,svr_linear,4.201783085,3.39629375474672
lodging,svr_linear,5.01590734,3.5375024537941684
lodging,svr_linear,4.085441218,3.9570101467854215
lodging,svr_linear,3.335592615,3.6374024174778934
lodging,svr_linear,4.677931074,3.99579234140909
lodging,svr_linear,4.005514319,3.8083420072783563
lodging,svr_linear,4.069880307,3.590213286288916
lodging,svr_linear,1.93872088,3.304461249296825
lodging,svr_linear,3.063977908,3.079254710062621
lodging,svr_linear,6.184711275,5.124361742051545
lodging,svr_linear,5.238867392,6.073795189799414
lodging,svr_linear,2.939160487,3.623109130916135
lodging,svr_linear,1.975639885,2.471480720319823
lodging,svr_linear,4.465176718,3.1141318982767396
lodging,svr_linear,1.649528363,2.467916908534363
lodging,svr_linear,6.533970428,4.987935238835213
lodging,svr_linear,1.626141594,3.1618624102009965
lodging,svr_linear,3.23236706,3.733997163938976
lodging,svr_linear,3.635696551,4.21111369060495
lodging,svr_linear,7.046709444,5.6340548731076545
lodging,svr_linear,3.2595745,4.054730024635371
lodging,svr_linear,5.275306215,4.695014395647639
lodging,svr_linear,4.770455151,5.847605978323144
lodging,svr_linear,3.101062896,3.0251625511000344
lodging,svr_linear,5.448852153,3.392236454142122
lodging,svr_linear,2.268932395,3.402472996384527
lodging,svr_linear,3.292886999,3.650696325474338
lodging,svr_linear,2.589895923,2.9487019856290906
lodging,svr_linear,3.220548623,3.942218524028968
lodging,svr_linear,3.693989962,4.417175006331342
lodging,svr_linear,4.823767638,3.1177066028068334
lodging,svr_linear,7.120885983,4.809743062759083
lodging,svr_linear,2.21593201,3.0500060881055324
lodging,svr_linear,4.15241155,3.7710161441122603
lodging,svr_linear,2.228217887,2.9811469391259315
lodging,svr_linear,2.517946235,3.557681268231547
lodging,svr_linear,3.353558237,3.7783695303567026
lodging,svr_linear,4.067579367,3.935162649966005
lodging,svr_linear,2.555535004,2.671020205454264
lodging,svr_linear,4.043781643,2.8764750150648952
lodging,svr_linear,2.841172485,3.5480743690233325
lodging,svr_linear,1.714144661,3.0107758423928868
lodging,svr_linear,2.776561476,2.0306364971195285
lodging,svr_linear,2.082461683,2.555494868557708
lodging,svr_linear,2.166396948,2.4972179389882445
lodging,svr_linear,1.951992416,2.4296055098373976
lodging,svr_linear,5.113659853,4.211433076514389
lodging,svr_linear,2.338540393,4.250872058332832
lodging,svr_linear,4.094321262,3.524312453686998
lodging,svr_linear,5.065734276,3.929534046681932
lodging,svr_linear,3.970811604,4.416635495621591
lodging,svr_linear,2.764819695,4.06613610532211
lodging,svr_linear,3.25990035,3.766096393809582
lodging,svr_linear,2.10433678,3.942999811623811
lodging,svr_linear,3.934116573,4.185676352751651
lodging,svr_linear,3.592001336,4.105600905204732
lodging,svr_linear,2.937346268,3.798540404557144
lodging,svr_linear,4.100097883,5.204802295730556
lodging,svr_linear,3.179139799,3.6936237804695864
lodging,svr_linear,4.922221525,3.8772577610784187
lodging,svr_linear,4.752816507,3.3763821681831203
lodging,svr_linear,1.699062358,2.6015968921201242
lodging,svr_linear,3.710430428,3.6101919890979923
lodging,svr_linear,5.206733713,4.3154808246465
lodging,svr_linear,4.740848426,4.479269907869096
lodging,svr_linear,4.575616763,4.579243491254929
lodging,svr_linear,4.658890847,3.5900390002003744
lodging,svr_linear,3.370972835,3.4733618194951887
lodging,svr_linear,1.655833443,4.125138628989802
lodging,svr_linear,4.071623016,3.502240726343479
lodging,svr_linear,2.850522506,2.565820888515341
lodging,svr_linear,4.904154521,3.648061809482601
lodging,svr_linear,5.128696682,4.267567023813244
lodging,svr_linear,2.714575671,3.370941103262175
lodging,svr_linear,6.619358192,6.0005048529302165
lodging,svr_linear,6.682052132,5.37837998949441
lodging,svr_linear,3.424358949,3.539152052404204
lodging,svr_linear,5.435596619,0.4506540283716145
lodging,svr_linear,4.649489391,4.671366000209649
lodging,svr_linear,3.78364287,4.266593717452883
lodging,svr_linear,2.886957236,3.524114592908306
lodging,svr_linear,3.013890058,3.7584187765114856
lodging,svr_linear,3.998086448,2.9367594680912306
lodging,svr_linear,3.281364759,4.359229785930823
lodging,svr_linear,5.290636593,3.248245246588625
lodging,svr_linear,4.340169102,3.918769260795053
lodging,svr_linear,3.733036173,4.370508832876051
lodging,svr_linear,5.34012693,4.426314680653861
lodging,svr_linear,4.838967055,3.2976203300670583
lodging,svr_linear,4.433693233,4.04930676798466
lodging,svr_linear,2.50922651,2.811371414528468
lodging,svr_linear,2.95930357,2.443973350651502
lodging,svr_linear,4.029511883,3.36369814665503
lodging,svr_linear,2.908271205,4.169319139171539
lodging,svr_linear,5.270220734,3.704441299145144
lodging,svr_linear,3.674294241,3.641746676112325
lodging,svr_linear,2.527545919,4.747594750093616
lodging,svr_linear,5.040342662,3.757402017803241
lodging,svr_linear,3.190825378,3.9967367991481164
lodging,svr_linear,4.964198949,4.810979194961408
lodging,svr_linear,6.010167046,3.920568347668389
lodging,svr_linear,5.488039634,4.144070290983375
lodging,svr_linear,4.81630653,4.4102347018337955
lodging,svr_linear,2.824581554,2.9862892730027037
lodging,svr_linear,4.604293052,3.255614267044254
lodging,svr_linear,3.407849723,3.4077130061296743
lodging,svr_linear,3.832855444,4.118716063356501
lodging,svr_linear,3.775659337,2.874435008756447
lodging,svr_linear,5.041832854,4.119017222922412
lodging,svr_linear,3.053894606,3.4648830080170137
lodging,svr_linear,4.472557711,4.292720754328038
lodging,svr_linear,5.367492761,7.145543320728363
lodging,svr_linear,5.377026626,4.299110691912734
lodging,svr_linear,4.973949939,4.9719032084084125
lodging,svr_linear,3.391987873,4.788751841727285
lodging,svr_linear,4.386450984,4.9537380210732405
lodging,svr_linear,4.59991347,5.186737600267996
lodging,svr_linear,5.646128936,4.226646981091003
lodging,svr_linear,4.745899951,4.105026283613963
lodging,svr_linear,4.699786608,4.502523160983019
lodging,svr_linear,4.512807754,4.327271920911036
lodging,svr_linear,3.279521909,4.493074391610917
lodging,svr_linear,5.252116469,5.378031658696185
lodging,svr_linear,4.415609183,4.785535375565056
lodging,svr_linear,2.91278604,3.5369522342279707
lodging,svr_linear,4.632283408,3.974913711964838
lodging,svr_linear,4.568497404,4.502515700269932
lodging,svr_linear,4.305513966,5.006813750591395
lodging,svr_linear,4.990581624,4.0188941963622495
lodging,svr_linear,2.331689427,3.1016201443043503
lodging,svr_linear,4.507277735,3.85352249944213
lodging,svr_linear,4.540685481,4.45834598588137
lodging,svr_linear,3.026729048,3.003074238996282
lodging,svr_linear,1.83496115,3.77003328663346
lodging,svr_linear,3.58208097,3.6894681657049433
lodging,svr_linear,2.273316558,3.0153058857165043
lodging,svr_linear,3.106137155,3.9953900500832336
lodging,svr_linear,4.643834597,5.656992340279535
lodging,svr_linear,1.591202136,2.7102662412721426
lodging,svr_linear,5.317955963,4.334259789884829
lodging,svr_linear,2.698977413,2.4247686944275264
lodging,svr_linear,2.462774602,3.2457094896444536
lodging,svr_linear,5.111591289,3.47709513710642
lodging,svr_linear,2.046054587,2.862800379178851
lodging,svr_linear,6.30724436,4.791494185830388
lodging,svr_linear,5.671323962,4.208208710746841
lodging,svr_linear,5.437253231,4.689861736775394
lodging,svr_linear,3.453043868,3.1091628752571685
lodging,svr_linear,5.304788893,4.876819991160251
lodging,svr_linear,2.179415141,2.182658289741791
lodging,svr_linear,5.375732395,3.763325534975481
lodging,svr_linear,2.797350437,2.871230117357774
lodging,svr_linear,5.044807382,4.48135002073274
lodging,svr_linear,3.876511978,5.429021119651846
lodging,svr_linear,5.02322295,4.77343985889132
lodging,svr_linear,4.940800869,4.721105908257169
lodging,svr_linear,4.777156571,4.7798501538441
lodging,svr_linear,5.477913353,4.897420425567891
lodging,svr_linear,4.261307129,4.296835230749832
lodging,svr_linear,4.973536271,4.061659025924278
lodging,svr_linear,3.114161643,3.7242845884308413
plant_height,svr_linear,75.67769594,80.12549938176608
plant_height,svr_linear,84.55449674,81.5591336170763
plant_height,svr_linear,73.03060308,87.36852446264307
plant_height,svr_linear,83.591326,82.64565254699892
plant_height,svr_linear,84.01965112,83.08948348913782
plant_height,svr_linear,80.04021115,84.42351380787747
plant_height,svr_linear,81.69455686,80.95133827252116
plant_height,svr_linear,81.5700258,84.11038573686268
plant_height,svr_linear,77.22669886,80.4921649730921
plant_height,svr_linear,82.92253771,99.9623929037457
plant_height,svr_linear,80.77550615,84.31915881128403
plant_height,svr_linear,84.37134405,85.35408225089327
plant_height,svr_linear,84.27392326,79.3625665898364
plant_height,svr_linear,82.73914471,88.84156585130322
plant_height,svr_linear,81.77065709,84.20240539834087
plant_height,svr_linear,82.87641502,80.57882689144718
plant_height,svr_linear,83.7984174,84.01168360028612
plant_height,svr_linear,84.68236134,83.7102218852218
plant_height,svr_linear,86.95854211,84.3389873115546
plant_height,svr_linear,73.64524526,79.86638367975777
plant_height,svr_linear,83.18163398,84.69372141651353
plant_height,svr_linear,81.79162537,83.35135449639257
plant_height,svr_linear,84.19010671,84.31737850096243
plant_height,svr_linear,91.23067919,87.88900038356098
plant_height,svr_linear,79.58098299,82.91887671246437
plant_height,svr_linear,86.53196357,80.9695583668428
plant_height,svr_linear,87.60935176,88.42588116462694
plant_height,svr_linear,85.26875092,79.78413232196274
plant_height,svr_linear,84.79656269,84.19713016374179
plant_height,svr_linear,81.65845898,84.30131859408924
plant_height,svr_linear,79.19504919,82.38079191296855
plant_height,svr_linear,77.22195544,78.51797382898916
plant_height,svr_linear,78.80499912,79.7856889549004
plant_height,svr_linear,90.69975005,83.75954765465426
plant_height,svr_linear,78.58061471,82.540506762609
plant_height,svr_linear,78.4224302,80.95188393510436
plant_height,svr_linear,83.05011296,82.94129649750433
plant_height,svr_linear,80.60449466,82.69963918791088
plant_height,svr_linear,85.87863387,81.9378445780041
plant_height,svr_linear,82.10460558,81.16064230830044
plant_height,svr_linear,84.47748544,87.81442267913224
plant_height,svr_linear,80.99994393,83.02777595740636
plant_height,svr_linear,76.9130623,80.62952899318577
plant_height,svr_linear,84.99348103,78.80299800404578
plant_height,svr_linear,80.1499059,81.90332459107914
plant_height,svr_linear,79.43039047,83.90546267482705
plant_height,svr_linear,75.25906779,81.78321811938281
plant_height,svr_linear,81.7058996,80.78997631152093
plant_height,svr_linear,84.66399821,83.92096558257579
plant_height,svr_linear,72.08291102,86.1207418845123
plant_height,svr_linear,80.49454892,83.32455195015461
plant_height,svr_linear,78.0534873,82.00494570974581
plant_height,svr_linear,83.14791631,81.3045252048082
plant_height,svr_linear,80.71921434,83.46008219044141
plant_height,svr_linear,82.02358175,83.05964907763916
plant_height,svr_linear,80.71873988,83.97414268732977
plant_height,svr_linear,81.01173788,78.42617496514885
plant_height,svr_linear,82.57606969,82.50127521713794
plant_height,svr_linear,84.54075078,86.93535575612592
plant_height,svr_linear,80.25869303,79.20850710203291
plant_height,svr_linear,79.02601328,80.44732407674461
plant_height,svr_linear,73.52007095,79.7258116627062
plant_height,svr_linear,81.13481848,85.10540218585867
plant_height,svr_linear,89.05232152,89.25297102396846
plant_height,svr_linear,73.74680528,83.38507379950097
plant_height,svr_linear,76.46907607,80.87853260596363
plant_height,svr_linear,84.27503345,83.2005883992956
plant_height,svr_linear,85.42685187,83.09131022863929
plant_height,svr_linear,88.13248437,83.46571478114993
plant_height,svr_linear,75.6804869,82.4466698272926
plant_height,svr_linear,80.57622999,80.57563974714662
plant_height,svr_linear,88.48635068,87.13365554812292
plant_height,svr_linear,79.09958284,82.41731771547224
plant_height,svr_linear,73.75944618,85.52926772196629
plant_height,svr_linear,78.63114062,80.89086150568508
plant_height,svr_linear,79.27130673,80.69597469342771
plant_height,svr_linear,80.26252419,85.06233351873365
plant_height,svr_linear,78.81578703,85.6743966338324
plant_height,svr_linear,79.29505914,81.64099205946464
plant_height,svr_linear,77.28224185,83.49802026852156
plant_height,svr_linear,86.97534513,82.79155830193277
plant_height,svr_linear,75.45900069,82.39242040297164
plant_height,svr_linear,76.79553268,86.2621213759183
plant_height,svr_linear,80.8613035,81.42127963244181
plant_height,svr_linear,79.13978463,80.50871767124707
plant_height,svr_linear,82.51456253,85.09184221359315
plant_height,svr_linear,75.31281983,78.1275735524064
plant_height,svr_linear,82.02537275,86.69023556467337
plant_height,svr_linear,82.76665597,82.89314576053934
plant_height,svr_linear,80.29783312,81.49543663361474
plant_height,svr_linear,80.48778323,84.03052274349498
plant_height,svr_linear,84.46987751,83.82932533187598
plant_height,svr_linear,80.59116622,82.43734392876512
plant_height,svr_linear,78.49164353,85.4545285316279
plant_height,svr_linear,84.0483785,84.78635033102316
plant_height,svr_linear,83.2423667,82.77934668920535
plant_height,svr_linear,85.2154447,84.26166313416743
plant_height,svr_linear,79.46970653,82.55373035455746
plant_height,svr_linear,81.25849712,79.43333100169059
plant_height,svr_linear,88.49311104,85.18511278879308
plant_height,svr_linear,84.24077708,82.07569196540413
plant_height,svr_linear,76.46679904,82.74959804740276
plant_height,svr_linear,79.80926236,82.1784947834171
plant_height,svr_linear,86.17282795,82.25221665934538
plant_height,svr_linear,73.67137912,84.31466025378336
plant_height,svr_linear,85.95560233,83.31268037509172
plant_height,svr_linear,87.69108092,83.53115512001938
plant_height,svr_linear,76.92458344,83.25073019374403
plant_height,svr_linear,79.91594751,79.06278256960675
plant_height,svr_linear,79.78638915,79.29914130426774
plant_height,svr_linear,80.5121691,83.38349260331049
plant_height,svr_linear,84.34711009,80.24386691221747
plant_height,svr_linear,85.18601784,84.28241260350138
plant_height,svr_linear,80.19722132,79.07103931319799
plant_height,svr_linear,85.48879873,79.46088973718797
plant_height,svr_linear,80.56804861,82.66826678921626
plant_height,svr_linear,86.38292335,83.7521483926145
plant_height,svr_linear,80.54354941,84.47631335844558
plant_height,svr_linear,82.31942524,88.75127323360516
plant_height,svr_linear,76.66361372,83.06663589858692
plant_height,svr_linear,84.10942349,84.30581783393687
plant_height,svr_linear,82.40398891,82.39399495835943
plant_height,svr_linear,77.45356743,80.13248087741998
plant_height,svr_linear,79.20619546,83.99344685568116
plant_height,svr_linear,82.62154378,86.12379440563964
plant_height,svr_linear,90.64790242,84.78979807681574
plant_height,svr_linear,81.66368003,82.82533386412639
plant_height,svr_linear,82.4413102,85.1786940249727
plant_height,svr_linear,104.791498,108.62574305172488
plant_height,svr_linear,99.20515494,95.51347657162411
plant_height,svr_linear,98.78307495,101.2787435166647
plant_height,svr_linear,103.3252682,106.35657586310688
plant_height,svr_linear,103.9044492,108.63037498467213
plant_height,svr_linear,116.3946672,106.86820896909909
plant_height,svr_linear,112.5064244,111.4409701816562
plant_height,svr_linear,102.1124159,98.49176850010363
plant_height,svr_linear,102.1741851,106.15576753682994
plant_height,svr_linear,94.03272203,96.80241380101249
plant_height,svr_linear,104.246231,107.08171396519539
plant_height,svr_linear,106.7733509,106.69433685245063
plant_height,svr_linear,94.32760749,96.1475101237078
plant_height,svr_linear,104.7526378,110.23348897453894
plant_height,svr_linear,102.0692666,114.12230104623082
plant_height,svr_linear,105.0106756,109.46504027043295
plant_height,svr_linear,110.0003506,106.19028858656178
plant_height,svr_linear,96.99404335,98.49231321742239
plant_height,svr_linear,96.09480052,103.22998565390242
plant_height,svr_linear,99.5696815,104.11809972908362
plant_height,svr_linear,101.7519867,98.40494398222724
plant_height,svr_linear,109.024991,96.62833242816865
plant_height,svr_linear,103.980509,106.99017245445219
plant_height,svr_linear,104.6206106,102.80780656525228
plant_height,svr_linear,94.24850069,98.57536151118833
plant_height,svr_linear,104.4195437,95.40650392844324
plant_height,svr_linear,104.0304646,105.20100725650165
plant_height,svr_linear,97.59420792,94.23850639519826
plant_height,svr_linear,96.81429649,98.48922692493426
plant_height,svr_linear,99.11287444,97.75803912220933
plant_height,svr_linear,96.32051368,98.8028553573266
plant_height,svr_linear,108.3237741,114.77408525243908
plant_height,svr_linear,96.61128006,98.5042807579884
plant_height,svr_linear,94.70584238,106.94253295920205
plant_height,svr_linear,104.2868666,108.60599139508183
plant_height,svr_linear,103.8891834,101.8971715582655
plant_height,svr_linear,96.55054534,98.5353063361845
plant_height,svr_linear,108.4903826,104.42512372511536
plant_height,svr_linear,101.4465517,94.50359625561794
plant_height,svr_linear,98.30788836,97.5902034791085
plant_height,svr_linear,105.2792598,103.21323965070533
plant_height,svr_linear,90.83806671,81.44817697935554
plant_height,svr_linear,103.5988195,95.19108858770596
plant_height,svr_linear,110.3599232,107.8610006918343
plant_height,svr_linear,109.3947486,105.4902161513464
plant_height,svr_linear,96.90966801,95.8943919192666
plant_height,svr_linear,103.6874679,94.23211926026947
plant_height,svr_linear,106.7925269,104.29276362701007
plant_height,svr_linear,98.05793894,105.14232426502532
plant_height,svr_linear,99.5416485,106.1499973995598
plant_height,svr_linear,100.0177059,107.57918970588736
plant_height,svr_linear,97.23551854,102.27952328183669
plant_height,svr_linear,92.75667519,96.1133588597919
plant_height,svr_linear,98.8143873,106.55678304730405
plant_height,svr_linear,96.53566874,99.79975104337528
plant_height,svr_linear,101.970682,108.95969305860521
plant_height,svr_linear,109.7277137,93.17641739404081
plant_height,svr_linear,106.4612861,105.49928008705996
plant_height,svr_linear,104.146509,99.93728596210616
plant_height,svr_linear,97.19875513,97.51400829242039
plant_height,svr_linear,114.170941,108.02164238869754
plant_height,svr_linear,103.8896708,108.25318912820043
plant_height,svr_linear,100.5953734,108.15511013344629
plant_height,svr_linear,106.7774917,99.42705407521885
plant_height,svr_linear,91.14937633,95.1095944001628
plant_height,svr_linear,104.4515707,108.15284870312092
plant_height,svr_linear,101.752935,97.99421984958809
plant_height,svr_linear,100.8114874,98.50769453343148
plant_height,svr_linear,116.8216544,105.7476051180919
plant_height,svr_linear,105.3134495,105.23648248286008
plant_height,svr_linear,109.4322557,107.35064117782373
plant_height,svr_linear,100.299066,95.87046953044583
plant_height,svr_linear,98.60864638,100.82802544537556
plant_height,svr_linear,100.928808,107.08257338713382
plant_height,svr_linear,108.3167101,107.35135158008887
plant_height,svr_linear,102.8735597,103.54910822430253
plant_height,svr_linear,103.1319352,106.92276046623492
plant_height,svr_linear,111.5330853,108.68152746172572
plant_height,svr_linear,97.75735645,96.14820584251892
plant_height,svr_linear,110.0622273,108.5683353070259
plant_height,svr_linear,112.7413188,109.76833737803697
plant_height,svr_linear,110.9119601,108.90984788733415
plant_height,svr_linear,95.20452448,109.49036585279799
plant_height,svr_linear,104.330075,108.41124963177808
plant_height,svr_linear,105.5206968,109.26826959424068
plant_height,svr_linear,108.7834547,105.34263162999473
plant_height,svr_linear,109.3727733,108.03716300555402
plant_height,svr_linear,105.9322173,100.70726364320353
plant_height,svr_linear,108.9360538,109.08823874286634
plant_height,svr_linear,103.7742883,97.6205631448877
plant_height,svr_linear,98.74725919,98.5861077115666
plant_height,svr_linear,104.7375295,111.66630226950299
plant_height,svr_linear,103.6692247,94.58425879773156
plant_height,svr_linear,110.5487373,109.73708044827515
plant_height,svr_linear,105.1393866,106.41423533600233
plant_height,svr_linear,106.667641,106.4831184595417
plant_height,svr_linear,106.501074,110.62746133267275
plant_height,svr_linear,104.9363333,112.99151646992313
plant_height,svr_linear,100.1005164,98.17233859599133
plant_height,svr_linear,101.235131,96.12019874371843
plant_height,svr_linear,107.4743003,100.46267994403733
plant_height,svr_linear,110.2426237,107.2257139219968
plant_height,svr_linear,108.9027117,108.75859923751732
plant_height,svr_linear,120.4452243,108.52378952039754
plant_height,svr_linear,107.6675622,108.62712351158834
plant_height,svr_linear,113.7609905,108.86498923503585
plant_height,svr_linear,111.1100484,106.81280864172878
plant_height,svr_linear,108.5208902,109.2687271747224
plant_height,svr_linear,104.0465541,96.33451435402046
plant_height,svr_linear,95.90703063,98.0153679081267
plant_height,svr_linear,94.39482296,97.25188258374152
plant_height,svr_linear,80.77938497,83.69984777908083
plant_height,svr_linear,106.0164131,110.72953938748002
plant_height,svr_linear,97.57521687,97.69198321641721
plant_height,svr_linear,101.1178121,111.76305729934487
plant_height,svr_linear,105.8691642,107.33968134726184
plant_height,svr_linear,95.1190889,96.13261220850075
plant_height,svr_linear,102.9203889,107.87578346974682
plant_height,svr_linear,108.0935143,103.93440515429998
plant_height,svr_linear,103.1544626,99.66955940248171
plant_height,svr_linear,116.8681285,106.2559384030093
plant_height,svr_linear,108.4804085,101.6739120400076
plant_height,svr_linear,110.8602885,95.58779282810072
plant_height,svr_linear,85.68837231,84.77350505969123
plant_height,svr_linear,100.1621169,96.19498749166068
plant_height,svr_linear,98.03175529,105.21068639414023
plant_height,svr_linear,111.7053923,108.61262319598704
plant_height,svr_linear,106.5930212,107.64997643526382
plant_height,svr_linear,99.21238619,97.88479173362673
plant_height,svr_linear,102.7849337,100.15446703566248
plant_height,svr_linear,109.5134214,110.62549357037179
plant_height,svr_linear,89.78788889,96.69572516881526
plant_height,svr_linear,99.12037382,98.14971173850142
plant_height,svr_linear,100.2821818,103.52485165578481
plant_height,svr_linear,94.03898944,96.54446702354394
plant_height,svr_linear,109.1602251,107.0798575679927
plant_height,svr_linear,73.73313728,80.20545599537297
plant_height,svr_linear,113.298086,106.69551235154282
plant_height,svr_linear,112.889645,107.87563386257793
plant_height,svr_linear,101.4950246,94.55988887762834
plant_height,svr_linear,105.1080631,106.72053238848936
plant_height,svr_linear,104.6973589,108.21657887735998
plant_height,svr_linear,96.27874363,96.43886347211786
plant_height,svr_linear,111.0084496,104.06528236049257
plant_height,svr_linear,107.0314671,107.32913214785611
plant_height,svr_linear,98.16360098,99.13996779078009
plant_height,svr_linear,118.9339867,105.32411628034282
plant_height,svr_linear,111.3384583,106.9406972808482
plant_height,svr_linear,105.7811473,107.69040227843955
plant_height,svr_linear,100.3572381,91.02217697492966
plant_height,svr_linear,99.38865715,98.00980946411809
plant_height,svr_linear,103.8241276,109.03317549036409
plant_height,svr_linear,99.66216213,100.1916921018409
plant_height,svr_linear,98.92377445,95.2055185630141
plant_height,svr_linear,109.4109648,107.74153599145457
plant_height,svr_linear,102.8439996,105.01883374546703
plant_height,svr_linear,109.1208799,107.65067273998041
plant_height,svr_linear,94.9364603,96.87499241872618
plant_height,svr_linear,93.92980373,107.66463100897268
plant_height,svr_linear,108.5189343,107.98626394943454
plant_height,svr_linear,96.66033913,96.34071759011117
plant_height,svr_linear,100.0459788,98.2390790099881
plant_height,svr_linear,101.7688817,96.58670109866225
plant_height,svr_linear,105.801013,104.69570635752584
plant_height,svr_linear,98.04811998,106.0884771174132
plant_height,svr_linear,105.5450639,106.15151765078718
plant_height,svr_linear,104.3853684,99.81139711016561
plant_height,svr_linear,99.00841826,99.21154029371763
plant_height,svr_linear,102.0987762,102.22594919305747
plant_height,svr_linear,107.6273416,104.12277893457441
plant_height,svr_linear,83.86573033,87.45396447928628
plant_height,svr_linear,82.36976729,87.38502737516136
plant_height,svr_linear,83.00407693,87.84815050339287
plant_height,svr_linear,79.61730782,90.81948488123112
plant_height,svr_linear,83.07234736,91.17554882037132
plant_height,svr_linear,99.9663455,108.92750042070516
plant_height,svr_linear,110.325811,101.67380604776392
plant_height,svr_linear,85.62237777,91.57332510144776
plant_height,svr_linear,74.22363819,84.47673040159502
plant_height,svr_linear,89.78247485,97.97124310074534
plant_height,svr_linear,88.15031468,89.66284158616119
plant_height,svr_linear,107.8062342,106.36314486761276
plant_height,svr_linear,93.69927225,92.44059684212769
plant_height,svr_linear,72.03673557,92.03716395740618
plant_height,svr_linear,92.68431785,90.3887530720201
plant_height,svr_linear,81.77488455,91.63504431165468
plant_height,svr_linear,84.4806443,93.0317388988731
plant_height,svr_linear,95.21317445,98.3355272055369
plant_height,svr_linear,93.26990043,92.33795729310359
plant_height,svr_linear,102.0967015,93.36425294627995
plant_height,svr_linear,92.46136525,86.16710484831422
plant_height,svr_linear,82.74160158,90.88619734378244
plant_height,svr_linear,92.84373657,94.70800948272324
plant_height,svr_linear,109.0753435,103.40233184498695
plant_height,svr_linear,108.1507133,97.59290195561347
plant_height,svr_linear,110.0759924,108.01747806476585
plant_height,svr_linear,98.06478855,102.41979572289034
plant_height,svr_linear,107.1791835,101.62994568990206
plant_height,svr_linear,89.93535703,103.31811294272075
plant_height,svr_linear,96.27733681,93.02067713150096
plant_height,svr_linear,92.58562559,95.72922221292839
plant_height,svr_linear,103.6429528,98.38462435360975
plant_height,svr_linear,101.931634,102.72239540586871
plant_height,svr_linear,79.45165828,104.23790290706573
plant_height,svr_linear,89.33985941,91.87084290655815
plant_height,svr_linear,91.21761717,106.28262559329279
plant_height,svr_linear,87.92114871,106.58789482599511
plant_height,svr_linear,88.68702545,90.51138421302416
plant_height,svr_linear,92.18943817,88.77704915789664
plant_height,svr_linear,81.57909749,106.02888496522262
plant_height,svr_linear,91.20890632,102.05805070215106
plant_height,svr_linear,99.73852339,106.06981546195327
plant_height,svr_linear,81.05885781,97.14541634092272
plant_height,svr_linear,84.98866213,88.14613318744355
plant_height,svr_linear,97.79142946,89.45844639977581
plant_height,svr_linear,71.40652934,88.36145640518717
plant_height,svr_linear,93.18502842,87.92833459638412
plant_height,svr_linear,102.7504563,101.32102541433267
plant_height,svr_linear,96.67936805,98.57976140729154
plant_height,svr_linear,99.92336829,101.78723492726392
plant_height,svr_linear,91.56739166,87.44942383094514
plant_height,svr_linear,93.83657478,95.38955592262253
plant_height,svr_linear,83.5764621,92.06921764014763
plant_height,svr_linear,90.61648175,95.27002211170554
plant_height,svr_linear,91.14447172,93.99799562876784
plant_height,svr_linear,89.59623822,89.29500607997454
plant_height,svr_linear,88.74276627,91.54736064312847
plant_height,svr_linear,93.21460078,103.99165855960717
plant_height,svr_linear,95.80578738,110.0077235158262
plant_height,svr_linear,96.08150115,109.87363045136212
plant_height,svr_linear,90.83744163,104.65559823962448
plant_height,svr_linear,95.63735365,96.38771518617015
plant_height,svr_linear,98.08150426,113.51926663391697
plant_height,svr_linear,81.61785554,89.8907318409247
plant_height,svr_linear,66.3101114,105.3391639236752
plant_height,svr_linear,102.6807941,108.53555680645968
plant_height,svr_linear,94.26519986,99.46395651720916
plant_height,svr_linear,73.16132585,104.39249818142449
plant_height,svr_linear,97.20543927,93.0744626210671
plant_height,svr_linear,88.86433788,92.44712582113671
plant_height,svr_linear,96.2041398,103.4985469472899
plant_height,svr_linear,93.54042754,99.95256629409538
plant_height,svr_linear,94.11657605,105.1944663672876
plant_height,svr_linear,88.50475551,96.30728979421778
plant_height,svr_linear,88.35105943,96.05404255003285
plant_height,svr_linear,93.12664668,101.22397603083593
plant_height,svr_linear,85.85433889,94.2261985661779
plant_height,svr_linear,108.1045859,109.05786202956575
plant_height,svr_linear,86.15823439,87.36695185022224
plant_height,svr_linear,85.77189621,89.03930869983668
plant_height,svr_linear,74.2605139,87.91880430380533
plant_height,svr_linear,88.27665912,85.51215830493301
plant_height,svr_linear,84.19708766,83.75587377336008
plant_height,svr_linear,86.61799263,85.0949019807675
plant_height,svr_linear,89.61881575,85.87246045377634
plant_height,svr_linear,99.8265961,89.17799189897259
plant_height,svr_linear,82.16621302,93.07814035284733
plant_height,svr_linear,91.82146772,87.09207870252587
plant_height,svr_linear,88.02095063,105.92879045928527
plant_height,svr_linear,102.2708998,89.37637122984154
plant_height,svr_linear,116.6076322,100.18461431885589
plant_height,svr_linear,111.6093318,107.07647867764209
plant_height,svr_linear,80.96116487,92.60169201319034
plant_height,svr_linear,94.95110589,89.47881426389266
plant_height,svr_linear,83.28304574,90.21772932906154
plant_height,svr_linear,89.89586377,98.50638279576798
plant_height,svr_linear,93.68048662,100.66793540913028
plant_height,svr_linear,104.7569813,105.44285428834787
plant_height,svr_linear,93.07734934,94.85625619953743
plant_height,svr_linear,91.0950076,94.24444278707658
plant_height,svr_linear,90.12732613,92.38326965048417
plant_height,svr_linear,98.22980571,93.19390849126124
plant_height,svr_linear,97.78471971,94.56913294554263
plant_height,svr_linear,107.5955002,98.2419618614639
plant_height,svr_linear,108.0754297,94.93665850965445
plant_height,svr_linear,104.4255443,96.34294213803969
plant_height,svr_linear,90.51806291,96.99257549100511
plant_height,svr_linear,83.65178452,93.57099045010594
plant_height,svr_linear,87.05285265,92.40206056241286
plant_height,svr_linear,104.3698783,104.2131239119911
plant_height,svr_linear,85.45195539,87.08910520567552
plant_height,svr_linear,96.96682828,109.77841931914399
plant_height,svr_linear,97.34539586,101.64119835850103
plant_height,svr_linear,83.58577129,79.63629051487658
plant_height,svr_linear,98.54539476,92.89521029937973
plant_height,svr_linear,79.51210903,113.89780064018035
plant_height,svr_linear,105.7817781,99.8492480330097
plant_height,svr_linear,90.26525573,89.05286294089862
plant_height,svr_linear,92.99528625,96.91673514690834
plant_height,svr_linear,109.6810866,107.45863912202256
plant_height,svr_linear,90.03838849,91.57156138948403
plant_height,svr_linear,89.87602392,108.80518461363738
plant_height,svr_linear,105.1500541,112.81445912411822
plant_height,svr_linear,108.8844434,97.09183445404533
plant_height,svr_linear,90.3855594,94.08301911055354
plant_height,svr_linear,93.93749025,93.42248915756767
plant_height,svr_linear,100.975592,105.17153055803256
plant_height,svr_linear,110.2157095,106.1708172615554
plant_height,svr_linear,99.62432681,101.28140724905751
plant_height,svr_linear,104.3883324,105.30186428530757
plant_height,svr_linear,92.83016437,96.55298490409132
plant_height,svr_linear,92.9545496,102.31035801629719
plant_height,svr_linear,79.76125308,91.82512793283043
plant_height,svr_linear,92.90133233,101.67004424983993
plant_height,svr_linear,88.44499286,89.47505708355324
plant_height,svr_linear,79.50375766,85.69082771148686
plant_height,svr_linear,82.95021912,85.42192791875367
plant_height,svr_linear,107.0200314,103.50413599845305
plant_height,svr_linear,104.3274562,101.71694964294183
plant_height,svr_linear,103.5610738,107.14315110352376
plant_height,svr_linear,90.55282543,104.22765837080566
plant_height,svr_linear,97.45717879,120.70618221476495
plant_height,svr_linear,95.01354398,93.72519765680156
plant_height,svr_linear,99.33351585,105.9441210444922
plant_height,svr_linear,107.9939957,108.10837296185314
plant_height,svr_linear,107.6610272,102.95970301759472
plant_height,svr_linear,99.70262913,92.78391706318413
plant_height,svr_linear,90.14015096,89.95491664039963
plant_height,svr_linear,92.35472025,94.87927159731308
plant_height,svr_linear,90.53223812,95.77851171196848
plant_height,svr_linear,92.25907558,102.38858397994171
plant_height,svr_linear,89.99475165,82.39255534147094
plant_height,svr_linear,101.2149781,104.57261667877304
plant_height,svr_linear,88.41866461,84.4020298975218
plant_height,svr_linear,101.4455263,87.88061774965011
plant_height,svr_linear,103.2295644,107.01050248298034
plant_height,svr_linear,82.49330603,86.80706450457174
plant_height,svr_linear,86.98784999,90.94842732498913
plant_height,svr_linear,97.91399361,113.99917347692988
plant_height,svr_linear,90.85053973,95.83555278407279
plant_height,svr_linear,97.86645237,101.2442301550913
plant_height,svr_linear,92.06027526,100.36580349549014
plant_height,svr_linear,86.87349,97.03436559802812
plant_height,svr_linear,80.01782359,85.13400827860396
plant_height,svr_linear,94.78277458,105.08272494375183
plant_height,svr_linear,91.63196399,86.52063641945364
plant_height,svr_linear,98.27207117,89.5438317752481
plant_height,svr_linear,93.9112139,92.41930482962681
plant_height,svr_linear,101.8603085,106.64957139069662
plant_height,svr_linear,100.3548018,100.02600788035149
plant_height,svr_linear,102.3658083,94.46534580372615
plant_height,svr_linear,105.7532843,95.68422298269715
plant_height,svr_linear,80.9252771,80.41934217260686
plant_height,svr_linear,83.24132617,86.27073674433764
plant_height,svr_linear,99.30898653,105.31084039364931
plant_height,svr_linear,106.986275,104.48347329351965
plant_height,svr_linear,99.85758039,122.95994502085244
plant_height,svr_linear,94.11243585,108.65802285041678
plant_height,svr_linear,86.16494672,86.79336257760579
plant_height,svr_linear,94.5381267,121.13566608139305
plant_height,svr_linear,90.87429799,96.23002738465452
plant_height,svr_linear,94.17872961,102.07438461407085
plant_height,svr_linear,97.49081831,107.89151296382245
plant_height,svr_linear,87.52455273,70.53202213133136
plant_height,svr_linear,101.5743995,107.60326570626572
plant_height,svr_linear,81.07266711,106.21698983788566
plant_height,svr_linear,94.88799048,81.94163720302058
plant_height,svr_linear,95.3048723,87.71406465195544
plant_height,svr_linear,102.2000116,104.2898413082727
plant_height,svr_linear,80.28901523,99.5647506138877
plant_height,svr_linear,92.65211123,85.5222281590174
plant_height,svr_linear,100.6380351,104.45688509173978
plant_height,svr_linear,93.09491006,99.66458983133154
plant_height,svr_linear,101.2780417,109.22251403234444
plant_height,svr_linear,72.93520903,98.13354980763589
plant_height,svr_linear,87.40570658,83.60922518385046
plant_height,svr_linear,91.63098253,91.16828869044221
plant_height,svr_linear,112.8696856,103.11788064717865
plant_height,svr_linear,101.5124057,107.41618441626919
plant_height,svr_linear,102.8302531,96.15792407666467
plant_height,svr_linear,90.40487933,92.65198027146408
plant_height,svr_linear,82.66104785,84.05401125870293
plant_height,svr_linear,80.8029244,84.93485084373023
plant_height,svr_linear,112.4304997,104.27175137396372
plant_height,svr_linear,100.8328358,103.19116984097535
plant_height,svr_linear,102.4329582,101.24263783434434
plant_height,svr_linear,108.3203668,99.46471435166696
plant_height,svr_linear,78.36013371,87.31404493958452
plant_height,svr_linear,106.2872517,96.20148076152795
plant_height,svr_linear,110.8625699,102.0130404822965
plant_height,svr_linear,107.2225892,99.26577619683786
plant_height,svr_linear,86.80831265,110.78741638160972
plant_height,svr_linear,87.19512563,88.61006723361061
plant_height,svr_linear,91.48452389,94.49553621636925
plant_height,svr_linear,91.66918297,109.4406324400043
plant_height,svr_linear,101.2045466,92.67424348880425
plant_height,svr_linear,83.7734547,89.15312443499593
plant_height,svr_linear,82.11459949,93.12633135998158
plant_height,svr_linear,101.8103868,105.85970972903405
plant_height,svr_linear,82.13611393,101.54787178755424
plant_height,svr_linear,98.20337607,89.62683406780987
plant_height,svr_linear,96.89248171,102.87938780236344
plant_height,svr_linear,109.6950841,108.21115679725331
plant_height,svr_linear,86.51905437,90.62934243195681
plant_height,svr_linear,84.44738245,103.6527855089645
plant_height,svr_linear,94.59613288,89.98094298931579
plant_height,svr_linear,104.6365623,105.19528771551374
plant_height,svr_linear,98.53764568,90.79277958434363
plant_height,svr_linear,102.287211,91.21057100877445
plant_height,svr_linear,85.88911154,95.78944442510853
plant_height,svr_linear,110.5770655,97.21439221191638
plant_height,svr_linear,85.00402025,84.83189725557536
plant_height,svr_linear,94.12568464,99.7529503191127
plant_height,svr_linear,85.6865942,89.8372367915419
plant_height,svr_linear,101.2763783,97.26570263183449
plant_height,svr_linear,100.9214867,94.1629443598641
plant_height,svr_linear,98.96481792,91.60739615933672
plant_height,svr_linear,76.44910994,85.69459604359487
plant_height,svr_linear,96.74038545,99.52407515852597
plant_height,svr_linear,91.76990655,102.67584288804206
plant_height,svr_linear,96.15003032,88.95485991153124
plant_height,svr_linear,106.7884072,92.17866071061455
plant_height,svr_linear,86.9773999,99.54891132281891
plant_height,svr_linear,88.44902954,84.77759673298073
plant_height,svr_linear,94.71098097,93.28600943258097
plant_height,svr_linear,90.57164215,103.25850729772256
plant_height,svr_linear,110.7999823,100.8304837238718
plant_height,svr_linear,85.77532328,94.74685880531963
plant_height,svr_linear,95.00876793,88.4653617835756
plant_height,svr_linear,103.6494551,112.31704550638479
plant_height,svr_linear,93.95843198,96.07024517287049
plant_height,svr_linear,89.80174646,86.24693367733823
plant_height,svr_linear,79.05109541,85.2778169223792
plant_height,svr_linear,81.70231687,89.05368667643505
plant_height,svr_linear,85.62724103,90.2100282103483
plant_height,svr_linear,75.96277283,103.37162129992322
plant_height,svr_linear,93.68379802,97.32060425517854
plant_height,svr_linear,90.84451163,96.56494949575692
plant_height,svr_linear,78.45068352,91.89624301786952
plant_height,svr_linear,115.9595296,115.01297077116764
plant_height,svr_linear,112.8265909,87.84740772956795
plant_height,svr_linear,95.09269706,106.90029545025035
plant_height,svr_linear,91.51174405,99.94077076900695
plant_height,svr_linear,76.46784831,83.18424280748854
plant_height,svr_linear,108.9166387,106.0977726562367
plant_height,svr_linear,92.39500219,92.20489248930177
plant_height,svr_linear,103.0688764,90.19537303944848
plant_height,svr_linear,89.37668701,119.59714570052003
plant_height,svr_linear,95.98489621,103.86925758604318
plant_height,svr_linear,106.4278214,100.8586358468454
plant_height,svr_linear,87.98510007,120.85914129535215
plant_height,svr_linear,90.01750134,87.92867869927016
plant_height,svr_linear,105.9284186,104.38112301913945
plant_height,svr_linear,83.63759729,83.07370287808027
plant_height,svr_linear,98.5510901,111.32031154221534
plant_height,svr_linear,99.15920035,89.5105991603653
plant_height,svr_linear,82.97079929,94.33561987908809
plant_height,svr_linear,108.1953586,103.98557759152418
plant_height,svr_linear,95.11626001,91.99449176601298
plant_height,svr_linear,102.2555453,102.59913151082556
plant_height,svr_linear,81.55850266,95.74070608862743
plant_height,svr_linear,105.6584417,94.46764437241647
plant_height,svr_linear,111.7417001,99.02864788532369
plant_height,svr_linear,106.8264418,113.25341059654097
plant_height,svr_linear,110.7216595,103.89657562975533
plant_height,svr_linear,94.64988014,108.25219427527291
plant_height,svr_linear,90.25444912,95.03634304099344
plant_height,svr_linear,101.9885565,96.3817421718956
plant_height,svr_linear,93.02744592,91.93423360496227
plant_height,svr_linear,109.8373751,100.0586893491746
plant_height,svr_linear,91.32702914,104.41392989720109
plant_height,svr_linear,100.8570212,113.54860132973913
plant_height,svr_linear,92.83593233,96.30606036760831
plant_height,svr_linear,73.93123592,85.12061500095118
plant_height,svr_linear,76.56268311,91.39652808468506
plant_height,svr_linear,105.9722022,95.61398998239333
plant_height,svr_linear,75.78023632,94.58500432549528
plant_height,svr_linear,99.58922651,91.58703620481982
plant_height,svr_linear,78.39382498,92.30526897575716
plant_height,svr_linear,81.27816945,91.6211412477875
plant_height,svr_linear,89.98158156,93.3088279972099
plant_height,svr_linear,116.3783949,101.8271581352678
plant_height,svr_linear,97.19902174,99.70158170810389
plant_height,svr_linear,101.925029,95.80136612867295
plant_height,svr_linear,82.64115506,89.83058284555135
plant_height,svr_linear,98.13064022,108.36893190396256
plant_height,svr_linear,109.2997446,92.67391290956401
plant_height,svr_linear,106.1721755,98.71427061185443
plant_height,svr_linear,95.26236224,102.74545928094219
plant_height,svr_linear,86.77441825,84.8037413340325
plant_height,svr_linear,104.5038944,114.47014253062548
plant_height,svr_linear,107.7563274,103.87370725481782
plant_height,svr_linear,110.0923634,102.91451471256967
plant_height,svr_linear,99.39564722,99.69745292015239
plant_height,svr_linear,94.01223372,95.17518024408594
plant_height,svr_linear,90.41461351,91.77300003163063
plant_height,svr_linear,99.29713955,98.60792900581056
plant_height,svr_linear,98.4596998,102.21838618509878
plant_height,svr_linear,90.59218977,98.66621882939332
plant_height,svr_linear,94.25892661,96.61679168494899
plant_height,svr_linear,97.09351122,96.8401543046231
plant_height,svr_linear,96.82532137,96.98649234733278
plant_height,svr_linear,107.4388482,102.30481390672257
plant_height,svr_linear,96.60746906,93.16393939962407
plant_height,svr_linear,103.5389344,104.76543468511265
plant_height,svr_linear,114.3082585,108.33122597603244
plant_height,svr_linear,92.84728508,92.6191518450406
plant_height,svr_linear,103.7590678,100.25104459901728
plant_height,svr_linear,91.50745685,92.01388251209681
plant_height,svr_linear,86.52266266,92.99831736949987
plant_height,svr_linear,96.93154962,95.60040047029226
plant_height,svr_linear,97.57174041,96.69437310983423
plant_height,svr_linear,106.3146747,97.97189243303265
plant_height,svr_linear,96.2139742,96.4815412098551
plant_height,svr_linear,104.9498695,104.27587035660213
plant_height,svr_linear,100.621356,101.0122277546862
plant_height,svr_linear,86.41832977,92.79887300423923
plant_height,svr_linear,94.00058218,100.09185504230892
plant_height,svr_linear,104.298222,116.26128339082027
plant_height,svr_linear,106.4852336,105.01151781106043
plant_height,svr_linear,117.2249163,104.4306488829634
plant_height,svr_linear,100.5336269,90.6269640982975
plant_height,svr_linear,88.28695041,83.12216744075388
plant_height,svr_linear,90.71549651,91.33233041490539
plant_height,svr_linear,97.52299,102.57019021033814
plant_height,svr_linear,110.6560574,98.77799270599672
plant_height,svr_linear,99.14900562,90.56961274595591
plant_height,svr_linear,96.43698067,95.86774294654218
plant_height,svr_linear,93.6597647,96.52372600209448
plant_height,svr_linear,118.5807341,104.22950722057777
plant_height,svr_linear,116.2383174,101.98128876656541
plant_height,svr_linear,99.83281363,97.73062746971976
plant_height,svr_linear,92.42178259,94.22591675656018
plant_height,svr_linear,113.6730373,94.7030859380027
plant_height,svr_linear,99.50510007,107.01306291640728
plant_height,svr_linear,93.90072001,105.2151623219562
plant_height,svr_linear,94.73467444,93.30065171419203
plant_height,svr_linear,95.92147277,90.12931809948422
plant_height,svr_linear,96.23719726,97.83560140959551
plant_height,svr_linear,96.30577138,103.98355237258659
plant_height,svr_linear,82.03007582,86.64161526284707
plant_height,svr_linear,89.49573497,85.59117715371647
plant_height,svr_linear,99.09666009,94.98208486663239
plant_height,svr_linear,107.7439345,103.15110519310251
plant_height,svr_linear,98.63883955,91.95467392082472
plant_height,svr_linear,98.11511886,108.42224961094118
plant_height,svr_linear,105.2054305,101.3147842039213
plant_height,svr_linear,87.45087081,102.4299784487462
plant_height,svr_linear,108.0192496,96.94472329366164
plant_height,svr_linear,89.15822067,85.39108214751518
plant_height,svr_linear,81.28465509,97.9906528764388
plant_height,svr_linear,86.87653964,92.73593949213415
plant_height,svr_linear,94.03620962,105.0758610879881
plant_height,svr_linear,111.9612001,100.78559761319059
plant_height,svr_linear,91.78888738,88.74939916204117
plant_height,svr_linear,80.8133772,94.81111606393961
plant_height,svr_linear,98.02511523,94.88419002546277
plant_height,svr_linear,96.49555734,104.64274128906575
plant_height,svr_linear,91.66075449,110.19331907113333
plant_height,svr_linear,85.36639794,95.7324501566139
plant_height,svr_linear,85.79261859,86.05318602205955
plant_height,svr_linear,92.50055045,93.93332759228385
plant_height,svr_linear,86.40597445,93.36568898145349
plant_height,svr_linear,103.5484041,106.23436687875491
plant_height,svr_linear,105.1569546,106.6289381307838
plant_height,svr_linear,90.59187755,95.14878185041934
plant_height,svr_linear,89.73079159,92.62222481286712
plant_height,svr_linear,91.35865629,92.02877044756026
plant_height,svr_linear,95.786828,105.90545913234753
plant_height,svr_linear,98.61811595,95.14515271735554
plant_height,svr_linear,105.869282,103.64454911933144
plant_height,svr_linear,103.4061452,96.57992217073364
plant_height,svr_linear,102.1304711,102.80993622511835
plant_height,svr_linear,96.58935449,101.72251193469053
plant_height,svr_linear,91.46092881,94.97420008595414
plant_height,svr_linear,94.30556025,95.60370005458525
plant_height,svr_linear,96.67775241,103.49247814092521
plant_height,svr_linear,101.3874801,87.00644508349669
plant_height,svr_linear,85.27013815,94.96721922423157
plant_height,svr_linear,95.56395762,93.24161546727689
plant_height,svr_linear,92.4486877,91.89161432746191
plant_height,svr_linear,103.4177386,104.61991461057367
plant_height,svr_linear,96.30511339,93.74562357222572
plant_height,svr_linear,96.82598333,93.69307588995505
plant_height,svr_linear,110.9122038,94.35840688307083
plant_height,svr_linear,100.1733929,96.57582678829189
plant_height,svr_linear,111.0307751,118.01054361536724
plant_height,svr_linear,97.5423318,103.51348055981217
plant_height,svr_linear,103.7662347,109.40869276695099
plant_height,svr_linear,87.55878109,88.96947101299158
plant_height,svr_linear,96.1133149,97.55489235508469
plant_height,svr_linear,89.32349401,89.94906548505693
plant_height,svr_linear,79.24470152,94.75632686273597
plant_height,svr_linear,88.78641202,89.3421511489866
plant_height,svr_linear,94.22291177,95.35789882889891
plant_height,svr_linear,85.11079492,90.04541248448845
plant_height,svr_linear,84.263067895,87.88139859759283
plant_height,svr_linear,108.0760429,96.9005063278289
plant_height,svr_linear,86.29826806,94.40889923955841
plant_height,svr_linear,90.81127497,93.59913286898316
plant_height,svr_linear,91.29930062,89.4665038715846
plant_height,svr_linear,93.33444071,97.34828863030927
plant_height,svr_linear,88.63747531,91.78605318301058
plant_height,svr_linear,88.8422075,88.85904839244327
plant_height,svr_linear,101.9399793,96.3836510276526
plant_height,svr_linear,83.37382318,87.89385298572057
plant_height,svr_linear,85.58533965,84.81316487673664
plant_height,svr_linear,93.67960902,98.00627844953276
plant_height,svr_linear,93.98356301,97.07212723250437
plant_height,svr_linear,81.97423357,85.38324890543169
plant_height,svr_linear,94.75637695,87.73501251188301
plant_height,svr_linear,96.04735603,106.11851861270365
plant_height,svr_linear,96.17489811,88.99190330631724
plant_height,svr_linear,82.63456552,91.02912280122877
plant_height,svr_linear,82.8799028,94.67487042531874
plant_height,svr_linear,97.12279726,94.26475797442924
plant_height,svr_linear,111.5737383,105.45437064867356
plant_height,svr_linear,94.15870671,98.18723752572609
plant_height,svr_linear,96.652988,94.02148591333463
plant_height,svr_linear,93.45888835,99.36817894444629
plant_height,svr_linear,94.66963915,94.55233709612867
plant_height,svr_linear,86.97685492,100.46284027208016
plant_height,svr_linear,92.27208101,94.4538972769977
plant_height,svr_linear,103.7810771,98.94448117421528
plant_height,svr_linear,97.40294272,97.16518587797844
plant_height,svr_linear,103.5172017,96.73670140938667
plant_height,svr_linear,80.38038345,87.74292824171319
plant_height,svr_linear,84.77291061,85.75023589607692
plant_height,svr_linear,95.39830176,109.16570446856896
plant_height,svr_linear,79.71883683,86.20729283339533
plant_height,svr_linear,85.20871113,88.2149673375305
plant_height,svr_linear,92.04978041,87.10239177435895
plant_height,svr_linear,99.81277816,94.98158619792189
plant_height,svr_linear,78.98586831,86.14515712517021
plant_height,svr_linear,71.07498529,86.03722960138184
plant_height,svr_linear,73.83890661,86.73486695748016
plant_height,svr_linear,101.1261014,108.88043812913895
plant_height,svr_linear,110.2101014,106.9405852088991
plant_height,svr_linear,90.59281627,106.04818101376316
plant_height,svr_linear,91.09275144,92.28053855845056
plant_height,svr_linear,85.89483973,89.71166418902436
plant_height,svr_linear,83.54492948,101.34896222054957
plant_height,svr_linear,86.82978865,91.87661258579226
plant_height,svr_linear,91.13618964,91.16596064414063
plant_height,svr_linear,91.70707738,91.52175395246314
plant_height,svr_linear,77.0593542,92.83597406096177
plant_height,svr_linear,87.60550923,94.13141674936267
plant_height,svr_linear,84.45001434,92.76854908836208
plant_height,svr_linear,91.56391085,91.58048849936426
plant_height,svr_linear,82.80771585,93.05569489185527
plant_height,svr_linear,91.2889956,94.54800798668688
plant_height,svr_linear,98.8608462,106.04950385460035
plant_height,svr_linear,104.9375769,101.72407427608913
plant_height,svr_linear,96.07172926,89.31735430057674
plant_height,svr_linear,88.52620989,85.2946240413036
plant_height,svr_linear,79.33157179,86.02177276065913
plant_height,svr_linear,83.99232838,86.60700458571897
plant_height,svr_linear,87.09385846,88.62511176729028
plant_height,svr_linear,84.27006224,87.82142829917953
plant_height,svr_linear,82.06431585,85.79166509059843
plant_height,svr_linear,93.31959778,88.49353717989997
plant_height,svr_linear,89.38528502,91.16143890289153
plant_height,svr_linear,85.69767975,88.66796885940673
plant_height,svr_linear,84.6587866,90.16709452758195
plant_height,svr_linear,87.83242622,93.35943409519315
plant_height,svr_linear,85.11824993,85.75233134234142
plant_height,svr_linear,84.26109346,89.6918686781745
plant_height,svr_linear,90.09862518,91.61085611551995
plant_height,svr_linear,72.6890734,84.90261203334452
plant_height,svr_linear,82.88512467,92.92822457506547
plant_height,svr_linear,88.97181625,91.84889714221293
plant_height,svr_linear,99.37217035,103.64304215137003
plant_height,svr_linear,111.9805724,99.05330996412867
plant_height,svr_linear,108.0467308,88.26721314810902
plant_height,svr_linear,95.43058289,91.13478673938693
plant_height,svr_linear,107.4834911,92.65273347562106
plant_height,svr_linear,96.79084992,102.56042672786455
plant_height,svr_linear,87.94720623,111.77799461767498
plant_height,svr_linear,92.91195053,94.94141452068011
plant_height,svr_linear,99.21646783,102.00518047109243
plant_height,svr_linear,87.84583949,87.999402722353
plant_height,svr_linear,96.71215559,91.6755007906835
plant_height,svr_linear,85.01668747,105.96846342396881
plant_height,svr_linear,91.97563125,98.38113578698868
plant_height,svr_linear,93.90439132,117.87990834529015
plant_height,svr_linear,101.963723,107.14779127652393
plant_height,svr_linear,88.72164229,91.98977892859862
plant_height,svr_linear,100.2086967,105.39961139098232
plant_height,svr_linear,107.3659081,101.06897663510259
plant_height,svr_linear,100.3724687,108.81671055750392
plant_height,svr_linear,105.3077727,97.54989705162964
plant_height,svr_linear,93.03038061,101.49503178603383
plant_height,svr_linear,97.12731776,86.96288281330473
plant_height,svr_linear,99.51496059,95.82068947707921
plant_height,svr_linear,88.15851674,92.71188954403101
plant_height,svr_linear,83.89901146,85.72477773459599
plant_height,svr_linear,97.30154832,101.91295330559049
plant_height,svr_linear,103.4501222,94.29076946360361
plant_height,svr_linear,82.80045056,98.302889775385
plant_height,svr_linear,81.84742999,98.58109078420767
plant_height,svr_linear,93.7413237,99.91877017582912
plant_height,svr_linear,114.6078129,96.27743559484598
plant_height,svr_linear,81.63241141,83.7408677619088
plant_height,svr_linear,92.24217789,95.06529181163171
plant_height,svr_linear,112.9856187,110.1981693705345
plant_height,svr_linear,111.0592254,112.37703174995869
plant_height,svr_linear,117.6815014,95.50428245200835
plant_height,svr_linear,100.8863322,101.49187547006804
plant_height,svr_linear,104.3176497,100.6451248689874
plant_height,svr_linear,115.0017166,115.38649888575831
plant_height,svr_linear,134.2032372,98.92643580133223
plant_height,svr_linear,104.7756389,111.49060018522329
plant_height,svr_linear,120.0037493,117.22832095976376
plant_height,svr_linear,111.9928546,107.86617592593939
plant_height,svr_linear,98.13518877,101.61413721181226
plant_height,svr_linear,113.2057444,113.32253743857468
plant_height,svr_linear,119.8767512,113.04598454252832
plant_height,svr_linear,128.8262383,105.97759252086183
plant_height,svr_linear,103.9651263,109.28706795760569
plant_height,svr_linear,123.3284954,112.94981468626784
plant_height,svr_linear,114.6641715,119.34683269274691
plant_height,svr_linear,119.7987061,104.64417765472311
plant_height,svr_linear,117.1596799,102.08994272178664
plant_height,svr_linear,110.943086,112.25664645835982
plant_height,svr_linear,124.6985306,114.25340838092822
plant_height,svr_linear,120.7892784,117.58048418376984
plant_height,svr_linear,104.1902739,106.4578865906615
plant_height,svr_linear,109.7854309,96.9240291182345
plant_height,svr_linear,103.7636031,94.20960327152049
plant_height,svr_linear,92.97204184,95.6126414915791
plant_height,svr_linear,107.9267938,109.22980848736972
plant_height,svr_linear,89.98129009,100.43553394739254
plant_height,svr_linear,117.9460621,125.02077719722968
plant_height,svr_linear,119.4864733,99.05582292929617
plant_height,svr_linear,118.9143735,100.86672864538582
plant_height,svr_linear,131.0093086,114.52629670381819
plant_height,svr_linear,124.4575767,106.48535831609144
plant_height,svr_linear,113.832301,113.61192472870695
plant_height,svr_linear,107.6234853,95.43210019777585
plant_height,svr_linear,121.5593403,109.23096039701265
plant_height,svr_linear,107.2437435,100.36486709010202
plant_height,svr_linear,103.2290453,113.62952125491866
plant_height,svr_linear,107.8473284,108.04283049108967
plant_height,svr_linear,120.0981307,115.12499758225425
plant_height,svr_linear,99.65769757,108.4658801838427
plant_height,svr_linear,122.5409639,112.34223800531204
plant_height,svr_linear,119.9971094,113.64095646813615
plant_height,svr_linear,116.3721885,110.64425908397791
plant_height,svr_linear,129.8039584,119.64196457231131
plant_height,svr_linear,110.1851792,112.36999189823212
plant_height,svr_linear,116.9036982,113.80377423677703
plant_height,svr_linear,120.9437699,113.16677552133436
plant_height,svr_linear,107.9376623,89.21169616827603
plant_height,svr_linear,122.2950428,117.5462440336809
plant_height,svr_linear,117.057289,109.72826307546751
plant_height,svr_linear,120.9205654,104.7984049848564
plant_height,svr_linear,110.3116322,90.07989062674336
plant_height,svr_linear,96.11443676,92.90147683722
plant_height,svr_linear,104.8526051,105.8101088789512
plant_height,svr_linear,105.5795579,103.28737958664986
plant_height,svr_linear,111.4781726,91.6685140339962
plant_height,svr_linear,112.8974152,92.34563761031298
plant_height,svr_linear,106.2794595,89.90013264716846
plant_height,svr_linear,108.8342622,94.35899562161397
plant_height,svr_linear,100.4415968,103.01507868534325
plant_height,svr_linear,109.8410857,97.54431387049101
plant_height,svr_linear,111.5325127,88.4481488108049
plant_height,svr_linear,123.1449085,126.43763018684703
plant_height,svr_linear,106.9502258,94.4203580319302
plant_height,svr_linear,106.3775416,93.40056565555727
plant_height,svr_linear,99.85621683,89.14299606073072
plant_height,svr_linear,110.4937157,107.77372946981293
plant_height,svr_linear,113.5789047,114.84139678286952
plant_height,svr_linear,124.2590065,105.48626585583416
plant_height,svr_linear,127.1060947,102.59249431828843
plant_height,svr_linear,123.222434,98.43031166962683
plant_height,svr_linear,101.7823413,95.35851207749671
plant_height,svr_linear,123.5673197,105.01751294145156
plant_height,svr_linear,112.1456235,106.54394292451299
plant_height,svr_linear,118.6357679,105.3542702443423
plant_height,svr_linear,121.1457073,96.59988254045655
plant_height,svr_linear,128.7756457,106.16951778063454
plant_height,svr_linear,127.8431057,103.25595794991143
plant_height,svr_linear,131.1735789,113.86231352529762
plant_height,svr_linear,121.4925814,109.64417550048319
plant_height,svr_linear,111.2514026,104.59869854342018
plant_height,svr_linear,115.8479139,112.78319423796977
plant_height,svr_linear,100.9397008,97.81417775572365
plant_height,svr_linear,132.5448914,113.55710040870473
plant_height,svr_linear,124.2067106,114.19571528550789
plant_height,svr_linear,100.4364716,92.4048990096134
plant_height,svr_linear,106.0942215,103.20462934040546
plant_height,svr_linear,101.6131454,100.99819142208898
plant_height,svr_linear,99.88740211,100.74754622791575
plant_height,svr_linear,121.4822652,105.2308278591096
plant_height,svr_linear,92.05281075,100.45795103309398
plant_height,svr_linear,100.2304319,98.62600429996742
plant_height,svr_linear,92.36898962,102.36241407026446
plant_height,svr_linear,131.4877533,118.58581925534094
plant_height,svr_linear,96.52340573,96.13579708293068
plant_height,svr_linear,108.0248674,107.92271160087563
plant_height,svr_linear,117.3514622,124.20513071817388
plant_height,svr_linear,114.6001764,85.58270555606786
plant_height,svr_linear,114.0998233,97.64897290213557
plant_height,svr_linear,125.9711733,109.43999045541935
plant_height,svr_linear,116.329911,98.31511015979443
plant_height,svr_linear,116.7333687,114.59956292541634
plant_height,svr_linear,134.1641679,118.1677786066544
plant_height,svr_linear,102.159687,114.06953726325902
plant_height,svr_linear,104.9180994,114.30880664557674
plant_height,svr_linear,107.4827731,94.04063355520374
plant_height,svr_linear,127.1523107,109.36151433857987
plant_height,svr_linear,119.6107411,116.52762639702019
plant_height,svr_linear,121.4267711,108.21438927687883
plant_height,svr_linear,113.6376429,114.2761346169236
plant_height,svr_linear,107.5984431,98.9633418606273
plant_height,svr_linear,126.0761084,100.86424774732232
plant_height,svr_linear,122.7039175,125.71221366904926
plant_height,svr_linear,115.4979735,107.44667234633661
plant_height,svr_linear,119.965915,114.56605703398725
plant_height,svr_linear,114.7913446,100.00737862492991
plant_height,svr_linear,120.546945,108.66401614425502
plant_height,svr_linear,120.1732907,113.49994579234135
plant_height,svr_linear,108.255772,95.38960541166159
plant_height,svr_linear,118.1172453,113.36874566835483
plant_height,svr_linear,134.0601499,114.84728033704751
plant_height,svr_linear,124.5093919,108.76159426263541
plant_height,svr_linear,124.5675657,120.43967858104381
plant_height,svr_linear,118.5242,115.91716411112463
plant_height,svr_linear,128.9837841,108.96345337423227
plant_height,svr_linear,103.9559692,102.24087671556133
plant_height,svr_linear,117.5632389,111.45207376020481
plant_height,svr_linear,129.198765,119.38013394143977
plant_height,svr_linear,108.3414896,108.81239900197015
plant_height,svr_linear,134.792114,107.42511975563832
plant_height,svr_linear,124.1292222,116.09702504314289
plant_height,svr_linear,121.3359072,111.82986828265653
plant_height,svr_linear,111.0551308,115.84947185302417
plant_height,svr_linear,111.4538046,108.66570273933472
plant_height,svr_linear,118.2068554,108.78484435615854
plant_height,svr_linear,106.1752828,94.70524725349314
plant_height,svr_linear,113.0290573,115.47879938754284
plant_height,svr_linear,121.3036825,105.85319262094632
plant_height,svr_linear,112.1755482,113.2665982590338
plant_height,svr_linear,128.5293717,112.4688170852359
plant_height,svr_linear,112.6047348,115.27125241744164
plant_height,svr_linear,96.48112943,91.90429445563603
plant_height,svr_linear,123.8850126,108.80698927878416
plant_height,svr_linear,118.3442201,112.36181907120779
plant_height,svr_linear,128.7420327,117.78813666090454
plant_height,svr_linear,101.0732787,92.9725423779432
plant_height,svr_linear,125.0581682,112.19598335811723
plant_height,svr_linear,113.6957067,97.8433946405124
plant_height,svr_linear,96.73207526,94.04648091326014
plant_height,svr_linear,113.6029867,110.49783519504302
plant_height,svr_linear,121.5157387,116.82446242505463
plant_height,svr_linear,113.1422743,115.48339602899452
plant_height,svr_linear,114.9461614,123.10055596454056
plant_height,svr_linear,116.2453591,121.84211387697276
plant_height,svr_linear,123.2389691,112.8104208308054
plant_height,svr_linear,122.7038643,104.9775978646868
plant_height,svr_linear,119.0875068,119.34867720902626
plant_height,svr_linear,113.0776477,89.42114880156034
plant_height,svr_linear,109.0012811,109.30281097952091
plant_height,svr_linear,116.8389657,103.35061313036027
plant_height,svr_linear,118.8033249,118.06484372039144
plant_height,svr_linear,122.9353699,112.09532383537677
plant_height,svr_linear,105.9639661,115.14122445317976
plant_height,svr_linear,121.1614896,120.73186172922301
plant_height,svr_linear,125.4899128,113.01885374807219
plant_height,svr_linear,112.9204173,113.06440923244783
plant_height,svr_linear,136.4899649,110.8935666126076
plant_height,svr_linear,126.2951438,112.1413675727832
plant_height,svr_linear,103.7261679,106.44929226635047
plant_height,svr_linear,111.4762383,114.88872232858746
plant_height,svr_linear,107.7206036,99.75959581343693
plant_height,svr_linear,115.4693022,110.56592735036317
plant_height,svr_linear,108.7609985,101.17110816482145
plant_height,svr_linear,106.1624157,115.28806058751465
plant_height,svr_linear,116.1540014,113.14688915304666
plant_height,svr_linear,128.8110556,120.65567661939808
plant_height,svr_linear,116.6905255,114.07215714383406
plant_height,svr_linear,112.3455719,111.20050676887433
plant_height,svr_linear,119.4079634,107.71824785529361
plant_height,svr_linear,105.4857894,98.08388807385114
plant_height,svr_linear,128.8412042,122.28751470163456
plant_height,svr_linear,121.1790246,104.5647011568604
plant_height,svr_linear,108.7023681,111.2017572042134
plant_height,svr_linear,107.3247625,103.8470731012823
plant_height,svr_linear,120.4673523,122.58780974778942
plant_height,svr_linear,123.1473043,102.48296968747769
plant_height,svr_linear,121.0450272,116.04856321222555
plant_height,svr_linear,127.1053566,111.10378377469848
plant_height,svr_linear,110.4228253,114.19222198068577
plant_height,svr_linear,122.6781527,120.12194290970345
plant_height,svr_linear,127.6582223,119.01064256741734
plant_height,svr_linear,127.7041339,129.3020966057675
plant_height,svr_linear,123.2301247,118.75691944799581
plant_height,svr_linear,116.2204672,117.78537864649284
plant_height,svr_linear,146.069066,114.80105359514886
plant_height,svr_linear,127.1685311,114.58524689965105
plant_height,svr_linear,130.6183339,118.71377900631555
plant_height,svr_linear,124.9086073,104.14598863810411
plant_height,svr_linear,122.6643701,114.28608083858079
plant_height,svr_linear,122.1227675,111.81742323892912
plant_height,svr_linear,105.7065746,92.30761308867261
plant_height,svr_linear,103.7348078,90.00347622618303
plant_height,svr_linear,120.769991,122.49957681383853
plant_height,svr_linear,90.66226899,115.70182517503325
plant_height,svr_linear,117.4531979,104.95389732350496
plant_height,svr_linear,125.9418267,114.70025869393484
plant_height,svr_linear,122.9698614,122.80351415104555
plant_height,svr_linear,130.4924975,120.87883632641656
plant_height,svr_linear,115.9380008,117.95664852659547
plant_height,svr_linear,136.6347445,111.89241793809423
plant_height,svr_linear,123.3448183,111.85228528356913
plant_height,svr_linear,119.6957499,104.35035837568579
plant_height,svr_linear,113.7035045,104.13551944635714
plant_height,svr_linear,120.8808453,107.98469792574137
plant_height,svr_linear,118.3564356,121.83030047231871
plant_height,svr_linear,128.846156,123.92454177516011
plant_height,svr_linear,115.6154636,113.95823488726766
plant_height,svr_linear,116.9716221,114.05999451695591
plant_height,svr_linear,123.3686299,124.15513221151772
plant_height,svr_linear,117.250566,113.92460517086697
plant_height,svr_linear,113.1441259,123.99394637086071
plant_height,svr_linear,118.7915277,119.96320868797962
plant_height,svr_linear,120.2736169,115.42322490738654
plant_height,svr_linear,124.8702481,123.01208002245185
plant_height,svr_linear,118.5874503,102.05613990913211
plant_height,svr_linear,111.3179896,105.93017148016736
plant_height,svr_linear,120.2774982,118.6994240988589
plant_height,svr_linear,116.4943304,115.86603284600922
plant_height,svr_linear,123.7604556,103.9491903659408
plant_height,svr_linear,119.9605898,106.66542843229556
plant_height,svr_linear,125.2551565,115.15311613940207
plant_height,svr_linear,117.936323,110.8885905335821
plant_height,svr_linear,129.5564533,109.21362504004054
plant_height,svr_linear,128.0826243,114.59890610569089
plant_height,svr_linear,126.482528,112.41441716464853
plant_height,svr_linear,126.7914052,113.61901395834364
plant_height,svr_linear,119.9671751,112.468125731462
plant_height,svr_linear,131.3403719,109.2022533003058
plant_height,svr_linear,127.8967911,112.57519203339541
plant_height,svr_linear,110.4340489,95.29036248023809
plant_height,svr_linear,108.4366725,100.16563658931487
plant_height,svr_linear,113.072724,106.1566809522902
plant_height,svr_linear,107.9040514,94.30130639745597
plant_height,svr_linear,121.1457828,114.91326525360822
plant_height,svr_linear,140.5558154,108.45635782890055
plant_height,svr_linear,122.334033,108.41611856256576
plant_height,svr_linear,129.8368486,114.69948496153908
plant_height,svr_linear,121.2942359,96.65569778219324
plant_height,svr_linear,122.8885492,95.62607580164224
plant_height,svr_linear,120.4771385,105.22876792866795
plant_height,svr_linear,117.680709,110.76874575712831
plant_height,svr_linear,126.7330912,119.92648699448496
plant_height,svr_linear,123.9806073,106.15807443850106
plant_height,svr_linear,112.4696835,102.64382537662304
plant_height,svr_linear,120.3251529,116.8962559606272
plant_height,svr_linear,116.709175,109.40916196094757
plant_height,svr_linear,127.0856392,111.56917887766922
plant_height,svr_linear,126.1563203,115.65568117284775
plant_height,svr_linear,122.2539265,109.54292383080254
plant_height,svr_linear,104.3796509,110.19355425229384
plant_height,svr_linear,109.1061281,111.47815589838252
plant_height,svr_linear,115.905697,113.17523542862226
plant_height,svr_linear,97.46148845,116.04045929355706
plant_height,svr_linear,104.7726078,84.93804292301581
plant_height,svr_linear,111.902964,109.04059849636018
plant_height,svr_linear,110.3634195,110.43255759399237
plant_height,svr_linear,119.1098221,114.66517860535883
plant_height,svr_linear,124.6855763,118.91643375326788
plant_height,svr_linear,123.4609767,123.26464495614783
plant_height,svr_linear,109.4556853,111.55232825570307
plant_height,svr_linear,118.4901227,115.29295324304218
plant_height,svr_linear,111.1233027,89.5131926789374
plant_height,svr_linear,113.1904993,94.50941936634862
plant_height,svr_linear,128.3876327,115.50362810424272
plant_height,svr_linear,129.2049453,114.21472700557891
plant_height,svr_linear,97.74058152,103.50828139422802
plant_height,svr_linear,111.3507427,98.06316150748762
plant_height,svr_linear,112.0007882,110.16588005992145
plant_height,svr_linear,128.7050068,96.65624876154395
plant_height,svr_linear,136.0994915,98.82444088544665
plant_height,svr_linear,138.383599,97.86644621940196
plant_height,svr_linear,132.9095952,99.5412359596291
plant_height,svr_linear,96.87507935,100.49405549073393
plant_height,svr_linear,107.4392418,95.17306772147082
plant_height,svr_linear,120.7834278,98.38112509287463
plant_height,svr_linear,132.678896,111.46412162693609
plant_height,svr_linear,120.4586215,109.42167363611298
puccinia_hordei,svr_linear,3.277472024,2.746040455226254
puccinia_hordei,svr_linear,2.704659937,2.9768542941784863
puccinia_hordei,svr_linear,3.987689749,3.353172961960444
puccinia_hordei,svr_linear,2.936407423,3.0728471620980318
puccinia_hordei,svr_linear,2.339840503,3.037136787825176
puccinia_hordei,svr_linear,2.23818106,3.0844029664253574
puccinia_hordei,svr_linear,2.36839872,2.8639630115301467
puccinia_hordei,svr_linear,2.435159827,3.1334341916269963
puccinia_hordei,svr_linear,4.285290114,2.8587824028092035
puccinia_hordei,svr_linear,3.013334901,3.5762948419869147
puccinia_hordei,svr_linear,3.180363224,3.259594821137375
puccinia_hordei,svr_linear,2.559396466,3.1250213067310812
puccinia_hordei,svr_linear,3.227694049,2.866021744562396
puccinia_hordei,svr_linear,3.653139978,3.5390118840961664
puccinia_hordei,svr_linear,2.151695764,3.2347839495182735
puccinia_hordei,svr_linear,3.586529899,2.7566096432314127
puccinia_hordei,svr_linear,2.575955544,3.012723215930718
puccinia_hordei,svr_linear,3.29189463,3.1780004598592115
puccinia_hordei,svr_linear,3.122467129,3.108139774680658
puccinia_hordei,svr_linear,3.681231306,2.8188459299868347
puccinia_hordei,svr_linear,3.419676527,3.157162927950839
puccinia_hordei,svr_linear,2.50903281,3.1556014006487088
puccinia_hordei,svr_linear,2.755863966,3.086658090676738
puccinia_hordei,svr_linear,3.030632551,3.5414957223478725
puccinia_hordei,svr_linear,3.544363585,3.0147822325855964
puccinia_hordei,svr_linear,3.452074517,2.8578034480556105
puccinia_hordei,svr_linear,3.212672784,3.430087632272891
puccinia_hordei,svr_linear,3.613287387,2.839853339485856
puccinia_hordei,svr_linear,3.327161818,3.0041643775020717
puccinia_hordei,svr_linear,1.694911443,3.101546726266447
puccinia_hordei,svr_linear,3.642335315,2.9980185546194127
puccinia_hordei,svr_linear,2.850409116,2.787718118105464
puccinia_hordei,svr_linear,2.127103216,2.8261742656421838
puccinia_hordei,svr_linear,3.069837308,3.025805687453201
puccinia_hordei,svr_linear,2.582454207,3.039279689228563
puccinia_hordei,svr_linear,3.481789567,2.9495861252655398
puccinia_hordei,svr_linear,3.503111504,2.9644632935560313
puccinia_hordei,svr_linear,3.655794005,2.9837747116357267
puccinia_hordei,svr_linear,3.215957119,2.9164262303919624
puccinia_hordei,svr_linear,1.934419049,3.003834712748679
puccinia_hordei,svr_linear,3.245047476,3.380900682114118
puccinia_hordei,svr_linear,2.330782329,2.95880267274653
puccinia_hordei,svr_linear,2.692185626,2.783205892039539
puccinia_hordei,svr_linear,3.259357504,2.704263815178804
puccinia_hordei,svr_linear,3.668898241,2.9641146365008355
puccinia_hordei,svr_linear,3.722300922,3.0108028849516444
puccinia_hordei,svr_linear,3.485160564,2.9696930225576317
puccinia_hordei,svr_linear,3.101516215,2.959448437857974
puccinia_hordei,svr_linear,2.52351814,3.0809562902467187
puccinia_hordei,svr_linear,3.455529152,3.224756140156999
puccinia_hordei,svr_linear,2.491589388,2.9911257730403387
puccinia_hordei,svr_linear,2.747696887,3.0457456641815823
puccinia_hordei,svr_linear,3.539816433,3.009601885443587
puccinia_hordei,svr_linear,3.156730065,3.01984530216333
puccinia_hordei,svr_linear,2.251752855,3.0676435676264946
puccinia_hordei,svr_linear,3.224428432,3.0792499903626265
puccinia_hordei,svr_linear,3.298355298,2.742018063374214
puccinia_hordei,svr_linear,2.485937804,2.945369067146194
puccinia_hordei,svr_linear,3.201214853,3.3907314515245837
puccinia_hordei,svr_linear,3.534294529,2.8615165838641436
puccinia_hordei,svr_linear,3.870549068,2.8139869612626
puccinia_hordei,svr_linear,3.435513967,2.7200466920551207
puccinia_hordei,svr_linear,2.187329704,3.163973560555408
puccinia_hordei,svr_linear,2.847834612,3.514443618605758
puccinia_hordei,svr_linear,4.14361593,3.0443643040417627
puccinia_hordei,svr_linear,2.415050198,2.821300887047954
puccinia_hordei,svr_linear,1.887397576,3.049643327600994
puccinia_hordei,svr_linear,4.241806878,3.0704882543838625
puccinia_hordei,svr_linear,3.040840407,3.038022196747101
puccinia_hordei,svr_linear,3.152653976,2.8784472074807796
puccinia_hordei,svr_linear,3.094822419,2.929001610625929
puccinia_hordei,svr_linear,2.840948973,3.268705214346798
puccinia_hordei,svr_linear,3.423078891,2.98430803420914
puccinia_hordei,svr_linear,3.56963414,3.1571887831377374
puccinia_hordei,svr_linear,2.900417363,2.815282628015515
puccinia_hordei,svr_linear,3.490592946,2.8495571579330576
puccinia_hordei,svr_linear,2.655641478,3.214084359111296
puccinia_hordei,svr_linear,4.196592221,3.274201182041542
puccinia_hordei,svr_linear,3.654297906,2.985876057239744
puccinia_hordei,svr_linear,1.897279566,3.1023855748430584
puccinia_hordei,svr_linear,2.843900985,3.02516495467917
puccinia_hordei,svr_linear,4.104650059,2.9622357594427022
puccinia_hordei,svr_linear,2.75148623,3.2177924541873093
puccinia_hordei,svr_linear,3.515686406,2.9810709088684364
puccinia_hordei,svr_linear,2.422133949,2.7692068758562938
puccinia_hordei,svr_linear,2.453013617,3.2138018328238758
puccinia_hordei,svr_linear,2.439909945,2.7669036395327646
puccinia_hordei,svr_linear,2.337096095,3.3208758095445954
puccinia_hordei,svr_linear,3.301891917,3.074066280357666
puccinia_hordei,svr_linear,2.684202513,2.844149769119576
puccinia_hordei,svr_linear,2.992472873,3.0552923863489916
puccinia_hordei,svr_linear,2.843604603,3.108777633390157
puccinia_hordei,svr_linear,2.824497168,2.922973748966713
puccinia_hordei,svr_linear,3.311040749,3.1087685461568104
puccinia_hordei,svr_linear,3.663168131,3.0931162164461723
puccinia_hordei,svr_linear,2.917100952,3.0606811468744954
puccinia_hordei,svr_linear,2.688501234,3.1518829151269094
puccinia_hordei,svr_linear,3.507935788,2.9582155262389254
puccinia_hordei,svr_linear,3.577773861,2.8054771652077775
puccinia_hordei,svr_linear,4.392170107,3.1849109042671335
puccinia_hordei,svr_linear,2.939003143,2.9714118400693073
puccinia_hordei,svr_linear,3.375402593,3.0582174855493114
puccinia_hordei,svr_linear,3.378501294,2.9590995682340564
puccinia_hordei,svr_linear,2.532428429,2.9196322395290704
puccinia_hordei,svr_linear,2.311449485,3.0464118253279873
puccinia_hordei,svr_linear,3.52203928,2.9991288282079873
puccinia_hordei,svr_linear,3.545318486,3.0037964510811754
puccinia_hordei,svr_linear,3.621145305,3.0578485528194133
puccinia_hordei,svr_linear,3.553013262,2.699594666550948
puccinia_hordei,svr_linear,4.246663348,2.7961191408837944
puccinia_hordei,svr_linear,3.126109544,3.0645857287051403
puccinia_hordei,svr_linear,3.89029475,2.809477822221882
puccinia_hordei,svr_linear,2.606335367,3.1311202869581907
puccinia_hordei,svr_linear,2.735197398,2.812812725803982
puccinia_hordei,svr_linear,2.651647807,2.7196785941046944
puccinia_hordei,svr_linear,3.503593726,2.992757956530977
puccinia_hordei,svr_linear,3.026223848,3.086627177573959
puccinia_hordei,svr_linear,3.045311468,3.0569380098744006
puccinia_hordei,svr_linear,2.389406597,3.3778494190697765
puccinia_hordei,svr_linear,3.911573142,2.9655355800046714
puccinia_hordei,svr_linear,2.020286019,3.1378511957741413
puccinia_hordei,svr_linear,3.682322422,3.024340813579755
puccinia_hordei,svr_linear,3.258138848,2.807113615668295
puccinia_hordei,svr_linear,4.321117532,3.0025763882043925
puccinia_hordei,svr_linear,3.112914363,3.1212202265152578
puccinia_hordei,svr_linear,2.157948781,3.1217959356431777
puccinia_hordei,svr_linear,3.259205402,2.9245626999806564
puccinia_hordei,svr_linear,2.474510058,3.210550184450065
puccinia_hordei,svr_linear,4.704376164,3.8093448030136643
puccinia_hordei,svr_linear,2.996081601,3.43407699150577
puccinia_hordei,svr_linear,3.078000571,3.793445974035157
puccinia_hordei,svr_linear,3.724975859,3.8512933797743285
puccinia_hordei,svr_linear,3.800702182,3.7735203102302384
puccinia_hordei,svr_linear,4.153108705,3.772851117732351
puccinia_hordei,svr_linear,3.316778808,3.9259411161652715
puccinia_hordei,svr_linear,2.244565353,3.456185604164347
puccinia_hordei,svr_linear,5.660555098,3.65114097982139
puccinia_hordei,svr_linear,3.363905464,3.5076827397836703
puccinia_hordei,svr_linear,4.834584662,3.6428488239413888
puccinia_hordei,svr_linear,3.183891717,3.7550672233415634
puccinia_hordei,svr_linear,2.777285482,3.35858171386485
puccinia_hordei,svr_linear,5.033953443,3.7982200019366528
puccinia_hordei,svr_linear,4.955517329,3.9815404123354017
puccinia_hordei,svr_linear,3.935124328,3.7994962059951867
puccinia_hordei,svr_linear,4.278917309,3.8396228960972945
puccinia_hordei,svr_linear,3.390786197,3.559766763644075
puccinia_hordei,svr_linear,3.96995203,3.6000651211521335
puccinia_hordei,svr_linear,4.035830004,3.7543196759447848
puccinia_hordei,svr_linear,3.292926101,3.4146224547691286
puccinia_hordei,svr_linear,2.850452156,3.358098663321124
puccinia_hordei,svr_linear,3.492930467,3.868287343138093
puccinia_hordei,svr_linear,4.853022147,3.7388946150046576
puccinia_hordei,svr_linear,2.625468412,3.3284488044168903
puccinia_hordei,svr_linear,2.485006993,3.7089710986171918
puccinia_hordei,svr_linear,3.435232216,3.665535621662669
puccinia_hordei,svr_linear,2.394827239,3.3194531563537124
puccinia_hordei,svr_linear,2.201137565,3.7341756482213935
puccinia_hordei,svr_linear,3.15448517,3.337298361536539
puccinia_hordei,svr_linear,2.822002793,3.4091651233782807
puccinia_hordei,svr_linear,3.895829864,4.04818439230156
puccinia_hordei,svr_linear,3.367690134,3.491487416724429
puccinia_hordei,svr_linear,3.545386202,3.7899300695856923
puccinia_hordei,svr_linear,4.335581173,3.7567051555161464
puccinia_hordei,svr_linear,3.733577503,3.7212340149494185
puccinia_hordei,svr_linear,2.70743914,3.810703287683638
puccinia_hordei,svr_linear,4.482906013,3.664172438821234
puccinia_hordei,svr_linear,2.318754641,3.587868341640026
puccinia_hordei,svr_linear,2.433929439,3.6514897878595836
puccinia_hordei,svr_linear,3.801690551,3.646684859607598
puccinia_hordei,svr_linear,4.365719835,2.851354322632636
puccinia_hordei,svr_linear,2.740921654,3.3825129355064933
puccinia_hordei,svr_linear,4.075720076,3.677132250229363
puccinia_hordei,svr_linear,2.98485908,3.7260290951233506
puccinia_hordei,svr_linear,3.189461862,3.412705997908981
puccinia_hordei,svr_linear,3.016803459,3.28278152507642
puccinia_hordei,svr_linear,5.546862832,4.055006660805741
puccinia_hordei,svr_linear,3.754008315,3.5577979689865455
puccinia_hordei,svr_linear,5.233900646,3.7483041424812904
puccinia_hordei,svr_linear,3.425608465,3.7840116331493774
puccinia_hordei,svr_linear,4.759420795,3.5302330169687632
puccinia_hordei,svr_linear,2.435437232,3.312781579744072
puccinia_hordei,svr_linear,3.527622595,3.761095387694207
puccinia_hordei,svr_linear,3.694697124,3.6052008259332444
puccinia_hordei,svr_linear,4.883169536,3.787408545744455
puccinia_hordei,svr_linear,1.950576409,3.3557903547347365
puccinia_hordei,svr_linear,2.608922607,3.6727108378620663
puccinia_hordei,svr_linear,2.637789542,3.4811036651968967
puccinia_hordei,svr_linear,2.5668081,3.727397227518186
puccinia_hordei,svr_linear,4.51785379,3.7143227685275177
puccinia_hordei,svr_linear,3.29845433,3.8069393647085716
puccinia_hordei,svr_linear,3.580885016,3.7619819746140437
puccinia_hordei,svr_linear,2.359486864,3.4926568404762777
puccinia_hordei,svr_linear,2.302934061,3.652012971506338
puccinia_hordei,svr_linear,3.431809402,3.6474148470143524
puccinia_hordei,svr_linear,4.425092876,3.5729129582478394
puccinia_hordei,svr_linear,2.38644984,3.4825121843914433
puccinia_hordei,svr_linear,3.259365758,4.027576693384267
puccinia_hordei,svr_linear,4.543606227,3.57489955859855
puccinia_hordei,svr_linear,4.437109031,3.598178450624885
puccinia_hordei,svr_linear,6.732138521,3.3506066954680884
puccinia_hordei,svr_linear,2.286749536,3.8012945058382175
puccinia_hordei,svr_linear,3.586890105,3.794099236903993
puccinia_hordei,svr_linear,3.847656786,3.8302449662976024
puccinia_hordei,svr_linear,4.511306501,3.7789575572342935
puccinia_hordei,svr_linear,3.297578566,3.792308176907062
puccinia_hordei,svr_linear,3.210091574,3.8497997349456874
puccinia_hordei,svr_linear,3.084104415,3.4719319077295454
puccinia_hordei,svr_linear,3.240887432,3.713855027825602
puccinia_hordei,svr_linear,4.369050314,3.9695546452210326
puccinia_hordei,svr_linear,3.602862624,3.7100313499103867
puccinia_hordei,svr_linear,4.05174367,3.7880871423075955
puccinia_hordei,svr_linear,4.617894444,3.828876277934657
puccinia_hordei,svr_linear,4.493664086,3.7660895881346255
puccinia_hordei,svr_linear,3.941010324,3.8807979922953755
puccinia_hordei,svr_linear,3.207944726,3.8624430155805682
puccinia_hordei,svr_linear,2.987776782,3.678437499083723
puccinia_hordei,svr_linear,4.220586142,3.82291111691641
puccinia_hordei,svr_linear,5.139909598,3.579505148494063
puccinia_hordei,svr_linear,2.292733071,3.405254049473973
puccinia_hordei,svr_linear,3.98105119,3.9197926447417
puccinia_hordei,svr_linear,2.434904658,3.2930341661534506
puccinia_hordei,svr_linear,3.499322479,3.786305869050798
puccinia_hordei,svr_linear,3.409550091,3.607386797875315
puccinia_hordei,svr_linear,3.190417333,3.632067853333991
puccinia_hordei,svr_linear,3.894144759,3.8884007395545948
puccinia_hordei,svr_linear,3.301038624,3.9697626582328946
puccinia_hordei,svr_linear,3.006552355,3.420317495486219
puccinia_hordei,svr_linear,2.416579566,3.3476372031811685
puccinia_hordei,svr_linear,2.216430104,3.593305922591569
puccinia_hordei,svr_linear,3.890102553,3.889037424172442
puccinia_hordei,svr_linear,4.067255282,3.8290046276065213
puccinia_hordei,svr_linear,4.384195279,3.863172403009085
puccinia_hordei,svr_linear,3.87921308,3.8386048175277594
puccinia_hordei,svr_linear,2.902092619,3.791405992206266
puccinia_hordei,svr_linear,3.820092496,3.6100510770822662
puccinia_hordei,svr_linear,3.025008995,3.8204123711131714
puccinia_hordei,svr_linear,3.225244892,3.3571600141820133
puccinia_hordei,svr_linear,2.382297749,3.393238347485551
puccinia_hordei,svr_linear,3.491801679,3.6691324801930136
puccinia_hordei,svr_linear,4.752133911,3.0625409281649674
puccinia_hordei,svr_linear,3.038948346,3.8523705649155606
puccinia_hordei,svr_linear,2.061989595,3.5615740371076567
puccinia_hordei,svr_linear,4.865424415,3.923970303654368
puccinia_hordei,svr_linear,4.054610666,3.590017366328156
puccinia_hordei,svr_linear,2.997159288,3.693966454150715
puccinia_hordei,svr_linear,4.167600868,3.7575397802406534
puccinia_hordei,svr_linear,5.206443538,3.5315877235658735
puccinia_hordei,svr_linear,2.536685187,3.528677321012694
puccinia_hordei,svr_linear,3.422121213,3.8527308622843006
puccinia_hordei,svr_linear,2.672359935,3.769194290336115
puccinia_hordei,svr_linear,2.291861143,3.305482818742822
puccinia_hordei,svr_linear,4.252229468,3.081144619900976
puccinia_hordei,svr_linear,2.36968538,3.445833459674005
puccinia_hordei,svr_linear,3.019232724,3.5824681792306596
puccinia_hordei,svr_linear,3.422231878,3.769292416899292
puccinia_hordei,svr_linear,4.012427564,3.833019248165117
puccinia_hordei,svr_linear,3.544412291,3.6200721052630587
puccinia_hordei,svr_linear,2.352113465,3.592906161098998
puccinia_hordei,svr_linear,3.996819878,3.904701531516795
puccinia_hordei,svr_linear,2.129006955,3.8664982209616197
puccinia_hordei,svr_linear,2.635985504,3.466561118119974
puccinia_hordei,svr_linear,4.824819093,3.848689642441701
puccinia_hordei,svr_linear,3.005197388,3.313527612265484
puccinia_hordei,svr_linear,3.283135611,3.8249913150899912
puccinia_hordei,svr_linear,3.213854989,2.8135622591088127
puccinia_hordei,svr_linear,2.904180983,3.7252937374309596
puccinia_hordei,svr_linear,3.990675395,3.812602065400601
puccinia_hordei,svr_linear,3.178215111,3.405765310209285
puccinia_hordei,svr_linear,4.208782789,3.6274606249320334
puccinia_hordei,svr_linear,4.209667083,3.8094339264176
puccinia_hordei,svr_linear,3.021880704,3.3546217352496255
puccinia_hordei,svr_linear,2.997767347,3.4744166263700107
puccinia_hordei,svr_linear,3.929371235,3.61417383271123
puccinia_hordei,svr_linear,3.823862364,3.6094397813829713
puccinia_hordei,svr_linear,3.458364316,3.696623365100619
puccinia_hordei,svr_linear,3.554952507,3.6214699333466744
puccinia_hordei,svr_linear,4.495270668,3.7546462043130306
puccinia_hordei,svr_linear,3.753172901,3.251011863478812
puccinia_hordei,svr_linear,2.230148973,3.654190488460741
puccinia_hordei,svr_linear,2.489197525,3.8124291681054125
puccinia_hordei,svr_linear,5.14920616,3.7153493235313153
puccinia_hordei,svr_linear,2.725553038,3.5309634815648927
puccinia_hordei,svr_linear,3.208613182,3.8350675484139796
puccinia_hordei,svr_linear,4.288239778,3.6683561730289265
puccinia_hordei,svr_linear,3.805014659,3.653214685134614
puccinia_hordei,svr_linear,3.296138908,3.4463611464377335
puccinia_hordei,svr_linear,3.736892102,3.8117030521359765
puccinia_hordei,svr_linear,3.924627931,3.6622203296073135
puccinia_hordei,svr_linear,3.042942123,3.4603418467559086
puccinia_hordei,svr_linear,2.79359558,3.5239557452947183
puccinia_hordei,svr_linear,2.630860408,3.4120260501192043
puccinia_hordei,svr_linear,3.934773756,3.871883384007978
puccinia_hordei,svr_linear,3.178047993,3.7501279443710867
puccinia_hordei,svr_linear,3.080001886,3.7429300301367876
puccinia_hordei,svr_linear,3.298762807,3.6051209919922114
puccinia_hordei,svr_linear,2.037578347,3.6444242433176295
puccinia_hordei,svr_linear,4.302396377,3.635729736308722
puccinia_hordei,svr_linear,4.871193964,3.7676947470787256
puccinia_hordei,svr_linear,6.159276674,5.244889341407868
puccinia_hordei,svr_linear,5.545036274,5.570581719194777
puccinia_hordei,svr_linear,6.617436693,5.696579287107412
puccinia_hordei,svr_linear,5.974325564,5.8661993099902
puccinia_hordei,svr_linear,6.390596062,5.922412168841692
puccinia_hordei,svr_linear,4.5597863,4.934327308743789
puccinia_hordei,svr_linear,2.926005732,4.13783360974368
puccinia_hordei,svr_linear,4.866128898,6.241478177788341
puccinia_hordei,svr_linear,5.942990037,4.442494728504614
puccinia_hordei,svr_linear,4.551163469,4.2408271651117415
puccinia_hordei,svr_linear,4.67386539,4.100505224808317
puccinia_hordei,svr_linear,3.650349529,4.299107544017871
puccinia_hordei,svr_linear,5.516817921,4.401843905114342
puccinia_hordei,svr_linear,4.188099474,4.073175272851234
puccinia_hordei,svr_linear,3.722916558,3.526524484258122
puccinia_hordei,svr_linear,2.291571549,3.357425099329899
puccinia_hordei,svr_linear,4.884865343,3.8973627597188965
puccinia_hordei,svr_linear,4.252943974,4.981317493811833
puccinia_hordei,svr_linear,2.98566495,4.271120117004563
puccinia_hordei,svr_linear,2.058572759,3.5468055136149075
puccinia_hordei,svr_linear,3.659636669,3.833110964648778
puccinia_hordei,svr_linear,4.894147838,4.671442330621206
puccinia_hordei,svr_linear,3.617064811,4.430572087778302
puccinia_hordei,svr_linear,5.27885052,4.977146765422887
puccinia_hordei,svr_linear,4.726271006,4.456502674224461
puccinia_hordei,svr_linear,4.712618739,4.934427574636647
puccinia_hordei,svr_linear,5.365833824,4.748913279777784
puccinia_hordei,svr_linear,4.350912703,4.2742678918865
puccinia_hordei,svr_linear,6.199935744,4.2198984299079525
puccinia_hordei,svr_linear,4.65316017,4.984691526262743
puccinia_hordei,svr_linear,4.090260303,4.535533759509472
puccinia_hordei,svr_linear,3.616646348,3.9236821962868995
puccinia_hordei,svr_linear,4.579586246,3.9599298593363317
puccinia_hordei,svr_linear,3.398025096,4.704589616639743
puccinia_hordei,svr_linear,4.174465326,4.83147648795489
puccinia_hordei,svr_linear,6.01474557,6.3658842825296205
puccinia_hordei,svr_linear,3.992743152,6.126388543369407
puccinia_hordei,svr_linear,4.900736251,5.900225742802068
puccinia_hordei,svr_linear,4.997227105,5.442167801792492
puccinia_hordei,svr_linear,4.901974511,4.873496632049036
puccinia_hordei,svr_linear,5.075318654,4.470617353497387
puccinia_hordei,svr_linear,4.455145629,5.3197158656917685
puccinia_hordei,svr_linear,2.481614469,3.7912700291846435
puccinia_hordei,svr_linear,4.719276822,3.792599916342869
puccinia_hordei,svr_linear,4.899075576,3.708310312735524
puccinia_hordei,svr_linear,4.271300291,4.032873774812599
puccinia_hordei,svr_linear,3.449587438,3.4548164331694142
puccinia_hordei,svr_linear,3.94621894,4.13881274840805
puccinia_hordei,svr_linear,3.249016218,3.996882012073495
puccinia_hordei,svr_linear,4.870237253,5.969399302486889
puccinia_hordei,svr_linear,5.391160985,5.121203240048377
puccinia_hordei,svr_linear,5.807178616,5.762237774510659
puccinia_hordei,svr_linear,5.667100245,5.8025594642700735
puccinia_hordei,svr_linear,3.849916634,4.13329099996982
puccinia_hordei,svr_linear,5.999044022,6.034574367829425
puccinia_hordei,svr_linear,5.922888009,5.662539845252808
puccinia_hordei,svr_linear,3.364563149,3.757721634519446
puccinia_hordei,svr_linear,4.344678804,4.202936658092477
puccinia_hordei,svr_linear,3.844594026,4.72550295839008
puccinia_hordei,svr_linear,3.11067437,4.256725129220603
puccinia_hordei,svr_linear,5.16892617,4.381376672009154
puccinia_hordei,svr_linear,4.295867062,3.8386973104727558
puccinia_hordei,svr_linear,3.811055463,4.873778845310675
puccinia_hordei,svr_linear,6.300599924,5.89903395815846
puccinia_hordei,svr_linear,3.603779553,4.386142759513437
puccinia_hordei,svr_linear,5.107347502,4.621175402444951
puccinia_hordei,svr_linear,3.892149974,4.522607077416466
puccinia_hordei,svr_linear,6.037754899,6.132260626245221
puccinia_hordei,svr_linear,2.986500288,4.045413936875643
puccinia_hordei,svr_linear,5.085301335,4.86185591888901
puccinia_hordei,svr_linear,3.75953967,4.5575997422391215
puccinia_hordei,svr_linear,3.867121615,4.9839501513005935
puccinia_hordei,svr_linear,4.934474187,4.1733541138279735
puccinia_hordei,svr_linear,3.557623393,4.343489219082814
puccinia_hordei,svr_linear,3.694606242,3.8235748154143456
puccinia_hordei,svr_linear,3.743767297,4.0204139461591515
puccinia_hordei,svr_linear,4.811330702,4.063946297575656
puccinia_hordei,svr_linear,5.48575449,4.603270764694431
puccinia_hordei,svr_linear,3.439067514,3.940547571974385
puccinia_hordei,svr_linear,4.79729568,3.7543114827044453
puccinia_hordei,svr_linear,3.15352416,3.3639078488772305
puccinia_hordei,svr_linear,5.882034504,5.282452044057767
puccinia_hordei,svr_linear,5.863594491,5.316323484379922
puccinia_hordei,svr_linear,5.769068013,5.44726514875391
puccinia_hordei,svr_linear,5.597621919,5.137547154093799
puccinia_hordei,svr_linear,4.087469778,3.784328895251164
puccinia_hordei,svr_linear,5.297600796,4.581624001644665
puccinia_hordei,svr_linear,5.694146769,4.412098519594536
puccinia_hordei,svr_linear,4.916357531,4.065991832211868
puccinia_hordei,svr_linear,4.013740811,4.760774414770444
puccinia_hordei,svr_linear,3.264362148,4.763299674800379
puccinia_hordei,svr_linear,5.186607252,4.486605784528917
puccinia_hordei,svr_linear,5.305322064,3.9959789985979475
puccinia_hordei,svr_linear,4.034457326,3.9534905139275334
puccinia_hordei,svr_linear,5.370473982,5.487845981380037
puccinia_hordei,svr_linear,3.665065449,4.488671011048465
puccinia_hordei,svr_linear,3.904151627,4.439591002728644
puccinia_hordei,svr_linear,3.465693914,4.952137762698213
puccinia_hordei,svr_linear,4.739315934,4.527012464546525
puccinia_hordei,svr_linear,4.677228227,4.559154139953071
puccinia_hordei,svr_linear,4.906338264,4.872446009418734
puccinia_hordei,svr_linear,4.245558176,3.8731578311458277
puccinia_hordei,svr_linear,4.059026695,4.556841397327849
puccinia_hordei,svr_linear,3.76358415,4.218113944786939
puccinia_hordei,svr_linear,4.184214872,4.0510373461258915
puccinia_hordei,svr_linear,5.058798432,4.1203189259781015
puccinia_hordei,svr_linear,4.008280335,4.92234091080738
puccinia_hordei,svr_linear,5.643715611,4.786418017983215
puccinia_hordei,svr_linear,5.239935078,4.667700474723267
puccinia_hordei,svr_linear,3.080240091,4.412637968565181
puccinia_hordei,svr_linear,3.779871727,5.149702465650474
puccinia_hordei,svr_linear,2.103124196,4.05475428503289
puccinia_hordei,svr_linear,3.148806516,4.439874560654251
puccinia_hordei,svr_linear,5.663335825,4.752826154667351
puccinia_hordei,svr_linear,3.33456567,3.7204010541035193
puccinia_hordei,svr_linear,5.059118732,1.6076133391758698
puccinia_hordei,svr_linear,2.91762368,4.1653325017298695
puccinia_hordei,svr_linear,3.717596471,3.341782120569314
puccinia_hordei,svr_linear,3.569822237,4.332336731321267
puccinia_hordei,svr_linear,3.002257017,4.471920577920946
puccinia_hordei,svr_linear,6.497600366,5.911427128567519
puccinia_hordei,svr_linear,5.538474763,4.442236567930654
puccinia_hordei,svr_linear,5.852271628,4.981842783701653
puccinia_hordei,svr_linear,5.637326704,4.405644495282268
puccinia_hordei,svr_linear,4.083270138,3.6397152115735376
puccinia_hordei,svr_linear,5.093261544,3.9500974434863325
puccinia_hordei,svr_linear,4.848950102,4.83538535524717
puccinia_hordei,svr_linear,4.86946176,5.139890049650199
puccinia_hordei,svr_linear,4.583306968,4.780464340264852
puccinia_hordei,svr_linear,4.545383864,4.963643568209763
puccinia_hordei,svr_linear,4.701328131,3.878330177305247
puccinia_hordei,svr_linear,4.861684252,4.833319963481086
puccinia_hordei,svr_linear,6.000967952,5.916345498596391
puccinia_hordei,svr_linear,5.47049407,4.456587398760897
puccinia_hordei,svr_linear,6.004139063,4.9969739535885385
puccinia_hordei,svr_linear,2.90591926,5.045166432404059
puccinia_hordei,svr_linear,3.595792888,5.0096062585319
puccinia_hordei,svr_linear,3.742547336,4.866082648306813
puccinia_hordei,svr_linear,3.926045157,4.835391217501162
puccinia_hordei,svr_linear,4.10638058,4.549995328672267
puccinia_hordei,svr_linear,5.819141386,4.337527051199248
puccinia_hordei,svr_linear,3.852033452,4.485451351004776
puccinia_hordei,svr_linear,3.466896958,3.6037515053502855
puccinia_hordei,svr_linear,3.121519459,4.06855965497936
puccinia_hordei,svr_linear,2.626746852,4.650372249128691
puccinia_hordei,svr_linear,5.524248201,4.950607837894981
puccinia_hordei,svr_linear,5.653535504,6.006298328020675
puccinia_hordei,svr_linear,5.375965049,5.014659122713517
puccinia_hordei,svr_linear,5.463966235,4.73387937317857
puccinia_hordei,svr_linear,4.934323666,5.7752854671036795
puccinia_hordei,svr_linear,5.856312,4.2114000863966305
puccinia_hordei,svr_linear,5.074007487,5.142846693677144
puccinia_hordei,svr_linear,4.800183115,4.881178385166619
puccinia_hordei,svr_linear,4.848370155,5.109928787805172
puccinia_hordei,svr_linear,5.71047576,5.320553094227003
puccinia_hordei,svr_linear,5.087022338,5.017107915507753
puccinia_hordei,svr_linear,4.127803289,5.089221433488229
puccinia_hordei,svr_linear,4.922041341,5.116304208363942
puccinia_hordei,svr_linear,4.82250767,4.557776627010139
puccinia_hordei,svr_linear,5.326418857,6.046601255249499
puccinia_hordei,svr_linear,5.656986911,5.1511961573101175
puccinia_hordei,svr_linear,5.602496487,4.307629831346215
puccinia_hordei,svr_linear,5.720915105,6.123648274795728
puccinia_hordei,svr_linear,5.050148355,5.357280004551707
puccinia_hordei,svr_linear,4.6183157,4.185880750307991
puccinia_hordei,svr_linear,6.028429495,5.771814072569097
puccinia_hordei,svr_linear,4.043158845,3.6236714513275077
puccinia_hordei,svr_linear,5.538998703,5.158721008824548
puccinia_hordei,svr_linear,3.386979033,4.740423337893775
puccinia_hordei,svr_linear,3.921671116,4.241254839040837
puccinia_hordei,svr_linear,3.857271585,4.424702555490586
puccinia_hordei,svr_linear,3.435175658,3.9584940907802655
puccinia_hordei,svr_linear,4.965261045,5.080266823812825
puccinia_hordei,svr_linear,4.223525895,5.514963363220857
puccinia_hordei,svr_linear,3.455699374,4.8038603945366845
puccinia_hordei,svr_linear,5.647607553,4.877685400550248
puccinia_hordei,svr_linear,4.703847485,4.558194538537215
puccinia_hordei,svr_linear,4.19960416,4.364764074922834
puccinia_hordei,svr_linear,4.751856953,5.084114182646077
puccinia_hordei,svr_linear,3.904698802,4.65198511138782
puccinia_hordei,svr_linear,4.969817642,3.8990794016594044
puccinia_hordei,svr_linear,3.625439002,4.949637114933922
puccinia_hordei,svr_linear,4.669522589,4.432523251401818
puccinia_hordei,svr_linear,4.134243211,4.575611006200305
puccinia_hordei,svr_linear,5.12332523,4.912748107991612
puccinia_hordei,svr_linear,3.986774417,4.391177945896323
puccinia_hordei,svr_linear,5.174359391,4.601697830200166
puccinia_hordei,svr_linear,4.530805269,5.487259069401713
puccinia_hordei,svr_linear,4.531428282,4.194918927025578
puccinia_hordei,svr_linear,4.852406174,4.250284116019811
puccinia_hordei,svr_linear,4.489280749,5.175924811225565
puccinia_hordei,svr_linear,4.633206945,4.588535103576195
puccinia_hordei,svr_linear,4.455678871,4.231862960970515
puccinia_hordei,svr_linear,5.41148054,4.70579004003657
puccinia_hordei,svr_linear,4.535905114,4.534486758275285
puccinia_hordei,svr_linear,4.549321502,5.331331358603144
puccinia_hordei,svr_linear,3.607289483,3.424701150401148
puccinia_hordei,svr_linear,3.907498686,4.589840176016225
puccinia_hordei,svr_linear,3.958437643,4.929368177126136
puccinia_hordei,svr_linear,5.106923718,4.51151736807465
puccinia_hordei,svr_linear,5.377003654,4.67481247303724
puccinia_hordei,svr_linear,4.568067401,5.0183046627092915
puccinia_hordei,svr_linear,6.09178368,5.68530972907341
puccinia_hordei,svr_linear,4.082630528,4.866392837889889
puccinia_hordei,svr_linear,4.438538148,4.66582932635533
puccinia_hordei,svr_linear,4.385093768,4.2995040826137565
puccinia_hordei,svr_linear,3.692774327,4.559129695654377
puccinia_hordei,svr_linear,5.679074842,5.331232369835467
puccinia_hordei,svr_linear,4.647541678,4.556040710737966
puccinia_hordei,svr_linear,3.846789238,4.526260045574329
puccinia_hordei,svr_linear,4.346915323,4.566386834480804
puccinia_hordei,svr_linear,5.207567498,4.474704703560649
puccinia_hordei,svr_linear,3.362645237,3.5639012080992836
puccinia_hordei,svr_linear,4.313143032,4.255848398879605
puccinia_hordei,svr_linear,2.521830956,4.719518933940372
puccinia_hordei,svr_linear,4.672090341,3.9547438363519882
puccinia_hordei,svr_linear,5.510220644,5.951571882863803
puccinia_hordei,svr_linear,4.992737536,4.000571826408331
puccinia_hordei,svr_linear,5.571061885,4.666534973579051
puccinia_hordei,svr_linear,4.839797396,3.7091763305953327
puccinia_hordei,svr_linear,3.586721187,3.5868826044019144
puccinia_hordei,svr_linear,4.094695229,4.466855788036342
puccinia_hordei,svr_linear,2.948983953,4.597603115610573
puccinia_hordei,svr_linear,5.739080027,5.30728227467751
puccinia_hordei,svr_linear,4.525223178,3.7664464325235976
puccinia_hordei,svr_linear,3.430325804,3.5390880510950105
puccinia_hordei,svr_linear,4.825098332,5.063484860850686
puccinia_hordei,svr_linear,4.941104162,5.5958943692158565
puccinia_hordei,svr_linear,3.102552644,3.582490435541049
puccinia_hordei,svr_linear,5.041372359,3.5991355379911703
puccinia_hordei,svr_linear,4.978419346,4.407144859552662
puccinia_hordei,svr_linear,5.419200692,5.690773563763237
puccinia_hordei,svr_linear,3.410690058,4.281108628401267
puccinia_hordei,svr_linear,5.160131284,4.9152796893622765
puccinia_hordei,svr_linear,3.671626843,4.369636989496451
puccinia_hordei,svr_linear,4.468252791,4.624653246681242
puccinia_hordei,svr_linear,4.900481838,4.61255020202862
puccinia_hordei,svr_linear,5.903498933,5.420499511519879
puccinia_hordei,svr_linear,4.518984673,3.868870075216048
puccinia_hordei,svr_linear,5.295476952,6.037115513971314
puccinia_hordei,svr_linear,3.433155592,4.28065458844534
puccinia_hordei,svr_linear,3.558267531,4.048243392728693
puccinia_hordei,svr_linear,4.136747266,4.171818432918122
puccinia_hordei,svr_linear,6.029060577,5.3752344939991925
puccinia_hordei,svr_linear,5.014044238,3.852072202950989
puccinia_hordei,svr_linear,5.088079196,4.8017305536817725
puccinia_hordei,svr_linear,3.975110727,4.054814101417194
puccinia_hordei,svr_linear,3.997853383,4.06505475587782
puccinia_hordei,svr_linear,5.109265525,3.639230342009803
puccinia_hordei,svr_linear,4.057626893,5.138808250581091
puccinia_hordei,svr_linear,4.086296693,4.082668929309787
puccinia_hordei,svr_linear,4.634814595,3.4192359883005072
puccinia_hordei,svr_linear,2.555611844,3.2304380127006795
puccinia_hordei,svr_linear,3.407975487,3.6153222985217903
puccinia_hordei,svr_linear,3.010003602,3.5740743063353353
puccinia_hordei,svr_linear,5.481629511,6.51929035895154
puccinia_hordei,svr_linear,5.227385109,6.047417819716521
puccinia_hordei,svr_linear,4.80791175,6.108241105952099
puccinia_hordei,svr_linear,5.50703143,4.269688193800193
puccinia_hordei,svr_linear,3.096080413,4.6737677273999925
puccinia_hordei,svr_linear,4.50764515,3.49235503001845
puccinia_hordei,svr_linear,4.319122344,4.642432306561176
puccinia_hordei,svr_linear,3.824176995,4.066689624790972
puccinia_hordei,svr_linear,4.100141003,4.913526944334186
puccinia_hordei,svr_linear,4.443141645,4.8719672125962985
puccinia_hordei,svr_linear,2.971688826,3.756287104166017
puccinia_hordei,svr_linear,3.696541077,3.8469456646628766
puccinia_hordei,svr_linear,4.745375507,4.477227092441703
puccinia_hordei,svr_linear,4.350952086,4.114524062056838
puccinia_hordei,svr_linear,4.86964648,4.629970678692509
puccinia_hordei,svr_linear,4.202576015,4.669471089216215
puccinia_hordei,svr_linear,4.363643853,5.855612890519405
puccinia_hordei,svr_linear,3.896403524,4.460972664526148
puccinia_hordei,svr_linear,3.615140713,5.0421118494253605
puccinia_hordei,svr_linear,3.05812978,4.434861431404626
puccinia_hordei,svr_linear,3.339806624,3.6490495070357065
puccinia_hordei,svr_linear,5.236616573,4.602608044560119
puccinia_hordei,svr_linear,3.16213825,4.799105007950412
puccinia_hordei,svr_linear,5.724021594,3.8262097771353654
puccinia_hordei,svr_linear,3.497067139,4.5412209118324665
puccinia_hordei,svr_linear,4.896840812,4.770670088959488
puccinia_hordei,svr_linear,3.949604005,3.948883347136884
puccinia_hordei,svr_linear,4.428101252,4.2535416738060565
puccinia_hordei,svr_linear,4.904667963,4.548251691499495
puccinia_hordei,svr_linear,4.081287755,4.622965214141976
puccinia_hordei,svr_linear,5.285811494,4.754989578427315
puccinia_hordei,svr_linear,4.896686515,4.9019460303614135
puccinia_hordei,svr_linear,3.732297059,4.180945106280399
puccinia_hordei,svr_linear,4.420422042,5.879390712442673
puccinia_hordei,svr_linear,4.868603108,4.296812835344008
puccinia_hordei,svr_linear,3.899499026,4.6129911770179755
puccinia_hordei,svr_linear,4.013155235,4.728192631153032
puccinia_hordei,svr_linear,3.794360838,4.240003997655295
puccinia_hordei,svr_linear,6.444457289,4.8433741899076255
puccinia_hordei,svr_linear,5.197134184,5.815762002669437
puccinia_hordei,svr_linear,3.066799223,4.049405299571673
puccinia_hordei,svr_linear,6.620807864,5.885311059136539
puccinia_hordei,svr_linear,5.765854794,5.250206707949001
puccinia_hordei,svr_linear,6.19995437,6.024240714210694
puccinia_hordei,svr_linear,5.433274636,5.980678045085084
puccinia_hordei,svr_linear,6.38845092,6.221441698789437
puccinia_hordei,svr_linear,4.787595621,4.9609907034414995
puccinia_hordei,svr_linear,5.525437754,4.12651103814488
puccinia_hordei,svr_linear,3.344554043,4.017545877885286
puccinia_hordei,svr_linear,6.267438295,5.014067067143721
puccinia_hordei,svr_linear,5.544931122,4.754708639268152
puccinia_hordei,svr_linear,3.456472424,4.251935707921028
puccinia_hordei,svr_linear,6.039983709,4.70077594834107
puccinia_hordei,svr_linear,5.44120136,4.89195772586715
puccinia_hordei,svr_linear,2.785763907,3.2391062503306327
puccinia_hordei,svr_linear,3.119575943,4.1503035702912126
puccinia_hordei,svr_linear,5.35484517,4.334248288130783
puccinia_hordei,svr_linear,4.120542269,4.998707240198627
puccinia_hordei,svr_linear,5.241229794,5.9246474431162355
puccinia_hordei,svr_linear,5.099732813,5.666257190508953
puccinia_hordei,svr_linear,5.705215963,5.505707336741377
puccinia_hordei,svr_linear,4.042952541,4.359153131471568
puccinia_hordei,svr_linear,5.765191154,4.641344627671361
puccinia_hordei,svr_linear,4.817727217,5.0994502357272635
puccinia_hordei,svr_linear,4.14271312,4.392658126834438
puccinia_hordei,svr_linear,4.05445961,3.965498215628329
puccinia_hordei,svr_linear,3.630235921,4.264638208906736
puccinia_hordei,svr_linear,5.316746772,4.962125983338552
puccinia_hordei,svr_linear,5.349038142,3.9592895673720183
puccinia_hordei,svr_linear,4.297290653,4.661574227389654
puccinia_hordei,svr_linear,4.24629282,4.775597671816347
puccinia_hordei,svr_linear,3.577584274,3.840308873210462
puccinia_hordei,svr_linear,4.252503562,4.413061908360555
puccinia_hordei,svr_linear,3.938115162,3.921137870502416
puccinia_hordei,svr_linear,4.026439413,6.0262576405706065
puccinia_hordei,svr_linear,2.936467325,4.086452151245206
puccinia_hordei,svr_linear,3.494077012,4.068623022434006
puccinia_hordei,svr_linear,3.943247746,4.150845483229205
puccinia_hordei,svr_linear,4.004435333,4.0411884349158615
puccinia_hordei,svr_linear,3.711776611,5.210067132416397
puccinia_hordei,svr_linear,3.495590721,4.706518136625931
puccinia_hordei,svr_linear,5.008356167,4.701393525794596
puccinia_hordei,svr_linear,4.030562748,4.662850073061042
puccinia_hordei,svr_linear,4.573895269,4.378518929351086
puccinia_hordei,svr_linear,3.830039131,4.841212165131756
puccinia_hordei,svr_linear,3.393259304,4.5450093346849005
puccinia_hordei,svr_linear,4.598259415,4.674673833507078
puccinia_hordei,svr_linear,5.335554388,5.054601203691351
puccinia_hordei,svr_linear,2.969744743,3.6441886363952984
puccinia_hordei,svr_linear,4.221697571,5.0588507937282525
puccinia_hordei,svr_linear,4.263509389,4.248619991399678
puccinia_hordei,svr_linear,3.541075254,3.5648738680994536
puccinia_hordei,svr_linear,3.792012981,4.600146227186401
puccinia_hordei,svr_linear,4.271702693,4.060617497826439
puccinia_hordei,svr_linear,4.16990622,5.389931515823775
puccinia_hordei,svr_linear,5.107867709,4.529984966820426
puccinia_hordei,svr_linear,2.964698411,4.125906972626826
puccinia_hordei,svr_linear,3.864113318,3.9429043535284913
puccinia_hordei,svr_linear,4.422938185,3.997205259676705
puccinia_hordei,svr_linear,5.521443783,4.60236136950128
puccinia_hordei,svr_linear,4.516980963,4.391030688112699
puccinia_hordei,svr_linear,3.661490862,3.9048984629217505
puccinia_hordei,svr_linear,5.206190171,5.639208775908439
puccinia_hordei,svr_linear,4.163978409,4.215541391929406
puccinia_hordei,svr_linear,4.68621716,4.102516150082615
puccinia_hordei,svr_linear,4.643771431,5.430382983286418
puccinia_hordei,svr_linear,6.497719785,5.646196549799839
puccinia_hordei,svr_linear,4.712747766,5.913028298529364
puccinia_hordei,svr_linear,5.29316104,4.992934508289753
puccinia_hordei,svr_linear,3.850808413,5.472919688379297
puccinia_hordei,svr_linear,2.817666015,4.345226470939416
puccinia_hordei,svr_linear,5.324818828,4.888190729077065
puccinia_hordei,svr_linear,2.798906716,4.056051870035886
puccinia_hordei,svr_linear,3.326486445,4.135138458733589
puccinia_hordei,svr_linear,5.758948123,5.571208275688184
puccinia_hordei,svr_linear,4.522150471,3.968046020727202
puccinia_hordei,svr_linear,4.19222051,3.567560723863242
puccinia_hordei,svr_linear,4.889351019,4.208098503567525
puccinia_hordei,svr_linear,3.349282165,4.0958395540529215
puccinia_hordei,svr_linear,4.894538768,5.678242801590155
puccinia_hordei,svr_linear,5.577261257,5.031633242164367
puccinia_hordei,svr_linear,4.561562062,3.809918880927394
puccinia_hordei,svr_linear,5.051885203,4.037241405001964
puccinia_hordei,svr_linear,4.175492147,4.2494850574229375
puccinia_hordei,svr_linear,5.821787061,5.806458880502916
puccinia_hordei,svr_linear,5.579656745,5.494955356632243
puccinia_hordei,svr_linear,4.862943299,4.338306414112614
puccinia_hordei,svr_linear,5.430246734,4.948257715752625
puccinia_hordei,svr_linear,4.226174685,4.224054000641863
puccinia_hordei,svr_linear,5.052717324,4.903026074788215
puccinia_hordei,svr_linear,4.629827894,4.604744361317909
puccinia_hordei,svr_linear,3.83315006,3.690449532321054
puccinia_hordei,svr_linear,3.3889216,4.073118911183109
puccinia_hordei,svr_linear,3.165540835,4.060311122929006
puccinia_hordei,svr_linear,4.383542268,3.8738093462032674
puccinia_hordei,svr_linear,5.403716878,4.646720793613053
puccinia_hordei,svr_linear,4.539167507,4.4042271176513985
puccinia_hordei,svr_linear,3.724590194,5.118174917280511
puccinia_hordei,svr_linear,5.771486819,4.6319907987381645
puccinia_hordei,svr_linear,4.952567492,4.877443127785749
puccinia_hordei,svr_linear,5.010515738,4.711236639471114
puccinia_hordei,svr_linear,5.263843284,4.490502081285469
puccinia_hordei,svr_linear,2.657051554,5.090731781105854
puccinia_hordei,svr_linear,4.748758793,4.805647715228076
puccinia_hordei,svr_linear,5.182112679,4.8083063037166935
puccinia_hordei,svr_linear,5.179698314,4.626785174395462
puccinia_hordei,svr_linear,3.527817983,4.209036876273863
puccinia_hordei,svr_linear,4.009452371,4.420406403459183
puccinia_hordei,svr_linear,3.364840056,4.219577856087213
puccinia_hordei,svr_linear,3.861971881,3.7853684493386814
puccinia_hordei,svr_linear,3.432145705,4.667056086875141
puccinia_hordei,svr_linear,4.868892999,4.630702535066125
puccinia_hordei,svr_linear,5.862539121,5.875033015531061
puccinia_hordei,svr_linear,4.034815353,4.574701737616513
puccinia_hordei,svr_linear,4.664127628,3.507246031122442
puccinia_hordei,svr_linear,3.285346936,4.222990802527545
puccinia_hordei,svr_linear,5.010424909,4.194371312190578
puccinia_hordei,svr_linear,5.074368633,3.9517021301017863
puccinia_hordei,svr_linear,5.241909893,5.006025942043962
puccinia_hordei,svr_linear,3.682242283,4.040818662964309
puccinia_hordei,svr_linear,5.434867234,5.001794500800084
puccinia_hordei,svr_linear,5.6613006734999995,4.9501542965659
puccinia_hordei,svr_linear,3.229585757,4.087870245661324
puccinia_hordei,svr_linear,3.663392335,4.9738910713098345
puccinia_hordei,svr_linear,4.960693099,5.78411433965769
puccinia_hordei,svr_linear,5.868809945,5.340129613684063
puccinia_hordei,svr_linear,4.890440306,5.285619645478768
puccinia_hordei,svr_linear,4.83733673,5.91270654846311
puccinia_hordei,svr_linear,4.692139715,5.317288233547193
puccinia_hordei,svr_linear,3.03867019,4.10116527957006
puccinia_hordei,svr_linear,5.583360352,4.8875869448924565
puccinia_hordei,svr_linear,4.748978196,4.783120095884319
puccinia_hordei,svr_linear,5.428134624,6.554553814139894
puccinia_hordei,svr_linear,2.977593898,4.0459283129098065
puccinia_hordei,svr_linear,4.658850812,5.058300513090192
puccinia_hordei,svr_linear,5.776782656,5.357659465116381
puccinia_hordei,svr_linear,4.082488022,4.2266273764648705
puccinia_hordei,svr_linear,4.89567263,5.309955929243583
puccinia_hordei,svr_linear,4.20501813,3.5168800467490597
puccinia_hordei,svr_linear,2.729399592,3.966458159292583
puccinia_hordei,svr_linear,3.653255173,4.103210885651592
puccinia_hordei,svr_linear,5.872121331,4.787936115629946
puccinia_hordei,svr_linear,3.447762162,3.9387621988561925
puccinia_hordei,svr_linear,4.676304311,4.428015721452759
puccinia_hordei,svr_linear,5.217024954,4.511498639939921
puccinia_hordei,svr_linear,3.207299013,3.8471467832181876
puccinia_hordei,svr_linear,4.847468854,4.1204539923318775
puccinia_hordei,svr_linear,4.830592296,3.937069745571454
puccinia_hordei,svr_linear,3.339689623,4.329850698002758
puccinia_hordei,svr_linear,3.488740747,4.8212817539059705
puccinia_hordei,svr_linear,3.439518465,4.1708904388647685
puccinia_hordei,svr_linear,5.833532868,5.396473790949813
puccinia_hordei,svr_linear,5.726448185,5.636205049711929
puccinia_hordei,svr_linear,3.780428288,4.248852497856085
puccinia_hordei,svr_linear,5.527012979,5.395221242345936
puccinia_hordei,svr_linear,5.843337056,5.382811902273578
puccinia_hordei,svr_linear,5.2576874,5.330010954695713
puccinia_hordei,svr_linear,3.022248958,4.09073935184442
puccinia_hordei,svr_linear,6.685474056,5.318508764379317
puccinia_hordei,svr_linear,5.86449009,5.517167176101005
puccinia_hordei,svr_linear,5.954275428,5.567464756373278
puccinia_hordei,svr_linear,3.28654681,4.44386158066237
puccinia_hordei,svr_linear,3.85782238,4.297840226473319
puccinia_hordei,svr_linear,4.481067802,4.293477489740957
puccinia_hordei,svr_linear,4.400099721,4.965225387388613
puccinia_hordei,svr_linear,4.782022514,4.956840603088039
puccinia_hordei,svr_linear,4.825730713,5.121713147487516
puccinia_hordei,svr_linear,5.691663641,4.704481651641197
puccinia_hordei,svr_linear,5.104549447,4.93030212065828
puccinia_hordei,svr_linear,4.642575309,5.059149422582324
puccinia_hordei,svr_linear,5.396360299,4.509444932354839
puccinia_hordei,svr_linear,4.550016155,4.982165017205724
puccinia_hordei,svr_linear,5.414262648,4.655354717615785
puccinia_hordei,svr_linear,5.24630128,4.711577499548357
puccinia_hordei,svr_linear,5.498271636,4.788075321544216
puccinia_hordei,svr_linear,5.473429974,4.900410534791747
puccinia_hordei,svr_linear,4.82153375,5.294385219848442
puccinia_hordei,svr_linear,3.482597714,4.3329246758071
puccinia_hordei,svr_linear,5.927656802,5.658623230314182
puccinia_hordei,svr_linear,5.826212559,5.2666315269202695
puccinia_hordei,svr_linear,5.759761174,5.8101569691663775
puccinia_hordei,svr_linear,6.341249515,5.373681898210972
puccinia_hordei,svr_linear,5.67509724,5.4141025250949015
puccinia_hordei,svr_linear,4.91831111,5.211327353883636
puccinia_hordei,svr_linear,6.141965853,5.0588759613824195
puccinia_hordei,svr_linear,3.993190548,5.378119979364684
puccinia_hordei,svr_linear,3.347731522,5.483572728994237
puccinia_hordei,svr_linear,5.277420574,4.914339863577727
puccinia_hordei,svr_linear,5.970150625,4.851274980961745
puccinia_hordei,svr_linear,3.49127002,4.0355244964046335
puccinia_hordei,svr_linear,3.753245093,3.336041826757464
puccinia_hordei,svr_linear,2.332783491,3.474740671146455
puccinia_hordei,svr_linear,2.683943119,3.989070363403644
puccinia_hordei,svr_linear,3.738838783,5.026639185519599
puccinia_hordei,svr_linear,4.279829602,5.347827594142853
puccinia_hordei,svr_linear,5.905016495,5.789859505122163
puccinia_hordei,svr_linear,5.385033333,4.622447963407826
puccinia_hordei,svr_linear,4.386601769,4.415810334634832
puccinia_hordei,svr_linear,4.028763501,3.892150305549018
puccinia_hordei,svr_linear,4.700050791,5.6705578466785465
puccinia_hordei,svr_linear,3.365292138,3.607623788457014
puccinia_hordei,svr_linear,2.953068205,5.1685288330390655
puccinia_hordei,svr_linear,5.433006589,4.519655284343428
puccinia_hordei,svr_linear,3.007970722,3.5350155895905466
puccinia_hordei,svr_linear,4.275437384,4.710563406913469
puccinia_hordei,svr_linear,2.709740814,3.3675557699332748
puccinia_hordei,svr_linear,4.292255029,4.898639038529891
puccinia_hordei,svr_linear,5.886303936,6.233200192897163
puccinia_hordei,svr_linear,3.480316969,4.702412695955961
puccinia_hordei,svr_linear,4.333216835,4.604643865996142
puccinia_hordei,svr_linear,3.920769911,4.588062731266234
puccinia_hordei,svr_linear,3.513263431,3.7141878013728036
puccinia_hordei,svr_linear,4.646092256,5.239347369935938
puccinia_hordei,svr_linear,5.74539154,4.782189875581778
puccinia_hordei,svr_linear,3.931890687,4.105931148589938
puccinia_hordei,svr_linear,3.897114854,4.061225475883412
puccinia_hordei,svr_linear,5.771386368,6.076359685940851
puccinia_hordei,svr_linear,4.403653465,3.592964902664039
puccinia_hordei,svr_linear,4.425953405,4.145887724290144
puccinia_hordei,svr_linear,3.73658681,3.7910316206620545
puccinia_hordei,svr_linear,3.95518653,3.3319162585533313
puccinia_hordei,svr_linear,3.817785793,3.902876980534219
puccinia_hordei,svr_linear,3.130920046,4.46768951481525
puccinia_hordei,svr_linear,5.59360552,4.420972397132004
puccinia_hordei,svr_linear,4.84819905,3.9222325122065693
puccinia_hordei,svr_linear,3.201428656,3.993452864427077
puccinia_hordei,svr_linear,3.409885012,4.020190008486985
puccinia_hordei,svr_linear,3.764890926,3.9896287734540996
puccinia_hordei,svr_linear,5.814374148,5.889971755410241
puccinia_hordei,svr_linear,3.728880277,4.721707477050046
puccinia_hordei,svr_linear,5.910693124,4.461446363885221
puccinia_hordei,svr_linear,5.489845179,4.210934316718703
puccinia_hordei,svr_linear,3.14263305,3.752867037454895
puccinia_hordei,svr_linear,2.854584712,3.8105915890965396
puccinia_hordei,svr_linear,6.29308379,4.617773250804303
puccinia_hordei,svr_linear,5.486235387,4.3917656606818385
puccinia_hordei,svr_linear,4.828328054,4.296976048965834
puccinia_hordei,svr_linear,3.600879732,4.369812922871471
puccinia_hordei,svr_linear,3.013072399,3.950467583362422
puccinia_hordei,svr_linear,6.978953069,4.186418441620678
puccinia_hordei,svr_linear,4.099397844,4.795108719700325
puccinia_hordei,svr_linear,6.28062142,4.523184571183563
puccinia_hordei,svr_linear,5.216375639,4.208326295014959
puccinia_hordei,svr_linear,3.926738647,4.656600372677205
puccinia_hordei,svr_linear,2.994304006,4.754212034177099
puccinia_hordei,svr_linear,4.452775001,4.524988932560036
puccinia_hordei,svr_linear,3.492837986,4.334950687075419
puccinia_hordei,svr_linear,6.660369389,6.095727253919544
puccinia_hordei,svr_linear,6.000833412,4.918853152164971
puccinia_hordei,svr_linear,3.706879108,4.688619461635422
puccinia_hordei,svr_linear,4.410125616,4.536945333518675
puccinia_hordei,svr_linear,3.893309743,4.602172350491657
puccinia_hordei,svr_linear,3.366426244,3.774524346047154
puccinia_hordei,svr_linear,6.28583978,3.8177333251789944
puccinia_hordei,svr_linear,5.410506064,3.7800947026598783
puccinia_hordei,svr_linear,4.928978647,4.681226077201237
puccinia_hordei,svr_linear,5.56034475,4.118861592426939
puccinia_hordei,svr_linear,4.20630793,4.699236011493847
puccinia_hordei,svr_linear,5.766364463,3.611727300487717
puccinia_hordei,svr_linear,4.461187988,3.82242352765095
puccinia_hordei,svr_linear,4.391928618,4.633056274209089
puccinia_hordei,svr_linear,4.951212932,4.4534592103334045
puccinia_hordei,svr_linear,3.100514446,4.227373523953918
puccinia_hordei,svr_linear,3.65550809,3.7027953101668185
puccinia_hordei,svr_linear,5.154977936,4.97609064176285
puccinia_hordei,svr_linear,3.574311524,3.6706601137859463
puccinia_hordei,svr_linear,4.512866397,4.26163384171174
puccinia_hordei,svr_linear,3.189763183,4.083093986606742
puccinia_hordei,svr_linear,4.515335705,4.886006088023852
puccinia_hordei,svr_linear,4.587312235,3.9393654004490335
puccinia_hordei,svr_linear,4.645168871,4.548569145917099
puccinia_hordei,svr_linear,3.843870823,4.484839391827945
puccinia_hordei,svr_linear,6.080432576,6.260196952075969
puccinia_hordei,svr_linear,5.473671975,4.679547133561944
puccinia_hordei,svr_linear,5.79300262,4.503564871031724
puccinia_hordei,svr_linear,5.246789933,4.565311787538773
puccinia_hordei,svr_linear,6.973048002,5.94796802797279
puccinia_hordei,svr_linear,3.250193053,5.331795325771305
puccinia_hordei,svr_linear,4.609314309,4.789048581037804
puccinia_hordei,svr_linear,3.542777887,4.050622532818294
puccinia_hordei,svr_linear,6.389609511,6.1001276889101685
puccinia_hordei,svr_linear,7.702860857,5.459183152586628
puccinia_hordei,svr_linear,6.772145694,6.277253438598811
puccinia_hordei,svr_linear,6.590323465,5.762451263789815
puccinia_hordei,svr_linear,7.85144456,5.914766492872303
puccinia_hordei,svr_linear,7.044387211,5.297834429980696
puccinia_hordei,svr_linear,7.327804153,5.670757722219317
puccinia_hordei,svr_linear,6.962556899,4.995819186237349
puccinia_hordei,svr_linear,5.122119826,3.744259637329402
puccinia_hordei,svr_linear,7.327437091,5.762374370311264
puccinia_hordei,svr_linear,7.444561933,5.893955554846742
puccinia_hordei,svr_linear,3.666045076,5.332302841660305
puccinia_hordei,svr_linear,4.634229918,4.708710800608424
puccinia_hordei,svr_linear,6.243156559,5.974301007583691
puccinia_hordei,svr_linear,7.679669242,5.849968389465964
puccinia_hordei,svr_linear,7.626089798,5.048921552849298
puccinia_hordei,svr_linear,4.607272932,4.296029018547926
puccinia_hordei,svr_linear,5.116937701,4.523200180878263
puccinia_hordei,svr_linear,6.258365644,4.832919571806392
puccinia_hordei,svr_linear,6.400456816,4.4679064200440575
puccinia_hordei,svr_linear,4.731585335,4.648916011068569
puccinia_hordei,svr_linear,7.939244019,4.464164243817428
puccinia_hordei,svr_linear,7.059298658,4.581122705780113
puccinia_hordei,svr_linear,5.005057076,4.564542752767837
puccinia_hordei,svr_linear,7.231759129,4.800491201578172
puccinia_hordei,svr_linear,7.478580528,4.1235859142663
puccinia_hordei,svr_linear,6.147850097,4.512573398121925
puccinia_hordei,svr_linear,6.326648927,4.457065844009653
puccinia_hordei,svr_linear,3.499184401,4.287496686770791
puccinia_hordei,svr_linear,4.006980044,4.506423800145519
puccinia_hordei,svr_linear,4.747942198,4.1840738948563905
puccinia_hordei,svr_linear,5.755382146,4.358761968622619
puccinia_hordei,svr_linear,5.427565557,4.569986282087117
puccinia_hordei,svr_linear,5.198219102,5.0945952884407575
puccinia_hordei,svr_linear,6.734494454,4.77926173370609
puccinia_hordei,svr_linear,7.47009636,5.575511353909194
puccinia_hordei,svr_linear,3.597395332,3.8047040410588724
puccinia_hordei,svr_linear,4.002905548,3.7750684148320977
puccinia_hordei,svr_linear,7.476520184,5.977161957291655
puccinia_hordei,svr_linear,4.861004285,6.10353963451146
puccinia_hordei,svr_linear,8.093166541,5.826358082822712
puccinia_hordei,svr_linear,6.819796492,4.098707459167141
puccinia_hordei,svr_linear,3.849530618,4.391793390895303
puccinia_hordei,svr_linear,4.377696448,4.430465644340821
puccinia_hordei,svr_linear,6.34619391,4.172020995022469
puccinia_hordei,svr_linear,6.73611763,6.2494439897667045
puccinia_hordei,svr_linear,5.149779317,4.757305639079068
puccinia_hordei,svr_linear,6.073667991,5.1012771213704875
puccinia_hordei,svr_linear,6.278210338,4.857996391781009
puccinia_hordei,svr_linear,6.652321365,4.972061934879771
puccinia_hordei,svr_linear,4.744101861,5.200842532468544
puccinia_hordei,svr_linear,4.519386415,4.69595918830102
puccinia_hordei,svr_linear,5.131927331,4.575389204528115
puccinia_hordei,svr_linear,3.290128528,4.540024621517749
puccinia_hordei,svr_linear,4.322166549,4.211357079444929
puccinia_hordei,svr_linear,7.3685328,4.453804021887705
puccinia_hordei,svr_linear,4.747206199,4.099237921868484
puccinia_hordei,svr_linear,5.39248977,4.694519185537472
puccinia_hordei,svr_linear,4.628830582,4.586389841221875
puccinia_hordei,svr_linear,5.586630558,4.612895326474826
puccinia_hordei,svr_linear,4.819397731,4.027806147793745
puccinia_hordei,svr_linear,5.882579651,4.98545224669678
puccinia_hordei,svr_linear,3.882566594,4.9867328052996776
puccinia_hordei,svr_linear,4.25260685,3.9354068632640775
puccinia_hordei,svr_linear,3.422757421,4.074793479194963
puccinia_hordei,svr_linear,4.66690479,4.085017284958307
puccinia_hordei,svr_linear,3.369868257,4.40065631812877
puccinia_hordei,svr_linear,5.798976521,4.660940904964544
puccinia_hordei,svr_linear,5.044229551,6.136134856070167
puccinia_hordei,svr_linear,6.070301802,4.940811888437606
puccinia_hordei,svr_linear,4.320681985,4.301411166862559
puccinia_hordei,svr_linear,5.887386159,4.381548348006936
puccinia_hordei,svr_linear,3.884277193,4.511584946328056
puccinia_hordei,svr_linear,5.015881165,4.471391367263715
puccinia_hordei,svr_linear,5.493784573,4.651498967362432
puccinia_hordei,svr_linear,7.264382377,4.236152899391861
puccinia_hordei,svr_linear,4.459435086,4.265801603936445
puccinia_hordei,svr_linear,3.864537645,4.477744387146389
puccinia_hordei,svr_linear,5.745644342,4.322598033291698
puccinia_hordei,svr_linear,5.126994484,4.933704795889604
puccinia_hordei,svr_linear,6.735798354,4.904425999109855
puccinia_hordei,svr_linear,4.948915492,4.930727537875988
puccinia_hordei,svr_linear,5.17573623,4.615082748926442
puccinia_hordei,svr_linear,4.056998575,4.3100098249199945
puccinia_hordei,svr_linear,3.981486084,4.16335887182723
puccinia_hordei,svr_linear,6.538963069,5.832239544351518
puccinia_hordei,svr_linear,5.048118279,5.002754437264269
puccinia_hordei,svr_linear,5.748510962,4.508662265318697
puccinia_hordei,svr_linear,4.359883824,4.015974744124173
puccinia_hordei,svr_linear,4.267503833,4.130580461709983
puccinia_hordei,svr_linear,5.310756612,4.058989026816869
puccinia_hordei,svr_linear,7.063812889,5.662829037292302
puccinia_hordei,svr_linear,5.48973374,4.213871690273996
puccinia_hordei,svr_linear,5.461725521,4.653287438809113
puccinia_hordei,svr_linear,4.562018473,4.653714474118977
puccinia_hordei,svr_linear,7.459779078,5.721463752463018
puccinia_hordei,svr_linear,4.127580151,4.659453819607667
puccinia_hordei,svr_linear,3.642940767,5.593645800894435
puccinia_hordei,svr_linear,4.862029809,6.087006666540838
puccinia_hordei,svr_linear,5.249207065,4.367684387747701
puccinia_hordei,svr_linear,5.217444844,4.563216736761317
puccinia_hordei,svr_linear,4.849444904,4.537639634055077
puccinia_hordei,svr_linear,5.160133421,4.6597306100253295
puccinia_hordei,svr_linear,5.52739809,4.297358936517895
puccinia_hordei,svr_linear,2.868919948,4.543167741561526
puccinia_hordei,svr_linear,4.730945872,4.205370547428002
puccinia_hordei,svr_linear,5.173872249,4.500075775816989
puccinia_hordei,svr_linear,3.658997027,5.574968240572191
puccinia_hordei,svr_linear,7.236860124,4.4565395933272764
puccinia_hordei,svr_linear,4.299447722,4.255131783855066
puccinia_hordei,svr_linear,5.426322312,4.321575470467248
puccinia_hordei,svr_linear,5.950832849,4.409678144770703
puccinia_hordei,svr_linear,5.213057779,4.671001468453694
puccinia_hordei,svr_linear,4.865274488,4.656910479172557
puccinia_hordei,svr_linear,4.867723082,4.150928821323453
puccinia_hordei,svr_linear,5.143924962,4.302098479258037
puccinia_hordei,svr_linear,3.968176135,4.340125949455518
puccinia_hordei,svr_linear,4.066935446,4.216709851320637
puccinia_hordei,svr_linear,3.950058107,3.8034072383024156
puccinia_hordei,svr_linear,4.536593529,4.15825192451898
puccinia_hordei,svr_linear,3.416596015,3.702452481859027
puccinia_hordei,svr_linear,7.650137699,4.037593238862846
puccinia_hordei,svr_linear,5.398832602,4.409733857125054
puccinia_hordei,svr_linear,7.284788597,4.918790728921758
puccinia_hordei,svr_linear,5.354730654,4.369267288594396
puccinia_hordei,svr_linear,4.885314141,4.970628748037769
puccinia_hordei,svr_linear,4.240043797,4.79900167737062
puccinia_hordei,svr_linear,4.641064941,4.80881769080972
puccinia_hordei,svr_linear,5.143507319,4.523877295557228
puccinia_hordei,svr_linear,6.03631095,4.127142922435006
puccinia_hordei,svr_linear,4.225547042,4.566782002822493
puccinia_hordei,svr_linear,5.836061598,4.253731370419104
puccinia_hordei,svr_linear,5.167076556,4.4646298491902
puccinia_hordei,svr_linear,4.036781422,4.549239890881185
puccinia_hordei,svr_linear,4.417839463,4.622628851985873
puccinia_hordei,svr_linear,3.639976681,4.141091468864138
puccinia_hordei,svr_linear,5.987516619,4.496857804674682
puccinia_hordei,svr_linear,4.494502967,4.262548971736693
puccinia_hordei,svr_linear,6.156348025,4.757289690466877
puccinia_hordei,svr_linear,6.656670676,5.275307580004644
puccinia_hordei,svr_linear,4.422635503,4.953823739643678
puccinia_hordei,svr_linear,5.43325413,5.1559095543053655
puccinia_hordei,svr_linear,5.842569008,4.600621916274522
puccinia_hordei,svr_linear,5.489107666,4.445040260413187
puccinia_hordei,svr_linear,4.737523018,4.754482309880215
puccinia_hordei,svr_linear,5.208242913,4.379468276321867
puccinia_hordei,svr_linear,2.925686915,4.2309906668334065
puccinia_hordei,svr_linear,5.467036268,4.097179439276916
puccinia_hordei,svr_linear,5.188375335,4.43118940180196
puccinia_hordei,svr_linear,4.171336165,4.223594863132646
puccinia_hordei,svr_linear,5.553508835,6.392295473054976
puccinia_hordei,svr_linear,6.924642944,5.948591279366541
puccinia_hordei,svr_linear,5.136772164,4.5628117223540805
puccinia_hordei,svr_linear,7.124137334,-5.2597716469324745
puccinia_hordei,svr_linear,5.315779948,6.394024247580097
puccinia_hordei,svr_linear,4.694676045,4.768919290855175
puccinia_hordei,svr_linear,5.049195782,4.57761323260401
puccinia_hordei,svr_linear,6.22060281,4.73379909670993
puccinia_hordei,svr_linear,4.057733594,4.2435863620851935
puccinia_hordei,svr_linear,3.985132155,4.671617463383406
puccinia_hordei,svr_linear,3.66628953,4.159740348684629
puccinia_hordei,svr_linear,5.895013112,4.8074075727010515
puccinia_hordei,svr_linear,4.885329568,4.027751417434282
puccinia_hordei,svr_linear,4.884830023,4.537416002124793
puccinia_hordei,svr_linear,4.398845747,4.406321520788833
puccinia_hordei,svr_linear,3.764212472,4.754648178124831
puccinia_hordei,svr_linear,3.886758025,4.211864119856546
puccinia_hordei,svr_linear,5.147600028,4.047680237515874
puccinia_hordei,svr_linear,4.314173173,4.41593532367943
puccinia_hordei,svr_linear,4.471529445,4.702643547881237
puccinia_hordei,svr_linear,5.16214936,4.564894904190959
puccinia_hordei,svr_linear,4.515009561,4.6800091261304955
puccinia_hordei,svr_linear,3.763589436,4.984736749947462
puccinia_hordei,svr_linear,5.170574619,4.498321255866058
puccinia_hordei,svr_linear,4.511233328,4.2616106244659075
puccinia_hordei,svr_linear,8.067492668,6.229907224036755
puccinia_hordei,svr_linear,4.361056318,4.550423883384856
puccinia_hordei,svr_linear,6.480310919,4.9247656950063545
puccinia_hordei,svr_linear,4.94419022,4.375495150303516
puccinia_hordei,svr_linear,3.049792542,3.9715932967430567
puccinia_hordei,svr_linear,4.208752825,4.291839497256554
puccinia_hordei,svr_linear,5.225720404,4.424902160086179
puccinia_hordei,svr_linear,4.217569149,4.608967403168307
puccinia_hordei,svr_linear,4.270095325,4.178510658274078
puccinia_hordei,svr_linear,4.867465776,4.375773999297574
puccinia_hordei,svr_linear,3.021471829,4.352277237948358
puccinia_hordei,svr_linear,4.064916933,4.825359494098187
puccinia_hordei,svr_linear,3.465709765,5.930541220447833
puccinia_hordei,svr_linear,4.48112822,4.749970186345325
puccinia_hordei,svr_linear,6.455532845,5.756288133236976
puccinia_hordei,svr_linear,6.188745677,4.724538270197646
puccinia_hordei,svr_linear,6.390215263,4.337952176738574
puccinia_hordei,svr_linear,4.584778207,4.781253158743417
puccinia_hordei,svr_linear,5.127639253,4.540036292433213
puccinia_hordei,svr_linear,5.640975082,4.499838655314946
puccinia_hordei,svr_linear,4.199636259,4.295579748917289
puccinia_hordei,svr_linear,5.782022612,4.798680934878925
puccinia_hordei,svr_linear,6.01106057,3.874220996153208
puccinia_hordei,svr_linear,4.612048952,5.2609565682038335
puccinia_hordei,svr_linear,4.891330052,4.2528759526212125
puccinia_hordei,svr_linear,4.045849095,4.055111955831943
puccinia_hordei,svr_linear,3.912457511,4.703583461488211
puccinia_hordei,svr_linear,5.493977556,4.159538004151431
puccinia_hordei,svr_linear,4.795768896,4.406445356999096
puccinia_hordei,svr_linear,5.988599249,4.455778985499252
puccinia_hordei,svr_linear,2.905339463,4.165456681891224
puccinia_hordei,svr_linear,4.946174224,4.439929486353059
puccinia_hordei,svr_linear,4.660712258,4.695652347464319
puccinia_hordei,svr_linear,4.561313541,4.084603168147131
puccinia_hordei,svr_linear,2.982930532,4.457571048970677
puccinia_hordei,svr_linear,3.210027499,4.495917466226623
puccinia_hordei,svr_linear,3.605301178,4.275934191534739
puccinia_hordei,svr_linear,7.41107463,4.78291025434612
puccinia_hordei,svr_linear,6.575702367,5.967241887744506
puccinia_hordei,svr_linear,4.461074907,4.056864616728075
puccinia_hordei,svr_linear,6.522792196,5.26207208556338
puccinia_hordei,svr_linear,3.681549496,4.106269622237861
puccinia_hordei,svr_linear,4.213584611,4.514543521635127
puccinia_hordei,svr_linear,5.593371537,4.439694605881028
puccinia_hordei,svr_linear,3.217875897,4.1888810690331635
puccinia_hordei,svr_linear,5.272623229,4.640804001530437
puccinia_hordei,svr_linear,5.587370321,5.199619522769911
puccinia_hordei,svr_linear,6.134679473,5.757814552000655
puccinia_hordei,svr_linear,3.658027429,4.5031311014745565
puccinia_hordei,svr_linear,4.431011159,4.857794493699303
puccinia_hordei,svr_linear,4.465605687,3.7353596458848006
puccinia_hordei,svr_linear,6.22094112,4.4154996678156815
puccinia_hordei,svr_linear,3.653623009,4.078021615133412
puccinia_hordei,svr_linear,3.674036726,3.983475019558359
puccinia_hordei,svr_linear,1.749900931,3.9906342570872417
puccinia_hordei,svr_linear,2.159521207,4.0950832200440885
puccinia_hordei,svr_linear,5.072514591,4.33400832205269
puccinia_hordei,svr_linear,7.783960463,5.832723620815416
puccinia_hordei,svr_linear,6.628729405,5.676354243773808
puccinia_hordei,svr_linear,3.092675575,4.027503109715674
puccinia_hordei,svr_linear,5.87886159,4.352811423772395
puccinia_hordei,svr_linear,3.80887168,4.247903782559922
ramularia_collo_cygni,svr_linear,3.42831066,4.057148568570567
ramularia_collo_cygni,svr_linear,4.365826741,3.929602296391161
ramularia_collo_cygni,svr_linear,4.500978139,3.6979678354605903
ramularia_collo_cygni,svr_linear,4.437046039,3.907323916390297
ramularia_collo_cygni,svr_linear,3.094091779,3.940573727398382
ramularia_collo_cygni,svr_linear,4.521557705,3.789556033503761
ramularia_collo_cygni,svr_linear,4.385427381,3.955662979587377
ramularia_collo_cygni,svr_linear,3.302585212,3.822810214935727
ramularia_collo_cygni,svr_linear,3.745519057,3.9954180911178767
ramularia_collo_cygni,svr_linear,2.589831131,3.7789467368669576
ramularia_collo_cygni,svr_linear,3.714680823,3.704187010442776
ramularia_collo_cygni,svr_linear,3.700189432,3.853692332994851
ramularia_collo_cygni,svr_linear,3.362848265,4.018791599178588
ramularia_collo_cygni,svr_linear,4.31236669,3.730866885342887
ramularia_collo_cygni,svr_linear,5.283981982,3.8998245749967113
ramularia_collo_cygni,svr_linear,4.596461477,4.041597271528458
ramularia_collo_cygni,svr_linear,3.320986172,3.850659642034764
ramularia_collo_cygni,svr_linear,4.138210508,4.030482794362083
ramularia_collo_cygni,svr_linear,3.765495759,3.8508812293739414
ramularia_collo_cygni,svr_linear,4.170570139,4.045154343947093
ramularia_collo_cygni,svr_linear,4.072371337,3.897911712726635
ramularia_collo_cygni,svr_linear,3.865577065,3.9187862645841465
ramularia_collo_cygni,svr_linear,5.289792753,3.892236977615844
ramularia_collo_cygni,svr_linear,3.773536525,3.681086358041717
ramularia_collo_cygni,svr_linear,4.037617072,3.98993735023726
ramularia_collo_cygni,svr_linear,4.417133438,3.884263058325486
ramularia_collo_cygni,svr_linear,4.038302282,3.637690161194422
ramularia_collo_cygni,svr_linear,3.430470077,4.01188149222407
ramularia_collo_cygni,svr_linear,2.85184877,3.9182565324425607
ramularia_collo_cygni,svr_linear,3.930260901,3.8072995977191186
ramularia_collo_cygni,svr_linear,4.203571359,3.858507360378818
ramularia_collo_cygni,svr_linear,3.817322722,3.9408429306834334
ramularia_collo_cygni,svr_linear,4.179563889,4.010698659906581
ramularia_collo_cygni,svr_linear,3.333262525,3.8540172974453037
ramularia_collo_cygni,svr_linear,4.316585924,3.93957827042622
ramularia_collo_cygni,svr_linear,3.064781666,4.044358482344432
ramularia_collo_cygni,svr_linear,3.387541643,3.9186242765292953
ramularia_collo_cygni,svr_linear,4.036693317,3.9254130079108327
ramularia_collo_cygni,svr_linear,3.36014906,3.9585012808087003
ramularia_collo_cygni,svr_linear,5.088292905,3.9260733411828657
ramularia_collo_cygni,svr_linear,3.402715799,3.838464242247477
ramularia_collo_cygni,svr_linear,4.53295124,3.9891750722828205
ramularia_collo_cygni,svr_linear,3.751793022,4.025077334302713
ramularia_collo_cygni,svr_linear,3.973647393,4.118420993672374
ramularia_collo_cygni,svr_linear,3.974826325,3.913107557247599
ramularia_collo_cygni,svr_linear,3.849774107,3.881781911743867
ramularia_collo_cygni,svr_linear,4.78646123,4.014279423069717
ramularia_collo_cygni,svr_linear,2.988031234,3.9771147123283064
ramularia_collo_cygni,svr_linear,4.080663826,3.854251783000305
ramularia_collo_cygni,svr_linear,3.558470747,3.836723854106395
ramularia_collo_cygni,svr_linear,4.756529725,3.9242107838829985
ramularia_collo_cygni,svr_linear,4.215241727,3.9155527401764925
ramularia_collo_cygni,svr_linear,4.448866604,3.951966475502719
ramularia_collo_cygni,svr_linear,4.34311344,3.8871378732466404
ramularia_collo_cygni,svr_linear,3.245382506,3.869431943827592
ramularia_collo_cygni,svr_linear,4.791254677,3.887957294960457
ramularia_collo_cygni,svr_linear,3.970313676,3.9695256224425215
ramularia_collo_cygni,svr_linear,2.806980064,3.981253451667657
ramularia_collo_cygni,svr_linear,3.347413123,3.9230451915799422
ramularia_collo_cygni,svr_linear,3.649279464,4.019080956365115
ramularia_collo_cygni,svr_linear,3.693710974,3.926372554283676
ramularia_collo_cygni,svr_linear,3.184434296,4.079751017105025
ramularia_collo_cygni,svr_linear,3.000614552,3.830824039311804
ramularia_collo_cygni,svr_linear,4.274323001,3.5355230772768778
ramularia_collo_cygni,svr_linear,4.238150826,3.9318297791199117
ramularia_collo_cygni,svr_linear,4.853581407,3.895020847249745
ramularia_collo_cygni,svr_linear,2.973693739,3.8482204469441377
ramularia_collo_cygni,svr_linear,2.923482933,3.9093784904077546
ramularia_collo_cygni,svr_linear,4.408453061,3.942975811502114
ramularia_collo_cygni,svr_linear,3.875791798,3.988682249814944
ramularia_collo_cygni,svr_linear,3.194287141,3.964206968952604
ramularia_collo_cygni,svr_linear,3.165124262,3.7437497237023227
ramularia_collo_cygni,svr_linear,4.308725802,3.9004035795956993
ramularia_collo_cygni,svr_linear,4.675516423,3.8647877951873566
ramularia_collo_cygni,svr_linear,5.296268304,4.062413217659101
ramularia_collo_cygni,svr_linear,4.182686034,4.030193207626369
ramularia_collo_cygni,svr_linear,3.486470521,3.7801235848517183
ramularia_collo_cygni,svr_linear,4.532100579,3.8307973775866633
ramularia_collo_cygni,svr_linear,4.061512428,3.8710590371845477
ramularia_collo_cygni,svr_linear,4.745048095,3.9339857583828306
ramularia_collo_cygni,svr_linear,3.314666414,3.9727309083503872
ramularia_collo_cygni,svr_linear,5.051852949,3.8797899203337245
ramularia_collo_cygni,svr_linear,3.862011819,3.7719878228255883
ramularia_collo_cygni,svr_linear,4.671023008,3.956479775666738
ramularia_collo_cygni,svr_linear,3.757631532,3.9181490417617284
ramularia_collo_cygni,svr_linear,3.509173338,3.837674646522492
ramularia_collo_cygni,svr_linear,4.307256327,3.982756293510297
ramularia_collo_cygni,svr_linear,4.476386063,3.8994096289666604
ramularia_collo_cygni,svr_linear,4.749510665,3.877534201196439
ramularia_collo_cygni,svr_linear,4.025395323,4.000035910584415
ramularia_collo_cygni,svr_linear,3.726838091,3.8997527593975385
ramularia_collo_cygni,svr_linear,4.444371446,3.9202870115229294
ramularia_collo_cygni,svr_linear,4.533859707,3.883420086986764
ramularia_collo_cygni,svr_linear,3.757215397,3.912324378775047
ramularia_collo_cygni,svr_linear,4.041297363,3.8331393076116926
ramularia_collo_cygni,svr_linear,4.501342217,3.950443786122966
ramularia_collo_cygni,svr_linear,4.283747399,3.829116832681745
ramularia_collo_cygni,svr_linear,4.21679931,3.934319472773861
ramularia_collo_cygni,svr_linear,4.096388791,4.019660802008808
ramularia_collo_cygni,svr_linear,3.625770914,3.9426469113800247
ramularia_collo_cygni,svr_linear,4.258178831,3.918622023933062
ramularia_collo_cygni,svr_linear,3.812246476,3.9483521927105776
ramularia_collo_cygni,svr_linear,3.522152517,4.000497096747974
ramularia_collo_cygni,svr_linear,3.731348212,3.911876797252481
ramularia_collo_cygni,svr_linear,4.208891682,3.9078742067967256
ramularia_collo_cygni,svr_linear,3.358982509,3.8903186004127064
ramularia_collo_cygni,svr_linear,3.946425984,3.8643285788290043
ramularia_collo_cygni,svr_linear,4.653991324,3.8364639568034127
ramularia_collo_cygni,svr_linear,4.765418798,4.122630846170896
ramularia_collo_cygni,svr_linear,3.522068041,3.9548252985783
ramularia_collo_cygni,svr_linear,4.097671692,3.833049998623028
ramularia_collo_cygni,svr_linear,3.120199241,4.019603604665615
ramularia_collo_cygni,svr_linear,3.082427739,3.875671800370636
ramularia_collo_cygni,svr_linear,4.236243964,3.937808379158663
ramularia_collo_cygni,svr_linear,3.890559573,4.065913800003938
ramularia_collo_cygni,svr_linear,3.797054665,3.9494806079882325
ramularia_collo_cygni,svr_linear,3.43963234,3.9239721984787463
ramularia_collo_cygni,svr_linear,4.660988772,3.8819514272700766
ramularia_collo_cygni,svr_linear,4.955657674,3.876730481746274
ramularia_collo_cygni,svr_linear,3.616000315,3.8951464928402477
ramularia_collo_cygni,svr_linear,3.419957287,3.8762389952109118
ramularia_collo_cygni,svr_linear,4.500533302,3.9802326829892354
ramularia_collo_cygni,svr_linear,3.987552262,4.037477653869194
ramularia_collo_cygni,svr_linear,3.278140392,3.864036779347828
ramularia_collo_cygni,svr_linear,3.758529682,3.7807943245062554
ramularia_collo_cygni,svr_linear,4.23502664,3.8879327541894106
ramularia_collo_cygni,svr_linear,3.008098001,3.9825502521242844
ramularia_collo_cygni,svr_linear,4.409118156,3.9834072906689584
ramularia_collo_cygni,svr_linear,3.522105046,3.755108996520861
ramularia_collo_cygni,svr_linear,3.807928287,3.8428718619917617
ramularia_collo_cygni,svr_linear,3.885331597,3.7912354383407365
ramularia_collo_cygni,svr_linear,4.368788682,3.8807351207267904
ramularia_collo_cygni,svr_linear,3.222187996,3.733022675311269
ramularia_collo_cygni,svr_linear,4.90238914,3.658442435488322
ramularia_collo_cygni,svr_linear,3.604785307,3.653537661319773
ramularia_collo_cygni,svr_linear,4.449291347,3.875216893264563
ramularia_collo_cygni,svr_linear,5.87231137,3.7339004972684062
ramularia_collo_cygni,svr_linear,3.343437831,3.826707363042626
ramularia_collo_cygni,svr_linear,5.285032347,3.775806254863247
ramularia_collo_cygni,svr_linear,5.773812397,3.739388649619089
ramularia_collo_cygni,svr_linear,3.115672116,3.9454744357730283
ramularia_collo_cygni,svr_linear,4.218407129,3.7985487310306816
ramularia_collo_cygni,svr_linear,3.266417174,3.6890462844399536
ramularia_collo_cygni,svr_linear,4.765773931,3.6981748775278716
ramularia_collo_cygni,svr_linear,3.138177838,3.6309819296859187
ramularia_collo_cygni,svr_linear,4.744789554,3.797229595521906
ramularia_collo_cygni,svr_linear,3.138558791,3.705150810998001
ramularia_collo_cygni,svr_linear,5.877005546,3.752971969074992
ramularia_collo_cygni,svr_linear,5.142060256,3.8999924685644793
ramularia_collo_cygni,svr_linear,6.024987263,3.7750124788480632
ramularia_collo_cygni,svr_linear,4.156710931,3.665688045388858
ramularia_collo_cygni,svr_linear,3.57251506,3.7235185695660364
ramularia_collo_cygni,svr_linear,3.769583908,3.7901556470326923
ramularia_collo_cygni,svr_linear,1.85093372,3.8008585535732364
ramularia_collo_cygni,svr_linear,3.90149874,3.6915254898177956
ramularia_collo_cygni,svr_linear,4.81842325,3.895125041662533
ramularia_collo_cygni,svr_linear,4.068987193,3.728876705363266
ramularia_collo_cygni,svr_linear,4.210645459,3.8211572450583455
ramularia_collo_cygni,svr_linear,4.239543277,3.8241752298315994
ramularia_collo_cygni,svr_linear,3.851000155,3.6991957168969507
ramularia_collo_cygni,svr_linear,3.342424765,3.771368272886279
ramularia_collo_cygni,svr_linear,3.976996093,3.7593892033963563
ramularia_collo_cygni,svr_linear,4.061231721,3.748686110842751
ramularia_collo_cygni,svr_linear,3.973305043,3.738437405529568
ramularia_collo_cygni,svr_linear,3.565326738,3.820537186660165
ramularia_collo_cygni,svr_linear,4.915981086,3.66137197141324
ramularia_collo_cygni,svr_linear,3.579897855,3.8255191835185465
ramularia_collo_cygni,svr_linear,2.572022057,3.9366007870746746
ramularia_collo_cygni,svr_linear,4.330824164,3.5998864001536752
ramularia_collo_cygni,svr_linear,3.111195423,4.058273512233638
ramularia_collo_cygni,svr_linear,3.364712912,3.9184626298502336
ramularia_collo_cygni,svr_linear,2.691247854,3.6764595517932013
ramularia_collo_cygni,svr_linear,4.026538823,3.789153641594924
ramularia_collo_cygni,svr_linear,4.739010462,3.9136464818165226
ramularia_collo_cygni,svr_linear,4.009999189,3.9346945734100904
ramularia_collo_cygni,svr_linear,3.609860498,3.674220105892382
ramularia_collo_cygni,svr_linear,1.107948288,3.749865989407051
ramularia_collo_cygni,svr_linear,4.473240284,3.823597449706675
ramularia_collo_cygni,svr_linear,4.419433643,3.672346746920972
ramularia_collo_cygni,svr_linear,3.840786937,3.8597155831354573
ramularia_collo_cygni,svr_linear,3.604136333,3.8076481374996463
ramularia_collo_cygni,svr_linear,3.931930066,3.7910030281590577
ramularia_collo_cygni,svr_linear,4.124553604,3.828324984813972
ramularia_collo_cygni,svr_linear,4.650085273,3.6983414853753716
ramularia_collo_cygni,svr_linear,4.355699602,3.7364802110840816
ramularia_collo_cygni,svr_linear,3.927495725,3.832698261376376
ramularia_collo_cygni,svr_linear,3.419133123,3.7792090725169682
ramularia_collo_cygni,svr_linear,3.219421238,3.801451528636079
ramularia_collo_cygni,svr_linear,2.691546827,3.7603797501691267
ramularia_collo_cygni,svr_linear,3.498578876,3.6217630130786307
ramularia_collo_cygni,svr_linear,3.900161724,3.687484126021826
ramularia_collo_cygni,svr_linear,4.897208793,3.763266731723141
ramularia_collo_cygni,svr_linear,3.648807584,3.7441416413579773
ramularia_collo_cygni,svr_linear,3.494499315,3.736607451715431
ramularia_collo_cygni,svr_linear,4.221923865,3.6441636098683343
ramularia_collo_cygni,svr_linear,2.498699498,3.7942346479675204
ramularia_collo_cygni,svr_linear,2.002335288,3.5650753591839988
ramularia_collo_cygni,svr_linear,4.79096325,3.7325159989250833
ramularia_collo_cygni,svr_linear,5.054962,3.736085239090671
ramularia_collo_cygni,svr_linear,3.400488818,3.8357585773408367
ramularia_collo_cygni,svr_linear,3.303715053,3.796551040855987
ramularia_collo_cygni,svr_linear,4.411942162,3.5955575277927734
ramularia_collo_cygni,svr_linear,3.963405174,3.6930595697088635
ramularia_collo_cygni,svr_linear,3.165001373,3.605268434838893
ramularia_collo_cygni,svr_linear,5.257198235,3.730064444301362
ramularia_collo_cygni,svr_linear,3.372764387,3.5689059294358865
ramularia_collo_cygni,svr_linear,4.63030133,3.8304448381650853
ramularia_collo_cygni,svr_linear,3.371829154,3.6481024672629125
ramularia_collo_cygni,svr_linear,3.430387774,3.690277924252242
ramularia_collo_cygni,svr_linear,3.380218053,3.6965243838493063
ramularia_collo_cygni,svr_linear,3.133307332,3.7722816931596084
ramularia_collo_cygni,svr_linear,2.390930461,3.684894396654647
ramularia_collo_cygni,svr_linear,3.500977493,3.7455330381612475
ramularia_collo_cygni,svr_linear,3.606934822,3.7363507932998226
ramularia_collo_cygni,svr_linear,2.850743,3.6819098584454713
ramularia_collo_cygni,svr_linear,5.242865986,3.779459026748622
ramularia_collo_cygni,svr_linear,3.920316302,3.6274038173933816
ramularia_collo_cygni,svr_linear,3.257116547,3.704306590291199
ramularia_collo_cygni,svr_linear,3.131876564,3.831140174444269
ramularia_collo_cygni,svr_linear,3.864930471,3.645137047025208
ramularia_collo_cygni,svr_linear,4.114688409,3.9097088058097524
ramularia_collo_cygni,svr_linear,4.560012196,3.737665761570408
ramularia_collo_cygni,svr_linear,4.730976823,3.834906778909885
ramularia_collo_cygni,svr_linear,4.269068034,3.7736853738293994
ramularia_collo_cygni,svr_linear,4.340829046,3.696644648246375
ramularia_collo_cygni,svr_linear,3.513606783,3.652055655056883
ramularia_collo_cygni,svr_linear,4.246042695,3.837356586648846
ramularia_collo_cygni,svr_linear,3.686307157,3.912744248301487
ramularia_collo_cygni,svr_linear,3.768162003,3.8827116306831475
ramularia_collo_cygni,svr_linear,3.258915185,3.6564743893538134
ramularia_collo_cygni,svr_linear,4.522461519,3.66458162152531
ramularia_collo_cygni,svr_linear,2.676557903,3.59283628799565
ramularia_collo_cygni,svr_linear,3.578401133,3.5963943959323283
ramularia_collo_cygni,svr_linear,3.133982724,3.5688058465240973
ramularia_collo_cygni,svr_linear,2.934768869,3.7506132652468165
ramularia_collo_cygni,svr_linear,3.566447198,3.7628077499925126
ramularia_collo_cygni,svr_linear,3.791161481,3.9825204103034793
ramularia_collo_cygni,svr_linear,1.462217794,3.882184526957762
ramularia_collo_cygni,svr_linear,3.097393664,3.81450130490207
ramularia_collo_cygni,svr_linear,4.816455289,3.9213515760166873
ramularia_collo_cygni,svr_linear,4.61626316,3.6517117370098093
ramularia_collo_cygni,svr_linear,4.495393011,3.805218066731698
ramularia_collo_cygni,svr_linear,3.195293186,3.6952791522523216
ramularia_collo_cygni,svr_linear,3.606165577,3.7470536953571694
ramularia_collo_cygni,svr_linear,3.664927065,3.7711189505904037
ramularia_collo_cygni,svr_linear,3.856945458,3.7160349781058892
ramularia_collo_cygni,svr_linear,4.3889316,3.772716479347191
ramularia_collo_cygni,svr_linear,2.400981843,3.793728491345004
ramularia_collo_cygni,svr_linear,4.287945823,3.6514124144645965
ramularia_collo_cygni,svr_linear,3.562814098,3.7058317240835352
ramularia_collo_cygni,svr_linear,2.818188106,3.9038367876537756
ramularia_collo_cygni,svr_linear,5.43967518,3.8679115088425506
ramularia_collo_cygni,svr_linear,3.062052984,3.89677322726962
ramularia_collo_cygni,svr_linear,4.094779953,3.643131254848125
ramularia_collo_cygni,svr_linear,2.261776301,3.665062354681791
ramularia_collo_cygni,svr_linear,2.947566375,3.719168723011687
ramularia_collo_cygni,svr_linear,3.312466922,3.8568627037923595
ramularia_collo_cygni,svr_linear,2.28738143,3.8781882421802005
ramularia_collo_cygni,svr_linear,3.739037375,3.5877958594179065
ramularia_collo_cygni,svr_linear,2.022751817,3.748965894427732
ramularia_collo_cygni,svr_linear,4.346449643,3.8604791203379705
ramularia_collo_cygni,svr_linear,4.031793298,3.6745167370269387
ramularia_collo_cygni,svr_linear,4.351179102,3.822469825808375
ramularia_collo_cygni,svr_linear,4.431300847,3.634112424297764
ramularia_collo_cygni,svr_linear,6.243061825,4.0599130849508285
ramularia_collo_cygni,svr_linear,3.325721687,3.62367635875201
ramularia_collo_cygni,svr_linear,1.154549373,3.7513195056153203
ramularia_collo_cygni,svr_linear,4.041940652,3.8671579751653473
ramularia_collo_cygni,svr_linear,3.547357078,3.70107563243338
ramularia_collo_cygni,svr_linear,3.684698903,3.6806083496750377
ramularia_collo_cygni,svr_linear,3.916528085,3.8670186137910365
ramularia_collo_cygni,svr_linear,3.194391196,3.767122718079426
ramularia_collo_cygni,svr_linear,2.806923021,3.77603171497321
ramularia_collo_cygni,svr_linear,4.689523269,3.903727128419224
ramularia_collo_cygni,svr_linear,2.80472813,3.6715502077059456
ramularia_collo_cygni,svr_linear,4.602095218,3.7751262217005674
ramularia_collo_cygni,svr_linear,4.844544966,3.5731411561506814
ramularia_collo_cygni,svr_linear,0.916171488,3.86197861163114
ramularia_collo_cygni,svr_linear,3.616341218,3.925955855083992
ramularia_collo_cygni,svr_linear,1.318238564,3.6513937406665544
ramularia_collo_cygni,svr_linear,3.177990537,3.6800058362274255
ramularia_collo_cygni,svr_linear,3.9993053,3.8693735793558646
ramularia_collo_cygni,svr_linear,4.141506889,3.6237459681916997
ramularia_collo_cygni,svr_linear,5.062196411,3.626794228372673
ramularia_collo_cygni,svr_linear,4.370872461,3.7591107921520366
ramularia_collo_cygni,svr_linear,2.933696544,3.927878842932022
ramularia_collo_cygni,svr_linear,4.369807717,3.7981915490617832
ramularia_collo_cygni,svr_linear,4.036868588,3.6952806312228907
ramularia_collo_cygni,svr_linear,3.608224085,3.8321512447144195
ramularia_collo_cygni,svr_linear,2.58169415,3.8762508795675727
ramularia_collo_cygni,svr_linear,2.670617168,3.80100966860831
ramularia_collo_cygni,svr_linear,4.495853904,3.7443988166819078
ramularia_collo_cygni,svr_linear,4.914672444,3.7930895581987656
ramularia_collo_cygni,svr_linear,3.13269646,3.7175072372457034
ramularia_collo_cygni,svr_linear,3.122540442,3.792820256493195
ramularia_collo_cygni,svr_linear,2.530995978,3.762871495822615
ramularia_collo_cygni,svr_linear,4.240286695,3.7056371291499715
ramularia_collo_cygni,svr_linear,3.781473213,3.74790888396208
ramularia_collo_cygni,svr_linear,3.432719508,4.050193420986453
ramularia_collo_cygni,svr_linear,3.933261311,3.8652801124322482
ramularia_collo_cygni,svr_linear,3.581771184,3.4296057748787314
ramularia_collo_cygni,svr_linear,3.430087584,3.319434552879807
ramularia_collo_cygni,svr_linear,2.763131086,3.4381427081342926
ramularia_collo_cygni,svr_linear,1.450327339,3.0015065007291595
ramularia_collo_cygni,svr_linear,3.282822827,3.8036064257893605
ramularia_collo_cygni,svr_linear,4.293328581,3.0645024455861805
ramularia_collo_cygni,svr_linear,5.290598459,4.75275117097292
ramularia_collo_cygni,svr_linear,5.360588196,5.371736830545416
ramularia_collo_cygni,svr_linear,5.775340651,5.068784566073721
ramularia_collo_cygni,svr_linear,2.488838603,3.683201401433178
ramularia_collo_cygni,svr_linear,2.144960571,3.8693485538407657
ramularia_collo_cygni,svr_linear,6.851032269,4.182970098446706
ramularia_collo_cygni,svr_linear,4.927429627,3.6056657870080424
ramularia_collo_cygni,svr_linear,4.021618678,3.750154890791978
ramularia_collo_cygni,svr_linear,5.21519891,3.49935079251057
ramularia_collo_cygni,svr_linear,3.190131874,2.9941029833012895
ramularia_collo_cygni,svr_linear,3.035504362,3.1673017471788296
ramularia_collo_cygni,svr_linear,4.572778053,3.857608729286712
ramularia_collo_cygni,svr_linear,5.194459305,4.878015886501899
ramularia_collo_cygni,svr_linear,3.114654861,3.452107569111768
ramularia_collo_cygni,svr_linear,7.002524163,4.285836045395228
ramularia_collo_cygni,svr_linear,1.233856615,2.8221816819140244
ramularia_collo_cygni,svr_linear,2.427392164,2.91740973211449
ramularia_collo_cygni,svr_linear,2.53771847,2.794450921896003
ramularia_collo_cygni,svr_linear,3.270127226,2.830400083467045
ramularia_collo_cygni,svr_linear,2.204159501,3.176247545756937
ramularia_collo_cygni,svr_linear,1.754134029,2.5549432994208514
ramularia_collo_cygni,svr_linear,4.404584833,3.8464220038005155
ramularia_collo_cygni,svr_linear,4.996330779,3.496851878593767
ramularia_collo_cygni,svr_linear,2.531023314,3.7415164553667246
ramularia_collo_cygni,svr_linear,2.943167526,3.6094910108844074
ramularia_collo_cygni,svr_linear,4.297870077,2.9491879692085163
ramularia_collo_cygni,svr_linear,4.467355525,3.413323595896556
ramularia_collo_cygni,svr_linear,3.700006213,3.9780457883147764
ramularia_collo_cygni,svr_linear,2.396070063,3.928006864792903
ramularia_collo_cygni,svr_linear,5.06595948,3.7368296352826986
ramularia_collo_cygni,svr_linear,1.201291163,3.856937595759187
ramularia_collo_cygni,svr_linear,4.592503068,3.281704634776657
ramularia_collo_cygni,svr_linear,5.985831643,3.2580707246154716
ramularia_collo_cygni,svr_linear,3.524422024,2.637592146792051
ramularia_collo_cygni,svr_linear,4.158736277,3.6931944781008386
ramularia_collo_cygni,svr_linear,8.548221744,4.7577785740416765
ramularia_collo_cygni,svr_linear,2.649326853,4.968605209670398
ramularia_collo_cygni,svr_linear,6.297236061,4.602589684388056
ramularia_collo_cygni,svr_linear,3.267106376,3.4591471236514004
ramularia_collo_cygni,svr_linear,3.573618611,2.9413873646248136
ramularia_collo_cygni,svr_linear,4.354431994,4.331304077388429
ramularia_collo_cygni,svr_linear,4.284855867,3.345936171719227
ramularia_collo_cygni,svr_linear,5.74864388,5.0647924801318895
ramularia_collo_cygni,svr_linear,3.857893905,4.24852523545463
ramularia_collo_cygni,svr_linear,3.757455848,4.574892961277047
ramularia_collo_cygni,svr_linear,2.898364027,3.773826373295337
ramularia_collo_cygni,svr_linear,1.448175396,3.2844638537370425
ramularia_collo_cygni,svr_linear,2.024299449,3.321758969551346
ramularia_collo_cygni,svr_linear,4.405236324,4.866706045788869
ramularia_collo_cygni,svr_linear,4.479770129,3.760595903203675
ramularia_collo_cygni,svr_linear,5.041228187,4.49120006831425
ramularia_collo_cygni,svr_linear,6.082941713,4.118745251802075
ramularia_collo_cygni,svr_linear,3.880730578,3.576144118044337
ramularia_collo_cygni,svr_linear,2.718036423,3.3590445382204486
ramularia_collo_cygni,svr_linear,4.944623844,4.501631026888954
ramularia_collo_cygni,svr_linear,2.282427154,3.4089689120478095
ramularia_collo_cygni,svr_linear,4.031759375,3.1653025819712712
ramularia_collo_cygni,svr_linear,2.035319327,3.25151843474177
ramularia_collo_cygni,svr_linear,3.578148727,3.4947520866276625
ramularia_collo_cygni,svr_linear,1.904222669,4.121358200762276
ramularia_collo_cygni,svr_linear,4.261597524,4.4821327129755035
ramularia_collo_cygni,svr_linear,4.018955858,3.4877304314814914
ramularia_collo_cygni,svr_linear,3.340896845,3.5195967690398806
ramularia_collo_cygni,svr_linear,2.650359724,3.897163947618468
ramularia_collo_cygni,svr_linear,2.563984631,3.4987057633117544
ramularia_collo_cygni,svr_linear,4.708284147,3.557364110795138
ramularia_collo_cygni,svr_linear,4.737661973,3.175084532021433
ramularia_collo_cygni,svr_linear,3.464831831,3.678870946976234
ramularia_collo_cygni,svr_linear,6.889271424,4.304287118734541
ramularia_collo_cygni,svr_linear,3.514604737,3.2695369994310464
ramularia_collo_cygni,svr_linear,6.274130982,4.636492579750656
ramularia_collo_cygni,svr_linear,4.662675867,5.067959637646642
ramularia_collo_cygni,svr_linear,2.162742673,3.8359022575204875
ramularia_collo_cygni,svr_linear,5.124570604,3.2711332728049354
ramularia_collo_cygni,svr_linear,3.259773822,3.2630116639881073
ramularia_collo_cygni,svr_linear,1.490526643,3.315702957658632
ramularia_collo_cygni,svr_linear,3.173582338,4.085015992603896
ramularia_collo_cygni,svr_linear,3.008664127,3.64928019431212
ramularia_collo_cygni,svr_linear,6.176567578,3.33205263080749
ramularia_collo_cygni,svr_linear,3.816714459,3.9043169234503443
ramularia_collo_cygni,svr_linear,2.694371236,3.693266062052841
ramularia_collo_cygni,svr_linear,3.709263623,3.830525225516386
ramularia_collo_cygni,svr_linear,2.807043859,3.9070046193441343
ramularia_collo_cygni,svr_linear,3.233772746,3.1908573710162464
ramularia_collo_cygni,svr_linear,6.610941082,4.876377206110384
ramularia_collo_cygni,svr_linear,3.505148456,4.624440279958346
ramularia_collo_cygni,svr_linear,2.149242967,3.657095213364584
ramularia_collo_cygni,svr_linear,5.228883358,4.220864569402932
ramularia_collo_cygni,svr_linear,3.986991452,3.3604979428891184
ramularia_collo_cygni,svr_linear,2.412601509,3.1457987363324253
ramularia_collo_cygni,svr_linear,4.734468412,3.425044350564493
ramularia_collo_cygni,svr_linear,3.076640751,3.3012573085860097
ramularia_collo_cygni,svr_linear,3.122931051,3.532450267126769
ramularia_collo_cygni,svr_linear,2.141887878,3.561516913841137
ramularia_collo_cygni,svr_linear,2.457865499,3.4545890682476563
ramularia_collo_cygni,svr_linear,2.347164566,3.47058068737385
ramularia_collo_cygni,svr_linear,1.220141441,3.6138330620000017
ramularia_collo_cygni,svr_linear,2.13605753,3.4761567397397006
ramularia_collo_cygni,svr_linear,3.935382247,3.4630962034518706
ramularia_collo_cygni,svr_linear,2.775908336,3.633329728475635
ramularia_collo_cygni,svr_linear,5.740205657,3.222729951568361
ramularia_collo_cygni,svr_linear,3.38855013,3.2313484090696276
ramularia_collo_cygni,svr_linear,2.426675868,4.49834199598792
ramularia_collo_cygni,svr_linear,2.75058108,3.5366064402545567
ramularia_collo_cygni,svr_linear,4.864051027,3.662951545514307
ramularia_collo_cygni,svr_linear,5.520170426,5.373351739186505
ramularia_collo_cygni,svr_linear,4.326983478,3.561942936885465
ramularia_collo_cygni,svr_linear,6.037651804,19.45624990164884
ramularia_collo_cygni,svr_linear,2.476557312,3.935367808422985
ramularia_collo_cygni,svr_linear,3.855057112,3.776679093443199
ramularia_collo_cygni,svr_linear,1.640472479,3.656483373299397
ramularia_collo_cygni,svr_linear,2.578341755,3.514603774716048
ramularia_collo_cygni,svr_linear,2.799388991,3.2561811789955777
ramularia_collo_cygni,svr_linear,5.071548359,3.5704707266371525
ramularia_collo_cygni,svr_linear,2.141703083,2.0163616063469454
ramularia_collo_cygni,svr_linear,3.197686802,3.9316590192550676
ramularia_collo_cygni,svr_linear,4.329645726,3.769679381244848
ramularia_collo_cygni,svr_linear,3.161037997,4.9608097348690485
ramularia_collo_cygni,svr_linear,3.061859671,2.5953739342718585
ramularia_collo_cygni,svr_linear,2.573876061,2.6383414560580123
ramularia_collo_cygni,svr_linear,1.345417781,2.575283666875288
ramularia_collo_cygni,svr_linear,3.105801781,2.4655056962881026
ramularia_collo_cygni,svr_linear,4.384087039,5.4102990189094875
ramularia_collo_cygni,svr_linear,2.198534702,2.487603601972635
ramularia_collo_cygni,svr_linear,3.121071022,3.3682956841032246
ramularia_collo_cygni,svr_linear,3.040769483,2.701293754216972
ramularia_collo_cygni,svr_linear,1.0890685,5.087613548353981
ramularia_collo_cygni,svr_linear,5.496895266,5.108898489660637
ramularia_collo_cygni,svr_linear,4.610307375,5.079815539249402
ramularia_collo_cygni,svr_linear,3.389230908,3.1421676971825043
ramularia_collo_cygni,svr_linear,1.687163261,3.065078751301868
ramularia_collo_cygni,svr_linear,2.902023966,2.4642000862013322
ramularia_collo_cygni,svr_linear,3.630364881,4.029381229037142
ramularia_collo_cygni,svr_linear,2.569358823,3.527368164562012
ramularia_collo_cygni,svr_linear,2.288140407,3.4894141586901886
ramularia_collo_cygni,svr_linear,4.416633139,3.6584295957510236
ramularia_collo_cygni,svr_linear,2.69384033,2.8955775060769837
ramularia_collo_cygni,svr_linear,3.076856246,3.2642340162970678
ramularia_collo_cygni,svr_linear,3.08092805,4.310241959355067
ramularia_collo_cygni,svr_linear,2.924983962,4.2561620094777055
ramularia_collo_cygni,svr_linear,1.705884254,3.329157165309393
ramularia_collo_cygni,svr_linear,3.894886322,3.489489703912464
ramularia_collo_cygni,svr_linear,3.855620725,3.0717664246450203
ramularia_collo_cygni,svr_linear,3.627686052,4.644321618811489
ramularia_collo_cygni,svr_linear,2.136632229,3.137201926509365
ramularia_collo_cygni,svr_linear,3.204825077,4.901739449831737
ramularia_collo_cygni,svr_linear,3.19596072,4.415067838331289
ramularia_collo_cygni,svr_linear,1.897774277,2.5576553390906867
ramularia_collo_cygni,svr_linear,4.85067705,4.599216235266739
ramularia_collo_cygni,svr_linear,4.392169051,3.8549591860817047
ramularia_collo_cygni,svr_linear,4.095418006,3.337855426258207
ramularia_collo_cygni,svr_linear,3.86799669,3.89545639325237
ramularia_collo_cygni,svr_linear,2.884306008,3.14038546881372
ramularia_collo_cygni,svr_linear,6.598511048,4.78660739570855
ramularia_collo_cygni,svr_linear,3.463569664,4.200869135955415
ramularia_collo_cygni,svr_linear,5.414865704,4.5473210339122865
ramularia_collo_cygni,svr_linear,3.388154499,3.3029208235075824
ramularia_collo_cygni,svr_linear,2.557460867,3.854990745177545
ramularia_collo_cygni,svr_linear,4.419656093,3.8521611620876013
ramularia_collo_cygni,svr_linear,3.726341105,3.7331805088085455
ramularia_collo_cygni,svr_linear,2.247824888,3.623111532271001
ramularia_collo_cygni,svr_linear,3.815346786,3.5078620675855445
ramularia_collo_cygni,svr_linear,3.835370751,3.6113954699539
ramularia_collo_cygni,svr_linear,3.506211748,3.446571740482043
ramularia_collo_cygni,svr_linear,4.869271382,5.339195616597403
ramularia_collo_cygni,svr_linear,2.914906526,3.87821185149363
ramularia_collo_cygni,svr_linear,2.00274482,2.6952301183497696
ramularia_collo_cygni,svr_linear,3.087213814,2.723107696971028
ramularia_collo_cygni,svr_linear,3.75312319,3.6142108142786857
ramularia_collo_cygni,svr_linear,2.946496284,3.373037188594137
ramularia_collo_cygni,svr_linear,5.71286631,4.926864812131601
ramularia_collo_cygni,svr_linear,2.721500554,3.5631778154334652
ramularia_collo_cygni,svr_linear,4.736381382,5.532568035750168
ramularia_collo_cygni,svr_linear,4.937605208,3.697131667012738
ramularia_collo_cygni,svr_linear,1.675700747,3.4310104473566687
ramularia_collo_cygni,svr_linear,4.26409092,4.814372886708745
ramularia_collo_cygni,svr_linear,3.038330779,2.5495441671291608
ramularia_collo_cygni,svr_linear,5.399140213,3.853490404952259
ramularia_collo_cygni,svr_linear,3.099776861,2.290369106758358
ramularia_collo_cygni,svr_linear,2.4131964,3.8483890691538747
ramularia_collo_cygni,svr_linear,4.87738971,3.281047191428684
ramularia_collo_cygni,svr_linear,6.434082362,3.4471291235285157
ramularia_collo_cygni,svr_linear,4.93447029,4.490566685812708
ramularia_collo_cygni,svr_linear,3.365553261,2.4456826992879015
ramularia_collo_cygni,svr_linear,1.280916407,3.121642588056831
ramularia_collo_cygni,svr_linear,1.377580101,3.0506404474663955
ramularia_collo_cygni,svr_linear,4.717755792,4.353728397198394
ramularia_collo_cygni,svr_linear,2.961774616,4.302682988351297
ramularia_collo_cygni,svr_linear,2.345039678,3.636298118832369
ramularia_collo_cygni,svr_linear,2.588567421,3.338136969825531
ramularia_collo_cygni,svr_linear,2.125766079,3.5696268293773628
ramularia_collo_cygni,svr_linear,4.008527949,3.4225856759885573
ramularia_collo_cygni,svr_linear,4.506492525,3.7023116672589094
ramularia_collo_cygni,svr_linear,6.476028084,4.86938703086424
ramularia_collo_cygni,svr_linear,1.764895617,3.3869960741603076
ramularia_collo_cygni,svr_linear,3.104401162,3.4119289952258156
ramularia_collo_cygni,svr_linear,2.906608396,2.6440872577539247
ramularia_collo_cygni,svr_linear,3.318745079,2.9752477730866147
ramularia_collo_cygni,svr_linear,2.636440892,3.166203437839899
ramularia_collo_cygni,svr_linear,4.646836048,3.3314577474546394
ramularia_collo_cygni,svr_linear,2.036641273,3.6025295270985804
ramularia_collo_cygni,svr_linear,2.673417615,3.139534985029788
ramularia_collo_cygni,svr_linear,1.550159709,3.1804481156398507
ramularia_collo_cygni,svr_linear,4.513120959,3.918061576643972
ramularia_collo_cygni,svr_linear,4.107966245,3.7880192008984
ramularia_collo_cygni,svr_linear,2.736106536,3.4198304605937295
ramularia_collo_cygni,svr_linear,4.837276781,3.9580626365669893
ramularia_collo_cygni,svr_linear,4.238231441,3.5705728386794866
ramularia_collo_cygni,svr_linear,3.824216105,3.4348536795256086
ramularia_collo_cygni,svr_linear,4.560709146,3.54096748884396
ramularia_collo_cygni,svr_linear,3.519437238,3.020158829871528
ramularia_collo_cygni,svr_linear,4.478654864,3.781532999010115
ramularia_collo_cygni,svr_linear,2.527374749,3.6692896445880145
ramularia_collo_cygni,svr_linear,4.253695514,3.3224665027419666
ramularia_collo_cygni,svr_linear,2.450242583,3.163113840557788
ramularia_collo_cygni,svr_linear,4.959045319,4.265647892770645
ramularia_collo_cygni,svr_linear,2.97119362,3.580243622536268
ramularia_collo_cygni,svr_linear,2.702798303,3.5934664699679217
ramularia_collo_cygni,svr_linear,3.420231336,3.4188999163540594
ramularia_collo_cygni,svr_linear,3.537439326,3.5107817617358563
ramularia_collo_cygni,svr_linear,2.909600554,3.752103827253521
ramularia_collo_cygni,svr_linear,5.764115368,5.328386107235463
ramularia_collo_cygni,svr_linear,1.936129039,3.4634358249165067
ramularia_collo_cygni,svr_linear,3.405083485,3.8394098688810048
ramularia_collo_cygni,svr_linear,3.428346769,3.9136640090613395
ramularia_collo_cygni,svr_linear,4.25820283,3.219105003424586
ramularia_collo_cygni,svr_linear,4.891236629,3.946974981831175
ramularia_collo_cygni,svr_linear,3.40126358,3.676819697197913
ramularia_collo_cygni,svr_linear,2.48877912,4.058202617227358
ramularia_collo_cygni,svr_linear,2.744944513,3.2350652823841575
ramularia_collo_cygni,svr_linear,3.994317308,3.8555164695427964
ramularia_collo_cygni,svr_linear,2.024380657,3.6132764288413433
ramularia_collo_cygni,svr_linear,2.734240062,3.5440673708763546
ramularia_collo_cygni,svr_linear,3.459146427,3.6150012435314838
ramularia_collo_cygni,svr_linear,4.960260512,4.070343608883835
ramularia_collo_cygni,svr_linear,2.075838609,3.899536258792236
ramularia_collo_cygni,svr_linear,4.966769522,4.294596009835526
ramularia_collo_cygni,svr_linear,3.845437759,3.1832990328054134
ramularia_collo_cygni,svr_linear,3.099281261,4.2868360759885205
ramularia_collo_cygni,svr_linear,5.401392483,4.3333986493349315
ramularia_collo_cygni,svr_linear,3.259294302,3.923672045457264
ramularia_collo_cygni,svr_linear,3.12497194,3.855416207274751
ramularia_collo_cygni,svr_linear,2.50199137,3.4377434805488516
ramularia_collo_cygni,svr_linear,2.413393425,3.707427692045316
ramularia_collo_cygni,svr_linear,6.32558943,3.830143756531581
ramularia_collo_cygni,svr_linear,3.416019284,3.6322065921755597
ramularia_collo_cygni,svr_linear,2.524910406,3.6793814739705972
ramularia_collo_cygni,svr_linear,4.268662724,3.639161865554462
ramularia_collo_cygni,svr_linear,3.309878547,3.5010256700523628
ramularia_collo_cygni,svr_linear,5.99485731,4.312743671357914
ramularia_collo_cygni,svr_linear,5.665475341,4.5066842819047634
ramularia_collo_cygni,svr_linear,2.884749052,3.3906254882674354
ramularia_collo_cygni,svr_linear,3.995458448,4.150041772123681
ramularia_collo_cygni,svr_linear,2.948209598,2.4672697631601244
ramularia_collo_cygni,svr_linear,3.760367429,3.3192570995505526
ramularia_collo_cygni,svr_linear,4.799642917,5.0056011562331175
ramularia_collo_cygni,svr_linear,2.926128078,2.8237120428182703
ramularia_collo_cygni,svr_linear,3.643332334,3.678966011318291
ramularia_collo_cygni,svr_linear,3.43440072,3.8354465793451658
ramularia_collo_cygni,svr_linear,7.392783657,3.757494453948306
ramularia_collo_cygni,svr_linear,2.917245967,3.2981529232987343
ramularia_collo_cygni,svr_linear,1.761814835,3.3845049659307276
ramularia_collo_cygni,svr_linear,1.865185043,3.773161344287649
ramularia_collo_cygni,svr_linear,2.876749188,4.294114780848683
ramularia_collo_cygni,svr_linear,2.484843149,3.5958791685175537
ramularia_collo_cygni,svr_linear,5.896337905,5.157905234052718
ramularia_collo_cygni,svr_linear,2.579220491,3.396564439792711
ramularia_collo_cygni,svr_linear,3.597219811,3.955362589678339
ramularia_collo_cygni,svr_linear,3.175306769,3.404332207557964
ramularia_collo_cygni,svr_linear,2.626497646,2.9700811575618813
ramularia_collo_cygni,svr_linear,4.715294154,4.08485246306614
ramularia_collo_cygni,svr_linear,4.154898698,3.405580814604142
ramularia_collo_cygni,svr_linear,4.751582918,3.3732370753591727
ramularia_collo_cygni,svr_linear,3.163699705,4.239397091554011
ramularia_collo_cygni,svr_linear,3.454596767,3.5471978204629204
ramularia_collo_cygni,svr_linear,1.995635846,3.345636190292034
ramularia_collo_cygni,svr_linear,3.459933102,3.3781279534909308
ramularia_collo_cygni,svr_linear,2.262293476,3.025041658270366
ramularia_collo_cygni,svr_linear,3.229686625,3.62355973348768
ramularia_collo_cygni,svr_linear,2.542971992,3.52603191117596
ramularia_collo_cygni,svr_linear,3.417921067,3.37474713575535
ramularia_collo_cygni,svr_linear,2.495533359,3.5148183433118043
ramularia_collo_cygni,svr_linear,3.035047283,4.14717900119123
ramularia_collo_cygni,svr_linear,2.366379384,2.8105747938108316
ramularia_collo_cygni,svr_linear,4.950227997,3.4149795229546696
ramularia_collo_cygni,svr_linear,2.934761374,4.879661910594826
ramularia_collo_cygni,svr_linear,1.609135652,3.233410735160566
ramularia_collo_cygni,svr_linear,3.631397141,3.494891919860828
ramularia_collo_cygni,svr_linear,2.394825673,3.191508820524325
ramularia_collo_cygni,svr_linear,1.714128763,3.6519138315867736
ramularia_collo_cygni,svr_linear,4.828344921,2.9821130580413033
ramularia_collo_cygni,svr_linear,2.676800441,3.0263939339876007
ramularia_collo_cygni,svr_linear,2.219621162,3.0971832183384373
ramularia_collo_cygni,svr_linear,1.269995021,3.076200640258394
ramularia_collo_cygni,svr_linear,4.198350055,3.6952729407882843
ramularia_collo_cygni,svr_linear,2.580800729,3.4696727331986508
ramularia_collo_cygni,svr_linear,5.895995422,3.121610024392842
ramularia_collo_cygni,svr_linear,3.23861038,1.9008425886330755
ramularia_collo_cygni,svr_linear,2.132216086,3.758494550871138
ramularia_collo_cygni,svr_linear,2.697672234,3.1175166004449317
ramularia_collo_cygni,svr_linear,1.995342421,2.598431866372567
ramularia_collo_cygni,svr_linear,4.04849834,3.849262546715446
ramularia_collo_cygni,svr_linear,1.379596989,3.502533139687247
ramularia_collo_cygni,svr_linear,2.528756836,3.111595165316368
ramularia_collo_cygni,svr_linear,3.2204298,2.630186400096969
ramularia_collo_cygni,svr_linear,3.944384101,3.6403578820921694
ramularia_collo_cygni,svr_linear,3.493605964,3.5403773394225726
ramularia_collo_cygni,svr_linear,1.468025776,3.697056466259601
ramularia_collo_cygni,svr_linear,3.705096507,3.1696318342498477
ramularia_collo_cygni,svr_linear,3.248482937,3.2510892646311476
ramularia_collo_cygni,svr_linear,2.404233258,3.847011418466731
ramularia_collo_cygni,svr_linear,3.223963411,3.406209156466802
ramularia_collo_cygni,svr_linear,3.26313003,3.1526586772371146
ramularia_collo_cygni,svr_linear,3.032379058,3.519012051777719
ramularia_collo_cygni,svr_linear,3.773309223,2.6954791024388296
ramularia_collo_cygni,svr_linear,2.758507881,4.903114802728754
ramularia_collo_cygni,svr_linear,4.515359173,3.2281855122929697
ramularia_collo_cygni,svr_linear,3.023334769,3.0212957835006358
ramularia_collo_cygni,svr_linear,4.377569538,3.69065760421545
ramularia_collo_cygni,svr_linear,2.749119607,2.841883142795722
ramularia_collo_cygni,svr_linear,3.629104928,3.5004945673885675
ramularia_collo_cygni,svr_linear,4.481511759,3.658922320317054
ramularia_collo_cygni,svr_linear,2.312755669,4.289700079057022
ramularia_collo_cygni,svr_linear,5.022894253,3.8871641747953993
ramularia_collo_cygni,svr_linear,6.473476598,3.8434517503231582
ramularia_collo_cygni,svr_linear,4.905271878,3.935423618167128
ramularia_collo_cygni,svr_linear,2.257163915,2.8414848247484175
ramularia_collo_cygni,svr_linear,3.062720262,3.257193003177804
ramularia_collo_cygni,svr_linear,6.453292221,3.4532590255134856
ramularia_collo_cygni,svr_linear,3.707519962,3.824237986491636
ramularia_collo_cygni,svr_linear,2.378921726,3.699760227926895
ramularia_collo_cygni,svr_linear,2.585558854,3.3551082344682834
ramularia_collo_cygni,svr_linear,3.026681536,2.857110939711893
ramularia_collo_cygni,svr_linear,2.232717824,3.1505974559849834
ramularia_collo_cygni,svr_linear,4.725632349,4.9528078465638075
ramularia_collo_cygni,svr_linear,2.785731238,3.6620350099506855
ramularia_collo_cygni,svr_linear,2.883765112,2.9628521278746103
ramularia_collo_cygni,svr_linear,2.025951147,3.2404432561744425
ramularia_collo_cygni,svr_linear,2.594676733,3.7044359028048
ramularia_collo_cygni,svr_linear,2.818139828,3.1169956798819
ramularia_collo_cygni,svr_linear,2.283454127,3.55008769410065
ramularia_collo_cygni,svr_linear,2.821696306,3.0194897631169253
ramularia_collo_cygni,svr_linear,3.007580614,3.132633211591915
ramularia_collo_cygni,svr_linear,2.85916878,3.3887527227314638
ramularia_collo_cygni,svr_linear,2.578256026,4.650584654212123
ramularia_collo_cygni,svr_linear,2.821392866,3.9997203521534725
ramularia_collo_cygni,svr_linear,2.514597673,3.640526078163627
ramularia_collo_cygni,svr_linear,4.177928981,3.681472949248551
ramularia_collo_cygni,svr_linear,3.311945574,4.061607247708822
ramularia_collo_cygni,svr_linear,4.532230443,3.507056870998816
ramularia_collo_cygni,svr_linear,3.421079755,3.969381575787927
ramularia_collo_cygni,svr_linear,3.200617315,4.356404433406986
ramularia_collo_cygni,svr_linear,5.08050109,3.493275234936783
ramularia_collo_cygni,svr_linear,3.638899688,3.2779073191915677
ramularia_collo_cygni,svr_linear,3.456848545,3.485809182358935
ramularia_collo_cygni,svr_linear,2.07417155,3.148838148896581
ramularia_collo_cygni,svr_linear,2.787417022,3.746023902378255
ramularia_collo_cygni,svr_linear,4.945459399,3.523491078927427
ramularia_collo_cygni,svr_linear,3.045417883,2.889965327079433
ramularia_collo_cygni,svr_linear,3.994740891,3.6384256305132023
ramularia_collo_cygni,svr_linear,2.681116279,3.5036101092356957
ramularia_collo_cygni,svr_linear,1.961541095,3.239065363604552
ramularia_collo_cygni,svr_linear,3.553626424,3.373164767443714
ramularia_collo_cygni,svr_linear,2.791185155,3.40121701780505
ramularia_collo_cygni,svr_linear,3.547001743,3.612007544119117
ramularia_collo_cygni,svr_linear,2.341523802,3.557304118121328
ramularia_collo_cygni,svr_linear,3.59775894,3.4045185711326664
ramularia_collo_cygni,svr_linear,2.877121589,4.893595485720041
ramularia_collo_cygni,svr_linear,3.585528338,3.847672858339194
ramularia_collo_cygni,svr_linear,3.647624243,3.4028002969610727
ramularia_collo_cygni,svr_linear,3.478650494,3.48240384698268
ramularia_collo_cygni,svr_linear,5.285380786,3.3817203568043412
ramularia_collo_cygni,svr_linear,5.550408685,4.037710000815176
ramularia_collo_cygni,svr_linear,5.239179351,4.030210532526532
ramularia_collo_cygni,svr_linear,4.401479629,3.7496134901927274
ramularia_collo_cygni,svr_linear,3.506192159,3.552400427746496
ramularia_collo_cygni,svr_linear,3.567025994,2.4894009874316305
ramularia_collo_cygni,svr_linear,4.077914898,4.4802367566343815
ramularia_collo_cygni,svr_linear,4.024790387,3.4365741854943375
ramularia_collo_cygni,svr_linear,4.044241807,4.36611195863474
ramularia_collo_cygni,svr_linear,3.722318491,3.547854081241453
ramularia_collo_cygni,svr_linear,2.121753296,3.730804989036998
ramularia_collo_cygni,svr_linear,2.896969564,2.69193051772527
ramularia_collo_cygni,svr_linear,4.279852668,4.70754206954004
ramularia_collo_cygni,svr_linear,2.203441626,3.3444926335233323
ramularia_collo_cygni,svr_linear,3.536834135,3.5065428647631105
ramularia_collo_cygni,svr_linear,5.288690925,3.625758946043578
ramularia_collo_cygni,svr_linear,4.443297334,3.381538303883156
ramularia_collo_cygni,svr_linear,2.560804452,2.6157410153395926
ramularia_collo_cygni,svr_linear,2.56277974,3.335155540262842
ramularia_collo_cygni,svr_linear,3.103139733,3.3247015651405705
ramularia_collo_cygni,svr_linear,3.285279158,3.722764023349519
ramularia_collo_cygni,svr_linear,3.749509455,3.3386668319374477
ramularia_collo_cygni,svr_linear,1.846640664,3.514080600547728
ramularia_collo_cygni,svr_linear,3.563807504,3.4362211795840185
ramularia_collo_cygni,svr_linear,4.725567919,3.4891649326844827
ramularia_collo_cygni,svr_linear,2.820378375,3.6387408817452616
ramularia_collo_cygni,svr_linear,3.833067311,3.451869399473961
ramularia_collo_cygni,svr_linear,3.859638477,3.380698272656587
ramularia_collo_cygni,svr_linear,2.273804712,4.255338151466923
ramularia_collo_cygni,svr_linear,3.341534023,3.2377301768780207
ramularia_collo_cygni,svr_linear,2.551762557,3.756015731120617
ramularia_collo_cygni,svr_linear,3.239318252,3.8312228009198646
ramularia_collo_cygni,svr_linear,4.941599489,5.022767963974868
ramularia_collo_cygni,svr_linear,4.675626764,3.481046999477357
ramularia_collo_cygni,svr_linear,5.418930035,5.248309469381284
ramularia_collo_cygni,svr_linear,3.603778592,4.340295188760214
ramularia_collo_cygni,svr_linear,4.773843321,5.043063699826592
ramularia_collo_cygni,svr_linear,6.10085344,5.01366903654245
ramularia_collo_cygni,svr_linear,2.789382434,4.237626174117488
ramularia_collo_cygni,svr_linear,3.246976209,4.046578352180144
ramularia_collo_cygni,svr_linear,3.405392688,4.107640853926343
ramularia_collo_cygni,svr_linear,6.266704312,5.207778004728244
ramularia_collo_cygni,svr_linear,3.547937644,3.6886004890267845
ramularia_collo_cygni,svr_linear,3.432035666,3.77302126675334
ramularia_collo_cygni,svr_linear,4.575312137,5.131668418116773
ramularia_collo_cygni,svr_linear,4.203844661,4.572725794733236
ramularia_collo_cygni,svr_linear,4.428609383,5.463487632247217
ramularia_collo_cygni,svr_linear,5.768947126,5.10609077266208
ramularia_collo_cygni,svr_linear,5.087406811,3.5999797590469664
ramularia_collo_cygni,svr_linear,5.850030434,4.411765510469523
ramularia_collo_cygni,svr_linear,4.529621301,4.963490604292019
ramularia_collo_cygni,svr_linear,3.987652996,3.641831541430393
ramularia_collo_cygni,svr_linear,2.821261723,3.8457174401932095
ramularia_collo_cygni,svr_linear,4.885907108,5.120109106914435
ramularia_collo_cygni,svr_linear,4.261444672,3.6026588965540873
ramularia_collo_cygni,svr_linear,4.093869485,3.3471942478407635
ramularia_collo_cygni,svr_linear,3.011464279,4.200930032679467
ramularia_collo_cygni,svr_linear,2.181853119,2.7773975036268963
ramularia_collo_cygni,svr_linear,4.080442172,3.5127670855849873
ramularia_collo_cygni,svr_linear,3.392410972,3.228225730832228
ramularia_collo_cygni,svr_linear,2.793423956,3.2717235791168755
ramularia_collo_cygni,svr_linear,2.067225015,3.6214395304288334
ramularia_collo_cygni,svr_linear,2.647936909,3.378021895647789
ramularia_collo_cygni,svr_linear,4.60339488,3.6917168490913315
ramularia_collo_cygni,svr_linear,3.207127644,3.175146746090458
ramularia_collo_cygni,svr_linear,5.477360192,4.786065922422034
ramularia_collo_cygni,svr_linear,2.587664835,3.186106586404767
ramularia_collo_cygni,svr_linear,2.85361331,3.218136219156678
ramularia_collo_cygni,svr_linear,2.912007506,3.4862974214174853
ramularia_collo_cygni,svr_linear,3.605552384,3.347143775401235
ramularia_collo_cygni,svr_linear,2.686727591,3.1644773399018873
ramularia_collo_cygni,svr_linear,4.161470519,3.317375793134339
ramularia_collo_cygni,svr_linear,4.094530922,3.5345525052415927
ramularia_collo_cygni,svr_linear,3.700595574,4.307539683818357
ramularia_collo_cygni,svr_linear,3.589567946,3.4247252682917693
ramularia_collo_cygni,svr_linear,5.167707153,3.539699753225483
ramularia_collo_cygni,svr_linear,4.976781985,3.484951358771007
ramularia_collo_cygni,svr_linear,2.981036124,3.2244708464889813
ramularia_collo_cygni,svr_linear,1.934766171,3.727526190438654
ramularia_collo_cygni,svr_linear,2.457538063,3.4378245796800515
ramularia_collo_cygni,svr_linear,3.813297204,3.864707667591286
ramularia_collo_cygni,svr_linear,4.784532818,3.166596807218717
ramularia_collo_cygni,svr_linear,5.641355229,3.6170631122446046
ramularia_collo_cygni,svr_linear,4.268353806,3.603103261264337
ramularia_collo_cygni,svr_linear,1.916796457,3.387172309998534
ramularia_collo_cygni,svr_linear,3.180723486,4.030165756410819
ramularia_collo_cygni,svr_linear,4.497063188,3.357771635531728
ramularia_collo_cygni,svr_linear,4.600415743,3.393094720493424
ramularia_collo_cygni,svr_linear,2.589009647,3.6336623733546047
ramularia_collo_cygni,svr_linear,5.121012268,3.229097047216296
ramularia_collo_cygni,svr_linear,5.714832154,3.334089804669558
ramularia_collo_cygni,svr_linear,2.399790388,3.7778019840588346
ramularia_collo_cygni,svr_linear,2.883699798,2.5292376852067853
ramularia_collo_cygni,svr_linear,1.84906439,3.1165008438169144
ramularia_collo_cygni,svr_linear,1.152231625,3.4951915250363514
ramularia_collo_cygni,svr_linear,4.802934616,3.626547837694215
ramularia_collo_cygni,svr_linear,3.743532797,3.1720864489805414
ramularia_collo_cygni,svr_linear,4.041996855,3.5021102578896524
ramularia_collo_cygni,svr_linear,3.591401207,3.281805487914489
ramularia_collo_cygni,svr_linear,6.134557667,4.560805904375705
ramularia_collo_cygni,svr_linear,5.35826487,4.868254924701861
ramularia_collo_cygni,svr_linear,2.375793414,3.6293739660544775
ramularia_collo_cygni,svr_linear,3.366106575,3.5310638551683637
ramularia_collo_cygni,svr_linear,4.107306663,5.212043145772165
ramularia_collo_cygni,svr_linear,4.361707918,4.3289831795187865
ramularia_collo_cygni,svr_linear,6.594091469,4.653745016416464
ramularia_collo_cygni,svr_linear,4.308905283,3.787589812431137
ramularia_collo_cygni,svr_linear,4.18397681,3.862120634931163
ramularia_collo_cygni,svr_linear,4.80999667,4.595793494187216
ramularia_collo_cygni,svr_linear,5.702008013,5.103866511025019
ramularia_collo_cygni,svr_linear,5.168934426,4.264078969242449
ramularia_collo_cygni,svr_linear,3.274845099,4.38796691787893
ramularia_collo_cygni,svr_linear,3.260999846,4.385133110883922
ramularia_collo_cygni,svr_linear,2.836712807,3.033545125595788
ramularia_collo_cygni,svr_linear,2.916695638,4.182010329289896
ramularia_collo_cygni,svr_linear,4.411263815,5.122532930115737
ramularia_collo_cygni,svr_linear,2.942746578,3.369591867897855
ramularia_collo_cygni,svr_linear,3.313049094,3.042923771585058
ramularia_collo_cygni,svr_linear,3.324902719,3.545286371213283
ramularia_collo_cygni,svr_linear,3.36595316,3.72088217412957
ramularia_collo_cygni,svr_linear,2.605692417,3.5478784558491823
ramularia_collo_cygni,svr_linear,2.967903146,3.7558934674492352
ramularia_collo_cygni,svr_linear,3.917309573,3.8452609696157696
ramularia_collo_cygni,svr_linear,3.878615155,3.5009005244032823
ramularia_collo_cygni,svr_linear,5.102677644,3.632241424332043
ramularia_collo_cygni,svr_linear,1.962848078,3.3894230217132124
ramularia_collo_cygni,svr_linear,3.833500065,2.508353895236967
ramularia_collo_cygni,svr_linear,1.780891635,3.8420456706526034
ramularia_collo_cygni,svr_linear,2.465654743,2.51943868886469
ramularia_collo_cygni,svr_linear,2.938385175,3.0998381181708976
ramularia_collo_cygni,svr_linear,3.148012422,3.8717861079390503
ramularia_collo_cygni,svr_linear,5.185656631,3.44137313337359
ramularia_collo_cygni,svr_linear,4.950109023,3.6443680924157724
ramularia_collo_cygni,svr_linear,4.219673819,3.5938818508850403
ramularia_collo_cygni,svr_linear,3.686608589,4.235219423681746
ramularia_collo_cygni,svr_linear,3.336622593,3.5669291969785677
ramularia_collo_cygni,svr_linear,5.092895008,3.8368678630403963
ramularia_collo_cygni,svr_linear,2.052345551,3.6759630518013475
ramularia_collo_cygni,svr_linear,2.364933613,3.686582650727317
ramularia_collo_cygni,svr_linear,3.53496635,3.089812305414637
ramularia_collo_cygni,svr_linear,4.401780525,3.339437210473029
ramularia_collo_cygni,svr_linear,3.358527067,3.8036042845528764
ramularia_collo_cygni,svr_linear,3.670143081,4.05533764313701
ramularia_collo_cygni,svr_linear,2.014016309,5.064931810711704
ramularia_collo_cygni,svr_linear,1.960530286,3.7732547509069483
ramularia_collo_cygni,svr_linear,5.172937334,4.054058436844636
ramularia_collo_cygni,svr_linear,4.283459272,3.132265153577734
ramularia_collo_cygni,svr_linear,2.925395363,4.408576973173225
ramularia_collo_cygni,svr_linear,3.42247289,3.8517715055499817
ramularia_collo_cygni,svr_linear,4.515746299,3.7692796856589035
ramularia_collo_cygni,svr_linear,4.191695379,3.9835400966435865
ramularia_collo_cygni,svr_linear,3.606880456,3.8923915622185334
ramularia_collo_cygni,svr_linear,5.105749703,3.5926496241704062
ramularia_collo_cygni,svr_linear,3.056245208,3.8099387251257943
ramularia_collo_cygni,svr_linear,4.364984067,3.787851145018997
ramularia_collo_cygni,svr_linear,5.383216251,4.790871767659472
ramularia_collo_cygni,svr_linear,3.328242805,4.322318418699841
ramularia_collo_cygni,svr_linear,4.299196503,4.105597571534489
ramularia_collo_cygni,svr_linear,2.861931624,3.5885507719654504
ramularia_collo_cygni,svr_linear,5.418319692,4.610363768438275
ramularia_collo_cygni,svr_linear,4.521262301,3.9216862944178574
ramularia_collo_cygni,svr_linear,4.121323765,4.000188055759138
ramularia_collo_cygni,svr_linear,3.966327195,3.740962008786448
ramularia_collo_cygni,svr_linear,2.145341559,3.600261794366765
ramularia_collo_cygni,svr_linear,4.147352865,4.460974304250637
ramularia_collo_cygni,svr_linear,5.899597746,4.062642822701818
ramularia_collo_cygni,svr_linear,2.245947462,3.936349439654696
ramularia_collo_cygni,svr_linear,5.91872848,4.5173002929845945
ramularia_collo_cygni,svr_linear,5.393861608,3.7055332775582253
ramularia_collo_cygni,svr_linear,4.257490261,3.4194794915967055
ramularia_collo_cygni,svr_linear,6.282555558,3.1802465541412337
ramularia_collo_cygni,svr_linear,6.859493481,4.456976257524673
ramularia_collo_cygni,svr_linear,4.708309131,2.793712923887707
ramularia_collo_cygni,svr_linear,4.720761253,3.860588895302791
ramularia_collo_cygni,svr_linear,3.908208118,3.672957448006041
ramularia_collo_cygni,svr_linear,4.899081514,3.7906064101862103
ramularia_collo_cygni,svr_linear,5.281835445,3.9761659374638367
ramularia_collo_cygni,svr_linear,5.032160195,4.0582936522220425
ramularia_collo_cygni,svr_linear,5.517781468,3.7252293614927625
ramularia_collo_cygni,svr_linear,4.314165211,3.8039770535681283
ramularia_collo_cygni,svr_linear,4.035735845,3.970100152160137
ramularia_collo_cygni,svr_linear,4.344159778,3.6147037782335225
ramularia_collo_cygni,svr_linear,2.312160739,3.635580409791352
ramularia_collo_cygni,svr_linear,2.83038719,3.6238291049451763
ramularia_collo_cygni,svr_linear,4.599680006,4.198656732232918
ramularia_collo_cygni,svr_linear,1.879105656,3.762474760123381
ramularia_collo_cygni,svr_linear,5.692827358,4.07633447595486
ramularia_collo_cygni,svr_linear,3.379602875,3.9644067402092857
ramularia_collo_cygni,svr_linear,3.169491497,3.7167657374766963
ramularia_collo_cygni,svr_linear,4.685454688,3.9280696204385492
ramularia_collo_cygni,svr_linear,3.025492215,4.237205400429556
ramularia_collo_cygni,svr_linear,4.308853114,3.9904583633731896
ramularia_collo_cygni,svr_linear,2.889358684,3.6149720384521626
ramularia_collo_cygni,svr_linear,3.918952634,3.9084791088592192
ramularia_collo_cygni,svr_linear,3.634395405,3.477343960758653
ramularia_collo_cygni,svr_linear,4.396953124,3.7694922385101273
ramularia_collo_cygni,svr_linear,3.608744614,3.6536478968683257
ramularia_collo_cygni,svr_linear,3.711884855,4.151501773024022
ramularia_collo_cygni,svr_linear,3.451430151,2.7295353880571667
ramularia_collo_cygni,svr_linear,3.101452885,3.640127758372979
ramularia_collo_cygni,svr_linear,3.573299311,3.7130525700272394
ramularia_collo_cygni,svr_linear,5.932678396,4.7638989756734285
ramularia_collo_cygni,svr_linear,5.56570577,4.658976209061757
ramularia_collo_cygni,svr_linear,5.353029659,5.068981476623286
ramularia_collo_cygni,svr_linear,5.379636672,5.191444679394774
ramularia_collo_cygni,svr_linear,3.736429595,3.7056080638139193
ramularia_collo_cygni,svr_linear,4.457101364,3.6171522112358603
ramularia_collo_cygni,svr_linear,3.897659932,4.125836866495835
ramularia_collo_cygni,svr_linear,2.054417732,3.754707731127686
ramularia_collo_cygni,svr_linear,4.924119115,3.4317260759145523
ramularia_collo_cygni,svr_linear,4.942875189,3.7797889904907382
ramularia_collo_cygni,svr_linear,5.124787577,4.597357676312727
ramularia_collo_cygni,svr_linear,4.208323136,4.020761789044137
ramularia_collo_cygni,svr_linear,3.764073537,3.6204880710045417
ramularia_collo_cygni,svr_linear,4.280333381,2.734111768751519
ramularia_collo_cygni,svr_linear,4.097195533,2.971359821594154
ramularia_collo_cygni,svr_linear,2.971079525,3.2922238308643816
ramularia_collo_cygni,svr_linear,2.791846957,3.7048768689558784
ramularia_collo_cygni,svr_linear,2.96989492,2.7525311672447206
ramularia_collo_cygni,svr_linear,3.62670802,2.919597059321989
ramularia_collo_cygni,svr_linear,1.058412984,2.885057415785841
ramularia_collo_cygni,svr_linear,3.637462746,3.439049898875268
ramularia_collo_cygni,svr_linear,4.198037082,3.2802136983763237
ramularia_collo_cygni,svr_linear,2.806247735,2.8493686438098846
ramularia_collo_cygni,svr_linear,3.187094494,3.2891367500901754
ramularia_collo_cygni,svr_linear,4.572081454,3.51357663507506
ramularia_collo_cygni,svr_linear,1.377134412,3.4753889046108184
ramularia_collo_cygni,svr_linear,2.20076438,3.5050293411809292
ramularia_collo_cygni,svr_linear,4.001062911,3.6150727575863066
ramularia_collo_cygni,svr_linear,3.979907854,3.1165926933124903
ramularia_collo_cygni,svr_linear,4.094413014,3.428833930436098
ramularia_collo_cygni,svr_linear,7.912654034,3.834525279439994
ramularia_collo_cygni,svr_linear,4.602135083,3.8079169023447172
ramularia_collo_cygni,svr_linear,3.281307401,3.4598566697114213
ramularia_collo_cygni,svr_linear,1.967202572,3.7867254044605683
ramularia_collo_cygni,svr_linear,4.026223815,3.6332709497819455
ramularia_collo_cygni,svr_linear,6.539995772,3.785656822299873
ramularia_collo_cygni,svr_linear,3.748131232,3.4875034418024944
ramularia_collo_cygni,svr_linear,4.846660504,3.8610366295968603
ramularia_collo_cygni,svr_linear,2.34483348,3.596144368582562
ramularia_collo_cygni,svr_linear,4.506167921,4.876564239204015
ramularia_collo_cygni,svr_linear,3.635939077,3.6623867092244704
ramularia_collo_cygni,svr_linear,4.142354605,3.6788648157555173
ramularia_collo_cygni,svr_linear,3.374663247,4.078754620784018
ramularia_collo_cygni,svr_linear,5.756445066,3.6653780462100802
ramularia_collo_cygni,svr_linear,3.674601278,3.729720790552788
ramularia_collo_cygni,svr_linear,3.324055877,4.165586608620873
ramularia_collo_cygni,svr_linear,2.7807053,3.5999931096246596
ramularia_collo_cygni,svr_linear,4.894689472,3.7964770041236227
ramularia_collo_cygni,svr_linear,3.100060051,3.756076727247175
ramularia_collo_cygni,svr_linear,2.781169457,3.820383876911302
ramularia_collo_cygni,svr_linear,4.882267891,3.1170968176872007
ramularia_collo_cygni,svr_linear,3.356692615,3.5229516614429373
ramularia_collo_cygni,svr_linear,3.748821937,3.764143144759057
ramularia_collo_cygni,svr_linear,6.178172917,3.3972553797540304
ramularia_collo_cygni,svr_linear,3.147795686,3.519657043834222
ramularia_collo_cygni,svr_linear,3.772567524,3.877253385947591
ramularia_collo_cygni,svr_linear,3.465270808,3.352921219722767
ramularia_collo_cygni,svr_linear,4.466200077,3.6636116337581837
ramularia_collo_cygni,svr_linear,3.014228158,3.6824194107314767
ramularia_collo_cygni,svr_linear,4.18621684,3.6223640236007153
ramularia_collo_cygni,svr_linear,4.885353121,4.245301806860085
ramularia_collo_cygni,svr_linear,2.896596825,3.806659623913544
ramularia_collo_cygni,svr_linear,4.36834635,3.410011207530875
ramularia_collo_cygni,svr_linear,3.332716693,2.8412146112639936
ramularia_collo_cygni,svr_linear,3.236620609,3.570509034801303
ramularia_collo_cygni,svr_linear,4.095243662,3.5200155094774925
ramularia_collo_cygni,svr_linear,5.132430577,3.5528750001571456
ramularia_collo_cygni,svr_linear,4.966375253,3.678049529316133
ramularia_collo_cygni,svr_linear,3.766851454,3.716003803274497
ramularia_collo_cygni,svr_linear,2.780572046,3.816252655759663
ramularia_collo_cygni,svr_linear,5.209136069,4.351291107115393
ramularia_collo_cygni,svr_linear,4.908590413,3.7779616097046045
ramularia_collo_cygni,svr_linear,0.772513064,3.5812967267850593
ramularia_collo_cygni,svr_linear,4.933122661,3.4951410495625184
ramularia_collo_cygni,svr_linear,2.422759972,2.984014832149834
ramularia_collo_cygni,svr_linear,5.232655849,3.4601819425567095
ramularia_collo_cygni,svr_linear,5.047861795,3.2271046914204735
ramularia_collo_cygni,svr_linear,2.916785295,3.604461395526246
ramularia_collo_cygni,svr_linear,4.654387945,3.5664539405159763
ramularia_collo_cygni,svr_linear,1.93062327,3.5615313637520734
ramularia_collo_cygni,svr_linear,4.994512049,3.52917932156401
ramularia_collo_cygni,svr_linear,4.761266522,4.412956486327919
ramularia_collo_cygni,svr_linear,4.478468915,3.5998436723981793
ramularia_collo_cygni,svr_linear,3.612838272,3.71986929995023
ramularia_collo_cygni,svr_linear,3.720366044,3.8617971159506546
ramularia_collo_cygni,svr_linear,3.268945899,3.779527052419698
ramularia_collo_cygni,svr_linear,3.509920814,3.7396416642273755
ramularia_collo_cygni,svr_linear,2.902518827,3.6119898338466045
ramularia_collo_cygni,svr_linear,2.758478011,3.551702683515521
ramularia_collo_cygni,svr_linear,3.298315347,3.442763751293307
ramularia_collo_cygni,svr_linear,3.24430407,2.8382744610488975
ramularia_collo_cygni,svr_linear,2.052194097,3.7252040413564393
ramularia_collo_cygni,svr_linear,3.936873726,3.683433531651165
ramularia_collo_cygni,svr_linear,4.984592729,2.844648027693005
ramularia_collo_cygni,svr_linear,3.840652164,3.7970157072431525
ramularia_collo_cygni,svr_linear,3.818425112,3.6092197589888833
ramularia_collo_cygni,svr_linear,3.532386837,3.6928626204619044
ramularia_collo_cygni,svr_linear,3.216726866,3.7183121314904812
ramularia_collo_cygni,svr_linear,3.579921635,3.7028926597055607
ramularia_collo_cygni,svr_linear,3.236319367,3.6239188621820873
ramularia_collo_cygni,svr_linear,2.642613298,3.666580671006795
ramularia_collo_cygni,svr_linear,4.354321111,3.640845296013269
ramularia_collo_cygni,svr_linear,5.614259509,3.743352243022147
ramularia_collo_cygni,svr_linear,1.945137839,3.6926211805582003
ramularia_collo_cygni,svr_linear,4.225988032,4.298751594730259
ramularia_collo_cygni,svr_linear,2.925201645,3.785124009951616
ramularia_collo_cygni,svr_linear,3.101281019,3.815495761919851
ramularia_collo_cygni,svr_linear,5.535770599,3.4409211912320403
ramularia_collo_cygni,svr_linear,2.788529878,3.5371669188497243
ramularia_collo_cygni,svr_linear,3.667776838,3.809897465533159
ramularia_collo_cygni,svr_linear,4.24250557,3.810642110225528
ramularia_collo_cygni,svr_linear,3.543947456,3.571501629866262
ramularia_collo_cygni,svr_linear,1.943472971,3.4884192005209806
ramularia_collo_cygni,svr_linear,4.570598289,3.70562274636142
ramularia_collo_cygni,svr_linear,4.197081682,3.546856343745387
ramularia_collo_cygni,svr_linear,2.653980556,3.6451100077454255
ramularia_collo_cygni,svr_linear,4.211633251,3.828793178532844
ramularia_collo_cygni,svr_linear,3.960757063,3.462780054831658
ramularia_collo_cygni,svr_linear,3.834533361,3.462401747732881
ramularia_collo_cygni,svr_linear,6.670582425,3.498730510047546
ramularia_collo_cygni,svr_linear,2.482367824,3.638204677248228
ramularia_collo_cygni,svr_linear,5.613125232,3.2904808940472363
ramularia_collo_cygni,svr_linear,5.076323998,3.208466364453158
ramularia_collo_cygni,svr_linear,5.060772723,3.601885153955891
ramularia_collo_cygni,svr_linear,5.766442162,3.7586058464850636
ramularia_collo_cygni,svr_linear,5.229388598,3.5963492127578522
ramularia_collo_cygni,svr_linear,3.412965916,3.8688806790232535
ramularia_collo_cygni,svr_linear,3.825129378,3.981410106296799
ramularia_collo_cygni,svr_linear,3.038109583,3.4422385674560165
ramularia_collo_cygni,svr_linear,3.932260925,3.567630207662965
ramularia_collo_cygni,svr_linear,3.323076629,3.7198118624407006
ramularia_collo_cygni,svr_linear,2.283147278,3.73234273094966
ramularia_collo_cygni,svr_linear,2.764524705,3.6077439245497716
ramularia_collo_cygni,svr_linear,5.130832621,3.3592206316402278
ramularia_collo_cygni,svr_linear,4.614598134,3.4206162774438047
ramularia_collo_cygni,svr_linear,4.120846027,3.37268852292526
ramularia_collo_cygni,svr_linear,4.057256154,3.6769500101623476
ramularia_collo_cygni,svr_linear,5.018066575,3.7140220231926495
ramularia_collo_cygni,svr_linear,4.203911834,3.482726853852586
ramularia_collo_cygni,svr_linear,3.350155655,3.348948801007265
ramularia_collo_cygni,svr_linear,2.700511078,3.5852595738432496
ramularia_collo_cygni,svr_linear,5.435757346,3.4003786716516737
ramularia_collo_cygni,svr_linear,5.744139393,3.832876353641105
ramularia_collo_cygni,svr_linear,2.082386316,3.492023546542196
ramularia_collo_cygni,svr_linear,3.442166582,3.454474713427749
ramularia_collo_cygni,svr_linear,2.633708499,2.6612804600032973
ramularia_collo_cygni,svr_linear,5.006632025,3.2902614580601517
ramularia_collo_cygni,svr_linear,2.809406345,3.514349050578507
ramularia_collo_cygni,svr_linear,5.86691796,13.757230827156803
ramularia_collo_cygni,svr_linear,4.96490818,3.4703855050102073
ramularia_collo_cygni,svr_linear,4.361131337,3.780749944033912
ramularia_collo_cygni,svr_linear,3.186026337,3.717970084288436
ramularia_collo_cygni,svr_linear,3.066823366,3.4784007830798336
ramularia_collo_cygni,svr_linear,3.271356448,3.5926225908730443
ramularia_collo_cygni,svr_linear,3.242413327,3.3399573275087246
ramularia_collo_cygni,svr_linear,3.36176845,3.8278724231670416
ramularia_collo_cygni,svr_linear,7.428986112,3.099949500907104
ramularia_collo_cygni,svr_linear,5.549428508,3.367481980840127
ramularia_collo_cygni,svr_linear,3.244212607,3.6360911125559543
ramularia_collo_cygni,svr_linear,4.244248246,3.574514485404994
ramularia_collo_cygni,svr_linear,4.317522933,3.753389257865047
ramularia_collo_cygni,svr_linear,2.548050553,3.747023193980609
ramularia_collo_cygni,svr_linear,4.031171262,3.7339423767074016
ramularia_collo_cygni,svr_linear,4.159968901,3.6119853017643173
ramularia_collo_cygni,svr_linear,2.386557644,3.652870136301412
ramularia_collo_cygni,svr_linear,2.49070038,3.6543915372485207
ramularia_collo_cygni,svr_linear,4.014262556,3.641831824725042
ramularia_collo_cygni,svr_linear,4.053531802,3.989385038110374
ramularia_collo_cygni,svr_linear,4.986592774,3.6523373219365873
ramularia_collo_cygni,svr_linear,5.128380095,3.4755248179733815
ramularia_collo_cygni,svr_linear,3.19479583,3.658292564266513
ramularia_collo_cygni,svr_linear,3.961847816,3.5961924040259667
ramularia_collo_cygni,svr_linear,5.172772762,3.2121810713660084
ramularia_collo_cygni,svr_linear,3.947623385,3.416486630819569
ramularia_collo_cygni,svr_linear,3.871761849,3.8619661484460277
ramularia_collo_cygni,svr_linear,3.976043434,3.4548884180699635
ramularia_collo_cygni,svr_linear,3.498114796,3.3893783678377507
ramularia_collo_cygni,svr_linear,2.097208233,3.274318822113628
ramularia_collo_cygni,svr_linear,2.978758553,3.4641923417902163
ramularia_collo_cygni,svr_linear,3.092853738,3.307674029102678
ramularia_collo_cygni,svr_linear,3.976198132,3.4064446588164103
ramularia_collo_cygni,svr_linear,3.464276137,3.8977026740780594
ramularia_collo_cygni,svr_linear,2.392332433,4.621533350143311
ramularia_collo_cygni,svr_linear,1.564335835,3.6663352849719515
ramularia_collo_cygni,svr_linear,3.747707792,3.604284239822763
ramularia_collo_cygni,svr_linear,4.691661168,3.7344510258096357
ramularia_collo_cygni,svr_linear,5.685102941,3.408205189758433
ramularia_collo_cygni,svr_linear,4.326022413,4.112637180657534
ramularia_collo_cygni,svr_linear,6.181568149,3.6398953489837855
ramularia_collo_cygni,svr_linear,2.594955535,3.3472304795869463
ramularia_collo_cygni,svr_linear,3.422066567,3.2868582506691832
ramularia_collo_cygni,svr_linear,5.089783175,3.469343625235245
ramularia_collo_cygni,svr_linear,5.667261938,3.969093239954698
ramularia_collo_cygni,svr_linear,4.703529731,4.19510621661924
ramularia_collo_cygni,svr_linear,3.936011539,3.356183573966362
ramularia_collo_cygni,svr_linear,3.963781073,3.861188623411343
ramularia_collo_cygni,svr_linear,2.513943088,3.4111839856525874
ramularia_collo_cygni,svr_linear,4.816860958,3.491628310444571
ramularia_collo_cygni,svr_linear,2.963390923,3.8128926707177953
ramularia_collo_cygni,svr_linear,4.415387441,3.762461880103619
ramularia_collo_cygni,svr_linear,3.421875007,3.3807926584155394
ramularia_collo_cygni,svr_linear,3.091254785,3.600959818059002
ramularia_collo_cygni,svr_linear,2.734206549,3.5574263127035577
ramularia_collo_cygni,svr_linear,4.641817846,3.5589469417388826
ramularia_collo_cygni,svr_linear,2.753001933,3.5326864161441778
ramularia_collo_cygni,svr_linear,4.083835137,3.733233850662021
ramularia_collo_cygni,svr_linear,0.943149133,3.606695951932437
ramularia_collo_cygni,svr_linear,2.498818324,3.5299100049122543
ramularia_collo_cygni,svr_linear,5.45167807,3.228554225735879
ramularia_collo_cygni,svr_linear,3.648534566,3.5353429508709304
ramularia_collo_cygni,svr_linear,3.242660677,3.3386628660627022
ramularia_collo_cygni,svr_linear,3.352884116,3.799176350986862
ramularia_collo_cygni,svr_linear,2.913844398,3.671046799783519
ramularia_collo_cygni,svr_linear,2.945929577,3.6990566631713833
ramularia_collo_cygni,svr_linear,3.782103229,3.4637836545510563
ramularia_collo_cygni,svr_linear,5.120479034,4.027324003369182
ramularia_collo_cygni,svr_linear,5.343574256,4.942729573079162
ramularia_collo_cygni,svr_linear,6.860258267,3.6027722436599428
ramularia_collo_cygni,svr_linear,4.883654271,3.798420162784578
ramularia_collo_cygni,svr_linear,5.257686547,3.9825175995846123
ramularia_collo_cygni,svr_linear,3.553791047,3.806441878647178
ramularia_collo_cygni,svr_linear,5.662357093,3.555345460476964
ramularia_collo_cygni,svr_linear,3.221431133,3.678535303831797
ramularia_collo_cygni,svr_linear,3.432403154,4.3023252413024355
ramularia_collo_cygni,svr_linear,3.886985639,4.171039149679294
ramularia_collo_cygni,svr_linear,2.707898616,4.306558050952463
ramularia_collo_cygni,svr_linear,2.025316763,3.9368229173931253
ramularia_collo_cygni,svr_linear,5.86222209,3.693308399021955
ramularia_collo_cygni,svr_linear,5.662238007,3.5881431438410956
ramularia_collo_cygni,svr_linear,5.890842927,4.175716960096863
ramularia_collo_cygni,svr_linear,3.277553284,3.6616794532693557
ramularia_collo_cygni,svr_linear,3.369604407,4.1453457293491045
rhynchosporium,svr_linear,1.310326236,1.7038809010119125
rhynchosporium,svr_linear,1.344107518,1.7753405640862046
rhynchosporium,svr_linear,1.309002242,1.7848519679127168
rhynchosporium,svr_linear,1.324556844,1.7248452078373435
rhynchosporium,svr_linear,1.312321401,1.7668584594807417
rhynchosporium,svr_linear,1.309149836,1.7805876484453054
rhynchosporium,svr_linear,1.316316184,1.750320503308682
rhynchosporium,svr_linear,1.3057131,1.7466360278660464
rhynchosporium,svr_linear,1.30807905,1.7595598780867767
rhynchosporium,svr_linear,1.398461187,1.604066802481591
rhynchosporium,svr_linear,1.347799677,1.7810401641261908
rhynchosporium,svr_linear,1.255117837,1.697077914055791
rhynchosporium,svr_linear,1.309443889,1.7394867552841549
rhynchosporium,svr_linear,1.308237993,1.791608539614072
rhynchosporium,svr_linear,1.309252336,1.7700743222462283
rhynchosporium,svr_linear,1.307989944,1.693555778476005
rhynchosporium,svr_linear,1.301401881,1.7484413784071016
rhynchosporium,svr_linear,1.312510549,1.7451234601642447
rhynchosporium,svr_linear,1.308943569,1.7053770860684885
rhynchosporium,svr_linear,1.309306927,1.7616038315622198
rhynchosporium,svr_linear,1.308841766,1.747040395183402
rhynchosporium,svr_linear,1.312800815,1.7938440437151517
rhynchosporium,svr_linear,1.310054512,1.7163483058253761
rhynchosporium,svr_linear,1.308703013,1.784296298652502
rhynchosporium,svr_linear,1.312103602,1.6961639645346729
rhynchosporium,svr_linear,1.314996021,1.7437731592033214
rhynchosporium,svr_linear,1.308676098,1.7703141913782836
rhynchosporium,svr_linear,1.32482464,1.7728119127930004
rhynchosporium,svr_linear,1.322951217,1.7100681699727331
rhynchosporium,svr_linear,1.267071087,1.7443613921374226
rhynchosporium,svr_linear,1.314265219,1.7366382529443511
rhynchosporium,svr_linear,1.309905797,1.7475389389695393
rhynchosporium,svr_linear,1.318010051,1.7738675288968697
rhynchosporium,svr_linear,1.322779797,1.7427432447694413
rhynchosporium,svr_linear,1.252998815,1.7722230487999273
rhynchosporium,svr_linear,1.316599262,1.7574081112008149
rhynchosporium,svr_linear,1.307150585,1.751225712244312
rhynchosporium,svr_linear,1.315671734,1.7544912153371441
rhynchosporium,svr_linear,1.300729129,1.7515922260453756
rhynchosporium,svr_linear,1.310931866,1.7331224585636629
rhynchosporium,svr_linear,1.316058707,1.78548800496952
rhynchosporium,svr_linear,1.307164241,1.6976018633217484
rhynchosporium,svr_linear,1.290038545,1.7034725371516455
rhynchosporium,svr_linear,1.308237993,1.7007300688226121
rhynchosporium,svr_linear,1.316175088,1.7398879904287796
rhynchosporium,svr_linear,1.81538176,1.7486260695046247
rhynchosporium,svr_linear,1.311018919,1.7520218806565004
rhynchosporium,svr_linear,1.307961342,1.75386383702124
rhynchosporium,svr_linear,1.307469195,1.7494186871769635
rhynchosporium,svr_linear,1.268497884,1.7282310838188253
rhynchosporium,svr_linear,1.305901404,1.7448695369656135
rhynchosporium,svr_linear,1.308050027,1.7436661423787099
rhynchosporium,svr_linear,1.309096144,1.7732459786519688
rhynchosporium,svr_linear,1.308247643,1.7520156055776084
rhynchosporium,svr_linear,1.309079766,1.7417741949857601
rhynchosporium,svr_linear,1.307694076,1.7422144802041466
rhynchosporium,svr_linear,1.309096144,1.7325933429514677
rhynchosporium,svr_linear,1.313883603,1.692173136426094
rhynchosporium,svr_linear,1.309006625,1.7577087282757138
rhynchosporium,svr_linear,1.309212467,1.7445059581486186
rhynchosporium,svr_linear,1.308198495,1.755024743273704
rhynchosporium,svr_linear,1.315560425,1.703288633146359
rhynchosporium,svr_linear,1.312120559,1.7479766648319286
rhynchosporium,svr_linear,1.808301646,1.7715983293514064
rhynchosporium,svr_linear,1.328080852,1.7609259983015566
rhynchosporium,svr_linear,1.322951217,1.7466670142102951
rhynchosporium,svr_linear,1.308239795,1.7399379098035501
rhynchosporium,svr_linear,1.278771807,1.723438067013292
rhynchosporium,svr_linear,1.329407666,1.7021480888584906
rhynchosporium,svr_linear,1.308260727,1.7028979538978395
rhynchosporium,svr_linear,1.275090296,1.7227654282781382
rhynchosporium,svr_linear,1.307673316,1.7426806934613461
rhynchosporium,svr_linear,1.274338592,1.7469137097884673
rhynchosporium,svr_linear,1.30866066,1.6999817309469656
rhynchosporium,svr_linear,1.324421665,1.708459332748221
rhynchosporium,svr_linear,1.307093272,1.7001006407084667
rhynchosporium,svr_linear,1.309095755,1.7250285944877792
rhynchosporium,svr_linear,1.315213226,1.7437884866519977
rhynchosporium,svr_linear,1.315018532,1.744196520338076
rhynchosporium,svr_linear,1.258830292,1.6969071255826957
rhynchosporium,svr_linear,1.327624404,1.7630580222392045
rhynchosporium,svr_linear,1.317228039,1.7465665102720813
rhynchosporium,svr_linear,1.312866393,1.7446538553333817
rhynchosporium,svr_linear,1.309335211,1.730807953606698
rhynchosporium,svr_linear,1.342810291,1.7475806530131823
rhynchosporium,svr_linear,1.302186095,1.7570930760839876
rhynchosporium,svr_linear,1.306884244,1.7398129483278306
rhynchosporium,svr_linear,1.310472929,1.7702025562542165
rhynchosporium,svr_linear,1.308016728,1.7353076777154222
rhynchosporium,svr_linear,2.827815956,1.7021175657770238
rhynchosporium,svr_linear,1.300518857,1.6973644248222541
rhynchosporium,svr_linear,1.252689086,1.7596877637207176
rhynchosporium,svr_linear,1.313219661,1.7470740267773823
rhynchosporium,svr_linear,1.313806303,1.7013821658367194
rhynchosporium,svr_linear,1.31361679,1.7490941121578762
rhynchosporium,svr_linear,1.310758946,1.7712466615616453
rhynchosporium,svr_linear,1.309051787,1.7395812882082784
rhynchosporium,svr_linear,1.308016728,1.7463039110745537
rhynchosporium,svr_linear,1.308494695,1.7712524314317453
rhynchosporium,svr_linear,1.667037446,1.7092658595492702
rhynchosporium,svr_linear,1.308143677,1.741158232781899
rhynchosporium,svr_linear,1.310023317,1.721639844954254
rhynchosporium,svr_linear,1.310350169,1.7469956120964454
rhynchosporium,svr_linear,1.327478504,1.7564930771969063
rhynchosporium,svr_linear,1.322836722,1.7382764153289951
rhynchosporium,svr_linear,1.30752193,1.7542436484821813
rhynchosporium,svr_linear,1.315414499,1.7477975603612579
rhynchosporium,svr_linear,1.31653304,1.7482894433107763
rhynchosporium,svr_linear,1.272442298,1.6992988639603415
rhynchosporium,svr_linear,1.279118075,1.7391900410253098
rhynchosporium,svr_linear,1.308947469,1.7392143325089402
rhynchosporium,svr_linear,1.308369146,1.7567106658254097
rhynchosporium,svr_linear,1.339424681,1.7556152029497103
rhynchosporium,svr_linear,1.316674426,1.7367708771344281
rhynchosporium,svr_linear,1.309926121,1.7028540752808154
rhynchosporium,svr_linear,1.309306927,1.753392585200009
rhynchosporium,svr_linear,1.309890252,1.709385667662759
rhynchosporium,svr_linear,1.314600533,1.7058992129746378
rhynchosporium,svr_linear,1.273468868,1.7931288054988683
rhynchosporium,svr_linear,1.308904143,1.7546254543544293
rhynchosporium,svr_linear,1.253999664,1.7387670737053773
rhynchosporium,svr_linear,1.308713182,1.7730739308013004
rhynchosporium,svr_linear,1.285008082,1.7597882276675498
rhynchosporium,svr_linear,1.328948698,1.7441941283982494
rhynchosporium,svr_linear,1.308096772,1.7462448452180588
rhynchosporium,svr_linear,1.308621299,1.7057703055497027
rhynchosporium,svr_linear,1.31146662,1.7135318705903408
rhynchosporium,svr_linear,1.301544971,1.7500054141601076
rhynchosporium,svr_linear,1.51603867,1.56121873032756
rhynchosporium,svr_linear,0.937511538,1.6314391284233498
rhynchosporium,svr_linear,1.079658797,1.652546396886078
rhynchosporium,svr_linear,1.677442248,1.5971962717277368
rhynchosporium,svr_linear,1.079658759,1.5737316919673612
rhynchosporium,svr_linear,1.286671559,1.55904281808223
rhynchosporium,svr_linear,1.795364238,1.5665873064605338
rhynchosporium,svr_linear,1.166565918,1.6090414064684735
rhynchosporium,svr_linear,1.23174408,1.5574149956982395
rhynchosporium,svr_linear,1.373891306,1.6223761681693474
rhynchosporium,svr_linear,1.291022042,1.5271986522477277
rhynchosporium,svr_linear,1.037759143,1.5390485864713157
rhynchosporium,svr_linear,1.917653567,1.5855200190390657
rhynchosporium,svr_linear,3.179617596,1.5717511884870194
rhynchosporium,svr_linear,1.295372633,1.6358317068948274
rhynchosporium,svr_linear,1.084627797,1.5806270355635739
rhynchosporium,svr_linear,1.226775079,1.5914628277956084
rhynchosporium,svr_linear,1.286671565,1.621898035877378
rhynchosporium,svr_linear,1.286671546,1.5764835962153192
rhynchosporium,svr_linear,1.166565887,1.6434028243065562
rhynchosporium,svr_linear,1.368922367,1.584025883952799
rhynchosporium,svr_linear,1.03775914,1.6252533086164866
rhynchosporium,svr_linear,2.50610068,1.598243221302149
rhynchosporium,svr_linear,1.27106203,1.5971004352686229
rhynchosporium,svr_linear,1.511069701,1.6179796338226644
rhynchosporium,svr_linear,1.162215282,1.6479396885954594
rhynchosporium,svr_linear,1.663078025,1.6039297261969174
rhynchosporium,svr_linear,1.291022078,1.6137735948081418
rhynchosporium,svr_linear,1.226775054,1.6681994711123056
rhynchosporium,svr_linear,1.084627821,1.6195193319929835
rhynchosporium,svr_linear,2.299723209,1.6009068423958202
rhynchosporium,svr_linear,1.037759175,1.6346860999033173
rhynchosporium,svr_linear,0.937511516,1.6358830087762122
rhynchosporium,svr_linear,1.664390598,1.6297899086488752
rhynchosporium,svr_linear,1.404219362,1.5561629952019096
rhynchosporium,svr_linear,1.937511561,1.581645748624676
rhynchosporium,svr_linear,1.521488009,1.658997070467863
rhynchosporium,svr_linear,1.150956341,1.5417602587936576
rhynchosporium,svr_linear,1.084627763,1.649414942260049
rhynchosporium,svr_linear,1.166565869,1.6142978442565596
rhynchosporium,svr_linear,1.524324946,1.5155982181576335
rhynchosporium,svr_linear,6.158751803,1.7001218116620163
rhynchosporium,svr_linear,1.95241852,1.6466715259623446
rhynchosporium,svr_linear,1.544285,1.5482027583538176
rhynchosporium,svr_linear,0.937511479,1.5334068136982137
rhynchosporium,svr_linear,2.061187515,1.5989457858576264
rhynchosporium,svr_linear,1.291022057,1.6192188415412982
rhynchosporium,svr_linear,2.226775064,1.611153028530503
rhynchosporium,svr_linear,1.368922407,1.5471324666211892
rhynchosporium,svr_linear,1.773237299,1.6327491537103342
rhynchosporium,svr_linear,2.299723207,1.5940649881492304
rhynchosporium,svr_linear,1.800333245,1.5610434387384151
rhynchosporium,svr_linear,1.544284931,1.6291377478964442
rhynchosporium,svr_linear,1.363953375,1.548487813832605
rhynchosporium,svr_linear,1.162215353,1.6143256752088735
rhynchosporium,svr_linear,1.668123863,1.5529084593828706
rhynchosporium,svr_linear,1.399868796,1.6642877913920535
rhynchosporium,svr_linear,1.648781129,1.5500449460569972
rhynchosporium,svr_linear,1.02214961,1.627775076219273
rhynchosporium,svr_linear,1.037759133,1.6432634286685162
rhynchosporium,svr_linear,1.03775913,1.5420971540544097
rhynchosporium,svr_linear,1.275412633,1.551333639668017
rhynchosporium,svr_linear,1.419828814,1.5635262145039028
rhynchosporium,svr_linear,1.552986156,1.6230376440837737
rhynchosporium,svr_linear,1.291022071,1.6679944087002019
rhynchosporium,svr_linear,1.926354595,1.4988330735216204
rhynchosporium,svr_linear,1.437846618,1.6578932440640777
rhynchosporium,svr_linear,0.937511523,1.6271449864938965
rhynchosporium,svr_linear,1.415478252,1.5823205235284883
rhynchosporium,svr_linear,1.913303026,1.5395331030767145
rhynchosporium,svr_linear,1.816741229,1.4975927563185443
rhynchosporium,svr_linear,1.226775117,1.614744404384892
rhynchosporium,svr_linear,1.221806107,1.650628843362296
rhynchosporium,svr_linear,2.521007615,1.5906637132760697
rhynchosporium,svr_linear,1.516038669,1.599710441958387
rhynchosporium,svr_linear,1.51603864,1.571144155770862
rhynchosporium,svr_linear,1.810271116,1.5537225047694923
rhynchosporium,svr_linear,1.653216953,1.540104807903494
rhynchosporium,svr_linear,2.777628285,1.631654521639175
rhynchosporium,svr_linear,1.279763126,1.539523503675874
rhynchosporium,svr_linear,1.653216943,1.5871445067326593
rhynchosporium,svr_linear,1.43784663,1.5317923241555578
rhynchosporium,svr_linear,1.777587875,1.5801071947286878
rhynchosporium,svr_linear,1.216484223,1.5633531593568295
rhynchosporium,svr_linear,1.037759125,1.556755460098037
rhynchosporium,svr_linear,1.769890301,1.5788232091250056
rhynchosporium,svr_linear,2.162215319,1.5400408826920737
rhynchosporium,svr_linear,1.166565905,1.619533374279852
rhynchosporium,svr_linear,1.291022093,1.540276520649264
rhynchosporium,svr_linear,1.079658848,1.6221446735115965
rhynchosporium,svr_linear,2.40856985,1.5885518858053562
rhynchosporium,svr_linear,1.937511479,1.5888405212858292
rhynchosporium,svr_linear,1.926354621,1.6200044451158784
rhynchosporium,svr_linear,1.415478213,1.551026523511417
rhynchosporium,svr_linear,1.788846803,1.5347214821660853
rhynchosporium,svr_linear,1.331034388,1.5288054019595412
rhynchosporium,svr_linear,2.299723204,1.596130031840102
rhynchosporium,svr_linear,1.947506556,1.6051989752835787
rhynchosporium,svr_linear,1.079658805,1.6413006766343379
rhynchosporium,svr_linear,1.55239688,1.628621130119655
rhynchosporium,svr_linear,1.101933874,1.597146225069841
rhynchosporium,svr_linear,1.08462778,1.5867097821093885
rhynchosporium,svr_linear,1.4111277,1.5574675996943672
rhynchosporium,svr_linear,1.291022039,1.5321435549931441
rhynchosporium,svr_linear,1.363953384,1.539362228907483
rhynchosporium,svr_linear,1.212615101,1.5231598079674005
rhynchosporium,svr_linear,1.511069629,1.4986661838765059
rhynchosporium,svr_linear,1.937511524,1.5450669404221196
rhynchosporium,svr_linear,1.231744048,1.6116341097115197
rhynchosporium,svr_linear,1.216484127,1.5984555686291186
rhynchosporium,svr_linear,1.404219404,1.64266831257648
rhynchosporium,svr_linear,6.459407529,1.749030153064304
rhynchosporium,svr_linear,1.468817719,1.5634096407123839
rhynchosporium,svr_linear,1.216484168,1.607621539398534
rhynchosporium,svr_linear,1.162215357,1.6069192497042455
rhynchosporium,svr_linear,1.552986087,1.4759112688546556
rhynchosporium,svr_linear,1.022149615,1.6515366501587578
rhynchosporium,svr_linear,1.150956396,1.5674282624974658
rhynchosporium,svr_linear,1.037759195,1.5437426908779563
rhynchosporium,svr_linear,1.084627815,1.6107906495544466
rhynchosporium,svr_linear,1.415478249,1.5562077568614678
rhynchosporium,svr_linear,1.368922286,1.57766218004564
rhynchosporium,svr_linear,1.668123855,1.644421184722018
rhynchosporium,svr_linear,6.459407487,1.7086097759368095
rhynchosporium,svr_linear,1.166565898,1.626055982341595
rhynchosporium,svr_linear,1.820929035,1.5415391328599746
rhynchosporium,svr_linear,1.226775013,1.542998677269449
rhynchosporium,svr_linear,1.415478216,1.5694982699775089
rhynchosporium,svr_linear,1.275412589,1.6256858993955192
rhynchosporium,svr_linear,1.561187543,1.5990698994170152
rhynchosporium,svr_linear,1.216484175,1.5469662458818416
rhynchosporium,svr_linear,2.224399466,1.6701822284013677
rhynchosporium,svr_linear,1.037759159,1.6022245712384509
rhynchosporium,svr_linear,1.08462777,1.5772498049089156
rhynchosporium,svr_linear,3.393767266,1.6207064926169117
rhynchosporium,svr_linear,1.373891396,1.5796504534030695
rhynchosporium,svr_linear,6.459407488,1.694509704916655
rhynchosporium,svr_linear,1.368922349,1.5136063558017485
rhynchosporium,svr_linear,2.166565885,1.5771975715820443
rhynchosporium,svr_linear,1.373891317,1.6406349994151956
rhynchosporium,svr_linear,1.295372638,1.552293766970984
rhynchosporium,svr_linear,1.275412571,1.5593029947348829
rhynchosporium,svr_linear,1.913303013,1.6020409071075163
rhynchosporium,svr_linear,1.399868752,1.5190463033101855
rhynchosporium,svr_linear,1.295372592,1.514562072072671
rhynchosporium,svr_linear,1.363953381,1.6456858791912206
rhynchosporium,svr_linear,1.788846828,1.532055542674218
rhynchosporium,svr_linear,1.037759186,1.5059292252721401
rhynchosporium,svr_linear,1.331034461,1.5055129463927106
rhynchosporium,svr_linear,1.895068956,1.6541827686348771
rhynchosporium,svr_linear,0.937511542,1.6081453745761625
rhynchosporium,svr_linear,1.291022061,1.5643840757799772
rhynchosporium,svr_linear,1.327165361,1.6260595525597799
rhynchosporium,svr_linear,1.162215314,1.6329525475054942
rhynchosporium,svr_linear,1.539934443,1.550994882193746
rhynchosporium,svr_linear,1.942480466,1.5911519490539028
rhynchosporium,svr_linear,2.815240088,1.505764800612104
rhynchosporium,svr_linear,1.022149652,1.6247673984061994
rhynchosporium,svr_linear,1.331034471,1.5912499680720413
rhynchosporium,svr_linear,1.441715617,1.520301988508941
rhynchosporium,svr_linear,2.286671505,1.6213467635041046
rhynchosporium,svr_linear,1.162215317,1.6134814446830872
rhynchosporium,svr_linear,2.271062039,1.5988079561283832
rhynchosporium,svr_linear,2.937511467,1.5841746249538704
rhynchosporium,svr_linear,1.411127733,1.591098114350024
rhynchosporium,svr_linear,1.32716541,1.5775874993084862
rhynchosporium,svr_linear,1.231744003,1.6199116737701589
rhynchosporium,svr_linear,1.084627807,1.6261367173122185
rhynchosporium,svr_linear,1.942480435,1.5952895501595532
rhynchosporium,svr_linear,2.00285975,1.5960174171516932
rhynchosporium,svr_linear,1.310662828,1.8226735899778692
rhynchosporium,svr_linear,1.345295665,1.8483689963785808
rhynchosporium,svr_linear,1.308152926,1.8166216745607302
rhynchosporium,svr_linear,1.329615671,1.865426645121169
rhynchosporium,svr_linear,1.309136661,1.8670181276415405
rhynchosporium,svr_linear,1.347090622,1.7963415300708838
rhynchosporium,svr_linear,1.345964928,1.8023953550717173
rhynchosporium,svr_linear,1.32218118,1.842477507269078
rhynchosporium,svr_linear,1.312014403,1.7145261234718492
rhynchosporium,svr_linear,1.345987229,1.8445974144639445
rhynchosporium,svr_linear,1.376770695,1.853337403955371
rhynchosporium,svr_linear,1.361658452,1.7874219573080203
rhynchosporium,svr_linear,1.373389813,1.773536714459081
rhynchosporium,svr_linear,1.307816663,1.7745102851165293
rhynchosporium,svr_linear,1.31737709,1.7806970952223349
rhynchosporium,svr_linear,1.309189968,1.7440203108645498
rhynchosporium,svr_linear,2.349505539,1.7759143194213185
rhynchosporium,svr_linear,1.3471061,1.8126899382601185
rhynchosporium,svr_linear,1.343521037,1.7495136225451062
rhynchosporium,svr_linear,1.328575392,1.7718651689650902
rhynchosporium,svr_linear,1.339987066,1.7434386812149976
rhynchosporium,svr_linear,1.345611308,1.72785904101608
rhynchosporium,svr_linear,1.343836725,1.7991789889524596
rhynchosporium,svr_linear,1.347981651,1.8289279422798692
rhynchosporium,svr_linear,1.346664439,1.7995451573582038
rhynchosporium,svr_linear,1.3438632,1.8394527213185905
rhynchosporium,svr_linear,1.361658452,1.7744838528187656
rhynchosporium,svr_linear,1.343884369,1.8089953244965862
rhynchosporium,svr_linear,1.308494695,1.708312714245137
rhynchosporium,svr_linear,1.34529899,1.7891487644491406
rhynchosporium,svr_linear,1.34599483,1.7921516494028338
rhynchosporium,svr_linear,1.346448141,1.806910200843752
rhynchosporium,svr_linear,1.344630982,1.8029647557826227
rhynchosporium,svr_linear,1.344338755,1.7908265414968931
rhynchosporium,svr_linear,2.298577029,1.7362775876552607
rhynchosporium,svr_linear,1.331018761,2.2284772773449917
rhynchosporium,svr_linear,1.30814784,2.1906071373389033
rhynchosporium,svr_linear,1.307463626,1.803182794643583
rhynchosporium,svr_linear,1.358698169,1.7727441895987701
rhynchosporium,svr_linear,1.356796248,1.8606848240108074
rhynchosporium,svr_linear,1.362765677,1.8093386058959262
rhynchosporium,svr_linear,1.315504218,1.853886430598121
rhynchosporium,svr_linear,1.320015099,1.7398963656316415
rhynchosporium,svr_linear,1.343894857,1.7882228247672678
rhynchosporium,svr_linear,1.358698169,1.773423348525464
rhynchosporium,svr_linear,1.372354411,1.8124508758389386
rhynchosporium,svr_linear,1.361337796,1.771028797096376
rhynchosporium,svr_linear,1.3438632,1.805590362503431
rhynchosporium,svr_linear,1.320043805,1.7733555968342514
rhynchosporium,svr_linear,1.362765677,2.0044918535983216
rhynchosporium,svr_linear,1.346453976,1.811624815741873
rhynchosporium,svr_linear,1.343884369,1.8287112485800712
rhynchosporium,svr_linear,1.673626471,1.841550090836153
rhynchosporium,svr_linear,1.343290102,1.7851439946222882
rhynchosporium,svr_linear,1.345964928,1.8619242333774675
rhynchosporium,svr_linear,1.345987229,1.8421946406294232
rhynchosporium,svr_linear,1.347090622,1.757620166394716
rhynchosporium,svr_linear,1.344101569,1.8498979533550006
rhynchosporium,svr_linear,1.361759762,1.9537924187126392
rhynchosporium,svr_linear,1.307594555,1.7659013179648233
rhynchosporium,svr_linear,1.345419789,1.8143222288611558
rhynchosporium,svr_linear,1.38064486,1.7094373706402806
rhynchosporium,svr_linear,1.347090622,1.994791210810373
rhynchosporium,svr_linear,1.274000406,1.9166205501400089
rhynchosporium,svr_linear,1.342984828,1.8284220199053256
rhynchosporium,svr_linear,1.358510891,1.7784438783587693
rhynchosporium,svr_linear,1.344116137,1.8039190025407954
rhynchosporium,svr_linear,1.308874274,2.1695719164532514
rhynchosporium,svr_linear,1.868275097,1.8607676384481722
rhynchosporium,svr_linear,1.261762696,1.7723686884227332
rhynchosporium,svr_linear,1.343290102,1.8238348862201048
rhynchosporium,svr_linear,1.418277421,1.8640986549679581
rhynchosporium,svr_linear,1.342365499,1.8236718570024555
rhynchosporium,svr_linear,1.348299515,1.8014847123513316
rhynchosporium,svr_linear,1.324382238,1.7056019431706708
rhynchosporium,svr_linear,1.313470676,1.8107334176104903
rhynchosporium,svr_linear,1.30761712,1.8193692026439343
rhynchosporium,svr_linear,1.348299515,1.776091844447054
rhynchosporium,svr_linear,1.30840155,1.8171558284583942
rhynchosporium,svr_linear,3.345611308,1.7516667543828732
rhynchosporium,svr_linear,1.316608886,1.7582340063961344
rhynchosporium,svr_linear,1.309275417,1.7239894922315362
rhynchosporium,svr_linear,1.358530138,1.6948259388082811
rhynchosporium,svr_linear,1.361658452,1.7454017368185628
rhynchosporium,svr_linear,1.520433454,1.7741573688142938
rhynchosporium,svr_linear,1.345221174,1.7462281272162599
rhynchosporium,svr_linear,1.344338755,1.7472532329599322
rhynchosporium,svr_linear,1.330384449,1.7700501418208863
rhynchosporium,svr_linear,1.345010008,1.696617144156986
rhynchosporium,svr_linear,1.361337796,1.7974695509731735
rhynchosporium,svr_linear,1.307741567,1.8339178681469581
rhynchosporium,svr_linear,1.344195959,1.8037352778178035
rhynchosporium,svr_linear,1.308810999,1.7784300649145006
rhynchosporium,svr_linear,1.345005202,1.7703051680032023
rhynchosporium,svr_linear,1.347981651,1.8924555252519586
rhynchosporium,svr_linear,1.345164609,1.9105998636089523
rhynchosporium,svr_linear,1.346664439,1.7733811226687868
rhynchosporium,svr_linear,1.343825587,1.8257029344381313
rhynchosporium,svr_linear,1.342365499,1.7816360684012953
rhynchosporium,svr_linear,1.346685288,1.7608008118016845
rhynchosporium,svr_linear,1.3438632,1.7554503003110848
rhynchosporium,svr_linear,1.345005202,1.7755233115751359
rhynchosporium,svr_linear,1.348299515,1.8122270842042603
rhynchosporium,svr_linear,1.345221174,1.7985594038958308
rhynchosporium,svr_linear,1.342365499,1.8005530804751058
rhynchosporium,svr_linear,1.345005202,1.8074858207654294
rhynchosporium,svr_linear,1.34529899,1.7955009840981706
rhynchosporium,svr_linear,1.31157668,1.7665309092872001
rhynchosporium,svr_linear,1.34098313,1.7445833141194076
rhynchosporium,svr_linear,1.345010008,1.80753536992949
rhynchosporium,svr_linear,1.307140951,1.8175998120282768
rhynchosporium,svr_linear,1.308295119,1.6337617667896145
rhynchosporium,svr_linear,1.345164609,1.8456087619771442
rhynchosporium,svr_linear,1.362765677,1.7499911795787124
rhynchosporium,svr_linear,1.345112701,1.763439467531308
rhynchosporium,svr_linear,1.308095006,0.5384259085731178
rhynchosporium,svr_linear,2.267762271,1.766416115468865
rhynchosporium,svr_linear,1.254449435,1.7749828487544341
rhynchosporium,svr_linear,1.343894857,1.8276252469491552
rhynchosporium,svr_linear,1.28543033,1.8090790154170988
rhynchosporium,svr_linear,1.361759762,1.888669733401341
rhynchosporium,svr_linear,1.373389813,1.6604506917596218
rhynchosporium,svr_linear,1.273772365,1.8257494959283913
rhynchosporium,svr_linear,1.344195959,1.8161759444594388
rhynchosporium,svr_linear,1.343836725,1.7910523180270732
rhynchosporium,svr_linear,1.352646083,1.7680499340179712
rhynchosporium,svr_linear,1.343825587,1.7606734847494208
rhynchosporium,svr_linear,1.345221174,1.8664582794927025
rhynchosporium,svr_linear,1.362108974,1.7779669396486406
rhynchosporium,svr_linear,1.343521037,1.817937191157146
rhynchosporium,svr_linear,1.345221174,1.8202054016354272
rhynchosporium,svr_linear,1.362108974,1.7845142038572384
rhynchosporium,svr_linear,1.413527402,1.9616518447221927
rhynchosporium,svr_linear,1.308756762,1.768316449771539
rhynchosporium,svr_linear,1.345955249,1.8183480282574964
rhynchosporium,svr_linear,1.345548918,1.8024340171752902
rhynchosporium,svr_linear,1.376770695,1.8233014404217467
rhynchosporium,svr_linear,1.343521037,1.8431023246131157
rhynchosporium,svr_linear,2.298577029,1.8080437009437262
rhynchosporium,svr_linear,1.3471061,1.777696462118535
rhynchosporium,svr_linear,1.362724719,1.7563408418852695
rhynchosporium,svr_linear,1.373389813,1.768208492920252
rhynchosporium,svr_linear,1.343775605,1.7168850723587106
rhynchosporium,svr_linear,1.344116137,1.7071558874151809
rhynchosporium,svr_linear,1.268581383,1.797056179787579
rhynchosporium,svr_linear,1.362108974,1.8388748845280183
rhynchosporium,svr_linear,1.344101569,1.831237059457743
rhynchosporium,svr_linear,1.352646083,1.8666604676465466
rhynchosporium,svr_linear,1.344003723,1.7756717441542111
rhynchosporium,svr_linear,1.347090622,1.8659317370053334
rhynchosporium,svr_linear,1.342828272,1.8133021049696518
rhynchosporium,svr_linear,1.343290102,1.8490216953043062
rhynchosporium,svr_linear,1.343290102,1.8342671070848646
rhynchosporium,svr_linear,1.34529899,1.8226266594506975
rhynchosporium,svr_linear,1.347981651,1.8158174940531786
rhynchosporium,svr_linear,1.329598578,1.832197270050744
rhynchosporium,svr_linear,1.342040205,1.8132130718620283
rhynchosporium,svr_linear,1.872196484,1.8472639302464533
rhynchosporium,svr_linear,1.345010008,1.7988503863146212
rhynchosporium,svr_linear,1.345221174,2.0692722635325906
rhynchosporium,svr_linear,1.344003723,1.836782209597835
rhynchosporium,svr_linear,1.343661201,1.7582789323554355
rhynchosporium,svr_linear,1.346664439,1.9142259107997195
rhynchosporium,svr_linear,1.324382238,1.8044235927751064
rhynchosporium,svr_linear,1.34599483,1.818811114433705
rhynchosporium,svr_linear,1.404285801,1.8466883761370816
rhynchosporium,svr_linear,1.346689537,1.78725975895957
rhynchosporium,svr_linear,1.330384449,1.8197915697226195
rhynchosporium,svr_linear,1.346685288,1.7986847207642402
rhynchosporium,svr_linear,1.32789758,1.810097230030642
rhynchosporium,svr_linear,1.319540847,1.8241575615146752
rhynchosporium,svr_linear,1.376770695,1.7996586751530337
rhynchosporium,svr_linear,1.34529899,1.7695710393619002
rhynchosporium,svr_linear,1.345955249,1.856147745262857
rhynchosporium,svr_linear,1.347090622,1.7944221450768076
rhynchosporium,svr_linear,1.344116137,1.7964298944373172
rhynchosporium,svr_linear,1.345164609,1.7469200857377676
rhynchosporium,svr_linear,1.346448141,1.7805551132628663
rhynchosporium,svr_linear,1.345987229,1.7997780316547611
rhynchosporium,svr_linear,1.376770695,1.7245585640492336
rhynchosporium,svr_linear,1.34599483,1.8391513078783002
rhynchosporium,svr_linear,1.346689537,1.8015044313246196
rhynchosporium,svr_linear,1.344630982,1.7825311002127584
rhynchosporium,svr_linear,3.343199505,1.5905088231335833
rhynchosporium,svr_linear,1.344116137,1.8199457100337746
rhynchosporium,svr_linear,1.329598578,1.826364208217514
rhynchosporium,svr_linear,1.347981651,1.666523604324991
rhynchosporium,svr_linear,1.343894857,1.7688251734514817
rhynchosporium,svr_linear,1.343836725,1.8247416812440602
rhynchosporium,svr_linear,1.370487668,1.792699479628434
rhynchosporium,svr_linear,1.346689537,1.7971720890453475
rhynchosporium,svr_linear,1.345112701,1.7825065595649157
rhynchosporium,svr_linear,1.345548918,1.8045742534485731
rhynchosporium,svr_linear,1.345548918,1.8048310618770604
rhynchosporium,svr_linear,1.358530138,1.875501761369667
rhynchosporium,svr_linear,1.342984828,1.8500527799696176
rhynchosporium,svr_linear,1.307571682,1.6998828863476962
rhynchosporium,svr_linear,1.367352762,1.8098823073426766
rhynchosporium,svr_linear,1.345987229,1.8099161927484577
rhynchosporium,svr_linear,1.344640469,1.8035240586618648
rhynchosporium,svr_linear,1.342365499,1.8420526517901121
rhynchosporium,svr_linear,1.274951367,1.8479252132715562
rhynchosporium,svr_linear,1.345955249,1.7434547881838667
rhynchosporium,svr_linear,1.362108974,1.7660609587455576
rhynchosporium,svr_linear,1.3471061,1.789549439859383
rhynchosporium,svr_linear,1.859770775,1.796262235380049
rhynchosporium,svr_linear,1.323171999,1.7751731322827844
rhynchosporium,svr_linear,1.345964928,1.7367290944240754
rhynchosporium,svr_linear,1.376770695,1.8211100946971293
rhynchosporium,svr_linear,1.345419789,1.8048561330462827
rhynchosporium,svr_linear,1.343836725,1.782511375721467
rhynchosporium,svr_linear,1.343884369,1.6992533334325206
rhynchosporium,svr_linear,1.346448141,1.7568626527854267
rhynchosporium,svr_linear,1.344640469,1.7903680795371535
rhynchosporium,svr_linear,1.308160209,1.912006461840965
rhynchosporium,svr_linear,1.373389813,1.8021528147853187
rhynchosporium,svr_linear,1.346448141,1.9110415291127683
rhynchosporium,svr_linear,1.344003723,1.8009175799837684
rhynchosporium,svr_linear,1.343775605,1.8072521310957461
rhynchosporium,svr_linear,1.345221174,1.6500191984974968
rhynchosporium,svr_linear,1.352646083,1.7414142515267126
rhynchosporium,svr_linear,1.342528747,1.8128102278973361
rhynchosporium,svr_linear,1.323413606,1.770737420853924
rhynchosporium,svr_linear,1.308576545,1.7991209896412914
rhynchosporium,svr_linear,1.358698169,1.7526268748436638
rhynchosporium,svr_linear,1.398877693,1.7600043992432048
rhynchosporium,svr_linear,1.349505539,1.8174164329848257
rhynchosporium,svr_linear,1.34098313,1.8095751234258024
rhynchosporium,svr_linear,1.306815206,1.7591202359096092
rhynchosporium,svr_linear,1.659224765,1.7989602587644775
rhynchosporium,svr_linear,1.349505539,1.8163722163260632
rhynchosporium,svr_linear,1.34599483,1.950273280361114
rhynchosporium,svr_linear,1.345987229,1.831455319743327
rhynchosporium,svr_linear,1.345964928,1.7178225255433364
rhynchosporium,svr_linear,1.342828272,1.8100562955247874
rhynchosporium,svr_linear,1.300292809,1.8102854151583134
rhynchosporium,svr_linear,1.345164609,1.8961629123000066
rhynchosporium,svr_linear,1.345240852,1.7370435905455945
rhynchosporium,svr_linear,1.307943939,1.7951927008573803
rhynchosporium,svr_linear,1.309751459,1.9947095175662575
rhynchosporium,svr_linear,1.273468868,1.8097893109245715
rhynchosporium,svr_linear,1.370487668,1.742766373302583
rhynchosporium,svr_linear,1.31727149,1.794728945022862
rhynchosporium,svr_linear,3.344302198,1.8057436566204563
rhynchosporium,svr_linear,1.343884369,1.745243624593716
rhynchosporium,svr_linear,1.345221174,1.85011835451375
rhynchosporium,svr_linear,1.345955249,1.855512458712663
rhynchosporium,svr_linear,1.373389813,1.8442267113172615
rhynchosporium,svr_linear,1.34298733,1.7818969148645725
rhynchosporium,svr_linear,1.372354411,1.8462357993012986
rhynchosporium,svr_linear,1.345611308,1.7926524407235898
rhynchosporium,svr_linear,1.346689537,1.7808284029125157
rhynchosporium,svr_linear,1.254267769,1.7946646975296694
rhynchosporium,svr_linear,1.267762271,1.7870023641328208
rhynchosporium,svr_linear,1.308397703,1.7704107735599033
rhynchosporium,svr_linear,2.321384749,2.0674812509255647
rhynchosporium,svr_linear,1.343825587,1.8934463256860838
rhynchosporium,svr_linear,1.342984828,1.9031894810076697
rhynchosporium,svr_linear,1.345964928,1.8243497470478733
rhynchosporium,svr_linear,1.301161561,1.816150852541394
rhynchosporium,svr_linear,1.344101569,1.789011326410376
rhynchosporium,svr_linear,1.343661201,1.7706307418835323
rhynchosporium,svr_linear,1.344630982,1.7133440969188072
rhynchosporium,svr_linear,1.308025907,1.8424604877700133
rhynchosporium,svr_linear,1.362765677,1.8035928829194827
rhynchosporium,svr_linear,1.358698169,1.7924277852106105
rhynchosporium,svr_linear,1.307560079,1.7912292299315073
rhynchosporium,svr_linear,1.3471061,1.7274967599104205
rhynchosporium,svr_linear,1.345112701,1.8204099114108778
rhynchosporium,svr_linear,1.360066546,1.7701934564106414
rhynchosporium,svr_linear,1.345010008,1.7383892526429878
rhynchosporium,svr_linear,1.418277421,1.874102218105201
rhynchosporium,svr_linear,1.307535089,1.811103252614038
rhynchosporium,svr_linear,1.345611308,1.788309027937111
rhynchosporium,svr_linear,1.34298733,1.8001802812685104
rhynchosporium,svr_linear,1.345955249,1.789076607617614
rhynchosporium,svr_linear,1.352646083,1.7749794186880739
rhynchosporium,svr_linear,3.358510891,1.8090606013365678
rhynchosporium,svr_linear,1.312579352,1.8044534622871498
rhynchosporium,svr_linear,1.309600007,1.820351793610062
rhynchosporium,svr_linear,1.329598578,1.8050225792181556
rhynchosporium,svr_linear,1.343661201,1.7934663827366613
rhynchosporium,svr_linear,1.366050664,1.8054771460380898
rhynchosporium,svr_linear,1.306632111,1.7843184507854266
rhynchosporium,svr_linear,1.344640469,1.818561818302776
rhynchosporium,svr_linear,1.342040205,1.834540820775106
rhynchosporium,svr_linear,1.342528747,1.8024426569375027
rhynchosporium,svr_linear,1.346453976,1.814505619005372
rhynchosporium,svr_linear,1.345005202,1.8904512795046393
rhynchosporium,svr_linear,1.344338755,1.8152728360506605
rhynchosporium,svr_linear,3.329598578,1.8533493232187435
rhynchosporium,svr_linear,1.343290102,1.7865666579460315
rhynchosporium,svr_linear,1.345419789,1.7934460983297937
rhynchosporium,svr_linear,1.340082861,1.7920334259216943
rhynchosporium,svr_linear,1.343199505,1.8604590470151525
rhynchosporium,svr_linear,1.308804498,1.799430342451449
rhynchosporium,svr_linear,1.308716982,1.8483093523042369
rhynchosporium,svr_linear,1.34599483,1.8508527171590867
rhynchosporium,svr_linear,1.413527402,1.8735481748935852
rhynchosporium,svr_linear,1.418277421,1.8097686874922019
rhynchosporium,svr_linear,1.376770695,1.854674760452747
rhynchosporium,svr_linear,1.362765677,1.8437309782051592
rhynchosporium,svr_linear,1.358510891,1.758050709348422
rhynchosporium,svr_linear,1.308183347,1.7965569777751318
rhynchosporium,svr_linear,2.324939367,1.7831492083482274
rhynchosporium,svr_linear,1.349505539,1.7767507262436701
rhynchosporium,svr_linear,1.31638602,1.7923101175814675
rhynchosporium,svr_linear,1.346685288,1.7935277871410809
rhynchosporium,svr_linear,1.36845848,1.8058883022357513
rhynchosporium,svr_linear,1.343213976,1.769582092100632
rhynchosporium,svr_linear,1.343199505,1.7658506587873937
rhynchosporium,svr_linear,1.308662994,1.7953972992789822
rhynchosporium,svr_linear,1.346689537,1.8351113691690777
rhynchosporium,svr_linear,1.345419789,1.88189565120025
rhynchosporium,svr_linear,1.362108974,1.8685571854980882
rhynchosporium,svr_linear,1.34098313,1.8192727924754823
rhynchosporium,svr_linear,1.346685288,1.7606930799198734
rhynchosporium,svr_linear,1.349505539,1.8016973918748183
rhynchosporium,svr_linear,1.342365499,1.8405131594423967
rhynchosporium,svr_linear,1.358510891,1.7871844991754355
rhynchosporium,svr_linear,1.348299515,1.7782369296658311
rhynchosporium,svr_linear,1.361337796,1.7713602640290536
rhynchosporium,svr_linear,1.330384449,1.8072433233357181
rhynchosporium,svr_linear,1.254152301,1.7734274956334692
rhynchosporium,svr_linear,1.344338755,1.8248083080540725
rhynchosporium,svr_linear,1.345295665,1.8748602793102627
rhynchosporium,svr_linear,1.345295665,1.7885342845148646
rhynchosporium,svr_linear,1.358698169,1.7648820790086652
rhynchosporium,svr_linear,1.345112701,1.7665866269199175
rhynchosporium,svr_linear,1.347090622,1.9523509247858304
rhynchosporium,svr_linear,1.345295665,1.8319723592029533
rhynchosporium,svr_linear,1.307591499,1.7963396642137521
rhynchosporium,svr_linear,1.345112701,1.7900797108575945
rhynchosporium,svr_linear,1.86754999,1.8296100128118127
rhynchosporium,svr_linear,1.344640469,1.8187404624360373
rhynchosporium,svr_linear,1.370487668,1.8125473107462162
rhynchosporium,svr_linear,1.346664439,1.7746168354103704
rhynchosporium,svr_linear,1.343521037,1.8279588410516048
rhynchosporium,svr_linear,1.353220165,1.7758190426570897
rhynchosporium,svr_linear,1.322837368,1.8026089381267234
rhynchosporium,svr_linear,1.345010008,1.8299581534673102
rhynchosporium,svr_linear,1.3471061,1.7523017288856384
rhynchosporium,svr_linear,1.347981651,1.7726039642188958
rhynchosporium,svr_linear,1.34098313,1.7760434645785754
rhynchosporium,svr_linear,1.360066546,1.8345120058211795
rhynchosporium,svr_linear,1.34098313,1.7900904483788453
rhynchosporium,svr_linear,1.34599483,1.809675832563189
rhynchosporium,svr_linear,1.345295665,1.7397511542356032
rhynchosporium,svr_linear,1.345164609,1.8065968929376226
rhynchosporium,svr_linear,1.343775605,1.8463206343342027
rhynchosporium,svr_linear,1.353220165,1.7781668981299827
rhynchosporium,svr_linear,1.345548918,1.7896671993265652
rhynchosporium,svr_linear,1.343884369,1.771996527015846
rhynchosporium,svr_linear,1.308720507,1.8176022887964443
rhynchosporium,svr_linear,1.344630982,1.7752699685137723
rhynchosporium,svr_linear,1.343894857,1.8243217857057565
rhynchosporium,svr_linear,1.301392636,1.8172993044453254
rhynchosporium,svr_linear,1.353220165,1.8341267716665974
rhynchosporium,svr_linear,1.343825587,1.800019025905265
rhynchosporium,svr_linear,1.343661201,1.746773025623747
rhynchosporium,svr_linear,1.336920793,1.8440793482553282
rhynchosporium,svr_linear,1.305544366,1.8038191727860287
rhynchosporium,svr_linear,1.362765677,1.8742138419845293
rhynchosporium,svr_linear,1.346685288,1.835393549054588
rhynchosporium,svr_linear,1.340363673,1.860067388381453
rhynchosporium,svr_linear,1.309444785,1.8359206687018148
rhynchosporium,svr_linear,1.361658452,1.7737995575695258
rhynchosporium,svr_linear,1.305675356,1.7787589255691059
rhynchosporium,svr_linear,1.307959865,1.7972309454733415
rhynchosporium,svr_linear,1.344630982,1.7504805734687787
rhynchosporium,svr_linear,1.346448141,1.783824458555341
rhynchosporium,svr_linear,1.348299515,1.7762789765011682
rhynchosporium,svr_linear,1.343836725,1.816061607820288
rhynchosporium,svr_linear,1.326515081,1.7952078610957163
rhynchosporium,svr_linear,1.298577029,1.8208914671032452
rhynchosporium,svr_linear,1.347090622,1.8680644307036514
rhynchosporium,svr_linear,1.343290102,1.7729566254485616
rhynchosporium,svr_linear,1.330384449,1.7847119919593049
rhynchosporium,svr_linear,1.344640469,1.810588724148315
rhynchosporium,svr_linear,1.360066546,1.868700057641961
rhynchosporium,svr_linear,1.358510891,1.7876022483011818
rhynchosporium,svr_linear,1.344640469,1.779058392881745
rhynchosporium,svr_linear,1.345112701,1.793826276796431
rhynchosporium,svr_linear,1.362108974,1.8053588204741662
rhynchosporium,svr_linear,1.345005202,1.8182811571948325
rhynchosporium,svr_linear,1.372354411,1.865790494742588
rhynchosporium,svr_linear,1.343199505,1.7916595727390863
rhynchosporium,svr_linear,1.3438632,1.798717491169264
rhynchosporium,svr_linear,1.367836057,1.6993722041909056
rhynchosporium,svr_linear,1.346664439,1.7840454385936162
rhynchosporium,svr_linear,1.349505539,1.766789298689336
rhynchosporium,svr_linear,1.376770695,1.7747655628271795
rhynchosporium,svr_linear,1.344630982,1.816811018844729
rhynchosporium,svr_linear,1.346685288,1.817220766448654
rhynchosporium,svr_linear,1.346453976,1.7758127525562588
rhynchosporium,svr_linear,1.348299515,1.7761327948145806
rhynchosporium,svr_linear,1.348299515,1.7982994111092325
rhynchosporium,svr_linear,1.3077768,1.6898345921525708
rhynchosporium,svr_linear,1.418277421,1.7480787711569616
rhynchosporium,svr_linear,1.342828272,1.7725775601530038
rhynchosporium,svr_linear,1.308165434,1.7771301582920647
rhynchosporium,svr_linear,1.346689537,1.8096465485697852
rhynchosporium,svr_linear,1.346664439,1.75987163112886
rhynchosporium,svr_linear,1.301249564,1.8006646536728372
rhynchosporium,svr_linear,1.344101569,1.7907000263112718
rhynchosporium,svr_linear,1.34529899,1.7846060406764153
rhynchosporium,svr_linear,1.343775605,1.7935140323379557
rhynchosporium,svr_linear,1.335189025,1.784984231168658
rhynchosporium,svr_linear,1.344101569,1.7902624039719974
rhynchosporium,svr_linear,1.32933753,1.7441020748571585
rhynchosporium,svr_linear,1.298577029,1.811182792951792
rhynchosporium,svr_linear,1.345295665,1.8337091846792621
rhynchosporium,svr_linear,1.315406884,1.7996156219998845
rhynchosporium,svr_linear,1.349505539,1.8226363856263443
rhynchosporium,svr_linear,1.34298733,1.8513040694414564
rhynchosporium,svr_linear,1.346664439,1.8287403961765636
rhynchosporium,svr_linear,1.3579537285,1.8098173401871889
rhynchosporium,svr_linear,1.398346461,1.8196061880442407
rhynchosporium,svr_linear,1.339987066,1.8036209773698395
rhynchosporium,svr_linear,1.343661201,1.8234990571152963
rhynchosporium,svr_linear,1.345964928,1.8537465004677736
rhynchosporium,svr_linear,1.3471061,1.8313690856764009
rhynchosporium,svr_linear,1.346448141,1.8018682251926865
rhynchosporium,svr_linear,1.343836725,1.8497190481844432
rhynchosporium,svr_linear,1.346482527,1.8162075035421381
rhynchosporium,svr_linear,1.360066546,1.8175725783848327
rhynchosporium,svr_linear,1.345987229,1.7986632499008823
rhynchosporium,svr_linear,1.346453976,1.9446714642078835
rhynchosporium,svr_linear,1.308055837,1.818762207156635
rhynchosporium,svr_linear,1.34098313,1.7940651735588606
rhynchosporium,svr_linear,1.361337796,1.7429388544047313
rhynchosporium,svr_linear,1.343661201,1.8492533231948844
rhynchosporium,svr_linear,1.343521037,1.8532164207092037
rhynchosporium,svr_linear,1.346685288,1.785914736302083
rhynchosporium,svr_linear,1.309197826,1.7813271594408726
rhynchosporium,svr_linear,1.342040205,1.826750197111861
rhynchosporium,svr_linear,1.520433454,1.8008638544033753
rhynchosporium,svr_linear,1.300671927,1.7676978772976188
rhynchosporium,svr_linear,1.361337796,1.753086053069593
rhynchosporium,svr_linear,1.361759762,1.7885682438881165
rhynchosporium,svr_linear,2.778129841,1.777897161216783
rhynchosporium,svr_linear,1.340363673,1.7894565533023108
rhynchosporium,svr_linear,1.343825587,1.7941659046012346
rhynchosporium,svr_linear,1.346453976,1.8091592403660317
rhynchosporium,svr_linear,1.358530138,1.822446783598932
rhynchosporium,svr_linear,1.372354411,1.7827290489747818
rhynchosporium,svr_linear,1.30807905,1.7379126019233955
rhynchosporium,svr_linear,1.866814843,1.7473327342872118
rhynchosporium,svr_linear,1.344003723,1.8095393619160716
rhynchosporium,svr_linear,1.308054608,1.7417798916493983
rhynchosporium,svr_linear,1.349505539,1.741912661817307
rhynchosporium,svr_linear,1.3438632,1.7840204063845213
rhynchosporium,svr_linear,1.30780901,1.8194842474801012
rhynchosporium,svr_linear,1.305640819,1.766765128663814
rhynchosporium,svr_linear,1.3094274,1.7787514916096345
rhynchosporium,svr_linear,5.342723977,1.7571216929926186
rhynchosporium,svr_linear,1.345008161,1.8277655980631669
rhynchosporium,svr_linear,1.353220165,1.760668902230514
rhynchosporium,svr_linear,1.348299515,1.7649184909859812
rhynchosporium,svr_linear,1.346689537,1.801203545228909
rhynchosporium,svr_linear,1.342040205,1.7207329990690468
rhynchosporium,svr_linear,1.361337796,1.8803114666650103
rhynchosporium,svr_linear,1.353220165,1.764680764113337
rhynchosporium,svr_linear,1.344003723,1.7518878555287747
rhynchosporium,svr_linear,1.343521037,1.8043218616311905
rhynchosporium,svr_linear,1.307782504,1.75728758978664
rhynchosporium,svr_linear,1.344003723,1.8520785316360893
rhynchosporium,svr_linear,1.273690741,1.7807745902424805
rhynchosporium,svr_linear,1.347090622,1.7631282885471624
rhynchosporium,svr_linear,1.345005202,1.724121095794236
rhynchosporium,svr_linear,1.358530138,1.811404934798529
rhynchosporium,svr_linear,1.347981651,1.8578322110588463
rhynchosporium,svr_linear,1.344116137,1.7869496239870777
rhynchosporium,svr_linear,1.413527402,1.7868592717054352
rhynchosporium,svr_linear,3.889058053,1.6994062515320965
rhynchosporium,svr_linear,1.307550168,1.7568674962399535
rhynchosporium,svr_linear,1.301544971,1.7311414875138211
rhynchosporium,svr_linear,3.811587476,1.740367134069911
rhynchosporium,svr_linear,1.34599483,1.788300312283153
rhynchosporium,svr_linear,1.272689828,1.8311263655093581
rhynchosporium,svr_linear,1.274764257,1.7879728953656915
rhynchosporium,svr_linear,1.340363673,1.7966003847103427
rhynchosporium,svr_linear,1.34529899,1.8128267867776577
rhynchosporium,svr_linear,1.342828272,1.8001573087264175
rhynchosporium,svr_linear,1.307278278,1.8404945658408298
rhynchosporium,svr_linear,1.348299515,1.7483634870415965
rhynchosporium,svr_linear,1.3239048,1.7896316683233062
rhynchosporium,svr_linear,1.307591499,1.8063952523698563
rhynchosporium,svr_linear,1.345987229,1.7938945615374358
rhynchosporium,svr_linear,1.831244023,1.9062618148296322
rhynchosporium,svr_linear,1.310157253,1.8562932347454106
rhynchosporium,svr_linear,1.311861531,1.7340764891360698
rhynchosporium,svr_linear,1.358698169,1.8171900047369245
rhynchosporium,svr_linear,1.298577029,1.7975121707819686
rhynchosporium,svr_linear,1.342040205,1.875388121634459
rhynchosporium,svr_linear,1.322963995,1.7676595485425757
rhynchosporium,svr_linear,1.321444246,1.8873947922597651
rhynchosporium,svr_linear,1.346448141,1.774939999787532
rhynchosporium,svr_linear,1.308350204,1.747248620403888
rhynchosporium,svr_linear,1.344195959,1.7981240857217788
rhynchosporium,svr_linear,1.850124299,1.736153543131338
rhynchosporium,svr_linear,1.361658452,1.810613222010131
rhynchosporium,svr_linear,1.321500144,1.8593723233708497
rhynchosporium,svr_linear,1.307520684,1.8436212535736756
rhynchosporium,svr_linear,1.370487668,1.758267919058334
rhynchosporium,svr_linear,1.340363673,1.7918621923587856
rhynchosporium,svr_linear,1.376770695,1.831950289559628
rhynchosporium,svr_linear,1.346685288,1.8403221548541044
rhynchosporium,svr_linear,1.344338755,1.836287232248606
rhynchosporium,svr_linear,1.329438861,1.6921884537191434
rhynchosporium,svr_linear,2.358510891,1.7836707242364664
rhynchosporium,svr_linear,1.342528747,1.9804157459798197
rhynchosporium,svr_linear,1.413527402,1.7659397200215365
rhynchosporium,svr_linear,1.346453976,1.7994792650081857
rhynchosporium,svr_linear,1.360066546,1.7994298943437492
rhynchosporium,svr_linear,1.313352083,1.7586938547101036
rhynchosporium,svr_linear,1.342528747,1.8084463793021792
rhynchosporium,svr_linear,1.347981651,1.8317594626348044
rhynchosporium,svr_linear,1.344893435,1.7932465617021982
rhynchosporium,svr_linear,1.344195959,1.8054704981868717
rhynchosporium,svr_linear,1.352646083,1.822384684300457
rhynchosporium,svr_linear,1.308812035,1.815079024570587
rhynchosporium,svr_linear,1.330384449,1.7157929497935958
rhynchosporium,svr_linear,1.3471061,1.9638261727337576
rhynchosporium,svr_linear,3.055161343,1.8759876838919414
rhynchosporium,svr_linear,1.150956425,1.7852683274970154
rhynchosporium,svr_linear,2.66439061,1.820163460147392
rhynchosporium,svr_linear,2.797547908,1.6324572087632774
rhynchosporium,svr_linear,1.166565902,1.6715362721877203
rhynchosporium,svr_linear,1.800333172,1.8536410402975172
rhynchosporium,svr_linear,1.226775092,1.8027203470189697
rhynchosporium,svr_linear,1.0846278,1.6874152037364756
rhynchosporium,svr_linear,2.084627793,1.7957477737376362
rhynchosporium,svr_linear,1.084627814,1.65517143272177
rhynchosporium,svr_linear,3.677442262,1.8292032949800674
rhynchosporium,svr_linear,1.777587867,1.886505029903827
rhynchosporium,svr_linear,1.926354636,1.835427372313
rhynchosporium,svr_linear,2.800333104,1.7722420997068233
rhynchosporium,svr_linear,4.034188774,1.932667176791704
rhynchosporium,svr_linear,1.539934426,1.883449229967503
rhynchosporium,svr_linear,3.072987176,1.7951416136502278
rhynchosporium,svr_linear,3.383829302,1.8339763045162247
rhynchosporium,svr_linear,1.800333181,2.024187015879815
rhynchosporium,svr_linear,5.942480457,1.9133660875874738
rhynchosporium,svr_linear,2.548635579,1.8244885059116112
rhynchosporium,svr_linear,3.910745141,1.7712728813623295
rhynchosporium,svr_linear,2.094565749,1.899484579321659
rhynchosporium,svr_linear,1.544284983,1.6644889947975643
rhynchosporium,svr_linear,4.806249044,1.7572770785282104
rhynchosporium,svr_linear,5.937389355,1.788471843561944
rhynchosporium,svr_linear,4.719895978,1.9476661671863
rhynchosporium,svr_linear,5.537376594,1.7042911665885903
rhynchosporium,svr_linear,2.327165351,1.7707297122977512
rhynchosporium,svr_linear,1.548527852,1.678814879444437
rhynchosporium,svr_linear,1.516038609,1.7329422675290356
rhynchosporium,svr_linear,4.077337742,1.8187573622776447
rhynchosporium,svr_linear,4.717020916,1.817307785334575
rhynchosporium,svr_linear,3.81059953,1.6727416201602163
rhynchosporium,svr_linear,1.022149746,1.7247954373677292
rhynchosporium,svr_linear,1.150956412,1.8114278186586266
rhynchosporium,svr_linear,1.795364245,1.6851412604747729
rhynchosporium,svr_linear,2.10580294,1.6721521857412358
rhynchosporium,svr_linear,2.521007582,1.653705070800375
rhynchosporium,svr_linear,3.428529944,1.8815297813125162
rhynchosporium,svr_linear,1.150956416,1.6309035626991626
rhynchosporium,svr_linear,1.295372619,1.843880201393458
rhynchosporium,svr_linear,3.393767268,1.7938169003116704
rhynchosporium,svr_linear,3.525976592,2.2262934291618124
rhynchosporium,svr_linear,2.802384279,1.815102782348565
rhynchosporium,svr_linear,1.411127677,1.8039273857131313
rhynchosporium,svr_linear,1.373891306,1.7849114517799627
rhynchosporium,svr_linear,2.284113702,1.9801317997557895
rhynchosporium,svr_linear,3.962356462,1.836188588157538
rhynchosporium,svr_linear,1.793197301,1.8191588955975224
rhynchosporium,svr_linear,1.535583863,1.6397162990635015
rhynchosporium,svr_linear,1.368922381,1.923845926528962
rhynchosporium,svr_linear,4.816695389,1.808554252015896
rhynchosporium,svr_linear,5.039551927,1.8292827488853554
rhynchosporium,svr_linear,3.437231032,1.9115624000825093
rhynchosporium,svr_linear,3.552396836,1.977731719605864
rhynchosporium,svr_linear,5.162620829,1.8440969164698633
rhynchosporium,svr_linear,4.717020954,1.8368792831558418
rhynchosporium,svr_linear,6.424179376,1.8214139332563823
rhynchosporium,svr_linear,4.432880485,1.838576384978766
rhynchosporium,svr_linear,3.231743977,1.910542977315585
rhynchosporium,svr_linear,3.810271171,1.851924397383326
rhynchosporium,svr_linear,2.399868753,1.8611854433688393
rhynchosporium,svr_linear,2.166565836,1.79057400150498
rhynchosporium,svr_linear,3.794990068,1.8731481177511256
rhynchosporium,svr_linear,4.806249013,1.9650903943824778
rhynchosporium,svr_linear,4.717020891,1.8333753116334472
rhynchosporium,svr_linear,1.29102209,1.7111787046769755
rhynchosporium,svr_linear,2.037759198,1.7686570722444457
rhynchosporium,svr_linear,3.820209121,1.7901198124338091
rhynchosporium,svr_linear,1.368922386,1.7782381236581208
rhynchosporium,svr_linear,4.104503709,1.7823421267218313
rhynchosporium,svr_linear,3.677442243,1.7426372535445618
rhynchosporium,svr_linear,3.383829285,1.795639790675147
rhynchosporium,svr_linear,3.437231044,1.7814533661882948
rhynchosporium,svr_linear,3.228091223,1.7878590411928437
rhynchosporium,svr_linear,3.97028386,1.769462980916807
rhynchosporium,svr_linear,4.295628113,1.7894680275506734
rhynchosporium,svr_linear,1.399868768,1.7875485634455621
rhynchosporium,svr_linear,1.150956338,1.7431060552350628
rhynchosporium,svr_linear,4.231960254,1.803966152391539
rhynchosporium,svr_linear,1.995121674,1.762194386016722
rhynchosporium,svr_linear,4.050810802,1.8046093921804462
rhynchosporium,svr_linear,6.236713047,1.7887601433465583
rhynchosporium,svr_linear,1.995121717,1.8401954813088228
rhynchosporium,svr_linear,2.795364243,1.7755598313300622
rhynchosporium,svr_linear,6.255551244,1.8289300861513957
rhynchosporium,svr_linear,2.236713072,1.6337601133058692
rhynchosporium,svr_linear,2.378860355,1.7218841751995846
rhynchosporium,svr_linear,3.281040107,1.904901406555636
rhynchosporium,svr_linear,2.673092864,1.9301786386449733
rhynchosporium,svr_linear,4.002859751,1.8788460746281561
rhynchosporium,svr_linear,6.077544384,1.8172780977561664
rhynchosporium,svr_linear,5.21484569,1.831166668380711
rhynchosporium,svr_linear,1.084627823,1.7348027201272747
rhynchosporium,svr_linear,3.899916617,1.9183212141419257
rhynchosporium,svr_linear,3.613083774,2.0441266162498772
rhynchosporium,svr_linear,0.93751152,1.786633075422515
rhynchosporium,svr_linear,4.104503652,1.772975494343816
rhynchosporium,svr_linear,1.166565829,1.8281442347952115
rhynchosporium,svr_linear,1.291022085,1.867628431385152
rhynchosporium,svr_linear,1.373891358,1.8794128977229623
rhynchosporium,svr_linear,1.653216896,1.7302901076039836
rhynchosporium,svr_linear,2.226775035,1.8065083991296522
rhynchosporium,svr_linear,4.673091663,1.7349360598117145
rhynchosporium,svr_linear,1.216484133,1.6962231428746792
rhynchosporium,svr_linear,4.166489864,1.7295984116011287
rhynchosporium,svr_linear,0.937511537,1.7176892650670628
rhynchosporium,svr_linear,2.521007596,1.7644087995041775
rhynchosporium,svr_linear,1.673091741,1.8057483471732283
rhynchosporium,svr_linear,1.216484222,1.8238048912715423
rhynchosporium,svr_linear,4.246650991,1.7137876725465007
rhynchosporium,svr_linear,4.530945561,1.8227643699613274
rhynchosporium,svr_linear,1.101933942,1.8444044199261802
rhynchosporium,svr_linear,2.150956438,1.6130947676619767
rhynchosporium,svr_linear,1.216484184,1.7272339923447582
rhynchosporium,svr_linear,2.644430528,1.7619304179191253
rhynchosporium,svr_linear,2.166565854,1.7731089593260192
rhynchosporium,svr_linear,1.913302957,1.8280838074767238
rhynchosporium,svr_linear,2.166565886,1.86241508548089
rhynchosporium,svr_linear,1.516038645,1.7971126789682732
rhynchosporium,svr_linear,2.363953405,1.7625524251309888
rhynchosporium,svr_linear,1.295372655,1.7772081378801878
rhynchosporium,svr_linear,1.150956419,1.7443257616351273
rhynchosporium,svr_linear,2.226775042,1.767823251126338
rhynchosporium,svr_linear,1.793197387,1.825671553156682
rhynchosporium,svr_linear,3.535914538,1.7489823535478386
rhynchosporium,svr_linear,1.511069651,1.7158081013249216
rhynchosporium,svr_linear,3.113541001,1.7242246535273706
rhynchosporium,svr_linear,1.271062017,1.773763030687641
rhynchosporium,svr_linear,1.373891344,1.801129832398613
rhynchosporium,svr_linear,2.42417935,1.8132723887579911
rhynchosporium,svr_linear,2.236713022,1.816704769284336
rhynchosporium,svr_linear,1.537724038,1.7559765845959963
rhynchosporium,svr_linear,1.653217027,1.7384900103487357
rhynchosporium,svr_linear,1.793197323,1.6753566046557726
rhynchosporium,svr_linear,4.424179399,1.8801075841236399
rhynchosporium,svr_linear,1.810271144,1.9725719911549922
rhynchosporium,svr_linear,1.677442321,1.7745427552933368
rhynchosporium,svr_linear,1.433977626,1.6435135153486946
rhynchosporium,svr_linear,1.27541261,1.691976950419412
rhynchosporium,svr_linear,1.415478246,1.6316251574244636
rhynchosporium,svr_linear,5.588214198,1.8577022954148894
rhynchosporium,svr_linear,1.942480502,1.691194744350189
rhynchosporium,svr_linear,2.368922315,1.8004738128196867
rhynchosporium,svr_linear,0.937511542,1.799651048411858
rhynchosporium,svr_linear,2.657482196,1.8424514983539317
rhynchosporium,svr_linear,2.002859784,1.7464580881090448
rhynchosporium,svr_linear,2.433977617,1.9054671543392707
rhynchosporium,svr_linear,3.668123866,1.8869678799088752
rhynchosporium,svr_linear,1.795364238,1.7153554483198163
rhynchosporium,svr_linear,3.544284971,1.7610390047336102
rhynchosporium,svr_linear,1.593738644,1.7505967861916196
rhynchosporium,svr_linear,2.05081083,1.7519470900230065
rhynchosporium,svr_linear,1.653131708,1.702204695727482
rhynchosporium,svr_linear,0.937511517,1.7904723614530573
rhynchosporium,svr_linear,1.584627849,1.7748779546257818
rhynchosporium,svr_linear,1.150956381,1.7113728468416325
rhynchosporium,svr_linear,4.957387446,1.8465810015235007
rhynchosporium,svr_linear,1.231744074,1.700017289551764
rhynchosporium,svr_linear,2.286671477,1.7402228158247148
rhynchosporium,svr_linear,0.937511531,1.6862384668951784
rhynchosporium,svr_linear,1.221806126,1.748667489488001
rhynchosporium,svr_linear,1.022149651,1.7846037331840356
rhynchosporium,svr_linear,1.658185947,1.760529813529499
rhynchosporium,svr_linear,1.648247976,1.6814664560722927
rhynchosporium,svr_linear,1.037759191,1.6920147770005405
rhynchosporium,svr_linear,1.511069661,1.710672941118219
rhynchosporium,svr_linear,1.234068626,1.7195494363415111
rhynchosporium,svr_linear,1.084627801,1.6132848582634005
rhynchosporium,svr_linear,1.777587835,1.6703514487439695
rhynchosporium,svr_linear,1.664390642,1.6856807920692567
rhynchosporium,svr_linear,1.291022087,1.6351872198759276
rhynchosporium,svr_linear,4.388798298,1.7320009064868007
rhynchosporium,svr_linear,5.383829257,1.7811001211996647
rhynchosporium,svr_linear,4.408569952,1.8084883628123343
rhynchosporium,svr_linear,2.026500251,1.8221240593619368
rhynchosporium,svr_linear,2.4378466,1.8402706856327327
rhynchosporium,svr_linear,1.539934439,1.821887488398908
rhynchosporium,svr_linear,1.166565894,1.7186174062738877
rhynchosporium,svr_linear,2.059511906,1.731543195388211
rhynchosporium,svr_linear,1.917653563,1.7954562400323912
rhynchosporium,svr_linear,1.221806052,1.753278745949385
rhynchosporium,svr_linear,1.404219315,1.7294350751303658
rhynchosporium,svr_linear,2.516038625,1.8407255457521954
rhynchosporium,svr_linear,2.378860278,1.7572936917512538
rhynchosporium,svr_linear,1.084627778,1.7759763375353195
rhynchosporium,svr_linear,1.516038621,1.744196829326002
rhynchosporium,svr_linear,1.166565922,1.6419949829915972
rhynchosporium,svr_linear,3.712670323,1.782096644887133
rhynchosporium,svr_linear,1.226775087,1.8768192382200344
rhynchosporium,svr_linear,1.037759156,1.8701830059281697
rhynchosporium,svr_linear,1.373891335,1.9312502538971148
rhynchosporium,svr_linear,2.797547878,1.7555312835571055
rhynchosporium,svr_linear,2.077337735,1.7100429205652834
rhynchosporium,svr_linear,2.506100645,1.828474589773973
rhynchosporium,svr_linear,1.079658796,1.7524329908352432
rhynchosporium,svr_linear,1.552396851,1.6590150903257728
rhynchosporium,svr_linear,1.777587867,1.732339128438604
rhynchosporium,svr_linear,1.800333178,1.7712945300470981
rhynchosporium,svr_linear,1.079658812,1.7592575910369994
rhynchosporium,svr_linear,3.31277491,1.831268886279459
rhynchosporium,svr_linear,5.304073726,1.8747061924200572
rhynchosporium,svr_linear,2.037759125,1.7256015512784277
rhynchosporium,svr_linear,4.673092846,3.4885005249613252
rhynchosporium,svr_linear,4.468108579,2.0825297879842397
rhynchosporium,svr_linear,3.241682005,1.795943893552786
rhynchosporium,svr_linear,2.579856833,1.7244223137667856
rhynchosporium,svr_linear,1.166565842,1.7690811088244693
rhynchosporium,svr_linear,1.231744098,1.6790083603068264
rhynchosporium,svr_linear,1.884440496,1.8159135389554926
rhynchosporium,svr_linear,2.050810773,1.720055380781372
rhynchosporium,svr_linear,4.459407456,1.8264653714011811
rhynchosporium,svr_linear,1.295372719,1.7861810145019523
rhynchosporium,svr_linear,3.31277491,1.8401754192781108
rhynchosporium,svr_linear,1.286671536,1.706756867895135
rhynchosporium,svr_linear,1.64824796,1.8148720837021222
rhynchosporium,svr_linear,1.441715643,1.7132195885170154
rhynchosporium,svr_linear,1.942480444,1.618719526611144
rhynchosporium,svr_linear,2.084627779,1.713602504701577
rhynchosporium,svr_linear,1.022149666,1.809178291080635
rhynchosporium,svr_linear,1.275412545,1.757408947823166
rhynchosporium,svr_linear,1.146605826,1.78236571014281
rhynchosporium,svr_linear,2.666183394,1.9047610807855697
rhynchosporium,svr_linear,1.08462779,1.7477845282265398
rhynchosporium,svr_linear,1.942480489,1.7713674386205183
rhynchosporium,svr_linear,2.445584667,2.023474491695663
rhynchosporium,svr_linear,1.535583834,1.795958119880763
rhynchosporium,svr_linear,2.648781076,1.8265108192867892
rhynchosporium,svr_linear,4.219196206,1.7741176717410854
rhynchosporium,svr_linear,1.084627748,1.6672436754293691
rhynchosporium,svr_linear,1.399868734,1.7154792702863642
rhynchosporium,svr_linear,1.231744032,1.7627919822546056
rhynchosporium,svr_linear,2.524324925,1.7901849718003795
rhynchosporium,svr_linear,1.648781119,1.7024828671097958
rhynchosporium,svr_linear,2.037759174,1.7778369138791235
rhynchosporium,svr_linear,1.942480508,1.72380833654091
rhynchosporium,svr_linear,0.937511521,1.816907610434872
rhynchosporium,svr_linear,3.428529935,1.9768038090715485
rhynchosporium,svr_linear,1.216484155,1.8218857503374681
rhynchosporium,svr_linear,3.962356371,1.8734135985897753
rhynchosporium,svr_linear,1.516038648,1.7926081170290948
rhynchosporium,svr_linear,1.908952426,1.8004466162758617
rhynchosporium,svr_linear,4.269433029,1.8153485692463849
rhynchosporium,svr_linear,1.279763171,1.7819873245591331
rhynchosporium,svr_linear,1.810271154,1.8089241804991836
rhynchosporium,svr_linear,2.445584659,1.819538414826635
rhynchosporium,svr_linear,2.087624947,1.811177160197284
rhynchosporium,svr_linear,2.084627862,1.7411029403353104
rhynchosporium,svr_linear,1.327165418,1.8616980396961276
rhynchosporium,svr_linear,1.166565928,1.8378379938810008
rhynchosporium,svr_linear,1.664390597,1.718652270296485
rhynchosporium,svr_linear,1.150956433,1.7655272925831955
rhynchosporium,svr_linear,3.52597656,1.8092702861785463
rhynchosporium,svr_linear,1.810271179,1.8257999894456471
rhynchosporium,svr_linear,1.880571458,1.7660373369800588
rhynchosporium,svr_linear,0.937511466,1.7461040243892219
rhynchosporium,svr_linear,1.827165365,1.7642018157174462
rhynchosporium,svr_linear,1.079658813,1.7986067323197978
rhynchosporium,svr_linear,1.795364214,1.7156558789940768
rhynchosporium,svr_linear,2.888309544,1.757316618924077
rhynchosporium,svr_linear,2.53993443,1.7282976235570378
rhynchosporium,svr_linear,3.560134905,1.6861763867122737
rhynchosporium,svr_linear,2.368922365,1.831504318680172
rhynchosporium,svr_linear,4.468108555,1.8218617782749582
rhynchosporium,svr_linear,1.221806109,1.63683215770913
rhynchosporium,svr_linear,3.338772488,1.7789133232066379
rhynchosporium,svr_linear,1.653216924,1.6431732755977233
rhynchosporium,svr_linear,0.937511585,1.720256088024066
rhynchosporium,svr_linear,1.295372587,1.7419038050536912
rhynchosporium,svr_linear,1.275412609,1.6783902226707148
rhynchosporium,svr_linear,2.23196032,1.8050769067203312
rhynchosporium,svr_linear,5.712670401,1.8258238281240373
rhynchosporium,svr_linear,3.235829364,1.8558012624503537
rhynchosporium,svr_linear,2.663154846,1.684094584041245
rhynchosporium,svr_linear,1.884440493,2.029877338553203
rhynchosporium,svr_linear,1.594565755,1.643073664239286
rhynchosporium,svr_linear,5.605345756,1.8167284390565792
rhynchosporium,svr_linear,1.079658816,1.6843669716667633
rhynchosporium,svr_linear,1.91765356,1.7916803451973287
rhynchosporium,svr_linear,3.39376729,1.8243408491129547
rhynchosporium,svr_linear,3.91248631,1.795466077175222
rhynchosporium,svr_linear,1.291022115,1.7934508392833923
rhynchosporium,svr_linear,3.051939641,1.8793251234726012
rhynchosporium,svr_linear,4.806249012,1.8710551654167706
rhynchosporium,svr_linear,4.246650957,1.7784513952894156
rhynchosporium,svr_linear,1.212615116,1.773606026049088
rhynchosporium,svr_linear,1.668741198,1.7595171957286473
blumeria_graminis,svr_rbf,1.607661268,1.5016225999220083
blumeria_graminis,svr_rbf,1.282545663,1.478362686744735
blumeria_graminis,svr_rbf,1.824626108,2.403913870745588
blumeria_graminis,svr_rbf,3.557255932,1.9373769480705376
blumeria_graminis,svr_rbf,1.422513744,1.5344717732770259
blumeria_graminis,svr_rbf,2.118846253,1.8069158656873316
blumeria_graminis,svr_rbf,1.658119077,1.3409631464685248
blumeria_graminis,svr_rbf,2.280562163,1.735022921062109
blumeria_graminis,svr_rbf,1.399851787,1.6515514227108379
blumeria_graminis,svr_rbf,3.163780342,3.20079665477643
blumeria_graminis,svr_rbf,2.835312948,1.9966612273247089
blumeria_graminis,svr_rbf,2.169725662,1.8505537502775478
blumeria_graminis,svr_rbf,1.474720911,1.6747236596183872
blumeria_graminis,svr_rbf,2.784311373,2.8207839484244874
blumeria_graminis,svr_rbf,1.567611335,1.9425609752898878
blumeria_graminis,svr_rbf,0.878362783,1.3928336968567785
blumeria_graminis,svr_rbf,2.454749367,1.8831227290010415
blumeria_graminis,svr_rbf,1.960430977,2.037053926236409
blumeria_graminis,svr_rbf,1.079959671,1.8195986422011385
blumeria_graminis,svr_rbf,1.767445451,1.6096019801871462
blumeria_graminis,svr_rbf,1.080969349,1.852648804141249
blumeria_graminis,svr_rbf,2.853356049,1.9002055930870032
blumeria_graminis,svr_rbf,2.616380327,1.7107624298213566
blumeria_graminis,svr_rbf,1.313348005,2.4243050262986188
blumeria_graminis,svr_rbf,1.18198696,1.4729824631866553
blumeria_graminis,svr_rbf,1.39162445,1.3475724540622087
blumeria_graminis,svr_rbf,1.137216305,2.4462791070364895
blumeria_graminis,svr_rbf,1.647907625,1.3365500820760765
blumeria_graminis,svr_rbf,1.235201359,1.5339124529799113
blumeria_graminis,svr_rbf,2.108077598,1.693909582754089
blumeria_graminis,svr_rbf,1.184409835,1.6748862657774026
blumeria_graminis,svr_rbf,1.321922995,1.5995703141493283
blumeria_graminis,svr_rbf,1.1200677,1.3817976248761248
blumeria_graminis,svr_rbf,1.359683313,1.5147177514185106
blumeria_graminis,svr_rbf,1.278845843,1.4730944921064433
blumeria_graminis,svr_rbf,1.479149112,1.3417011672323045
blumeria_graminis,svr_rbf,1.264224462,1.6753974847824185
blumeria_graminis,svr_rbf,1.607518173,1.6809308540748344
blumeria_graminis,svr_rbf,1.571836665,1.6758587368307256
blumeria_graminis,svr_rbf,1.515752045,1.8038116319993032
blumeria_graminis,svr_rbf,2.780634944,2.2305162306998474
blumeria_graminis,svr_rbf,1.477580516,1.4321135530964018
blumeria_graminis,svr_rbf,2.239054599,1.4346448965914602
blumeria_graminis,svr_rbf,1.248313638,1.3826243599124246
blumeria_graminis,svr_rbf,1.670556521,1.6413727630226256
blumeria_graminis,svr_rbf,1.21224341,1.7398838733460513
blumeria_graminis,svr_rbf,1.325912087,1.7132061794914142
blumeria_graminis,svr_rbf,1.273001399,1.4454485424311452
blumeria_graminis,svr_rbf,1.789160934,1.9346168138196949
blumeria_graminis,svr_rbf,3.109295634,2.100537324362417
blumeria_graminis,svr_rbf,1.199908391,1.7595719943824077
blumeria_graminis,svr_rbf,1.312854167,1.755137113283102
blumeria_graminis,svr_rbf,1.177500001,1.5704958699391498
blumeria_graminis,svr_rbf,1.957260414,1.7336928357129566
blumeria_graminis,svr_rbf,1.431817791,1.7652929530476755
blumeria_graminis,svr_rbf,1.344824841,1.5636191785905043
blumeria_graminis,svr_rbf,1.19671147,1.5903163659542487
blumeria_graminis,svr_rbf,1.09251436,1.3699547951128292
blumeria_graminis,svr_rbf,1.245893872,2.3376388192623265
blumeria_graminis,svr_rbf,1.195568981,1.6686813648655638
blumeria_graminis,svr_rbf,1.075752275,1.3330714658292644
blumeria_graminis,svr_rbf,1.457284446,1.4631867516891686
blumeria_graminis,svr_rbf,2.890299499,1.862270694459509
blumeria_graminis,svr_rbf,1.924411354,2.8119578903492872
blumeria_graminis,svr_rbf,1.180154129,1.5367032883912737
blumeria_graminis,svr_rbf,1.607241022,1.3439128812546315
blumeria_graminis,svr_rbf,2.275259506,1.7518720324829524
blumeria_graminis,svr_rbf,1.33541314,1.9542740648935881
blumeria_graminis,svr_rbf,1.296630445,1.5878667645423605
blumeria_graminis,svr_rbf,1.682945121,1.3727205862247325
blumeria_graminis,svr_rbf,1.230735091,1.7872457075164014
blumeria_graminis,svr_rbf,1.298666677,2.220862425277021
blumeria_graminis,svr_rbf,1.516214308,1.3856468929886963
blumeria_graminis,svr_rbf,1.276218294,1.9066115654815108
blumeria_graminis,svr_rbf,1.384377824,1.451359529458014
blumeria_graminis,svr_rbf,2.38395236,1.4499753651174072
blumeria_graminis,svr_rbf,2.112994033,2.2444764862218
blumeria_graminis,svr_rbf,1.739651179,2.1015026517283397
blumeria_graminis,svr_rbf,1.309187342,1.644923583458552
blumeria_graminis,svr_rbf,3.393857949,1.6961356053357957
blumeria_graminis,svr_rbf,1.504892337,1.5078935673313256
blumeria_graminis,svr_rbf,1.23815383,1.348950960253116
blumeria_graminis,svr_rbf,1.425633541,1.8650496433721786
blumeria_graminis,svr_rbf,1.451144803,1.6791528392580042
blumeria_graminis,svr_rbf,1.468239282,1.3071013450258882
blumeria_graminis,svr_rbf,1.611376461,1.947016121405274
blumeria_graminis,svr_rbf,1.18084023,1.6087777635929466
blumeria_graminis,svr_rbf,2.007750502,2.12880377546519
blumeria_graminis,svr_rbf,1.268648611,1.8138560814955844
blumeria_graminis,svr_rbf,1.910940074,1.3926885779906626
blumeria_graminis,svr_rbf,2.735423773,1.6297400648936882
blumeria_graminis,svr_rbf,1.488873596,1.6157818316507546
blumeria_graminis,svr_rbf,1.483833804,1.4797476791631716
blumeria_graminis,svr_rbf,1.502115379,1.6895250306109175
blumeria_graminis,svr_rbf,2.45121835,1.5968508579120941
blumeria_graminis,svr_rbf,1.194439857,1.4772265319984874
blumeria_graminis,svr_rbf,1.424394868,1.9704848951776635
blumeria_graminis,svr_rbf,1.323548827,1.3708022211984656
blumeria_graminis,svr_rbf,1.199962683,1.359424337326975
blumeria_graminis,svr_rbf,1.266170724,1.7130788425550008
blumeria_graminis,svr_rbf,1.385844234,1.660696209221598
blumeria_graminis,svr_rbf,1.594917668,1.8287245778567307
blumeria_graminis,svr_rbf,1.188508207,1.6216372573810571
blumeria_graminis,svr_rbf,1.416087092,1.6262297462889714
blumeria_graminis,svr_rbf,1.450550884,1.612045428534977
blumeria_graminis,svr_rbf,1.253072067,1.7123276887724153
blumeria_graminis,svr_rbf,1.431584064,1.4379118960981252
blumeria_graminis,svr_rbf,1.364132813,1.7465828831191748
blumeria_graminis,svr_rbf,1.235694489,1.4285158856889768
blumeria_graminis,svr_rbf,1.834366315,1.6271613923452684
blumeria_graminis,svr_rbf,1.278786368,1.5536348370742221
blumeria_graminis,svr_rbf,2.019738746,1.609034818719247
blumeria_graminis,svr_rbf,1.883581975,1.838949534722028
blumeria_graminis,svr_rbf,1.513130744,1.6409710138777003
blumeria_graminis,svr_rbf,1.17494921,1.4463980588422118
blumeria_graminis,svr_rbf,1.234538962,1.7114313261162648
blumeria_graminis,svr_rbf,2.146275561,1.6097255836799165
blumeria_graminis,svr_rbf,2.548445612,1.6473169803473735
blumeria_graminis,svr_rbf,2.91279473,2.525597223131107
blumeria_graminis,svr_rbf,1.192607622,1.6897765122855688
blumeria_graminis,svr_rbf,2.18201933,1.680180694237504
blumeria_graminis,svr_rbf,1.621276748,1.4571813780255738
blumeria_graminis,svr_rbf,1.218567799,1.6269113143402274
blumeria_graminis,svr_rbf,1.569724829,1.8945837169021407
blumeria_graminis,svr_rbf,1.571529128,2.0393100803904116
blumeria_graminis,svr_rbf,1.183105356,1.7482301027092242
blumeria_graminis,svr_rbf,1.760640182,1.3768890455953842
blumeria_graminis,svr_rbf,1.235966649,2.04555444484335
blumeria_graminis,svr_rbf,4.564505948,3.73834946027435
blumeria_graminis,svr_rbf,3.556418177,2.839774416080074
blumeria_graminis,svr_rbf,3.180000688,3.451925666861368
blumeria_graminis,svr_rbf,6.589138619,3.6205719128874034
blumeria_graminis,svr_rbf,4.276054141,3.646721302505919
blumeria_graminis,svr_rbf,2.534190253,3.648785949485119
blumeria_graminis,svr_rbf,3.019697482,3.776620927894964
blumeria_graminis,svr_rbf,2.411663088,3.1923347310465258
blumeria_graminis,svr_rbf,2.920814432,3.5570351533790214
blumeria_graminis,svr_rbf,2.287903953,3.1131627871984078
blumeria_graminis,svr_rbf,3.027663889,3.6194793373631624
blumeria_graminis,svr_rbf,4.157511268,3.7175014849889028
blumeria_graminis,svr_rbf,2.390854411,2.9997176043059723
blumeria_graminis,svr_rbf,2.904034227,3.7006031113471494
blumeria_graminis,svr_rbf,2.791457945,3.7786468615861803
blumeria_graminis,svr_rbf,3.542664674,3.593017288458902
blumeria_graminis,svr_rbf,2.666662658,3.6171619898435505
blumeria_graminis,svr_rbf,3.418368958,3.1804686084706377
blumeria_graminis,svr_rbf,4.188001098,3.3362091791167723
blumeria_graminis,svr_rbf,2.540939638,3.561805192126651
blumeria_graminis,svr_rbf,2.930715273,3.131797428845358
blumeria_graminis,svr_rbf,2.699797776,3.06948686838281
blumeria_graminis,svr_rbf,4.493524122,3.47183021759317
blumeria_graminis,svr_rbf,5.146678714,3.303841938774922
blumeria_graminis,svr_rbf,2.410529842,3.1531620037263446
blumeria_graminis,svr_rbf,4.008990408,3.2875753718793987
blumeria_graminis,svr_rbf,4.008608582,3.3808600813727607
blumeria_graminis,svr_rbf,3.891826181,2.915186015094589
blumeria_graminis,svr_rbf,2.979570497,3.5696096976595575
blumeria_graminis,svr_rbf,2.721315015,3.151016104410515
blumeria_graminis,svr_rbf,2.629762575,3.2714304057018704
blumeria_graminis,svr_rbf,2.860550558,3.9118982239004456
blumeria_graminis,svr_rbf,4.062468799,3.1788934889585123
blumeria_graminis,svr_rbf,4.848314026,3.584780493309026
blumeria_graminis,svr_rbf,4.112070774,3.5386197689733114
blumeria_graminis,svr_rbf,3.246044365,3.6197146512069995
blumeria_graminis,svr_rbf,3.682047913,3.54601652535124
blumeria_graminis,svr_rbf,4.469646647,3.423480600197448
blumeria_graminis,svr_rbf,3.447599585,2.9950961037189767
blumeria_graminis,svr_rbf,3.239698053,3.3297423716649304
blumeria_graminis,svr_rbf,3.85304031,3.4957014463658806
blumeria_graminis,svr_rbf,3.069274663,1.3946907879325612
blumeria_graminis,svr_rbf,2.872516237,2.7244544906528803
blumeria_graminis,svr_rbf,3.543755695,3.463387578891455
blumeria_graminis,svr_rbf,2.85595884,3.614522040154381
blumeria_graminis,svr_rbf,3.555119352,3.038989344534355
blumeria_graminis,svr_rbf,3.30976685,2.9875287112151523
blumeria_graminis,svr_rbf,3.043052785,3.4525616418623137
blumeria_graminis,svr_rbf,3.741443185,3.42498598633029
blumeria_graminis,svr_rbf,3.928411229,3.5401316004386167
blumeria_graminis,svr_rbf,4.590927718,3.568031798327733
blumeria_graminis,svr_rbf,3.655174103,3.3074148508504386
blumeria_graminis,svr_rbf,2.906454968,3.03648907036901
blumeria_graminis,svr_rbf,3.097001974,3.560294695727533
blumeria_graminis,svr_rbf,2.798874784,3.300083492022182
blumeria_graminis,svr_rbf,4.406218731,3.565241987058378
blumeria_graminis,svr_rbf,3.433186966,2.9655660345783907
blumeria_graminis,svr_rbf,3.684065586,3.397318830572287
blumeria_graminis,svr_rbf,2.975448722,3.1951764838418333
blumeria_graminis,svr_rbf,4.145771488,3.2410726285993747
blumeria_graminis,svr_rbf,4.962126692,3.4768422584626535
blumeria_graminis,svr_rbf,5.063516056,3.6154726258451952
blumeria_graminis,svr_rbf,4.24409059,3.4907529650329647
blumeria_graminis,svr_rbf,3.149025161,3.249616273903798
blumeria_graminis,svr_rbf,3.032712489,3.5099575563164596
blumeria_graminis,svr_rbf,3.889121027,3.4965149371478716
blumeria_graminis,svr_rbf,4.028138475,3.249729094929276
blumeria_graminis,svr_rbf,4.505033293,3.286899471302494
blumeria_graminis,svr_rbf,3.107990383,3.595098536805141
blumeria_graminis,svr_rbf,3.428772966,3.3555974242985482
blumeria_graminis,svr_rbf,3.160942868,3.5916923494912623
blumeria_graminis,svr_rbf,2.447616775,3.0168379005399775
blumeria_graminis,svr_rbf,3.004071277,3.4165988280927206
blumeria_graminis,svr_rbf,4.290238698,3.4750606720943034
blumeria_graminis,svr_rbf,4.263476721,3.549970589893226
blumeria_graminis,svr_rbf,2.961706458,3.5579319886207066
blumeria_graminis,svr_rbf,4.157007598,3.5634534577345836
blumeria_graminis,svr_rbf,3.442248818,3.6522687393755113
blumeria_graminis,svr_rbf,4.295626453,2.9179784638574713
blumeria_graminis,svr_rbf,4.521787881,3.522060514558948
blumeria_graminis,svr_rbf,1.980491283,3.6628469547433435
blumeria_graminis,svr_rbf,3.194400545,3.6644436651130845
blumeria_graminis,svr_rbf,3.903138775,3.8083517396399436
blumeria_graminis,svr_rbf,3.022576062,3.590724245924573
blumeria_graminis,svr_rbf,4.367614723,3.585150554594829
blumeria_graminis,svr_rbf,3.472011705,3.500224901086065
blumeria_graminis,svr_rbf,3.717066553,3.414691154627554
blumeria_graminis,svr_rbf,2.873965832,3.2950353915448396
blumeria_graminis,svr_rbf,3.279381497,3.74868858303491
blumeria_graminis,svr_rbf,2.661315957,3.0216660907845987
blumeria_graminis,svr_rbf,3.150697043,3.2466319291220804
blumeria_graminis,svr_rbf,3.426235627,3.779191992562615
blumeria_graminis,svr_rbf,4.268562575,3.0213928983253755
blumeria_graminis,svr_rbf,3.540086341,3.6408953101755785
blumeria_graminis,svr_rbf,2.845898934,3.4892731750287145
blumeria_graminis,svr_rbf,3.049252072,3.4370906977751496
blumeria_graminis,svr_rbf,3.400882727,3.7907880295174956
blumeria_graminis,svr_rbf,3.683867214,3.7164216915945274
blumeria_graminis,svr_rbf,3.634671231,3.149900451722881
blumeria_graminis,svr_rbf,2.27943587,2.8896389382886767
blumeria_graminis,svr_rbf,2.704987972,3.2813819353341263
blumeria_graminis,svr_rbf,3.416915262,3.469723364600911
blumeria_graminis,svr_rbf,3.328202772,3.6927302494256926
blumeria_graminis,svr_rbf,2.756426229,3.6990986377848314
blumeria_graminis,svr_rbf,3.637625031,3.622652243373929
blumeria_graminis,svr_rbf,3.429806456,3.640636890971338
blumeria_graminis,svr_rbf,3.545213946,3.513953020144942
blumeria_graminis,svr_rbf,3.184426594,3.6105096527350145
blumeria_graminis,svr_rbf,3.458869061,2.965873991397359
blumeria_graminis,svr_rbf,2.989321031,3.337109149645456
blumeria_graminis,svr_rbf,3.658455994,3.287530793808386
blumeria_graminis,svr_rbf,2.351764217,1.587412725514735
blumeria_graminis,svr_rbf,3.239734038,3.7935797594085714
blumeria_graminis,svr_rbf,3.412612816,3.150472807287583
blumeria_graminis,svr_rbf,3.758961177,3.7504891886562066
blumeria_graminis,svr_rbf,3.64693133,3.621968598060248
blumeria_graminis,svr_rbf,4.425828633,3.3934152659163566
blumeria_graminis,svr_rbf,4.636268046,3.4966606819074038
blumeria_graminis,svr_rbf,4.272345892,3.307779535950806
blumeria_graminis,svr_rbf,3.172735051,3.2072737248759653
blumeria_graminis,svr_rbf,3.949681236,3.5867693627405695
blumeria_graminis,svr_rbf,2.785514466,3.4297459303006823
blumeria_graminis,svr_rbf,2.553140951,2.800970135055674
blumeria_graminis,svr_rbf,2.045791317,1.693836464469098
blumeria_graminis,svr_rbf,3.012701172,2.863583891190177
blumeria_graminis,svr_rbf,3.493796248,3.2858639132253495
blumeria_graminis,svr_rbf,3.594167986,3.575805766695197
blumeria_graminis,svr_rbf,4.135491211,3.5781804232243855
blumeria_graminis,svr_rbf,3.785544967,3.4678054066971753
blumeria_graminis,svr_rbf,3.029052143,3.2614782002069553
blumeria_graminis,svr_rbf,3.368255205,3.7904235549487373
blumeria_graminis,svr_rbf,4.306653911,3.219624907947164
blumeria_graminis,svr_rbf,3.785167304,3.150967840950635
blumeria_graminis,svr_rbf,3.639007752,3.505477778814683
blumeria_graminis,svr_rbf,3.456843562,3.06098446573421
blumeria_graminis,svr_rbf,4.147701114,3.455458389815322
blumeria_graminis,svr_rbf,2.446781946,1.3439406901613036
blumeria_graminis,svr_rbf,2.909312189,3.6064186274405072
blumeria_graminis,svr_rbf,2.494668195,3.597080113924905
blumeria_graminis,svr_rbf,4.053919174,2.7827720928790862
blumeria_graminis,svr_rbf,4.641373898,3.4127187450823016
blumeria_graminis,svr_rbf,4.233338983,3.6107164984870215
blumeria_graminis,svr_rbf,2.681197233,3.174795315212725
blumeria_graminis,svr_rbf,2.681340092,3.416704840903133
blumeria_graminis,svr_rbf,3.350652113,3.46474752893218
blumeria_graminis,svr_rbf,3.538647045,3.4357413223975803
blumeria_graminis,svr_rbf,2.862047713,3.4760903289596294
blumeria_graminis,svr_rbf,3.946302219,3.611216442113151
blumeria_graminis,svr_rbf,3.011278457,3.6179470690897078
blumeria_graminis,svr_rbf,2.529239907,2.7004122360968363
blumeria_graminis,svr_rbf,3.841334897,3.3480753225275786
blumeria_graminis,svr_rbf,3.228487904,3.515536996489933
blumeria_graminis,svr_rbf,2.658916003,3.3692107390141777
blumeria_graminis,svr_rbf,3.151626716,3.1769623411902375
blumeria_graminis,svr_rbf,3.283427369,3.615817687010702
blumeria_graminis,svr_rbf,3.789334106,3.4013839927877743
blumeria_graminis,svr_rbf,3.796669747,3.5382271167150185
blumeria_graminis,svr_rbf,2.791675033,3.109586510541346
blumeria_graminis,svr_rbf,3.014089299,3.7538029331698355
blumeria_graminis,svr_rbf,3.252486318,3.4632728745558925
blumeria_graminis,svr_rbf,2.5721814,2.901539987436556
blumeria_graminis,svr_rbf,2.204087133,3.4107740085539495
blumeria_graminis,svr_rbf,2.672992823,3.0388533575901073
blumeria_graminis,svr_rbf,4.604826501,3.369381214753735
blumeria_graminis,svr_rbf,2.175609019,3.6328521018788433
blumeria_graminis,svr_rbf,2.606679475,3.480331914151011
blumeria_graminis,svr_rbf,2.480321934,3.2565872261988393
blumeria_graminis,svr_rbf,2.593974221,3.1771318034904494
blumeria_graminis,svr_rbf,2.162478728,3.4785004152333867
blumeria_graminis,svr_rbf,3.227683402,3.486886125808661
blumeria_graminis,svr_rbf,5.257224227,3.890343031236382
blumeria_graminis,svr_rbf,4.658690624,4.061393899967576
blumeria_graminis,svr_rbf,5.058437263,4.446689673103148
blumeria_graminis,svr_rbf,4.193726931,4.184591748373417
blumeria_graminis,svr_rbf,3.83227834,4.282691245309112
blumeria_graminis,svr_rbf,4.650309925,4.863957117965078
blumeria_graminis,svr_rbf,3.606162525,4.043513088649092
blumeria_graminis,svr_rbf,3.100924054,3.6537769694806306
blumeria_graminis,svr_rbf,3.31137996,4.476665268960523
blumeria_graminis,svr_rbf,4.977813317,4.412898514088192
blumeria_graminis,svr_rbf,4.427159955,4.560064888510676
blumeria_graminis,svr_rbf,3.529045416,4.441139929261317
blumeria_graminis,svr_rbf,3.783676765,3.85777298214193
blumeria_graminis,svr_rbf,6.783789402,4.896994829718599
blumeria_graminis,svr_rbf,1.72188989,2.812748992808509
blumeria_graminis,svr_rbf,3.043797092,2.6114660723249905
blumeria_graminis,svr_rbf,3.722045809,3.590332932923278
blumeria_graminis,svr_rbf,4.23536422,4.423542488129103
blumeria_graminis,svr_rbf,4.290764957,3.9159542126515916
blumeria_graminis,svr_rbf,2.984318562,2.8759110324210826
blumeria_graminis,svr_rbf,4.3866521,4.469841289732116
blumeria_graminis,svr_rbf,5.337324402,4.234659937339122
blumeria_graminis,svr_rbf,3.87655913,4.449578084180281
blumeria_graminis,svr_rbf,5.933277057,4.586184288130756
blumeria_graminis,svr_rbf,5.89991457,4.184939679041675
blumeria_graminis,svr_rbf,5.88349109,4.763328781712911
blumeria_graminis,svr_rbf,4.385962468,4.93836666951766
blumeria_graminis,svr_rbf,4.34240292,4.004726340051022
blumeria_graminis,svr_rbf,4.675377199,4.22944404985368
blumeria_graminis,svr_rbf,2.981498306,4.3718683242650505
blumeria_graminis,svr_rbf,3.846017812,4.066245603447498
blumeria_graminis,svr_rbf,4.896727372,3.9523220144955924
blumeria_graminis,svr_rbf,3.698828362,4.162066170534251
blumeria_graminis,svr_rbf,2.837618486,4.777316452409743
blumeria_graminis,svr_rbf,3.140009536,4.251111993719917
blumeria_graminis,svr_rbf,4.205556563,3.863823868597752
blumeria_graminis,svr_rbf,4.110451642,4.3830982295194305
blumeria_graminis,svr_rbf,4.471026716,4.3911817819709675
blumeria_graminis,svr_rbf,4.398478495,4.749659868284603
blumeria_graminis,svr_rbf,4.505945818,3.6781020335974697
blumeria_graminis,svr_rbf,2.77712455,3.6763365876744927
blumeria_graminis,svr_rbf,5.472366993,4.739174450472076
blumeria_graminis,svr_rbf,2.426397308,3.1673526414964193
blumeria_graminis,svr_rbf,4.002508029,4.7472995048341975
blumeria_graminis,svr_rbf,4.019140308,4.281371384304697
blumeria_graminis,svr_rbf,5.015633914,4.613069553272015
blumeria_graminis,svr_rbf,3.059442559,3.970555928905336
blumeria_graminis,svr_rbf,3.615430717,4.038775859716888
blumeria_graminis,svr_rbf,3.808117529,4.239719114730522
blumeria_graminis,svr_rbf,4.220613878,4.0841765720211445
blumeria_graminis,svr_rbf,3.327399942,3.765455369402124
blumeria_graminis,svr_rbf,4.438366136,4.163785826295664
blumeria_graminis,svr_rbf,3.423200647,4.4593326256711965
blumeria_graminis,svr_rbf,4.102691645,3.3651194584942004
blumeria_graminis,svr_rbf,4.262336389,4.011527511512009
blumeria_graminis,svr_rbf,4.462897806,3.9655600190818796
blumeria_graminis,svr_rbf,4.50671033,4.494626110220212
blumeria_graminis,svr_rbf,4.612852176,3.9574123080028745
blumeria_graminis,svr_rbf,4.223745685,3.9312516145704004
blumeria_graminis,svr_rbf,4.907772242,4.367142235937306
blumeria_graminis,svr_rbf,4.521578663,4.4801471193407085
blumeria_graminis,svr_rbf,3.108863115,3.645707319623661
blumeria_graminis,svr_rbf,4.127661936,3.755149969109008
blumeria_graminis,svr_rbf,4.80815216,3.8326696602932038
blumeria_graminis,svr_rbf,4.547944294,4.5557804493971625
blumeria_graminis,svr_rbf,3.955554329,4.804004350921482
blumeria_graminis,svr_rbf,4.14426247,3.7666800993794194
blumeria_graminis,svr_rbf,2.445808577,4.946436759826112
blumeria_graminis,svr_rbf,4.035274245,3.7531184189521616
blumeria_graminis,svr_rbf,2.872589198,4.239804721214737
blumeria_graminis,svr_rbf,4.808844585,3.8440666826355523
blumeria_graminis,svr_rbf,4.202214152,4.284727511536364
blumeria_graminis,svr_rbf,3.68544338,4.401345890913669
blumeria_graminis,svr_rbf,3.206817275,3.7163542010111255
blumeria_graminis,svr_rbf,1.316526234,3.169103562153918
blumeria_graminis,svr_rbf,5.32297995,4.1741936547235134
blumeria_graminis,svr_rbf,4.790679092,4.617077483162386
blumeria_graminis,svr_rbf,3.133040489,4.812359695844739
blumeria_graminis,svr_rbf,2.589397338,4.429564952385895
blumeria_graminis,svr_rbf,3.809839372,4.278416866821575
blumeria_graminis,svr_rbf,3.212470436,2.1719739306419408
blumeria_graminis,svr_rbf,4.874351216,4.360771261938157
blumeria_graminis,svr_rbf,4.825596813,3.9163228856055974
blumeria_graminis,svr_rbf,3.198514563,4.084086453610767
blumeria_graminis,svr_rbf,5.421395854,4.164913695474168
blumeria_graminis,svr_rbf,2.892750152,2.905677014695508
blumeria_graminis,svr_rbf,4.592522799,4.2711438960908
blumeria_graminis,svr_rbf,3.84236037,4.170405077309353
blumeria_graminis,svr_rbf,2.684293347,4.060760719479106
blumeria_graminis,svr_rbf,3.888140358,4.313677085254347
blumeria_graminis,svr_rbf,2.278679185,3.447755232600408
blumeria_graminis,svr_rbf,4.111821098,4.534583800513765
blumeria_graminis,svr_rbf,6.301205105,4.3828364219515725
blumeria_graminis,svr_rbf,4.910084379,4.459552852465928
blumeria_graminis,svr_rbf,3.659228408,4.387405878643349
blumeria_graminis,svr_rbf,4.543352862,4.129170831011412
blumeria_graminis,svr_rbf,3.172507983,4.4688804067453844
blumeria_graminis,svr_rbf,5.009628539,3.5318747877855627
blumeria_graminis,svr_rbf,4.850060637,3.7267201620359827
blumeria_graminis,svr_rbf,3.910036696,3.909489282009566
blumeria_graminis,svr_rbf,5.661886978,4.39394128263934
blumeria_graminis,svr_rbf,3.836782413,3.309009153198735
blumeria_graminis,svr_rbf,4.050657305,3.8080331856016363
blumeria_graminis,svr_rbf,3.187221607,3.7709763857917245
blumeria_graminis,svr_rbf,3.651880155,3.6434484064185053
blumeria_graminis,svr_rbf,3.44469146,3.7415277386083092
blumeria_graminis,svr_rbf,3.182503062,4.367171003479917
blumeria_graminis,svr_rbf,5.409569142,4.376116881626165
blumeria_graminis,svr_rbf,4.649484742,4.640149393981471
blumeria_graminis,svr_rbf,3.816267738,4.658733898414591
blumeria_graminis,svr_rbf,6.225613057,4.055112765273706
blumeria_graminis,svr_rbf,3.291470209,3.6966702607358335
blumeria_graminis,svr_rbf,3.358712446,4.172742733266559
blumeria_graminis,svr_rbf,3.511842721,3.400815393150922
blumeria_graminis,svr_rbf,3.267604963,3.2200846013408855
blumeria_graminis,svr_rbf,5.618688592,4.117640990749038
blumeria_graminis,svr_rbf,4.422295665,3.594709224919817
blumeria_graminis,svr_rbf,2.473112519,2.4680302912083247
blumeria_graminis,svr_rbf,4.376537544,3.5292782620480887
blumeria_graminis,svr_rbf,3.720439024,3.636854844308653
blumeria_graminis,svr_rbf,3.372753117,4.537646163190433
blumeria_graminis,svr_rbf,3.96233861,3.82774757534868
blumeria_graminis,svr_rbf,4.735057511,4.1223098984362565
blumeria_graminis,svr_rbf,3.983885653,4.694263089587006
blumeria_graminis,svr_rbf,4.321173794,3.7383423849177544
blumeria_graminis,svr_rbf,4.770752699,4.255330233469159
blumeria_graminis,svr_rbf,5.143586806,4.356021701935865
blumeria_graminis,svr_rbf,4.530680852,4.71075594234425
blumeria_graminis,svr_rbf,4.043679662,4.789212401939951
blumeria_graminis,svr_rbf,3.489522481,4.209894852363518
blumeria_graminis,svr_rbf,4.601631326,4.187243221145335
blumeria_graminis,svr_rbf,4.024574639,4.61778881359463
blumeria_graminis,svr_rbf,5.236225652,3.7880698327194335
blumeria_graminis,svr_rbf,2.522042127,4.369419772159446
blumeria_graminis,svr_rbf,3.853910452,3.5433791184677164
blumeria_graminis,svr_rbf,3.558781016,4.4875547950004036
blumeria_graminis,svr_rbf,4.938299021,4.214167784969552
blumeria_graminis,svr_rbf,4.125145135,3.9814778113954503
blumeria_graminis,svr_rbf,4.024236296,4.524805142152956
blumeria_graminis,svr_rbf,4.073491322,4.031839805693937
blumeria_graminis,svr_rbf,5.837107993,4.602031933135461
blumeria_graminis,svr_rbf,4.778856643,4.09896746777643
blumeria_graminis,svr_rbf,3.411237625,3.197660216031024
blumeria_graminis,svr_rbf,3.665090276,3.636723027958585
blumeria_graminis,svr_rbf,3.825702693,4.159640597829059
blumeria_graminis,svr_rbf,3.91817307,4.436120387915974
blumeria_graminis,svr_rbf,4.242019861,3.723506428473866
blumeria_graminis,svr_rbf,4.516213003,4.216109971944983
blumeria_graminis,svr_rbf,4.226698287,4.053044698777845
blumeria_graminis,svr_rbf,4.408071506,4.342988674858044
blumeria_graminis,svr_rbf,5.237206111,4.331774276922069
blumeria_graminis,svr_rbf,3.350073339,3.409477017360369
blumeria_graminis,svr_rbf,5.10572123,4.672623300257315
blumeria_graminis,svr_rbf,2.260962592,3.3745467750001277
blumeria_graminis,svr_rbf,4.110758686,3.6026775633531463
blumeria_graminis,svr_rbf,4.798073378,4.736247684493165
blumeria_graminis,svr_rbf,4.959153868,4.189541891928715
blumeria_graminis,svr_rbf,3.641454816,4.675430097110991
blumeria_graminis,svr_rbf,4.141635804,4.635910352601936
blumeria_graminis,svr_rbf,4.86279032,3.884051425502672
blumeria_graminis,svr_rbf,4.216600178,4.363928977807494
blumeria_graminis,svr_rbf,3.849773986,4.278403132015293
blumeria_graminis,svr_rbf,4.956999528,3.5856424748345948
blumeria_graminis,svr_rbf,2.440978639,3.5295896867623573
blumeria_graminis,svr_rbf,4.702881793,4.505175184396914
blumeria_graminis,svr_rbf,4.554219439,4.1091406497764424
blumeria_graminis,svr_rbf,3.253718608,3.740927365279036
blumeria_graminis,svr_rbf,4.467081127,4.66601579031023
blumeria_graminis,svr_rbf,3.569373326,3.7216230733742184
blumeria_graminis,svr_rbf,6.097746394,3.6074556957460224
blumeria_graminis,svr_rbf,5.392107042,3.3339803883566796
blumeria_graminis,svr_rbf,4.427849306,3.6609346500797146
blumeria_graminis,svr_rbf,3.84279713,3.178728829571904
blumeria_graminis,svr_rbf,3.260197683,4.008285353740625
blumeria_graminis,svr_rbf,3.570921944,4.1059603876436865
blumeria_graminis,svr_rbf,4.706338199,4.784660950793835
blumeria_graminis,svr_rbf,4.133519633,3.9699426320417985
blumeria_graminis,svr_rbf,4.826196289,4.622189033550443
blumeria_graminis,svr_rbf,4.355886165,4.162671977839852
blumeria_graminis,svr_rbf,3.956880334,4.150932537469972
blumeria_graminis,svr_rbf,5.260171874,4.394570953098566
blumeria_graminis,svr_rbf,3.644976323,3.4683740410640107
blumeria_graminis,svr_rbf,5.675513712,4.4006867751888565
blumeria_graminis,svr_rbf,5.53101205,4.090239250734108
blumeria_graminis,svr_rbf,4.393923556,4.668009276936231
blumeria_graminis,svr_rbf,4.355963781,3.8495646353566633
blumeria_graminis,svr_rbf,2.538144792,3.618030741753542
blumeria_graminis,svr_rbf,4.815350645,4.872383028403508
blumeria_graminis,svr_rbf,4.449596248,4.484098581591546
blumeria_graminis,svr_rbf,4.179388227,3.9504985715090224
blumeria_graminis,svr_rbf,4.167315222,3.7151940982001994
blumeria_graminis,svr_rbf,5.372524213,3.894584852869315
blumeria_graminis,svr_rbf,4.231502172,3.7982942979292114
blumeria_graminis,svr_rbf,4.90477488,4.922818349498719
blumeria_graminis,svr_rbf,4.845521707,4.520460787354599
blumeria_graminis,svr_rbf,4.026336417,3.947573177670672
blumeria_graminis,svr_rbf,2.660645523,2.5840867353293255
blumeria_graminis,svr_rbf,3.346839531,4.012394990077302
blumeria_graminis,svr_rbf,4.220619255,4.108904298060631
blumeria_graminis,svr_rbf,4.716208531,3.720872773649664
blumeria_graminis,svr_rbf,4.630099604,4.3211793800136435
blumeria_graminis,svr_rbf,3.426240215,3.082594236939193
blumeria_graminis,svr_rbf,2.81102902,4.233147743759476
blumeria_graminis,svr_rbf,3.50149357,4.115309533364406
blumeria_graminis,svr_rbf,4.348562936,4.068049497796842
blumeria_graminis,svr_rbf,3.646960045,3.9244861932057895
blumeria_graminis,svr_rbf,2.448063444,4.174862332375033
blumeria_graminis,svr_rbf,5.300520045,4.458936766256159
blumeria_graminis,svr_rbf,3.986582557,3.7507728865420966
blumeria_graminis,svr_rbf,3.893447874,3.869970355288086
blumeria_graminis,svr_rbf,4.336290184,3.9308275290170025
blumeria_graminis,svr_rbf,4.317294748,4.377885369260885
blumeria_graminis,svr_rbf,4.557154459,2.984982783973585
blumeria_graminis,svr_rbf,3.233179976,3.8002169340397773
blumeria_graminis,svr_rbf,3.142372722,3.989809585174262
blumeria_graminis,svr_rbf,3.234102553,3.2984211132308148
blumeria_graminis,svr_rbf,4.449691489,3.9481295977361244
blumeria_graminis,svr_rbf,3.867291291,3.376104202382158
blumeria_graminis,svr_rbf,2.79413729,3.676664071957851
blumeria_graminis,svr_rbf,4.40435114,3.394392799511643
blumeria_graminis,svr_rbf,3.271024069,2.6466389710364364
blumeria_graminis,svr_rbf,4.201435819,4.719036809291513
blumeria_graminis,svr_rbf,4.80463112,4.25788264787266
blumeria_graminis,svr_rbf,3.532907492,3.991972570585247
blumeria_graminis,svr_rbf,3.631286016,3.433053941867803
blumeria_graminis,svr_rbf,2.477673493,2.673508460628521
blumeria_graminis,svr_rbf,4.13546807,4.035816191697724
blumeria_graminis,svr_rbf,3.772246592,4.0458590026419206
blumeria_graminis,svr_rbf,3.050776096,2.7705691934556333
blumeria_graminis,svr_rbf,5.534791148,4.284072187440288
blumeria_graminis,svr_rbf,4.451547648,3.6756383269783184
blumeria_graminis,svr_rbf,3.997291665,4.066694609342081
blumeria_graminis,svr_rbf,3.32836914,4.275052808942111
blumeria_graminis,svr_rbf,4.478395922,4.1483752114238905
blumeria_graminis,svr_rbf,4.754708489,4.682425746080165
blumeria_graminis,svr_rbf,1.70233291,4.261266562354563
blumeria_graminis,svr_rbf,4.137604427,4.053329911348652
blumeria_graminis,svr_rbf,4.392161166,3.950720068801038
blumeria_graminis,svr_rbf,1.955866093,3.72462142123662
blumeria_graminis,svr_rbf,4.722269459,4.220885016330255
blumeria_graminis,svr_rbf,2.734304778,3.4114314635750818
blumeria_graminis,svr_rbf,2.949331181,3.600582776792935
blumeria_graminis,svr_rbf,5.688562708,3.972145193533027
blumeria_graminis,svr_rbf,4.851811167,4.3300997488948845
blumeria_graminis,svr_rbf,4.569751205,4.478081628158132
blumeria_graminis,svr_rbf,2.949877825,4.405473026092455
blumeria_graminis,svr_rbf,3.101476517,3.544688297307345
blumeria_graminis,svr_rbf,4.177878372,3.829852483304019
blumeria_graminis,svr_rbf,2.875922437,2.883392890641742
blumeria_graminis,svr_rbf,4.122794964,3.868287067975196
blumeria_graminis,svr_rbf,4.616040819,3.5717820848934307
blumeria_graminis,svr_rbf,2.891870258,2.1654048212053816
blumeria_graminis,svr_rbf,2.111914299,2.0821184558695056
blumeria_graminis,svr_rbf,2.692208952,2.759161050805766
blumeria_graminis,svr_rbf,3.181936661,2.7951086243503704
blumeria_graminis,svr_rbf,6.382031613,4.299740138588002
blumeria_graminis,svr_rbf,4.282237152,3.9325638374685523
blumeria_graminis,svr_rbf,3.714908705,3.568749936055141
blumeria_graminis,svr_rbf,4.415496498,4.207258661043343
blumeria_graminis,svr_rbf,3.768961456,4.242794969185994
blumeria_graminis,svr_rbf,3.737782353,3.935449057330412
blumeria_graminis,svr_rbf,4.15173181,3.84478268647711
blumeria_graminis,svr_rbf,3.693106282,3.7841332371907557
blumeria_graminis,svr_rbf,2.688979987,3.2815285073147797
blumeria_graminis,svr_rbf,3.992654485,4.821958949928785
blumeria_graminis,svr_rbf,2.8549377,3.189453207326877
blumeria_graminis,svr_rbf,1.378409492,3.0813533917759672
blumeria_graminis,svr_rbf,5.122061688,4.175942262752428
blumeria_graminis,svr_rbf,5.155437394,4.460789599295709
blumeria_graminis,svr_rbf,3.720142706,4.016518303577315
blumeria_graminis,svr_rbf,5.874003613,4.18654742447509
blumeria_graminis,svr_rbf,3.978383705,4.134929301403256
blumeria_graminis,svr_rbf,5.310099244,4.431750429686577
blumeria_graminis,svr_rbf,4.225593161,4.478149371477914
blumeria_graminis,svr_rbf,4.588819157,4.789816122786489
blumeria_graminis,svr_rbf,3.307801401,2.779616428100014
blumeria_graminis,svr_rbf,5.274935231,4.249145633703729
blumeria_graminis,svr_rbf,4.581761662,4.191857038232644
blumeria_graminis,svr_rbf,3.784649858,3.7195932842071557
blumeria_graminis,svr_rbf,2.75391404,3.709053582410178
blumeria_graminis,svr_rbf,4.400475554,3.907758846869266
blumeria_graminis,svr_rbf,3.451219525,4.225418844091058
blumeria_graminis,svr_rbf,2.99784099,3.6175813991025354
blumeria_graminis,svr_rbf,2.901250076,3.9904303684824667
blumeria_graminis,svr_rbf,3.546352625,3.8038161686399423
blumeria_graminis,svr_rbf,4.167944505,3.6428670900401108
blumeria_graminis,svr_rbf,4.845170757,4.02234692430785
blumeria_graminis,svr_rbf,4.269036478,3.6223919752031373
blumeria_graminis,svr_rbf,4.662446828,4.143951965724882
blumeria_graminis,svr_rbf,2.941978655,3.9298230492916124
blumeria_graminis,svr_rbf,3.855978145,4.008261185086951
blumeria_graminis,svr_rbf,4.103741363,4.233469566640883
blumeria_graminis,svr_rbf,3.927403393,3.7219622845222773
blumeria_graminis,svr_rbf,3.488888168,2.9960177141947946
blumeria_graminis,svr_rbf,5.264730973,4.616853417267076
blumeria_graminis,svr_rbf,4.146731987,3.6666177365854007
blumeria_graminis,svr_rbf,4.415234402,4.065515386492415
blumeria_graminis,svr_rbf,5.227753998,4.385826271208842
blumeria_graminis,svr_rbf,4.951180855,4.147603225156902
blumeria_graminis,svr_rbf,3.242313383,4.488697546945471
blumeria_graminis,svr_rbf,3.581391962,4.802399531165964
blumeria_graminis,svr_rbf,4.779757073,4.319660390466447
blumeria_graminis,svr_rbf,3.789186141,3.736924104954091
blumeria_graminis,svr_rbf,3.452819481,3.4873663723642574
blumeria_graminis,svr_rbf,3.822506018,3.9951064892586547
blumeria_graminis,svr_rbf,4.48963065,4.1594862636693755
blumeria_graminis,svr_rbf,1.764133912,3.473498356364826
blumeria_graminis,svr_rbf,4.166039527,4.098334778895932
blumeria_graminis,svr_rbf,5.456378574,4.7124449103833586
blumeria_graminis,svr_rbf,1.511216651,1.9580896209940475
blumeria_graminis,svr_rbf,3.274252656,3.9753709683995133
blumeria_graminis,svr_rbf,2.948178444,3.8466775445958516
blumeria_graminis,svr_rbf,4.152561375,4.844922846132168
blumeria_graminis,svr_rbf,4.644183662,4.248099797958436
blumeria_graminis,svr_rbf,4.754428706,4.476133907873908
blumeria_graminis,svr_rbf,4.460732122,4.687865206080681
blumeria_graminis,svr_rbf,3.783403222,3.733313237490891
blumeria_graminis,svr_rbf,4.78870537,4.325159793283716
blumeria_graminis,svr_rbf,4.235566032,4.779518410859697
blumeria_graminis,svr_rbf,2.506675145,3.7526479233828134
blumeria_graminis,svr_rbf,3.895082023,3.5209952346500177
blumeria_graminis,svr_rbf,3.648182618,3.6369382588076364
blumeria_graminis,svr_rbf,5.195142192,4.615316035802529
blumeria_graminis,svr_rbf,5.857579768,4.278991569062188
blumeria_graminis,svr_rbf,4.712397423,3.6725846434773217
blumeria_graminis,svr_rbf,3.58122687,3.8922706095799775
blumeria_graminis,svr_rbf,3.36186509,3.26705998102156
blumeria_graminis,svr_rbf,3.152762989,3.7242524959740857
blumeria_graminis,svr_rbf,3.27484881,3.2816598239167467
blumeria_graminis,svr_rbf,4.613429446,4.117682825990812
blumeria_graminis,svr_rbf,3.302955327,3.752525866749869
blumeria_graminis,svr_rbf,4.040670396,4.2141634728706405
blumeria_graminis,svr_rbf,4.612095765,4.520063687966235
blumeria_graminis,svr_rbf,3.977859626,4.175274528468878
blumeria_graminis,svr_rbf,4.13605548,4.038745550275711
blumeria_graminis,svr_rbf,3.942556938,4.384994625196437
blumeria_graminis,svr_rbf,4.190644421,4.436882950044563
blumeria_graminis,svr_rbf,4.599376755,4.607960849818249
blumeria_graminis,svr_rbf,4.019428768,3.6344575733108515
blumeria_graminis,svr_rbf,2.376037436,4.107677987050609
blumeria_graminis,svr_rbf,3.656548376,4.250031245208168
blumeria_graminis,svr_rbf,4.239869618,4.605284924197406
blumeria_graminis,svr_rbf,2.950422709,2.992683313269351
blumeria_graminis,svr_rbf,4.41929205,3.193122886365198
blumeria_graminis,svr_rbf,3.613731844,4.613282700278408
blumeria_graminis,svr_rbf,3.948674204,3.9101895771380795
blumeria_graminis,svr_rbf,3.267134764,2.7728656404763985
blumeria_graminis,svr_rbf,3.730007541,4.4053140053559225
blumeria_graminis,svr_rbf,4.253975037,3.5677260904796286
blumeria_graminis,svr_rbf,3.623478316,3.95578399990613
blumeria_graminis,svr_rbf,3.885879862,4.150790516561855
blumeria_graminis,svr_rbf,3.794351277,3.406223895756413
blumeria_graminis,svr_rbf,3.618311066,4.309995425365854
blumeria_graminis,svr_rbf,2.420042814,4.560599961080257
blumeria_graminis,svr_rbf,3.53487142,4.6247532051202755
blumeria_graminis,svr_rbf,4.713959622,4.559696126773007
blumeria_graminis,svr_rbf,4.127095218,3.826995363700309
blumeria_graminis,svr_rbf,3.3767252,3.8885294988465917
blumeria_graminis,svr_rbf,3.65911629,4.280378529044928
blumeria_graminis,svr_rbf,3.915426952,4.586927481741051
blumeria_graminis,svr_rbf,5.953092094,4.50963167676013
blumeria_graminis,svr_rbf,3.211985757,3.8068363557147213
blumeria_graminis,svr_rbf,4.359206162,4.210447823760971
blumeria_graminis,svr_rbf,4.268787503,4.263134774657423
blumeria_graminis,svr_rbf,4.348575639,4.157975005103439
blumeria_graminis,svr_rbf,4.739567057,4.681642326703948
blumeria_graminis,svr_rbf,5.348289052,4.122679423049927
blumeria_graminis,svr_rbf,4.569255449,3.598269467473205
blumeria_graminis,svr_rbf,5.016286424,3.6466978312541913
blumeria_graminis,svr_rbf,4.261425807,3.649051203565918
blumeria_graminis,svr_rbf,3.82509917,3.52417768501707
blumeria_graminis,svr_rbf,3.48173721,3.23823709398919
blumeria_graminis,svr_rbf,4.181554228,4.263922721599304
blumeria_graminis,svr_rbf,3.931179341,3.8821188661248844
blumeria_graminis,svr_rbf,3.52939646,3.7210251533943373
blumeria_graminis,svr_rbf,4.797323453,4.832241403402112
blumeria_graminis,svr_rbf,2.674061693,4.524551475097058
blumeria_graminis,svr_rbf,4.695344887,4.409394202056218
blumeria_graminis,svr_rbf,5.106326175,4.714797332842355
blumeria_graminis,svr_rbf,4.539577153,4.378189354485325
blumeria_graminis,svr_rbf,5.094612275,4.99586556690209
blumeria_graminis,svr_rbf,3.459095167,4.463499202128302
blumeria_graminis,svr_rbf,3.958834789,4.503341985833092
blumeria_graminis,svr_rbf,3.965129928,4.621997450214896
blumeria_graminis,svr_rbf,4.046867252,4.371808972132759
blumeria_graminis,svr_rbf,3.498437063,4.697133634633706
blumeria_graminis,svr_rbf,3.024222557,3.3574390206871128
blumeria_graminis,svr_rbf,3.752366795,3.54390418648965
blumeria_graminis,svr_rbf,3.136303836,3.5265989000870843
blumeria_graminis,svr_rbf,3.66246826,3.6829548363577063
blumeria_graminis,svr_rbf,4.565214057,4.821211206012298
blumeria_graminis,svr_rbf,4.429721865,4.005241980177775
blumeria_graminis,svr_rbf,3.339296547,3.530575788200551
blumeria_graminis,svr_rbf,4.657620487,4.342933675091925
blumeria_graminis,svr_rbf,4.335747748,4.45703384361442
blumeria_graminis,svr_rbf,3.725854383,4.3269846187428636
blumeria_graminis,svr_rbf,4.620832885,3.831690148994804
blumeria_graminis,svr_rbf,3.307611388,3.506547391411467
blumeria_graminis,svr_rbf,3.385584274,4.278720843485218
blumeria_graminis,svr_rbf,2.534156227,4.384584114821317
blumeria_graminis,svr_rbf,2.433592295,4.4514059012304426
blumeria_graminis,svr_rbf,4.629395457,4.226242032343066
blumeria_graminis,svr_rbf,2.904299111,4.153075640574092
blumeria_graminis,svr_rbf,2.957852412,3.6369835389033787
blumeria_graminis,svr_rbf,3.159131947,3.2403431333720394
blumeria_graminis,svr_rbf,3.727728353,4.173088732847176
blumeria_graminis,svr_rbf,4.010426504,4.368907031569158
blumeria_graminis,svr_rbf,3.461613888,4.081416852659346
blumeria_graminis,svr_rbf,4.714572886,4.512077040642826
blumeria_graminis,svr_rbf,2.206160689,2.7619433426441033
blumeria_graminis,svr_rbf,4.693752103,3.6937875367825
blumeria_graminis,svr_rbf,4.160382043,4.555886811942845
blumeria_graminis,svr_rbf,1.790936211,3.940294032422994
blumeria_graminis,svr_rbf,3.26668967,3.9476427368768845
blumeria_graminis,svr_rbf,4.5139563,3.538635051916417
blumeria_graminis,svr_rbf,4.131965295,3.5849709345914604
blumeria_graminis,svr_rbf,4.082535373500001,3.639320437082663
blumeria_graminis,svr_rbf,4.348059065,3.620549806156251
blumeria_graminis,svr_rbf,3.725885131,4.406249124877674
blumeria_graminis,svr_rbf,5.797693712,4.437135957405443
blumeria_graminis,svr_rbf,3.684156528,3.5042409781805066
blumeria_graminis,svr_rbf,4.866508045,4.189622693694122
blumeria_graminis,svr_rbf,5.128023287,4.206080387739181
blumeria_graminis,svr_rbf,4.777572048,3.5580243132409364
blumeria_graminis,svr_rbf,3.362793162,4.188751119240522
blumeria_graminis,svr_rbf,3.889438785,4.016979731930176
blumeria_graminis,svr_rbf,5.174623051,4.417118581930601
blumeria_graminis,svr_rbf,4.65571882,3.720043916904945
blumeria_graminis,svr_rbf,4.342266519,4.0779042468105535
blumeria_graminis,svr_rbf,4.792492405,4.48072051102238
blumeria_graminis,svr_rbf,5.555649379,4.796569555545703
blumeria_graminis,svr_rbf,3.441252136,4.251192552991386
blumeria_graminis,svr_rbf,2.973322991,3.624303058375964
blumeria_graminis,svr_rbf,3.432769832,3.010665044672102
blumeria_graminis,svr_rbf,2.255119591,3.77199197362544
blumeria_graminis,svr_rbf,3.225686049,3.8866240529866327
blumeria_graminis,svr_rbf,5.450875302,4.72525129322918
blumeria_graminis,svr_rbf,2.392445537,3.298919867509688
blumeria_graminis,svr_rbf,3.745437591,4.07013122402813
blumeria_graminis,svr_rbf,4.170079739,4.009482096933344
blumeria_graminis,svr_rbf,3.702604009,3.5242175167854124
blumeria_graminis,svr_rbf,4.322449994,3.926385590965732
blumeria_graminis,svr_rbf,5.007408434,3.867975517612899
blumeria_graminis,svr_rbf,4.364947911,3.859023437646197
blumeria_graminis,svr_rbf,4.412701705,4.569469230827141
blumeria_graminis,svr_rbf,3.821028807,3.816827446722818
blumeria_graminis,svr_rbf,4.007265884,4.32325586841449
blumeria_graminis,svr_rbf,4.39254388,4.305460677561737
blumeria_graminis,svr_rbf,4.315922431,4.760723579918608
blumeria_graminis,svr_rbf,4.077058671,4.230546218896242
blumeria_graminis,svr_rbf,4.243993794,4.43790526333887
blumeria_graminis,svr_rbf,3.623043876,4.814207602896315
blumeria_graminis,svr_rbf,1.969898414,3.638201876740686
blumeria_graminis,svr_rbf,4.023721533,4.706009114712683
blumeria_graminis,svr_rbf,5.557457464,4.125179269895891
blumeria_graminis,svr_rbf,5.687791969,4.355153313437848
blumeria_graminis,svr_rbf,4.937622169,4.489616591382685
blumeria_graminis,svr_rbf,4.362381287,4.205879111281115
blumeria_graminis,svr_rbf,3.694930707,4.878125315674506
blumeria_graminis,svr_rbf,4.508605869,4.272987949663103
blumeria_graminis,svr_rbf,4.80386177,4.168549686312023
blumeria_graminis,svr_rbf,4.776355444,4.648173770773271
blumeria_graminis,svr_rbf,4.745946577,4.462043693729284
blumeria_graminis,svr_rbf,4.589738825,4.272952168061184
blumeria_graminis,svr_rbf,4.866184672,4.188055027050749
blumeria_graminis,svr_rbf,6.098758416,4.161896114030089
blumeria_graminis,svr_rbf,3.844397407,4.197352620320106
blumeria_graminis,svr_rbf,4.941602747,4.4189284052982085
blumeria_graminis,svr_rbf,4.49473368,4.5874251677991404
blumeria_graminis,svr_rbf,4.241755514,4.356684439564822
blumeria_graminis,svr_rbf,4.554658226,4.368264442324904
blumeria_graminis,svr_rbf,5.857153654,4.772892989730748
blumeria_graminis,svr_rbf,4.036618343,3.889479677411983
blumeria_graminis,svr_rbf,5.78820279,4.403559229105253
blumeria_graminis,svr_rbf,4.418298767,4.717455876147555
blumeria_graminis,svr_rbf,3.046046877,4.172040049340302
blumeria_graminis,svr_rbf,4.842009433,4.401225136885913
blumeria_graminis,svr_rbf,4.223465711,4.487891154913254
blumeria_graminis,svr_rbf,3.098072475,3.742642981028775
blumeria_graminis,svr_rbf,1.877312667,3.1637596189059973
blumeria_graminis,svr_rbf,4.447964912,5.037328704955077
blumeria_graminis,svr_rbf,4.888873012,4.623266369487227
blumeria_graminis,svr_rbf,3.840150002,4.304544740709297
blumeria_graminis,svr_rbf,4.876265944,4.80243014289583
blumeria_graminis,svr_rbf,4.668610372,3.904807727438369
blumeria_graminis,svr_rbf,2.570698487,2.259009549953288
blumeria_graminis,svr_rbf,2.026248771,2.662596732497279
blumeria_graminis,svr_rbf,4.427801555,4.197922655800487
blumeria_graminis,svr_rbf,3.723106649,4.4422110945380116
blumeria_graminis,svr_rbf,5.250758366,3.9039441480557557
blumeria_graminis,svr_rbf,3.855764302,4.418593442451514
blumeria_graminis,svr_rbf,2.773607313,4.140049263335324
blumeria_graminis,svr_rbf,3.925818128,3.943520291086472
blumeria_graminis,svr_rbf,2.733244932,3.5738354655765203
blumeria_graminis,svr_rbf,3.297534651,3.7768441379386615
blumeria_graminis,svr_rbf,3.563464841,2.9737814661685595
blumeria_graminis,svr_rbf,3.175064717,4.194218276712498
blumeria_graminis,svr_rbf,4.345459161,4.3876010020319
blumeria_graminis,svr_rbf,3.04092758,2.805548300619743
blumeria_graminis,svr_rbf,4.420581109,3.9207137913467194
blumeria_graminis,svr_rbf,3.060804964,2.3473086525617175
blumeria_graminis,svr_rbf,3.288843157,4.209876080629641
blumeria_graminis,svr_rbf,3.21282406,4.021499700823173
blumeria_graminis,svr_rbf,2.358034469,4.168624752414301
blumeria_graminis,svr_rbf,4.512703249,4.392210857516415
blumeria_graminis,svr_rbf,3.665361328,4.142132252220301
blumeria_graminis,svr_rbf,2.144039734,2.9651943153813827
blumeria_graminis,svr_rbf,4.402121924,4.715147078832576
blumeria_graminis,svr_rbf,3.939246135,4.476051720197875
blumeria_graminis,svr_rbf,4.851357272,4.311487178511038
blumeria_graminis,svr_rbf,4.311405507,3.5681338416553348
blumeria_graminis,svr_rbf,4.082999544,3.9731568632933634
blumeria_graminis,svr_rbf,4.281794473,3.0964199134929427
blumeria_graminis,svr_rbf,4.062606785,4.648143488944545
blumeria_graminis,svr_rbf,3.651404518,3.175855627587294
blumeria_graminis,svr_rbf,2.282709652,2.0495750209145864
blumeria_graminis,svr_rbf,3.744211802,3.9459952761292714
blumeria_graminis,svr_rbf,4.411132487,4.7496329089964915
blumeria_graminis,svr_rbf,6.172727679,4.087921299419017
blumeria_graminis,svr_rbf,3.936373147,4.217158552827774
blumeria_graminis,svr_rbf,3.41468884,4.0599200599083165
blumeria_graminis,svr_rbf,4.648151062,3.964029247200631
blumeria_graminis,svr_rbf,4.724743907,4.420114785999253
blumeria_graminis,svr_rbf,3.021462403,3.9930985058372803
blumeria_graminis,svr_rbf,5.766695548,4.027244457011274
blumeria_graminis,svr_rbf,4.32755469,4.462266904794307
blumeria_graminis,svr_rbf,3.010948132,3.9251661470587442
blumeria_graminis,svr_rbf,6.3601382,3.277412375254716
blumeria_graminis,svr_rbf,4.803031515,3.2930769026351285
blumeria_graminis,svr_rbf,3.641216199,4.0735163203485465
blumeria_graminis,svr_rbf,2.456815349,3.6002557290750445
blumeria_graminis,svr_rbf,2.485620465,3.840497118982148
blumeria_graminis,svr_rbf,3.364029543,4.2248341564935465
blumeria_graminis,svr_rbf,4.386838456,3.8595277184646912
blumeria_graminis,svr_rbf,5.826977965,3.9946673680687335
blumeria_graminis,svr_rbf,3.884278773,3.8709403998865093
blumeria_graminis,svr_rbf,4.070743586,3.961953596875332
blumeria_graminis,svr_rbf,3.424166895,4.512987612750547
blumeria_graminis,svr_rbf,3.852326036,3.8951296288204524
blumeria_graminis,svr_rbf,3.042276193,4.16519187817601
blumeria_graminis,svr_rbf,4.666907596,3.8910803680734265
blumeria_graminis,svr_rbf,5.888885877,4.3130466506355045
blumeria_graminis,svr_rbf,5.463727666,3.9929048938104397
blumeria_graminis,svr_rbf,3.766301702,3.8617722755606816
blumeria_graminis,svr_rbf,3.823955062,3.950856994433808
blumeria_graminis,svr_rbf,3.611106167,4.16110302990226
blumeria_graminis,svr_rbf,5.081185259,4.077099750702241
blumeria_graminis,svr_rbf,2.580224227,3.3625667880155774
blumeria_graminis,svr_rbf,4.128899115,3.6737488879699844
blumeria_graminis,svr_rbf,3.258512065,3.3682107394312273
blumeria_graminis,svr_rbf,3.884615229,3.8723980558709745
blumeria_graminis,svr_rbf,3.932823283,3.718318321224375
blumeria_graminis,svr_rbf,3.988067723,3.9478454073348415
blumeria_graminis,svr_rbf,3.68683076,2.997833962567463
blumeria_graminis,svr_rbf,3.425015442,3.274565312907761
blumeria_graminis,svr_rbf,4.607816555,4.364420991806876
blumeria_graminis,svr_rbf,3.53549884,3.835328120539153
blumeria_graminis,svr_rbf,4.244624555,3.85140382813374
blumeria_graminis,svr_rbf,3.052348367,2.988462617985097
blumeria_graminis,svr_rbf,3.911863786,4.452463359071059
blumeria_graminis,svr_rbf,2.901501571,3.345549111029683
blumeria_graminis,svr_rbf,4.069394407,3.85018200928611
blumeria_graminis,svr_rbf,3.234024335,3.7903801547825995
blumeria_graminis,svr_rbf,3.290464113,4.14415381267106
blumeria_graminis,svr_rbf,4.144107518,3.6073996203306926
blumeria_graminis,svr_rbf,3.112065223,3.9547413026175278
blumeria_graminis,svr_rbf,2.510927184,4.4358780578965895
blumeria_graminis,svr_rbf,4.329741234,4.09307351468386
blumeria_graminis,svr_rbf,4.049932024,4.276735716316754
blumeria_graminis,svr_rbf,4.045512278,3.9021765347816313
blumeria_graminis,svr_rbf,3.494770087,4.220409721662304
blumeria_graminis,svr_rbf,4.051084833,3.8902697818549052
blumeria_graminis,svr_rbf,5.223061008,4.157487882973894
blumeria_graminis,svr_rbf,2.951040552,3.8719089843428525
blumeria_graminis,svr_rbf,5.713243311,3.802862052036767
blumeria_graminis,svr_rbf,4.820251819,4.137003899057566
blumeria_graminis,svr_rbf,3.498137346,4.880372453703428
blumeria_graminis,svr_rbf,3.83511316,5.038497096966115
blumeria_graminis,svr_rbf,3.420138707,3.905317151979443
blumeria_graminis,svr_rbf,4.087289868,4.126086194575192
blumeria_graminis,svr_rbf,5.194994024,3.545690171716588
blumeria_graminis,svr_rbf,3.489111676,4.2583861769645575
blumeria_graminis,svr_rbf,4.333511054,4.19120278540334
blumeria_graminis,svr_rbf,5.32589699,4.247366216467662
blumeria_graminis,svr_rbf,4.112591304,4.234931373182721
blumeria_graminis,svr_rbf,3.422256833,4.420852747422501
blumeria_graminis,svr_rbf,5.102243633,3.8604424617798445
blumeria_graminis,svr_rbf,5.363367843,3.9930041549859157
blumeria_graminis,svr_rbf,3.118180244,4.1365328070050715
blumeria_graminis,svr_rbf,4.306991685,4.058068206796515
blumeria_graminis,svr_rbf,4.905010905,3.5660261399789066
blumeria_graminis,svr_rbf,3.447851063,3.550668646413466
blumeria_graminis,svr_rbf,3.039462401,4.028427057344882
blumeria_graminis,svr_rbf,4.344656587,4.113481917902655
blumeria_graminis,svr_rbf,4.791354078,4.030969876708028
blumeria_graminis,svr_rbf,5.353286713,3.988220162604976
blumeria_graminis,svr_rbf,3.449194794,4.256505387552628
blumeria_graminis,svr_rbf,3.596370585,4.087550834455408
blumeria_graminis,svr_rbf,3.644534121,4.265681712530816
blumeria_graminis,svr_rbf,4.132706701,4.148112223097235
blumeria_graminis,svr_rbf,3.779201223,3.5232512847153816
blumeria_graminis,svr_rbf,3.644064607,3.9788065781653237
blumeria_graminis,svr_rbf,4.623903306,4.026953556466904
blumeria_graminis,svr_rbf,4.264716331,4.335607676262447
blumeria_graminis,svr_rbf,6.601650002,4.7518176174235816
blumeria_graminis,svr_rbf,4.121764333,4.0593065539572795
blumeria_graminis,svr_rbf,2.562255233,3.752901247108767
blumeria_graminis,svr_rbf,4.562694555,3.7519131021288894
blumeria_graminis,svr_rbf,5.755098796,4.499132369776258
blumeria_graminis,svr_rbf,2.726201313,4.425297783006212
blumeria_graminis,svr_rbf,3.483857419,5.1600031145445815
blumeria_graminis,svr_rbf,5.71951145,3.376936205131022
blumeria_graminis,svr_rbf,4.241817266,3.53124370732947
blumeria_graminis,svr_rbf,4.310806373,4.02310637194059
blumeria_graminis,svr_rbf,2.995633811,4.192827268897045
blumeria_graminis,svr_rbf,6.274280972,3.927151208385253
blumeria_graminis,svr_rbf,4.98352765,3.8930260673166694
blumeria_graminis,svr_rbf,4.942027411,4.182823762002472
blumeria_graminis,svr_rbf,4.028113979,4.234385972971927
blumeria_graminis,svr_rbf,7.045269922,4.9123127963345645
blumeria_graminis,svr_rbf,4.414160861,4.022712404282652
blumeria_graminis,svr_rbf,2.88826956,3.9000237465029697
blumeria_graminis,svr_rbf,4.50693053,4.156528755194484
blumeria_graminis,svr_rbf,5.271819541,4.007168186565311
blumeria_graminis,svr_rbf,3.80335948,4.147875577846164
blumeria_graminis,svr_rbf,6.295343551,4.181189617164197
blumeria_graminis,svr_rbf,5.577365676,3.883443350356053
blumeria_graminis,svr_rbf,5.357602189,4.204196476737202
blumeria_graminis,svr_rbf,3.858937745,4.098240052514505
blumeria_graminis,svr_rbf,3.925779013,3.8157209253567865
blumeria_graminis,svr_rbf,4.844510298,3.9213661330585055
blumeria_graminis,svr_rbf,4.93960012,3.9529346172455617
blumeria_graminis,svr_rbf,4.32274593,4.005123599177353
blumeria_graminis,svr_rbf,4.76935941,4.573843001457076
blumeria_graminis,svr_rbf,4.687145544,4.694759466886703
blumeria_graminis,svr_rbf,3.415324308,4.172810030486499
blumeria_graminis,svr_rbf,3.676010591,3.9800181866071545
blumeria_graminis,svr_rbf,4.438202184,3.829794881676632
blumeria_graminis,svr_rbf,3.151711333,3.6123463715865425
blumeria_graminis,svr_rbf,2.841005688,3.920098266710095
blumeria_graminis,svr_rbf,5.120684545,4.051959904626732
blumeria_graminis,svr_rbf,3.455268423,4.638525208349041
blumeria_graminis,svr_rbf,5.143047969,4.646023830046032
blumeria_graminis,svr_rbf,5.842858453,4.266260714094738
blumeria_graminis,svr_rbf,5.593598927,4.210222247835193
blumeria_graminis,svr_rbf,3.983459251,4.502729692551962
blumeria_graminis,svr_rbf,4.884947286,4.350203468849826
blumeria_graminis,svr_rbf,5.075748326,4.123564643632792
blumeria_graminis,svr_rbf,5.386486796,4.180421596563571
blumeria_graminis,svr_rbf,5.077611856,5.087642169718874
blumeria_graminis,svr_rbf,4.258859206,4.14374738032921
blumeria_graminis,svr_rbf,5.915001805,4.249138744758356
blumeria_graminis,svr_rbf,3.832313726,4.225383278012052
blumeria_graminis,svr_rbf,4.476779927,4.603242732882196
blumeria_graminis,svr_rbf,4.051685465,4.76837636955592
blumeria_graminis,svr_rbf,4.74856398,4.864195515949393
blumeria_graminis,svr_rbf,5.203742243,4.6520033929455975
blumeria_graminis,svr_rbf,3.729312197,4.14753581438323
blumeria_graminis,svr_rbf,5.290949055,4.494818036601659
blumeria_graminis,svr_rbf,3.05774086,3.8399072154002933
blumeria_graminis,svr_rbf,3.763917625,4.034882947367228
blumeria_graminis,svr_rbf,4.206176855,3.791459766224493
blumeria_graminis,svr_rbf,7.367902685,4.4014793841139115
blumeria_graminis,svr_rbf,4.11805602,3.8168691326838604
blumeria_graminis,svr_rbf,3.827531616,4.143630878602828
blumeria_graminis,svr_rbf,2.919077938,3.9121145994612054
blumeria_graminis,svr_rbf,3.361623953,4.719015193694965
blumeria_graminis,svr_rbf,3.854420187,3.8592703513671
blumeria_graminis,svr_rbf,5.007677852,4.118095772195905
blumeria_graminis,svr_rbf,3.059464217,4.710647980719608
blumeria_graminis,svr_rbf,4.323858621,4.505347688201534
blumeria_graminis,svr_rbf,4.408261382,4.030348687713827
blumeria_graminis,svr_rbf,3.847954647,3.8506737461181504
blumeria_graminis,svr_rbf,4.86168591,4.300338507957055
blumeria_graminis,svr_rbf,2.958379991,3.9647077670529773
blumeria_graminis,svr_rbf,3.890829373,4.408226249375534
blumeria_graminis,svr_rbf,4.556828462,4.110739419594257
blumeria_graminis,svr_rbf,3.661268719,3.744257669904845
blumeria_graminis,svr_rbf,3.216419892,3.9212476914601577
blumeria_graminis,svr_rbf,3.254023818,4.335221354837325
blumeria_graminis,svr_rbf,2.875059855,4.382430687144158
blumeria_graminis,svr_rbf,3.202230973,3.9607382577139645
blumeria_graminis,svr_rbf,3.522500023,4.5664213405317255
blumeria_graminis,svr_rbf,4.317768397,3.8576263676762017
blumeria_graminis,svr_rbf,3.880151944,4.183601858157934
blumeria_graminis,svr_rbf,3.980199533,3.9733270940141003
blumeria_graminis,svr_rbf,4.304798499,4.089507796513102
blumeria_graminis,svr_rbf,3.449398715,4.32400926722218
blumeria_graminis,svr_rbf,4.42140744,4.0776879353259545
blumeria_graminis,svr_rbf,3.680221,3.886582212153395
blumeria_graminis,svr_rbf,3.736067207,3.760271939180242
blumeria_graminis,svr_rbf,4.233890202,4.0012782895508066
blumeria_graminis,svr_rbf,5.645865214,3.904722772571862
blumeria_graminis,svr_rbf,3.914856434,3.606904497199385
blumeria_graminis,svr_rbf,3.309342994,3.910488536895023
blumeria_graminis,svr_rbf,3.132563743,3.2869104854974136
blumeria_graminis,svr_rbf,3.314284363,3.8348794467967267
blumeria_graminis,svr_rbf,3.954499738,4.034200939947872
blumeria_graminis,svr_rbf,2.939447818,4.260697477768943
blumeria_graminis,svr_rbf,3.277083069,3.7512424292833133
blumeria_graminis,svr_rbf,4.407024808,3.960108217985106
blumeria_graminis,svr_rbf,6.462666059,4.899015410242203
blumeria_graminis,svr_rbf,6.27866152,4.9133613879173375
blumeria_graminis,svr_rbf,4.345764747,4.083753907242044
blumeria_graminis,svr_rbf,3.139996195,3.9023949923725607
blumeria_graminis,svr_rbf,5.171766017,4.400567238238035
blumeria_graminis,svr_rbf,4.055661641,4.279072430943736
blumeria_graminis,svr_rbf,3.505944876,3.8062044160374935
blumeria_graminis,svr_rbf,3.303869395,3.603866204170389
blumeria_graminis,svr_rbf,5.761093556,4.224800356195819
blumeria_graminis,svr_rbf,3.424469094,3.816521372512626
blumeria_graminis,svr_rbf,3.592222443,4.04439049652849
blumeria_graminis,svr_rbf,4.731835723,3.8248056701985598
blumeria_graminis,svr_rbf,5.951877601,4.783368685465425
blumeria_graminis,svr_rbf,4.739879741,3.85761608933649
blumeria_graminis,svr_rbf,4.675856061,4.056160159121558
blumeria_graminis,svr_rbf,2.804158176,3.8382048229603307
blumeria_graminis,svr_rbf,3.337396083,4.19926637383586
blumeria_graminis,svr_rbf,5.377339574,4.196001622145446
blumeria_graminis,svr_rbf,4.717434255,4.013648958405554
blumeria_graminis,svr_rbf,4.079367259,3.8381675282356618
blumeria_graminis,svr_rbf,4.777049307,3.9083457216772173
blumeria_graminis,svr_rbf,4.409615648,3.929105613121325
blumeria_graminis,svr_rbf,4.93304891,4.659285769851548
blumeria_graminis,svr_rbf,4.118544071,3.9271877840688947
blumeria_graminis,svr_rbf,4.71622497,5.007058760972866
blumeria_graminis,svr_rbf,3.031923651,4.285705541064862
blumeria_graminis,svr_rbf,3.831736869,4.0821323696080025
blumeria_graminis,svr_rbf,4.01794567,4.088117962279632
blumeria_graminis,svr_rbf,3.840184727,4.15253530608567
blumeria_graminis,svr_rbf,3.970041501,4.48512537208156
blumeria_graminis,svr_rbf,4.109412736,3.972977005309958
blumeria_graminis,svr_rbf,4.526617298,3.8657950380494075
blumeria_graminis,svr_rbf,5.500806716,4.132338589203672
blumeria_graminis,svr_rbf,3.465675722,4.702235616668518
blumeria_graminis,svr_rbf,3.350238434,3.9822807071538664
blumeria_graminis,svr_rbf,5.311917403,4.322443034109408
blumeria_graminis,svr_rbf,6.046298011,4.398512072776269
blumeria_graminis,svr_rbf,3.8828188,4.494118489948229
blumeria_graminis,svr_rbf,5.550213465,4.021185034891055
blumeria_graminis,svr_rbf,3.577912445,4.1145115705974025
blumeria_graminis,svr_rbf,3.875260667,3.8085247370816075
blumeria_graminis,svr_rbf,3.439395028,3.9667387253919855
blumeria_graminis,svr_rbf,3.463714469,4.109545395775997
blumeria_graminis,svr_rbf,3.676053063,3.7586877479045873
blumeria_graminis,svr_rbf,3.023053077,4.079124111353669
blumeria_graminis,svr_rbf,3.705512582,3.713088955008194
blumeria_graminis,svr_rbf,6.492195503,4.794731287478323
blumeria_graminis,svr_rbf,3.900652406,4.1053585426689665
blumeria_graminis,svr_rbf,3.980031361,4.399613972167207
blumeria_graminis,svr_rbf,2.363758168,4.063937178711252
blumeria_graminis,svr_rbf,4.13764132,4.072621634013173
blumeria_graminis,svr_rbf,4.255842967,4.910169428374271
blumeria_graminis,svr_rbf,4.172107942,4.780787465141481
blumeria_graminis,svr_rbf,5.003801249,3.926162756870183
blumeria_graminis,svr_rbf,4.144007976,4.366905381395872
blumeria_graminis,svr_rbf,4.817876475,3.935064533830281
blumeria_graminis,svr_rbf,4.604081846,4.166221295462838
blumeria_graminis,svr_rbf,4.182938065,3.9971922704655354
blumeria_graminis,svr_rbf,4.087904741,4.572391931384393
blumeria_graminis,svr_rbf,4.951483433,4.3409912634441215
blumeria_graminis,svr_rbf,4.038775542,3.765623310586086
blumeria_graminis,svr_rbf,4.344543688,4.1790035073116565
blumeria_graminis,svr_rbf,3.117907827,4.284311006588046
blumeria_graminis,svr_rbf,3.691132033,3.9674440970836615
blumeria_graminis,svr_rbf,5.946405794,4.364310754572898
blumeria_graminis,svr_rbf,5.580476655,4.729160779445768
blumeria_graminis,svr_rbf,3.811018503,4.511157805427417
blumeria_graminis,svr_rbf,4.469634478,4.455162299393868
blumeria_graminis,svr_rbf,3.260598705,3.9341707104172183
blumeria_graminis,svr_rbf,6.738081004,4.581615482768209
blumeria_graminis,svr_rbf,5.273991438,4.1474727667209335
blumeria_graminis,svr_rbf,5.134796482,4.169909222471956
blumeria_graminis,svr_rbf,5.341249653,4.233287565036457
blumeria_graminis,svr_rbf,5.611389683,4.6042692297961825
blumeria_graminis,svr_rbf,4.663330017,4.121471408578367
blumeria_graminis,svr_rbf,3.785479449,4.409559222761919
blumeria_graminis,svr_rbf,6.151572524,4.574483962262651
blumeria_graminis,svr_rbf,5.407008158,4.066912632224753
blumeria_graminis,svr_rbf,5.652743525,4.0697330088440555
blumeria_graminis,svr_rbf,3.892962363,3.720941021508364
blumeria_graminis,svr_rbf,4.881089926,4.307302688427782
blumeria_graminis,svr_rbf,4.385639631,4.34856780436914
blumeria_graminis,svr_rbf,3.749660727,4.067888263423146
blumeria_graminis,svr_rbf,4.581438856,4.20160563377771
blumeria_graminis,svr_rbf,3.845938485,4.610049002321768
blumeria_graminis,svr_rbf,4.030012579,3.9745893290596275
blumeria_graminis,svr_rbf,3.650255614,3.9156511491745873
blumeria_graminis,svr_rbf,5.641643936,4.059179704704284
blumeria_graminis,svr_rbf,5.348934939,3.673479090463886
blumeria_graminis,svr_rbf,5.227686383,3.8230747353536363
blumeria_graminis,svr_rbf,3.715270042,3.922740504722257
blumeria_graminis,svr_rbf,4.526383009,3.892535279486343
blumeria_graminis,svr_rbf,3.439913788,4.053438059917465
blumeria_graminis,svr_rbf,4.55612287,4.086698885627439
blumeria_graminis,svr_rbf,5.594145091,4.0575798049281735
blumeria_graminis,svr_rbf,2.957821288,3.7024295612743923
blumeria_graminis,svr_rbf,6.469365954,3.8138577062545265
blumeria_graminis,svr_rbf,3.746454486,4.141492752534354
blumeria_graminis,svr_rbf,5.775658755,4.540249617205155
blumeria_graminis,svr_rbf,4.839184537,3.5260522938174317
blumeria_graminis,svr_rbf,3.533469605,3.5884816893799925
blumeria_graminis,svr_rbf,3.980012624,3.8994095376128115
blumeria_graminis,svr_rbf,4.84687311,3.8225896235011056
blumeria_graminis,svr_rbf,2.563567656,3.9786161905195065
blumeria_graminis,svr_rbf,2.660903612,4.004043311847852
blumeria_graminis,svr_rbf,3.168452551,4.0231859641142735
blumeria_graminis,svr_rbf,3.757404726,4.106870160505613
blumeria_graminis,svr_rbf,3.39893887,3.9605137784639015
blumeria_graminis,svr_rbf,3.306779363,3.975869712054058
blumeria_graminis,svr_rbf,4.483502784,4.28609253111264
blumeria_graminis,svr_rbf,3.880089506,4.50749174655507
heading_date,svr_rbf,75.67916931,73.89863242949653
heading_date,svr_rbf,75.29405435,72.9288051777668
heading_date,svr_rbf,76.15450935,75.68983683792636
heading_date,svr_rbf,78.74180339,77.96794232725568
heading_date,svr_rbf,75.35020872,75.1111796307692
heading_date,svr_rbf,75.02600135,76.3625078117804
heading_date,svr_rbf,74.69349411,72.04125853864721
heading_date,svr_rbf,74.32422301,72.81524798652337
heading_date,svr_rbf,72.6810561,73.36314027896168
heading_date,svr_rbf,79.32702336,136.57725999239628
heading_date,svr_rbf,74.01429377,71.56914132342575
heading_date,svr_rbf,75.10918952,79.40124856860776
heading_date,svr_rbf,74.94637814,74.16361827170621
heading_date,svr_rbf,75.4032268,72.71653466532663
heading_date,svr_rbf,73.78958335,72.7985683124746
heading_date,svr_rbf,72.73418788,75.69788211888289
heading_date,svr_rbf,75.11893545,74.6439414319164
heading_date,svr_rbf,73.10220177,79.60500575545188
heading_date,svr_rbf,77.23696363,73.9855217153413
heading_date,svr_rbf,75.96346417,74.75221569186552
heading_date,svr_rbf,75.38643743,78.15108820164326
heading_date,svr_rbf,76.65991366,75.04054826520687
heading_date,svr_rbf,73.5852581,74.68120915355095
heading_date,svr_rbf,73.00903639,78.52181765343407
heading_date,svr_rbf,74.80874627,76.58020916469417
heading_date,svr_rbf,75.13345237,74.43002090859372
heading_date,svr_rbf,74.52581487,74.31778658392867
heading_date,svr_rbf,74.60090386,74.8741791186684
heading_date,svr_rbf,75.75141573,75.0804902162838
heading_date,svr_rbf,73.53510243,73.47500351724207
heading_date,svr_rbf,73.09571265,74.83182333327693
heading_date,svr_rbf,74.35005069,74.68348021390747
heading_date,svr_rbf,73.25311668,75.01331808781597
heading_date,svr_rbf,74.96491833,75.97949114357453
heading_date,svr_rbf,74.66385948,74.26909609666268
heading_date,svr_rbf,76.72861862,74.5614165704437
heading_date,svr_rbf,75.18036716,74.42374765610371
heading_date,svr_rbf,75.9391834,74.3003418435044
heading_date,svr_rbf,74.52030249,74.9357624500816
heading_date,svr_rbf,74.27092162,71.80626119747447
heading_date,svr_rbf,73.64991022,64.78634259646626
heading_date,svr_rbf,75.30980072,76.43429261734846
heading_date,svr_rbf,72.99722065,74.41019993647883
heading_date,svr_rbf,74.02335325,73.7268045068889
heading_date,svr_rbf,75.88067906,74.9528306800816
heading_date,svr_rbf,73.08927607,74.61195601142092
heading_date,svr_rbf,71.59574442,76.39648659234263
heading_date,svr_rbf,73.74820576,75.68468783628184
heading_date,svr_rbf,73.16066365,75.72483204099484
heading_date,svr_rbf,74.05744508,84.45762376037045
heading_date,svr_rbf,75.75463446,75.40284743073033
heading_date,svr_rbf,76.22230961,74.73741239001649
heading_date,svr_rbf,72.57108914,70.1016664926778
heading_date,svr_rbf,75.43364166,74.39830732989394
heading_date,svr_rbf,74.42938267,74.51377874900142
heading_date,svr_rbf,74.32418062,77.50948914854308
heading_date,svr_rbf,73.80976625,74.20557723595232
heading_date,svr_rbf,74.65786618,75.13407750726546
heading_date,svr_rbf,75.36658952,77.32836170982691
heading_date,svr_rbf,75.13578424,75.20427474592736
heading_date,svr_rbf,75.04116906,74.39345831440829
heading_date,svr_rbf,75.71106568,74.75358522880848
heading_date,svr_rbf,75.58610618,74.76006775367831
heading_date,svr_rbf,74.08581651,73.42564995985092
heading_date,svr_rbf,72.35424717,75.54447936741482
heading_date,svr_rbf,74.57644518,74.70433048022124
heading_date,svr_rbf,75.25810132,75.08306032108663
heading_date,svr_rbf,75.17774582,75.53942408069052
heading_date,svr_rbf,75.85870722,75.38689232129694
heading_date,svr_rbf,74.22923613,74.11612393033545
heading_date,svr_rbf,73.70079766,79.14416939101795
heading_date,svr_rbf,73.58132839,78.55264842696909
heading_date,svr_rbf,75.16020615,74.76452815596436
heading_date,svr_rbf,71.97539302,80.66592601428512
heading_date,svr_rbf,75.1642079,75.45270408889753
heading_date,svr_rbf,74.98726692,74.68308710162886
heading_date,svr_rbf,75.77679606,77.31190001883326
heading_date,svr_rbf,74.33197782,77.63884411093932
heading_date,svr_rbf,73.90186089,74.4308642920249
heading_date,svr_rbf,73.92699353,78.35955456828728
heading_date,svr_rbf,74.81343126,75.93875172817613
heading_date,svr_rbf,72.71326872,74.69843974629777
heading_date,svr_rbf,76.0409586,79.936132518188
heading_date,svr_rbf,75.08983042,75.43786846031755
heading_date,svr_rbf,76.1960331,75.21036567436579
heading_date,svr_rbf,77.44673833,75.72377189248422
heading_date,svr_rbf,74.9930519,75.35927299821881
heading_date,svr_rbf,75.92181628,75.87587736085214
heading_date,svr_rbf,75.94611088,77.06452994790612
heading_date,svr_rbf,73.88439348,75.68915202242876
heading_date,svr_rbf,76.83170901,74.90314613971104
heading_date,svr_rbf,75.08141948,76.95750431756287
heading_date,svr_rbf,74.06711509,74.50456737459677
heading_date,svr_rbf,76.12021396,79.22816659904366
heading_date,svr_rbf,72.41689945,77.0015676405576
heading_date,svr_rbf,76.58638152,74.6943345797685
heading_date,svr_rbf,72.60844048,74.85994713083772
heading_date,svr_rbf,74.3730758,75.17382103064017
heading_date,svr_rbf,73.13103335,75.88463288106807
heading_date,svr_rbf,76.58618595,78.36870720995267
heading_date,svr_rbf,75.23716387,74.19468031198275
heading_date,svr_rbf,75.86126429,78.61779895556981
heading_date,svr_rbf,76.11249358,73.36875402503856
heading_date,svr_rbf,75.55148283,72.5461249914407
heading_date,svr_rbf,75.71551632,78.91918870596231
heading_date,svr_rbf,75.21772616,73.4729019520226
heading_date,svr_rbf,75.16248262,75.70158046983252
heading_date,svr_rbf,74.82156949,75.13889574226107
heading_date,svr_rbf,73.91778997,74.4862012898424
heading_date,svr_rbf,72.52733191,74.56336666583945
heading_date,svr_rbf,74.35037983,73.55268748422647
heading_date,svr_rbf,75.11641679,74.2897896188533
heading_date,svr_rbf,73.7740987,76.72339496632624
heading_date,svr_rbf,74.03305159,75.16299640472504
heading_date,svr_rbf,75.72395776,73.10950355659247
heading_date,svr_rbf,72.55620236,74.9347310565787
heading_date,svr_rbf,73.76532309,76.02911451731605
heading_date,svr_rbf,74.88633875,75.90031622219253
heading_date,svr_rbf,74.46048551,72.92763323591615
heading_date,svr_rbf,74.02121369,74.02972314990404
heading_date,svr_rbf,74.34277488,77.2668823507048
heading_date,svr_rbf,76.05605801,73.97662242178949
heading_date,svr_rbf,75.09481433,74.75405896259636
heading_date,svr_rbf,74.67341088,76.35808095002974
heading_date,svr_rbf,75.70398307,77.8812841109133
heading_date,svr_rbf,73.96729083,77.63892565304087
heading_date,svr_rbf,73.05731399,73.6808933614928
heading_date,svr_rbf,73.07685103,80.33747351992852
heading_date,svr_rbf,133.0219709,137.16950933825217
heading_date,svr_rbf,134.9013462,134.31163809887633
heading_date,svr_rbf,136.1465929,135.6741576437348
heading_date,svr_rbf,132.9253747,138.5617958650603
heading_date,svr_rbf,136.7376634,137.7097708565866
heading_date,svr_rbf,136.0725179,135.79150975829586
heading_date,svr_rbf,136.903772,133.75613454224754
heading_date,svr_rbf,134.3494122,136.87289616833547
heading_date,svr_rbf,133.8387036,137.06879655956897
heading_date,svr_rbf,136.2058824,134.10401329109357
heading_date,svr_rbf,136.0230069,136.06767919224905
heading_date,svr_rbf,134.2329673,133.36335720578552
heading_date,svr_rbf,137.991287,133.67399556496827
heading_date,svr_rbf,135.1382179,135.86693522987582
heading_date,svr_rbf,136.3559203,135.516616535476
heading_date,svr_rbf,135.0799603,136.80270586266602
heading_date,svr_rbf,137.1742865,138.15795671069088
heading_date,svr_rbf,135.9205646,134.61686973339914
heading_date,svr_rbf,131.9034001,138.65349644066723
heading_date,svr_rbf,140.6794111,138.92150281077102
heading_date,svr_rbf,135.6492299,136.9417442966746
heading_date,svr_rbf,135.7561817,134.84481421614808
heading_date,svr_rbf,132.583591,134.74441014115985
heading_date,svr_rbf,133.9694768,133.19973397111755
heading_date,svr_rbf,135.4305068,138.34060862394006
heading_date,svr_rbf,137.9388582,121.85314201292647
heading_date,svr_rbf,133.2323751,137.49878666139088
heading_date,svr_rbf,140.0069685,132.60566919889982
heading_date,svr_rbf,137.4899617,127.4376799926707
heading_date,svr_rbf,133.4797268,137.78634073633333
heading_date,svr_rbf,135.8185389,137.1129238753288
heading_date,svr_rbf,139.2384612,132.38737970724267
heading_date,svr_rbf,135.5115719,135.6761626120182
heading_date,svr_rbf,133.0887701,134.29892670004483
heading_date,svr_rbf,133.5292959,134.4904637160487
heading_date,svr_rbf,134.4272701,133.86399416909785
heading_date,svr_rbf,137.0681871,125.52065158071028
heading_date,svr_rbf,135.753503,136.3289611536735
heading_date,svr_rbf,135.7930556,134.00726641761213
heading_date,svr_rbf,136.4586786,134.1354564395438
heading_date,svr_rbf,134.5776597,134.10792610847056
heading_date,svr_rbf,137.5169901,77.15181597286899
heading_date,svr_rbf,137.0498982,132.5454323377565
heading_date,svr_rbf,133.4969524,135.57517972152183
heading_date,svr_rbf,135.0756661,135.4436893768594
heading_date,svr_rbf,134.5265713,131.2781784806684
heading_date,svr_rbf,135.2396962,131.3494594661439
heading_date,svr_rbf,131.777985,132.84256386860682
heading_date,svr_rbf,134.4633636,136.15287900280546
heading_date,svr_rbf,133.4749321,134.65292087796163
heading_date,svr_rbf,133.367927,135.60576237304184
heading_date,svr_rbf,132.9269191,138.24869281173312
heading_date,svr_rbf,134.0146375,136.26664303346192
heading_date,svr_rbf,131.6049891,136.10508477655853
heading_date,svr_rbf,133.6938462,137.2692862892241
heading_date,svr_rbf,132.8776968,135.89469746661263
heading_date,svr_rbf,138.0828644,116.25240729464922
heading_date,svr_rbf,135.1415918,139.36445477162226
heading_date,svr_rbf,137.1118155,135.87757419940488
heading_date,svr_rbf,137.6541025,135.77136149960813
heading_date,svr_rbf,135.9369659,135.81777834025738
heading_date,svr_rbf,134.7790973,135.84413497620363
heading_date,svr_rbf,135.9727168,136.39729428420736
heading_date,svr_rbf,137.1700398,139.2873251384481
heading_date,svr_rbf,136.8322641,127.93687460073626
heading_date,svr_rbf,135.2412176,132.72067294543842
heading_date,svr_rbf,136.8133036,127.92027389660522
heading_date,svr_rbf,136.7705731,140.07743834242902
heading_date,svr_rbf,134.1099746,130.61735231238166
heading_date,svr_rbf,132.9515832,136.99287094752955
heading_date,svr_rbf,134.9710516,135.35036940128512
heading_date,svr_rbf,133.9659042,132.60301722437868
heading_date,svr_rbf,137.4441804,137.0082885988802
heading_date,svr_rbf,133.8969129,134.14533425539312
heading_date,svr_rbf,133.3137514,136.36008230471265
heading_date,svr_rbf,134.5876808,130.8410282192607
heading_date,svr_rbf,134.7944269,137.11226679854246
heading_date,svr_rbf,136.5346921,135.77774411743476
heading_date,svr_rbf,138.5780371,133.91040294748086
heading_date,svr_rbf,134.4786529,136.34460765456345
heading_date,svr_rbf,134.558552,134.95569951120953
heading_date,svr_rbf,138.0511128,135.9716001254452
heading_date,svr_rbf,133.2394328,137.2291647065009
heading_date,svr_rbf,137.6547702,136.5356254013637
heading_date,svr_rbf,137.7144331,135.93919273068423
heading_date,svr_rbf,133.3896039,136.03750846178554
heading_date,svr_rbf,135.8131638,136.87168735820958
heading_date,svr_rbf,134.969904,136.01553019840676
heading_date,svr_rbf,137.3768367,135.39719737394512
heading_date,svr_rbf,133.9752213,136.42943851861153
heading_date,svr_rbf,137.6601493,138.16642087946298
heading_date,svr_rbf,136.5705359,135.09256559346588
heading_date,svr_rbf,137.6351966,131.9069534719163
heading_date,svr_rbf,134.8303287,135.19002447630106
heading_date,svr_rbf,136.3882918,136.22756557408943
heading_date,svr_rbf,135.350966,134.67876592035873
heading_date,svr_rbf,132.8974047,134.9386666533546
heading_date,svr_rbf,136.8465646,133.88890171675484
heading_date,svr_rbf,135.8784814,134.86983797355657
heading_date,svr_rbf,136.9299785,129.46476580402202
heading_date,svr_rbf,137.3841104,136.35969766268474
heading_date,svr_rbf,136.9740398,133.78750324968073
heading_date,svr_rbf,134.7245815,134.1469609253786
heading_date,svr_rbf,134.2586032,135.4548102771597
heading_date,svr_rbf,135.1528062,136.04326378130577
heading_date,svr_rbf,135.6971826,135.6608506197345
heading_date,svr_rbf,135.2127783,132.75404195529325
heading_date,svr_rbf,134.4294672,134.55288510422957
heading_date,svr_rbf,134.7693113,130.29183235770768
heading_date,svr_rbf,135.8459618,138.68629042971136
heading_date,svr_rbf,133.4322078,131.94098801582066
heading_date,svr_rbf,134.0834126,75.87278311949025
heading_date,svr_rbf,138.9198469,134.11414245316135
heading_date,svr_rbf,136.6915265,136.29286949566531
heading_date,svr_rbf,136.8366907,134.34653974973912
heading_date,svr_rbf,135.0377264,133.70470874207382
heading_date,svr_rbf,137.0851979,131.50688888350294
heading_date,svr_rbf,135.2575871,136.0520812831025
heading_date,svr_rbf,134.2863357,138.0029745949657
heading_date,svr_rbf,136.7068569,132.70112100724626
heading_date,svr_rbf,133.3652813,133.7987741752826
heading_date,svr_rbf,135.1702797,132.74864876520215
heading_date,svr_rbf,137.4954138,128.4627629702099
heading_date,svr_rbf,134.9085803,75.39407228047399
heading_date,svr_rbf,133.9943849,134.65393401590342
heading_date,svr_rbf,133.2717786,133.59420977290938
heading_date,svr_rbf,137.6519396,135.3338156873539
heading_date,svr_rbf,132.8097401,132.97887099074006
heading_date,svr_rbf,136.0490954,136.36359253454944
heading_date,svr_rbf,137.2875868,135.4280193978559
heading_date,svr_rbf,134.4081749,134.20501355516322
heading_date,svr_rbf,137.7029616,128.69267215098523
heading_date,svr_rbf,133.7246545,136.6401180797161
heading_date,svr_rbf,134.7778105,133.10786726550225
heading_date,svr_rbf,135.6756687,136.7897588902325
heading_date,svr_rbf,135.4103712,135.2758569605856
heading_date,svr_rbf,133.1164445,75.74293775106389
heading_date,svr_rbf,133.9098585,135.05651141201898
heading_date,svr_rbf,132.5767523,135.55592273274854
heading_date,svr_rbf,136.9376694,133.2618351562853
heading_date,svr_rbf,136.5193347,136.66974705608519
heading_date,svr_rbf,134.4355115,133.98994327061834
heading_date,svr_rbf,136.5909431,136.084907774106
heading_date,svr_rbf,136.6953807,135.16581107804086
heading_date,svr_rbf,136.6904744,135.80962141620944
heading_date,svr_rbf,135.4367871,133.32425599342488
heading_date,svr_rbf,135.6411631,132.05985956772676
heading_date,svr_rbf,136.621046,135.33818840112016
heading_date,svr_rbf,135.5813673,136.02198255046753
heading_date,svr_rbf,135.2475413,117.57313520699049
heading_date,svr_rbf,135.8789302,135.09911764110228
heading_date,svr_rbf,137.4948795,134.43236844640762
heading_date,svr_rbf,133.2937355,136.72018259742467
heading_date,svr_rbf,135.9623029,131.63111950841298
heading_date,svr_rbf,134.5887208,135.49932699841716
heading_date,svr_rbf,132.5680096,139.32441106106106
heading_date,svr_rbf,135.5547842,133.4942980079883
heading_date,svr_rbf,133.238328,133.99380893842942
heading_date,svr_rbf,134.7381612,133.42845975384756
heading_date,svr_rbf,135.2919834,134.68306838940129
heading_date,svr_rbf,138.7615454,135.9291374781806
heading_date,svr_rbf,134.0676652,135.84810599920021
heading_date,svr_rbf,137.5420887,136.75437121097988
heading_date,svr_rbf,130.4657158,137.21426060533628
heading_date,svr_rbf,131.671828,135.07595466571541
heading_date,svr_rbf,133.8293377,137.16211647790593
heading_date,svr_rbf,138.18741,136.55508079756942
heading_date,svr_rbf,138.4685061,136.72531430210694
heading_date,svr_rbf,135.4182353,137.08715009614076
heading_date,svr_rbf,132.6351968,136.31970010653734
heading_date,svr_rbf,65.80483587,64.66590547848065
heading_date,svr_rbf,67.99335074,54.47421336457781
heading_date,svr_rbf,66.34102396,70.16617790865403
heading_date,svr_rbf,68.92989212,67.97750145625389
heading_date,svr_rbf,67.27478923,69.46262152347715
heading_date,svr_rbf,71.70182585,84.81513271357694
heading_date,svr_rbf,73.9339786,78.89126478548113
heading_date,svr_rbf,70.56032842,71.52463086903609
heading_date,svr_rbf,66.13391866,68.7225237288105
heading_date,svr_rbf,66.6308974,73.76195663073577
heading_date,svr_rbf,65.64868539,68.89880776093511
heading_date,svr_rbf,72.00056619,100.0471409851805
heading_date,svr_rbf,69.20584669,75.13777716834191
heading_date,svr_rbf,65.46986244,69.64855162961848
heading_date,svr_rbf,73.34465507,75.0765384368501
heading_date,svr_rbf,74.61072714,92.8414192917522
heading_date,svr_rbf,70.54568289,82.96407127286862
heading_date,svr_rbf,69.3251707,62.91236201495808
heading_date,svr_rbf,72.59908247,76.63382833349006
heading_date,svr_rbf,68.43493141,88.58403036568248
heading_date,svr_rbf,70.13052349,70.63448968756586
heading_date,svr_rbf,69.27305296,69.99054509658585
heading_date,svr_rbf,70.60288008,68.36569372215286
heading_date,svr_rbf,70.45455858,69.78087783550177
heading_date,svr_rbf,70.32061905,65.02627009912868
heading_date,svr_rbf,74.55627336,71.61867345452211
heading_date,svr_rbf,69.66066513,70.05753883222896
heading_date,svr_rbf,73.17262525,82.07146494427701
heading_date,svr_rbf,70.21243008,71.90755540089408
heading_date,svr_rbf,71.80141332,71.56083891830531
heading_date,svr_rbf,71.97025614,72.07434717294919
heading_date,svr_rbf,75.45236549,78.13258882714868
heading_date,svr_rbf,77.30227709,70.87182116132838
heading_date,svr_rbf,74.5216702,84.5188201673601
heading_date,svr_rbf,70.50972665,69.88352764893494
heading_date,svr_rbf,64.84513695,112.37382895757426
heading_date,svr_rbf,74.57133721,115.6958975146575
heading_date,svr_rbf,66.90897709,74.69276646395375
heading_date,svr_rbf,67.30300987,68.53640849383733
heading_date,svr_rbf,65.80627173,79.85058835227127
heading_date,svr_rbf,66.94256104,72.27788730864201
heading_date,svr_rbf,71.02360101,74.1072095200108
heading_date,svr_rbf,75.26806721,98.01129919198854
heading_date,svr_rbf,65.94060762,64.57795320209749
heading_date,svr_rbf,67.28218471,70.89571120137721
heading_date,svr_rbf,66.13197454,64.15563747314187
heading_date,svr_rbf,73.89873854,67.72622852208958
heading_date,svr_rbf,72.16237461,76.83596588050622
heading_date,svr_rbf,78.18746362,83.50904326936907
heading_date,svr_rbf,66.92302977,101.32697416057357
heading_date,svr_rbf,65.7458736,65.7775308321083
heading_date,svr_rbf,69.31481322,75.87250210484335
heading_date,svr_rbf,63.7916767,67.28757828146206
heading_date,svr_rbf,75.48986964,80.09804572008903
heading_date,svr_rbf,67.94195682,65.54463977048863
heading_date,svr_rbf,76.16601095,71.71382491540413
heading_date,svr_rbf,69.5881565,63.99919218820309
heading_date,svr_rbf,69.37799717,109.47214269280451
heading_date,svr_rbf,68.86964375,115.77707973454267
heading_date,svr_rbf,69.26810828,116.15813646363503
heading_date,svr_rbf,71.67877714,94.48756177718981
heading_date,svr_rbf,74.67537548,73.20352796116929
heading_date,svr_rbf,65.56403994,117.50756463055063
heading_date,svr_rbf,72.2204256,85.02172215712368
heading_date,svr_rbf,73.74644535,65.82835918830983
heading_date,svr_rbf,72.58852546,105.83481483176902
heading_date,svr_rbf,70.48045292,79.03865394185704
heading_date,svr_rbf,67.47003236,95.66304012266315
heading_date,svr_rbf,68.34424418,67.64049336825633
heading_date,svr_rbf,70.88705845,70.9324590670414
heading_date,svr_rbf,65.16802566,66.07228043382082
heading_date,svr_rbf,71.48402054,103.17543875825558
heading_date,svr_rbf,71.25980554,103.91469481169489
heading_date,svr_rbf,72.88600289,72.88242415698065
heading_date,svr_rbf,69.19923325,72.12126485747751
heading_date,svr_rbf,72.48344516,68.8685509514143
heading_date,svr_rbf,65.27963284,63.69608381402733
heading_date,svr_rbf,70.16911615,109.06047418617861
heading_date,svr_rbf,67.5617562,69.6613044495358
heading_date,svr_rbf,68.11919304,69.61653936508887
heading_date,svr_rbf,75.5047331,81.35729723254224
heading_date,svr_rbf,66.18211032,65.8323064069938
heading_date,svr_rbf,66.49480747,69.15558273501789
heading_date,svr_rbf,71.21513779,69.65870510161538
heading_date,svr_rbf,70.97716018,73.67351457381218
heading_date,svr_rbf,71.07285001,75.1975593421411
heading_date,svr_rbf,69.68894246,70.34574711537113
heading_date,svr_rbf,68.52389578,74.21220174556048
heading_date,svr_rbf,74.74759693,127.37741875261256
heading_date,svr_rbf,78.26296807,69.93947278153648
heading_date,svr_rbf,75.48535816,68.94841151753867
heading_date,svr_rbf,71.29569348,105.35161127182884
heading_date,svr_rbf,64.96164625,70.45709412189376
heading_date,svr_rbf,69.41099454,67.0371291227879
heading_date,svr_rbf,70.24288346,93.27986491133842
heading_date,svr_rbf,68.63507333,73.93399072296577
heading_date,svr_rbf,71.77422188,59.361084798444566
heading_date,svr_rbf,73.25910454,70.75971406457766
heading_date,svr_rbf,70.48754829,74.4710258315109
heading_date,svr_rbf,72.49846683,66.45080316538667
heading_date,svr_rbf,71.42897318,70.53503896296641
heading_date,svr_rbf,73.90681593,72.91923910452753
heading_date,svr_rbf,75.0763434,73.92072462062009
heading_date,svr_rbf,73.29046622,73.78065772209823
heading_date,svr_rbf,72.84834209,70.67863241212169
heading_date,svr_rbf,73.03059289,67.95359072983457
heading_date,svr_rbf,74.81303221,73.22393083891345
heading_date,svr_rbf,69.87624574,71.33170604846549
heading_date,svr_rbf,70.01806104,71.06456063819333
heading_date,svr_rbf,71.33815823,63.03096400455806
heading_date,svr_rbf,70.5636743,72.7977914516394
heading_date,svr_rbf,73.89859722,118.81079752068769
heading_date,svr_rbf,66.45445872,69.69442426791996
heading_date,svr_rbf,64.34095747,65.44789174290908
heading_date,svr_rbf,74.15193902,72.61508001260057
heading_date,svr_rbf,66.90326977,82.0167237066032
heading_date,svr_rbf,78.19537158,102.67032202977926
heading_date,svr_rbf,73.02781027,77.4578896217164
heading_date,svr_rbf,72.96219599,65.5295503744193
heading_date,svr_rbf,80.18677465,93.78048278164842
heading_date,svr_rbf,70.20291568,67.65710904681242
heading_date,svr_rbf,68.99896855,104.34867388377016
heading_date,svr_rbf,68.80222537,69.62292714587926
heading_date,svr_rbf,72.06416894,67.26253996796196
heading_date,svr_rbf,69.64686076,69.2365389790352
heading_date,svr_rbf,67.43635668,70.46338061061839
heading_date,svr_rbf,69.74451908,69.59840688643553
heading_date,svr_rbf,70.11836606,73.8600104525267
heading_date,svr_rbf,73.05881477,69.43443487001701
heading_date,svr_rbf,71.47835468,67.0853543943245
heading_date,svr_rbf,68.28504321,68.99801682773094
heading_date,svr_rbf,74.02237023,72.64076105863431
heading_date,svr_rbf,69.77775012,108.78517960838838
heading_date,svr_rbf,70.25188418,67.89402427775892
heading_date,svr_rbf,67.52991314,73.17148898276479
heading_date,svr_rbf,66.17220103,70.40754256831929
heading_date,svr_rbf,66.76791783,65.7231910317715
heading_date,svr_rbf,73.62141608,71.44307635771841
heading_date,svr_rbf,76.34517081,78.56884569200446
heading_date,svr_rbf,72.94854897,72.1288224831408
heading_date,svr_rbf,65.85205183,104.72574867183471
heading_date,svr_rbf,71.71104647,135.57735538936686
heading_date,svr_rbf,70.99697782,72.53894900837408
heading_date,svr_rbf,70.45273437,102.11032985551822
heading_date,svr_rbf,74.39071969,74.3731282194424
heading_date,svr_rbf,66.85864453,70.15298557696079
heading_date,svr_rbf,64.71684734,76.87682938315731
heading_date,svr_rbf,70.62405409,63.87531350403053
heading_date,svr_rbf,73.86051066,74.48757570875154
heading_date,svr_rbf,73.08667753,86.85942446923619
heading_date,svr_rbf,66.88384025,74.89766647076287
heading_date,svr_rbf,66.86742594,67.78499244295334
heading_date,svr_rbf,69.41512041,73.8906978489042
heading_date,svr_rbf,66.16265597,64.94516953857932
heading_date,svr_rbf,70.69853541,81.59983124147723
heading_date,svr_rbf,72.56203757,73.27882933401288
heading_date,svr_rbf,67.34999015,75.38637909353646
heading_date,svr_rbf,70.07040908,75.02681369377659
heading_date,svr_rbf,69.937545,122.35733447460836
heading_date,svr_rbf,65.84904188,118.2905247305726
heading_date,svr_rbf,67.2799696,77.62134677629207
heading_date,svr_rbf,70.11400845,124.07260226490358
heading_date,svr_rbf,63.84659883,118.39710788449342
heading_date,svr_rbf,69.25919539,67.73304962161825
heading_date,svr_rbf,71.25587222,75.70351132175728
heading_date,svr_rbf,69.22726685,74.3266858493531
heading_date,svr_rbf,70.60567069,72.55737030402298
heading_date,svr_rbf,72.15576955,67.51198230004107
heading_date,svr_rbf,75.47829556,74.76359097807106
heading_date,svr_rbf,69.02323276,81.4777245710253
heading_date,svr_rbf,68.90974081,79.1786689747671
heading_date,svr_rbf,75.69213077,70.05846469143982
heading_date,svr_rbf,66.02107783,64.14050943974257
heading_date,svr_rbf,73.40545811,109.32622678747816
heading_date,svr_rbf,76.11240967,72.73585937996585
heading_date,svr_rbf,71.16120997,70.30554369248387
heading_date,svr_rbf,70.77944106,135.76242720606842
heading_date,svr_rbf,69.63841101,110.12642021512605
heading_date,svr_rbf,66.8033324,68.64350499538457
heading_date,svr_rbf,76.24116334,139.08490563337057
heading_date,svr_rbf,65.3672869,72.64528978534184
heading_date,svr_rbf,70.58184502,77.56846427180298
heading_date,svr_rbf,70.06940976,108.94038638623474
heading_date,svr_rbf,68.80476808,76.98766281889563
heading_date,svr_rbf,69.03168267,70.53249557408998
heading_date,svr_rbf,65.91869265,104.99603810408937
heading_date,svr_rbf,68.04330573,79.72905370869933
heading_date,svr_rbf,70.20751618,73.50152274435699
heading_date,svr_rbf,69.44380651,67.10633694555648
heading_date,svr_rbf,66.75509277,68.60772929614261
heading_date,svr_rbf,66.35955136,80.16352635363009
heading_date,svr_rbf,70.38516689,69.96782662349258
heading_date,svr_rbf,71.89335576,82.39616321092868
heading_date,svr_rbf,71.12237666,94.38158031985985
heading_date,svr_rbf,66.84042767,73.01197955225669
heading_date,svr_rbf,71.34862675,61.291988988112976
heading_date,svr_rbf,76.04175339,79.01226671525278
heading_date,svr_rbf,72.31816082,82.41754838034933
heading_date,svr_rbf,70.9479367,71.02428622618294
heading_date,svr_rbf,70.8148652,69.007592949556
heading_date,svr_rbf,70.98241149,78.80845882344772
heading_date,svr_rbf,65.64308604,66.18732875366419
heading_date,svr_rbf,72.47605013,68.53312738663922
heading_date,svr_rbf,73.37557025,72.70382724535978
heading_date,svr_rbf,70.78020229,65.80520865934429
heading_date,svr_rbf,74.97162863,74.14159918034699
heading_date,svr_rbf,70.72763568,76.87428648648924
heading_date,svr_rbf,66.59723738,67.5088163224051
heading_date,svr_rbf,68.41493803,69.96908875510135
heading_date,svr_rbf,73.15376871,81.28874842434789
heading_date,svr_rbf,73.71375899,81.2444658346463
heading_date,svr_rbf,67.72264716,137.3097722506945
heading_date,svr_rbf,72.49313335,83.37964635852316
heading_date,svr_rbf,75.15278351,71.6585916283185
heading_date,svr_rbf,70.35854659,108.91945140153906
heading_date,svr_rbf,72.10827256,65.47923985342636
heading_date,svr_rbf,70.95737641,89.23162500438026
heading_date,svr_rbf,68.69884136,77.04438370207097
heading_date,svr_rbf,73.29227928,70.26025373279981
heading_date,svr_rbf,70.50191917,132.06521492424343
heading_date,svr_rbf,75.51062035,76.80309791131924
heading_date,svr_rbf,76.01535063,89.90300987732216
heading_date,svr_rbf,74.96161981,88.76357903629338
heading_date,svr_rbf,65.95291119,71.8784506089856
heading_date,svr_rbf,71.47202269,117.97816883091954
heading_date,svr_rbf,75.88829881,76.72768014318592
heading_date,svr_rbf,68.99770678,70.06889032100808
heading_date,svr_rbf,72.41193951,67.42637382947434
heading_date,svr_rbf,76.13441076,77.30511739899764
heading_date,svr_rbf,66.32248551,64.85631586682341
heading_date,svr_rbf,71.65864155,74.30495062732106
heading_date,svr_rbf,71.0872356,64.2056548291815
heading_date,svr_rbf,67.98054011,73.59633247692206
heading_date,svr_rbf,68.45763256,70.72404737287688
heading_date,svr_rbf,68.74370561,70.61844031860144
heading_date,svr_rbf,73.661783,81.42565569153173
heading_date,svr_rbf,72.47748564,78.50384683838304
heading_date,svr_rbf,69.17359096,72.03210466903985
heading_date,svr_rbf,70.52540696,99.4421219575789
heading_date,svr_rbf,69.57811645,104.26415811909766
heading_date,svr_rbf,74.06753412,70.55604882836033
heading_date,svr_rbf,76.08233525,104.30248400203801
heading_date,svr_rbf,66.89485452,110.04564930402682
heading_date,svr_rbf,66.47290116,45.96265895593185
heading_date,svr_rbf,66.10037516,77.71912466467322
heading_date,svr_rbf,71.24383736,79.20635081702976
heading_date,svr_rbf,73.73619032,81.80319713864145
heading_date,svr_rbf,69.09121195,72.20863217748713
heading_date,svr_rbf,74.84314052,65.5919757899214
heading_date,svr_rbf,73.84519396,106.78834498384163
heading_date,svr_rbf,66.93723576,75.10107091309732
heading_date,svr_rbf,74.58257326,72.82515883308994
heading_date,svr_rbf,74.44195046,76.53740231708782
heading_date,svr_rbf,73.30522901,69.6968446183734
heading_date,svr_rbf,75.49738119,76.93605238942735
heading_date,svr_rbf,66.43667858,86.86646548142696
heading_date,svr_rbf,68.85407314,91.74210354355773
heading_date,svr_rbf,65.51496639,117.70409691199583
heading_date,svr_rbf,65.23113022,78.86007992896378
heading_date,svr_rbf,75.19488328,117.44583327027516
heading_date,svr_rbf,68.65996046,67.75317314066899
heading_date,svr_rbf,69.32183845,71.25568894593191
heading_date,svr_rbf,71.47390865,73.62991495275085
heading_date,svr_rbf,63.60653189,66.28118800063143
heading_date,svr_rbf,71.6814977,72.68449070006747
heading_date,svr_rbf,75.47961513,74.8712979605533
heading_date,svr_rbf,71.49905543,74.01899975741749
heading_date,svr_rbf,68.40154143,134.52252252338275
heading_date,svr_rbf,71.47454821,69.27262178225652
heading_date,svr_rbf,75.41440662,83.71499020692109
heading_date,svr_rbf,73.53232282,136.28834568229087
heading_date,svr_rbf,73.38787846,74.18291266504274
heading_date,svr_rbf,71.14925478,82.49164192877441
heading_date,svr_rbf,65.95455457,67.40033208791003
heading_date,svr_rbf,72.88953837,88.30223208320164
heading_date,svr_rbf,76.44161435,73.53939043492933
heading_date,svr_rbf,70.27463073,69.32692997354923
heading_date,svr_rbf,72.2394546,81.6375017382974
heading_date,svr_rbf,70.41476261,67.73647752157001
heading_date,svr_rbf,73.88433532,80.36291634419092
heading_date,svr_rbf,70.40496905,76.43366204920024
heading_date,svr_rbf,73.84329904,84.61900042417506
heading_date,svr_rbf,73.32306067,76.32863854114737
heading_date,svr_rbf,77.88167969,109.87489189776915
heading_date,svr_rbf,75.36142987,76.61559423503175
heading_date,svr_rbf,67.1766843,74.70521014941292
heading_date,svr_rbf,72.68712084,73.78789208966894
heading_date,svr_rbf,72.24724216,71.52131518593409
heading_date,svr_rbf,69.86431728,103.32155399575578
heading_date,svr_rbf,71.59961536,71.5703673314438
heading_date,svr_rbf,72.12272676,65.26223822225103
heading_date,svr_rbf,71.39521691,87.1116134833193
heading_date,svr_rbf,72.92330733,71.36481544364119
heading_date,svr_rbf,64.77806944,61.490461291672766
heading_date,svr_rbf,70.2972185,102.13478420455375
heading_date,svr_rbf,73.18887687,73.27627979924942
heading_date,svr_rbf,66.03170016,68.87685266913796
heading_date,svr_rbf,66.57897461,68.93011308990965
heading_date,svr_rbf,68.03193931,97.48617653524047
heading_date,svr_rbf,66.00954055,65.61258030184581
heading_date,svr_rbf,72.67306315,80.6005070398546
heading_date,svr_rbf,69.92228344,74.4146174225624
heading_date,svr_rbf,68.72075796,91.4434210933313
heading_date,svr_rbf,77.22752805,77.51725106873684
heading_date,svr_rbf,65.63955967,72.16282063981049
heading_date,svr_rbf,68.09084766,69.54068678791964
heading_date,svr_rbf,74.34608236,77.03229264599149
heading_date,svr_rbf,73.87774779,76.26697349561505
heading_date,svr_rbf,68.85229399,69.60881052973521
heading_date,svr_rbf,74.64033401,72.87122545428598
heading_date,svr_rbf,75.31887766,128.35647086241005
heading_date,svr_rbf,75.86668472,81.85530934904267
heading_date,svr_rbf,72.93319662,70.21606582022442
heading_date,svr_rbf,66.66699329,79.94808874399357
heading_date,svr_rbf,67.97779268,63.39749346932263
heading_date,svr_rbf,70.1364937,67.12789581845249
heading_date,svr_rbf,76.57938336,80.03025819245264
heading_date,svr_rbf,70.55262868,66.28936552020636
heading_date,svr_rbf,71.1110076,84.98785487395
heading_date,svr_rbf,74.83589779,74.72434309034622
heading_date,svr_rbf,76.51973791,76.78885541788097
heading_date,svr_rbf,76.29784896,81.82666710557565
heading_date,svr_rbf,70.74393525,70.60862692674911
heading_date,svr_rbf,68.13099532,71.79557504879733
heading_date,svr_rbf,68.12169332,70.24103178084557
heading_date,svr_rbf,73.10569573,67.35224078593545
heading_date,svr_rbf,71.86954572,72.41453005375644
heading_date,svr_rbf,77.05671031,68.03270163606543
heading_date,svr_rbf,75.28967282,74.28346636567235
heading_date,svr_rbf,69.90700066,93.45678467785407
heading_date,svr_rbf,76.88103588,75.4997410689289
heading_date,svr_rbf,74.08328467,92.60075812207236
heading_date,svr_rbf,68.89564055,92.38163915817933
heading_date,svr_rbf,73.56021564,88.32158308133327
heading_date,svr_rbf,73.5808855,66.77354046532488
heading_date,svr_rbf,70.31119991,70.80188209695743
heading_date,svr_rbf,72.16224226,74.81759508832386
heading_date,svr_rbf,72.05557631,88.68544696464245
heading_date,svr_rbf,71.32553595,134.82592807783985
heading_date,svr_rbf,77.70641607,72.54668236007223
heading_date,svr_rbf,73.47383902,77.56195718930992
heading_date,svr_rbf,73.60813506,65.71484044824575
heading_date,svr_rbf,67.08958845,67.65660371640347
heading_date,svr_rbf,74.77027119,78.67455696093722
heading_date,svr_rbf,75.32193801,69.1327249672532
heading_date,svr_rbf,73.43810176,72.25966890150447
heading_date,svr_rbf,71.45203421,69.68488890932232
heading_date,svr_rbf,71.56721859,70.54998357610128
heading_date,svr_rbf,73.05006146,70.9143832686255
heading_date,svr_rbf,73.23809874,71.80203407731086
heading_date,svr_rbf,70.7905393,86.99679157694897
heading_date,svr_rbf,74.96498688,74.94489539011975
heading_date,svr_rbf,74.45265722,75.57799713637326
heading_date,svr_rbf,77.83211711,70.7204185492293
heading_date,svr_rbf,70.25976192,111.5022785231933
heading_date,svr_rbf,72.59543156,91.25954555920691
heading_date,svr_rbf,69.87004508,84.26917042693377
heading_date,svr_rbf,67.35990526,72.01517471879552
heading_date,svr_rbf,70.53892868,86.22516034579237
heading_date,svr_rbf,69.65381816,110.41455681547033
heading_date,svr_rbf,64.79137899,54.32916907342669
heading_date,svr_rbf,70.55581706,70.48923212506632
heading_date,svr_rbf,71.69392732,89.40067656679065
heading_date,svr_rbf,71.15600193,78.18606795177382
heading_date,svr_rbf,68.50321935,78.88452233687534
heading_date,svr_rbf,71.8439335,72.24634330602213
heading_date,svr_rbf,72.03574691,76.73434645568287
heading_date,svr_rbf,74.13524586,104.19290102110753
heading_date,svr_rbf,73.25621539,76.89412738106951
heading_date,svr_rbf,71.17979877,70.78844592968058
heading_date,svr_rbf,79.43995387,79.84790614994729
heading_date,svr_rbf,73.95401072,75.76361175440196
heading_date,svr_rbf,70.40511568,99.47407033683815
heading_date,svr_rbf,72.60609784,88.46074880140888
heading_date,svr_rbf,69.50185485,71.75908962028812
heading_date,svr_rbf,66.20056607,84.49825509458884
heading_date,svr_rbf,72.41292025,112.09479038267209
heading_date,svr_rbf,71.01321896,67.65730280969942
heading_date,svr_rbf,71.4227622,78.41390153196784
heading_date,svr_rbf,64.1620208,76.47996802433306
heading_date,svr_rbf,69.49922466,72.54218199149891
heading_date,svr_rbf,69.32396011,75.24582004713349
heading_date,svr_rbf,68.8462765,72.37704464641885
heading_date,svr_rbf,70.32972131,80.0682733698042
heading_date,svr_rbf,70.1299142,72.30886194169548
heading_date,svr_rbf,68.74930527,87.81074568660995
heading_date,svr_rbf,70.17365081,71.39555654604499
heading_date,svr_rbf,66.0978734,70.17627332193135
heading_date,svr_rbf,74.72194686,101.55071499504189
heading_date,svr_rbf,73.23503031,78.17377162087182
heading_date,svr_rbf,70.41579451,69.95999826379492
heading_date,svr_rbf,69.98064762,70.78158436418374
heading_date,svr_rbf,71.79630868,84.65342728868836
heading_date,svr_rbf,71.29354425,103.44958395850085
heading_date,svr_rbf,67.49763499,70.03640192592901
heading_date,svr_rbf,73.39298905,71.54956102479876
heading_date,svr_rbf,67.21585775,74.35546566330851
heading_date,svr_rbf,77.89114616,69.3534212683246
heading_date,svr_rbf,71.70051615,71.36655722136976
heading_date,svr_rbf,70.80899456,69.92306331043056
heading_date,svr_rbf,69.57346631,70.9171266337528
heading_date,svr_rbf,74.65867956,102.99717086951006
heading_date,svr_rbf,74.40344875,73.76721341050357
heading_date,svr_rbf,73.34151876,73.78215794999701
heading_date,svr_rbf,72.67549667,78.28542530721556
heading_date,svr_rbf,72.00874397,71.24523671846032
heading_date,svr_rbf,70.24671324,132.01532749343934
heading_date,svr_rbf,70.34895685,74.26018842415229
heading_date,svr_rbf,71.14708344,100.48385092734856
heading_date,svr_rbf,77.85087289,85.3851211300905
heading_date,svr_rbf,69.86009609,81.28120491906832
heading_date,svr_rbf,67.0700819,77.31258513035692
heading_date,svr_rbf,70.22088521,69.48997500079768
heading_date,svr_rbf,69.26721347,66.17514433194027
heading_date,svr_rbf,70.33919103,71.90147117302912
heading_date,svr_rbf,68.72731007,72.59222979688946
heading_date,svr_rbf,65.345322435,64.82280404006883
heading_date,svr_rbf,70.73256258,86.59251316441167
heading_date,svr_rbf,68.36744232,90.75180992177675
heading_date,svr_rbf,65.89015858,77.40343645827977
heading_date,svr_rbf,66.05264166,70.83796626329321
heading_date,svr_rbf,71.6055494,65.8672365861413
heading_date,svr_rbf,65.70822977,78.59277647352391
heading_date,svr_rbf,63.68768235,71.01225828295823
heading_date,svr_rbf,69.32214361,79.87512146446674
heading_date,svr_rbf,63.93969362,64.8173312679353
heading_date,svr_rbf,66.86712059,66.86535610804121
heading_date,svr_rbf,65.35246628,61.928165403656855
heading_date,svr_rbf,71.38976714,79.84140275279577
heading_date,svr_rbf,65.65626114,67.25791821319706
heading_date,svr_rbf,70.00919458,65.84169010803927
heading_date,svr_rbf,75.60384423,104.62909421674138
heading_date,svr_rbf,68.46201352,72.31619543825067
heading_date,svr_rbf,73.10082123,72.96843870991869
heading_date,svr_rbf,76.356754,68.68153024518405
heading_date,svr_rbf,70.6456504,67.91812271355259
heading_date,svr_rbf,71.7316861,72.93377695854835
heading_date,svr_rbf,75.1142689,76.30646441751668
heading_date,svr_rbf,71.93597037,76.75009480292485
heading_date,svr_rbf,73.10390928,77.23601595631916
heading_date,svr_rbf,75.45138162,78.8557473988998
heading_date,svr_rbf,69.12878797,71.5959956394579
heading_date,svr_rbf,68.44705577,74.73607563141934
heading_date,svr_rbf,73.80793907,71.61170059783832
heading_date,svr_rbf,69.96800607,66.09565094319578
heading_date,svr_rbf,76.21083683,76.22318110611418
heading_date,svr_rbf,68.1511504,67.99333772512561
heading_date,svr_rbf,66.35890322,67.8204614728191
heading_date,svr_rbf,72.84233623,86.46343794578091
heading_date,svr_rbf,69.69312002,67.95137896008141
heading_date,svr_rbf,67.18052391,68.0333186354421
heading_date,svr_rbf,69.86090994,68.93530557444467
heading_date,svr_rbf,76.0816442,73.22285908057557
heading_date,svr_rbf,69.91428023,67.21787914397204
heading_date,svr_rbf,66.78096121,101.31672338408703
heading_date,svr_rbf,65.95061099,67.56836433807956
heading_date,svr_rbf,72.473336,109.27716183996341
heading_date,svr_rbf,76.83008918,120.46193387298047
heading_date,svr_rbf,71.67358103,74.17323441877795
heading_date,svr_rbf,69.916653,72.14139737643497
heading_date,svr_rbf,68.83440229,70.66631001106536
heading_date,svr_rbf,73.40337589,102.52901999528783
heading_date,svr_rbf,69.72753808,69.75535768559699
heading_date,svr_rbf,73.64268186,67.9255196510075
heading_date,svr_rbf,70.34605298,71.74990833107772
heading_date,svr_rbf,70.71476569,69.04051804438775
heading_date,svr_rbf,71.34776186,69.21235626536561
heading_date,svr_rbf,68.04398239,70.27889910325726
heading_date,svr_rbf,69.90992187,72.25971408240801
heading_date,svr_rbf,69.49890944,69.45473401250464
heading_date,svr_rbf,69.7891648,69.81032080993774
heading_date,svr_rbf,71.61136297,73.02823608461408
heading_date,svr_rbf,74.72511563,80.61229787999396
heading_date,svr_rbf,71.11973783,71.09944637734172
heading_date,svr_rbf,66.83063971,67.24323495005967
heading_date,svr_rbf,67.26308671,67.1656060452248
heading_date,svr_rbf,68.196063,70.81941183853675
heading_date,svr_rbf,69.13499905,68.40361592260106
heading_date,svr_rbf,68.05007939,62.44763701601546
heading_date,svr_rbf,64.39479985,64.12974482223558
heading_date,svr_rbf,75.43039886,70.06477169312558
heading_date,svr_rbf,70.71278575,73.80437796956622
heading_date,svr_rbf,65.70530213,65.86703874082392
heading_date,svr_rbf,69.01161839,67.48331437102307
heading_date,svr_rbf,68.09290189,69.23124383224419
heading_date,svr_rbf,74.12225962,72.86242889220756
heading_date,svr_rbf,74.16746489,73.85121383397455
heading_date,svr_rbf,69.57076912,66.97002142806218
heading_date,svr_rbf,66.30653296,70.2328972273595
heading_date,svr_rbf,65.21326658,79.8929715363003
heading_date,svr_rbf,65.80157103,86.93420091271375
heading_date,svr_rbf,65.84069511,118.35202600456037
heading_date,svr_rbf,72.96050881,63.852394697897644
heading_date,svr_rbf,71.10671963,68.85691874140338
heading_date,svr_rbf,65.79428981,92.81430831502762
heading_date,svr_rbf,72.64786489,72.85156417896857
heading_date,svr_rbf,74.88924313,64.8997829563462
heading_date,svr_rbf,68.51305027,126.65200374781715
heading_date,svr_rbf,75.70286332,97.05664813242748
heading_date,svr_rbf,71.36798435,80.23643880780533
heading_date,svr_rbf,76.79945152,79.92723567181068
heading_date,svr_rbf,74.05047899,73.86222149298591
heading_date,svr_rbf,70.15245605,76.2659447444113
heading_date,svr_rbf,70.21139135,84.24038220467843
heading_date,svr_rbf,74.83238292,133.60908534417587
heading_date,svr_rbf,74.90889667,71.26929456754945
heading_date,svr_rbf,77.77169813,73.48535089874369
heading_date,svr_rbf,73.20269395,72.39822680442182
heading_date,svr_rbf,70.33837877,79.17463891612746
heading_date,svr_rbf,71.90487538,129.9062316165662
heading_date,svr_rbf,71.70476953,72.87997077562935
heading_date,svr_rbf,67.17324806,101.53185974508253
heading_date,svr_rbf,67.81119546,72.64050911237577
heading_date,svr_rbf,67.29786665,70.40829391242355
heading_date,svr_rbf,76.0255848,70.71130150566916
heading_date,svr_rbf,76.41919117,74.54044916220995
heading_date,svr_rbf,74.5923255,75.45599151342175
heading_date,svr_rbf,73.24052531,68.36384056530079
heading_date,svr_rbf,66.56854857,72.25121797307722
heading_date,svr_rbf,65.59403766,65.8323281026008
heading_date,svr_rbf,75.23821327,75.58251963132471
heading_date,svr_rbf,73.37352334,72.98256949192121
heading_date,svr_rbf,68.31242523,64.8070831809688
heading_date,svr_rbf,70.18988702,113.44517751281853
heading_date,svr_rbf,135.0124977,115.10155809986543
heading_date,svr_rbf,131.1376018,115.0094120617567
heading_date,svr_rbf,127.4952925,81.18070225621888
heading_date,svr_rbf,132.9185581,130.16251519293627
heading_date,svr_rbf,135.5122478,123.65497649944791
heading_date,svr_rbf,136.708832,127.6864767674193
heading_date,svr_rbf,138.1521257,85.71016957802871
heading_date,svr_rbf,133.6229181,139.69453798023827
heading_date,svr_rbf,142.5172946,136.3278831160415
heading_date,svr_rbf,133.1346108,137.63805629688343
heading_date,svr_rbf,128.2808634,69.66387331520951
heading_date,svr_rbf,131.4490245,133.15972796091174
heading_date,svr_rbf,130.1225762,136.90541267121597
heading_date,svr_rbf,140.329899,95.11857590292053
heading_date,svr_rbf,129.5939866,102.42138092475443
heading_date,svr_rbf,137.3372998,131.87742714310053
heading_date,svr_rbf,133.9333111,131.54641280136184
heading_date,svr_rbf,139.658972,104.23390108652187
heading_date,svr_rbf,133.875129,126.6874602424631
heading_date,svr_rbf,128.4178839,133.77004499650045
heading_date,svr_rbf,132.7842797,132.70500328514242
heading_date,svr_rbf,133.2090608,138.81736439557704
heading_date,svr_rbf,130.8903962,104.49087039227814
heading_date,svr_rbf,134.12579,119.45806478537969
heading_date,svr_rbf,133.9805901,73.12884935238418
heading_date,svr_rbf,135.8769503,71.12297719219467
heading_date,svr_rbf,130.8627045,117.10256997247276
heading_date,svr_rbf,137.6324379,68.17310149233472
heading_date,svr_rbf,135.6980028,132.22451267536894
heading_date,svr_rbf,132.5179743,113.78995131491668
heading_date,svr_rbf,137.786505,74.61288591896287
heading_date,svr_rbf,134.9355974,127.27324453630106
heading_date,svr_rbf,135.5590088,115.51183271794514
heading_date,svr_rbf,139.7923564,135.95625869729201
heading_date,svr_rbf,134.8275248,101.2288035730987
heading_date,svr_rbf,137.4435432,83.64705686104924
heading_date,svr_rbf,136.4458612,121.61645320198004
heading_date,svr_rbf,138.1860589,140.38481426567958
heading_date,svr_rbf,132.4494121,136.25093454794478
heading_date,svr_rbf,134.1848786,139.15657843504133
heading_date,svr_rbf,134.1127859,137.20110118544608
heading_date,svr_rbf,132.6606136,128.02024901152498
heading_date,svr_rbf,131.5267898,128.0360290449707
heading_date,svr_rbf,135.1331239,121.47376955564121
heading_date,svr_rbf,131.9704949,123.55969917488014
heading_date,svr_rbf,129.0285291,131.8749138515707
heading_date,svr_rbf,129.6938329,142.06223233594184
heading_date,svr_rbf,134.4295035,129.15388783233362
heading_date,svr_rbf,128.5273442,106.59073802831509
heading_date,svr_rbf,139.4167345,129.9914329592856
heading_date,svr_rbf,135.9682749,136.3015911768701
heading_date,svr_rbf,132.4074653,94.17662908101137
heading_date,svr_rbf,129.0138553,87.76796004389607
heading_date,svr_rbf,139.002867,104.34341693230752
heading_date,svr_rbf,131.232896,103.969713326583
heading_date,svr_rbf,131.2749892,128.9977080184715
heading_date,svr_rbf,129.9801436,69.87620204111295
heading_date,svr_rbf,132.3355948,57.28762061485345
heading_date,svr_rbf,127.6646855,70.92866320525542
heading_date,svr_rbf,130.372926,63.02283182426416
heading_date,svr_rbf,124.6588773,118.74187750089676
heading_date,svr_rbf,130.604193,75.7321403596691
heading_date,svr_rbf,130.8283306,96.48582134610845
heading_date,svr_rbf,141.729227,134.28194725696505
heading_date,svr_rbf,137.8176787,94.10006228795328
heading_date,svr_rbf,131.281506,99.85522769144148
heading_date,svr_rbf,125.7384657,67.98855888123497
heading_date,svr_rbf,131.9882392,131.90489818324687
heading_date,svr_rbf,138.5408884,142.52473121105317
heading_date,svr_rbf,138.1311221,78.0732987791381
heading_date,svr_rbf,142.4949325,81.12078752672772
heading_date,svr_rbf,137.1695845,78.14669642243993
heading_date,svr_rbf,139.7680022,75.54897540176599
heading_date,svr_rbf,138.8299962,78.24226206155686
heading_date,svr_rbf,138.8265307,85.5996524159826
heading_date,svr_rbf,140.1420899,96.05406324755775
heading_date,svr_rbf,138.5309748,80.78747989608691
heading_date,svr_rbf,133.5885158,69.89044370656505
heading_date,svr_rbf,137.688565,77.83268433945275
heading_date,svr_rbf,142.6567569,133.09906027643217
heading_date,svr_rbf,138.8864808,115.63953343749023
heading_date,svr_rbf,144.7717432,114.16447581595452
heading_date,svr_rbf,137.1934361,125.59234398973148
heading_date,svr_rbf,137.2712069,91.78737435914371
heading_date,svr_rbf,139.5023062,113.98247568337467
heading_date,svr_rbf,134.1392296,132.23724360943305
heading_date,svr_rbf,125.9265837,78.33712642569188
heading_date,svr_rbf,134.1863729,134.82175327542
heading_date,svr_rbf,137.5206775,111.66855644883984
heading_date,svr_rbf,133.8219732,93.49854959111906
heading_date,svr_rbf,137.4739844,98.36340346211558
heading_date,svr_rbf,129.180234,76.30314610081852
heading_date,svr_rbf,126.560584,75.83967796300794
heading_date,svr_rbf,142.6777739,95.26278361847952
heading_date,svr_rbf,138.8260235,140.3594601851333
heading_date,svr_rbf,132.7598533,81.82955669055846
heading_date,svr_rbf,133.6671655,125.37423760464316
heading_date,svr_rbf,132.3802859,137.26838054592156
heading_date,svr_rbf,141.9584089,73.67720669592089
heading_date,svr_rbf,137.2961454,89.68798902212583
heading_date,svr_rbf,138.0104867,118.12196220866899
heading_date,svr_rbf,140.9308021,77.22930378802522
heading_date,svr_rbf,137.3267537,127.16878574185307
heading_date,svr_rbf,137.5703576,132.3900944811824
heading_date,svr_rbf,137.5391761,135.55641016579148
heading_date,svr_rbf,135.2826812,134.63887112288327
heading_date,svr_rbf,127.6581182,85.58976859835848
heading_date,svr_rbf,136.3724187,133.86648285893352
heading_date,svr_rbf,140.3018932,136.31597165503615
heading_date,svr_rbf,138.9132929,113.04063919093605
heading_date,svr_rbf,132.5338815,130.80754713161807
heading_date,svr_rbf,136.2670827,112.01993568048618
heading_date,svr_rbf,134.4168437,75.52243918818655
heading_date,svr_rbf,139.5018265,136.45361687247663
heading_date,svr_rbf,136.6966077,127.28607972173725
heading_date,svr_rbf,139.2046267,133.32000234917555
heading_date,svr_rbf,139.5328422,94.51052230374171
heading_date,svr_rbf,139.5568279,134.92068456315354
heading_date,svr_rbf,133.419942,125.36826206178571
heading_date,svr_rbf,142.1277933,130.8925980328274
heading_date,svr_rbf,133.289293,142.0482538844071
heading_date,svr_rbf,138.2303584,132.80640930002238
heading_date,svr_rbf,135.3760747,119.5472293338445
heading_date,svr_rbf,135.4289193,141.11329715239322
heading_date,svr_rbf,136.0103199,138.52079031280223
heading_date,svr_rbf,136.3843709,114.00322732673312
heading_date,svr_rbf,127.5878797,92.11679669567644
heading_date,svr_rbf,135.4825109,134.5330885705767
heading_date,svr_rbf,135.6400614,143.4594503537594
heading_date,svr_rbf,135.0667128,103.7158224442855
heading_date,svr_rbf,134.2585613,90.52165852993124
heading_date,svr_rbf,130.1923437,128.65949191185535
heading_date,svr_rbf,138.1207407,116.5512210922183
heading_date,svr_rbf,135.5829359,143.4651295851134
heading_date,svr_rbf,137.567537,125.44566293146632
heading_date,svr_rbf,136.8892699,134.20182509750248
heading_date,svr_rbf,136.4341031,95.75480489641407
heading_date,svr_rbf,133.8149685,123.76053216696397
heading_date,svr_rbf,137.1670643,121.06570977021434
heading_date,svr_rbf,135.8769162,136.35063439176932
heading_date,svr_rbf,137.0656528,136.17580917132602
heading_date,svr_rbf,136.9844925,132.01660734876333
heading_date,svr_rbf,127.2012288,84.13351368551767
heading_date,svr_rbf,136.0725267,131.12188511931342
heading_date,svr_rbf,136.0865759,139.8732475589918
heading_date,svr_rbf,137.9369893,132.37079286283284
heading_date,svr_rbf,137.274842,122.72156316976299
heading_date,svr_rbf,132.7043471,142.9310179772247
heading_date,svr_rbf,137.2478415,126.15342881750573
heading_date,svr_rbf,137.2427613,136.94659963051566
heading_date,svr_rbf,132.7352285,139.98102153366466
heading_date,svr_rbf,132.3494267,138.16200519077032
heading_date,svr_rbf,138.4349052,131.66380435295463
heading_date,svr_rbf,137.8602773,132.70584526173926
heading_date,svr_rbf,134.5827086,133.8482497290313
heading_date,svr_rbf,147.2995825,126.03719925886116
heading_date,svr_rbf,143.2762998,113.80123618593066
heading_date,svr_rbf,136.3281237,136.77097923531872
heading_date,svr_rbf,135.3488419,79.22237472385783
heading_date,svr_rbf,136.5309641,137.88091196280857
heading_date,svr_rbf,140.0179642,121.71201773618549
heading_date,svr_rbf,138.2297729,138.41313539728228
heading_date,svr_rbf,137.3292465,137.296863242727
heading_date,svr_rbf,135.7116789,139.28869717747494
heading_date,svr_rbf,142.2021781,135.76969634837076
heading_date,svr_rbf,131.2541635,138.76082546329337
heading_date,svr_rbf,136.1333373,141.40138035387486
heading_date,svr_rbf,144.9484596,128.2529237376101
heading_date,svr_rbf,141.1257137,131.38226692035465
heading_date,svr_rbf,132.5056467,137.39500226786606
heading_date,svr_rbf,136.3393475,137.82392545147388
heading_date,svr_rbf,136.0473209,114.4829224582313
heading_date,svr_rbf,130.7922896,138.4143759346594
heading_date,svr_rbf,134.4381523,98.80139224557473
heading_date,svr_rbf,137.1228511,142.56442093990125
heading_date,svr_rbf,136.0061576,124.92405312351656
heading_date,svr_rbf,133.9543172,141.34670782094963
heading_date,svr_rbf,137.7701297,116.89905321636851
heading_date,svr_rbf,137.6326115,102.10202440121894
heading_date,svr_rbf,131.1816109,122.60367461058823
heading_date,svr_rbf,148.009344,94.70535868064624
heading_date,svr_rbf,139.9671981,136.53860175418444
heading_date,svr_rbf,142.0799892,118.70142521629188
heading_date,svr_rbf,136.9659509,136.19932932146418
heading_date,svr_rbf,146.9063677,90.30461626668588
heading_date,svr_rbf,137.7331428,142.11984563532332
heading_date,svr_rbf,142.1866771,104.65212106451754
heading_date,svr_rbf,132.203008,133.35106749337183
heading_date,svr_rbf,135.8051786,131.33253360756726
heading_date,svr_rbf,132.4734016,121.30796119353154
heading_date,svr_rbf,134.1501118,139.35173048957984
heading_date,svr_rbf,141.9748227,138.88783822463017
heading_date,svr_rbf,134.4129753,135.50439444208303
heading_date,svr_rbf,136.0469073,140.66573389142883
heading_date,svr_rbf,131.8178343,139.1905410122229
heading_date,svr_rbf,140.2483705,103.70544199076863
heading_date,svr_rbf,137.1906833,122.58380108860123
heading_date,svr_rbf,137.5477175,132.11066308546756
heading_date,svr_rbf,134.932367,120.75226939021019
heading_date,svr_rbf,140.0229539,130.72134920180437
heading_date,svr_rbf,136.6995063,128.43788509645475
heading_date,svr_rbf,139.3233338,97.35445557707865
heading_date,svr_rbf,133.806829,82.31802020582434
heading_date,svr_rbf,144.8853647,135.3033863030419
heading_date,svr_rbf,130.7195337,76.99054533575402
heading_date,svr_rbf,132.9521219,129.55074785677368
heading_date,svr_rbf,140.5833506,81.80516658470737
heading_date,svr_rbf,132.9469242,135.74151439966988
heading_date,svr_rbf,137.894999,127.68543626401568
heading_date,svr_rbf,138.0837962,138.7777162925947
heading_date,svr_rbf,142.3090935,110.66464503699564
heading_date,svr_rbf,135.8272429,133.67104350610072
heading_date,svr_rbf,136.5147156,73.51397000949895
heading_date,svr_rbf,140.3571793,85.36067710934184
heading_date,svr_rbf,135.7120763,112.66079017414702
heading_date,svr_rbf,134.7976425,134.4183332804809
heading_date,svr_rbf,140.4601646,136.04092776941584
heading_date,svr_rbf,135.0964616,137.70585882916347
heading_date,svr_rbf,137.9825587,136.3614889004838
heading_date,svr_rbf,139.0650279,131.44169886841283
heading_date,svr_rbf,142.4398586,132.3867735945505
heading_date,svr_rbf,132.707686,136.28009128662592
heading_date,svr_rbf,138.6626667,140.21433729345364
heading_date,svr_rbf,137.7864379,136.21205640945317
heading_date,svr_rbf,134.8522889,136.07451368727942
heading_date,svr_rbf,134.8720955,99.71719483223552
heading_date,svr_rbf,131.2259749,136.0123453507265
heading_date,svr_rbf,132.2150325,134.2596262708103
heading_date,svr_rbf,132.9847901,121.64379529837984
heading_date,svr_rbf,137.0717572,76.40160284912403
heading_date,svr_rbf,132.4746996,129.3796694178193
heading_date,svr_rbf,135.5408098,133.37938952579694
heading_date,svr_rbf,134.1517945,110.89806243614817
heading_date,svr_rbf,139.5071789,96.73934831293303
heading_date,svr_rbf,135.2343139,127.26103541443754
heading_date,svr_rbf,139.4998594,112.08303434699158
heading_date,svr_rbf,142.211522,128.88922420441622
heading_date,svr_rbf,138.0249307,121.01032811165231
heading_date,svr_rbf,141.7401619,86.10157924731564
heading_date,svr_rbf,134.6946846,123.09733489696346
heading_date,svr_rbf,133.7162425,97.64169780673774
heading_date,svr_rbf,137.8476631,89.39117429335174
heading_date,svr_rbf,135.1377472,79.5351706270435
heading_date,svr_rbf,141.6554593,85.28558623807663
heading_date,svr_rbf,135.6852196,141.68237674270438
heading_date,svr_rbf,138.5267729,93.67776612400756
heading_date,svr_rbf,140.5689081,92.89331187849837
heading_date,svr_rbf,135.6119781,125.38137235329374
heading_date,svr_rbf,138.3260143,71.79882282034279
heading_date,svr_rbf,134.4735789,72.25922088528746
heading_date,svr_rbf,143.1625163,74.36997637153407
heading_date,svr_rbf,135.8281407,132.31336674740817
heading_date,svr_rbf,138.5601171,142.88333338535125
heading_date,svr_rbf,135.6353811,93.07359083671375
heading_date,svr_rbf,136.8042019,101.60174300656546
heading_date,svr_rbf,133.5868267,134.5786842142773
heading_date,svr_rbf,142.2942098,120.12008822762937
heading_date,svr_rbf,139.850888,132.15241523489692
heading_date,svr_rbf,138.9752432,145.58788999150158
heading_date,svr_rbf,137.7451895,133.55624966969543
heading_date,svr_rbf,146.9884934,126.0786682775793
heading_date,svr_rbf,133.4227444,144.2722500955062
heading_date,svr_rbf,139.345096,137.35589653580138
heading_date,svr_rbf,125.6506941,137.47410749673895
heading_date,svr_rbf,141.5605411,49.8057774155119
heading_date,svr_rbf,139.675944,121.67288952971762
heading_date,svr_rbf,135.6584289,111.4138582467094
heading_date,svr_rbf,135.2312701,137.28217622851352
heading_date,svr_rbf,136.3833726,133.78801569450684
heading_date,svr_rbf,134.8069279,136.18006005787328
heading_date,svr_rbf,137.9885548,133.06014321309883
heading_date,svr_rbf,132.2602137,139.2691401001804
heading_date,svr_rbf,129.6272054,67.28965568467926
heading_date,svr_rbf,130.1739431,114.29269735993358
heading_date,svr_rbf,138.0208657,126.44404889415654
heading_date,svr_rbf,139.6305963,128.1394193884965
heading_date,svr_rbf,132.9542458,132.99236870981355
heading_date,svr_rbf,133.8095452,87.28778617622338
heading_date,svr_rbf,137.8854529,135.3834096289668
heading_date,svr_rbf,134.2877325,86.07555074774893
heading_date,svr_rbf,142.228753,93.63018384275478
heading_date,svr_rbf,141.6299267,86.17054811598896
heading_date,svr_rbf,134.0759735,103.50828256829303
heading_date,svr_rbf,128.0650606,86.5566945478229
heading_date,svr_rbf,131.7831402,106.45462858924219
heading_date,svr_rbf,133.9285765,87.88375322308472
heading_date,svr_rbf,136.6396674,130.55639620482629
heading_date,svr_rbf,137.3865059,119.58131864685069
lodging,svr_rbf,2.174896356,1.6094758828826006
lodging,svr_rbf,1.644474162,1.6020766756980902
lodging,svr_rbf,1.324642932,1.768400224690125
lodging,svr_rbf,1.593071519,1.5911300771827475
lodging,svr_rbf,1.54400155,1.6609722275316878
lodging,svr_rbf,1.346724921,1.8030541109943519
lodging,svr_rbf,1.160769774,1.6464676765895936
lodging,svr_rbf,1.740891513,1.826985880164755
lodging,svr_rbf,1.588899886,1.7254816655920195
lodging,svr_rbf,1.657603308,1.4906301475471926
lodging,svr_rbf,2.442546063,2.0022154115650572
lodging,svr_rbf,1.498489697,1.7888596588753813
lodging,svr_rbf,1.784790868,1.6941888715232931
lodging,svr_rbf,1.636561435,2.600559086502397
lodging,svr_rbf,1.399702272,1.9054917040568449
lodging,svr_rbf,1.560870412,1.46890511674283
lodging,svr_rbf,1.772587931,1.6955619949189833
lodging,svr_rbf,2.03978502,1.805036362355131
lodging,svr_rbf,1.431336858,1.7434982815822178
lodging,svr_rbf,1.269377908,1.756645871713694
lodging,svr_rbf,1.990377116,1.6702807078735207
lodging,svr_rbf,1.627762666,1.839547106702955
lodging,svr_rbf,1.382168736,1.8925440566710812
lodging,svr_rbf,2.200916425,1.9860379419098226
lodging,svr_rbf,1.410106875,1.768140918389351
lodging,svr_rbf,1.86656083,1.6298496190771763
lodging,svr_rbf,1.602000897,2.0403708991772893
lodging,svr_rbf,2.193294571,1.8139851958910969
lodging,svr_rbf,1.481490118,1.7346160255754342
lodging,svr_rbf,1.86339624,1.6477315288111347
lodging,svr_rbf,1.429558742,1.6417141692969968
lodging,svr_rbf,2.042719308,1.703596933711911
lodging,svr_rbf,2.075744924,1.8493789559988807
lodging,svr_rbf,1.240136442,1.681821674122971
lodging,svr_rbf,2.297266405,1.6819084603776258
lodging,svr_rbf,1.746838412,1.7373932181427003
lodging,svr_rbf,1.756920627,1.6002658852752933
lodging,svr_rbf,1.750614066,1.648221255602551
lodging,svr_rbf,1.773587349,1.5963218165401294
lodging,svr_rbf,1.681479531,1.764440277847441
lodging,svr_rbf,2.266559292,1.978700811979221
lodging,svr_rbf,2.066713065,1.7364522264427844
lodging,svr_rbf,1.820676161,1.5731506527438555
lodging,svr_rbf,1.354843064,1.587078571004204
lodging,svr_rbf,1.975439353,1.6457959389570131
lodging,svr_rbf,1.836534779,1.6463241098587331
lodging,svr_rbf,1.672623341,1.692065514965368
lodging,svr_rbf,1.454333973,1.6496190683254444
lodging,svr_rbf,1.173183446,1.7040387336993073
lodging,svr_rbf,1.771514459,1.734883490910594
lodging,svr_rbf,1.340578989,1.6130657244203008
lodging,svr_rbf,1.289758323,1.695397634416365
lodging,svr_rbf,1.744585964,1.7190909795985232
lodging,svr_rbf,2.084199041,1.6525638266297595
lodging,svr_rbf,1.493996936,1.7175478760360914
lodging,svr_rbf,1.975708308,1.7288770399628808
lodging,svr_rbf,1.580723645,1.7157882180054016
lodging,svr_rbf,1.867533803,1.6921889338866176
lodging,svr_rbf,1.405880024,2.090975824688118
lodging,svr_rbf,1.620924956,1.7334795271058097
lodging,svr_rbf,1.958262078,1.7128280528060307
lodging,svr_rbf,1.585077248,1.5393879877196603
lodging,svr_rbf,1.585669207,1.8214465009775713
lodging,svr_rbf,1.910482094,2.352008722780471
lodging,svr_rbf,1.278928394,1.6481841513507622
lodging,svr_rbf,1.644734721,1.6673615096647287
lodging,svr_rbf,1.367993778,1.6864068162781094
lodging,svr_rbf,1.819732899,1.7413865992570532
lodging,svr_rbf,1.922282156,1.8645927755204017
lodging,svr_rbf,1.614082805,1.6973705403081407
lodging,svr_rbf,1.317918266,1.552019662694927
lodging,svr_rbf,1.838037822,1.6146998823194414
lodging,svr_rbf,1.717080721,1.8098652564622588
lodging,svr_rbf,1.691805224,1.8263559929469793
lodging,svr_rbf,1.907767787,1.65895157995514
lodging,svr_rbf,1.525371576,1.5965499154307103
lodging,svr_rbf,2.100521689,1.8285264766104294
lodging,svr_rbf,1.522756314,1.9848964224216266
lodging,svr_rbf,2.127461912,1.6745937548497922
lodging,svr_rbf,1.652993328,1.891664930599207
lodging,svr_rbf,1.865713234,1.6384010277267498
lodging,svr_rbf,2.351763054,1.6814449717592757
lodging,svr_rbf,1.33176336,1.6943271804305189
lodging,svr_rbf,2.2234094,1.6775384925468826
lodging,svr_rbf,1.965940807,1.632005019962917
lodging,svr_rbf,2.189899205,1.6622267286650536
lodging,svr_rbf,1.54378452,1.7138731409811632
lodging,svr_rbf,1.588521812,1.8538515584797213
lodging,svr_rbf,1.752836155,1.6736429906127643
lodging,svr_rbf,1.67650173,1.5762415156503682
lodging,svr_rbf,1.505694386,1.745702897157388
lodging,svr_rbf,1.424562669,1.5664320851787101
lodging,svr_rbf,1.638292774,1.5855432663331888
lodging,svr_rbf,1.76320614,1.8388186651265848
lodging,svr_rbf,1.750860556,1.7527318466343464
lodging,svr_rbf,1.131848318,1.6567756993688962
lodging,svr_rbf,1.354444006,1.7661538138266635
lodging,svr_rbf,1.851463536,1.7054668619982456
lodging,svr_rbf,1.531464952,1.870514945161959
lodging,svr_rbf,1.413676502,1.9300584808213657
lodging,svr_rbf,1.3127499,1.7015067953803538
lodging,svr_rbf,1.872652005,1.6956191871274138
lodging,svr_rbf,1.440529343,1.667876262227499
lodging,svr_rbf,2.186423213,1.6291843029648514
lodging,svr_rbf,1.601519151,1.6218391310976292
lodging,svr_rbf,1.734423343,1.642026105982295
lodging,svr_rbf,1.467271582,1.7519844424590039
lodging,svr_rbf,1.26778,1.7060794021840229
lodging,svr_rbf,1.379054586,1.5678841794399023
lodging,svr_rbf,2.105580046,1.709278749811645
lodging,svr_rbf,1.94242448,1.6035458435251249
lodging,svr_rbf,2.177710329,1.6825792985580827
lodging,svr_rbf,1.721316019,1.6716022623023
lodging,svr_rbf,1.409414026,1.6609526871381424
lodging,svr_rbf,1.365175223,1.5971773679637717
lodging,svr_rbf,1.323500978,1.6853626442085234
lodging,svr_rbf,1.948810123,1.8947810622339993
lodging,svr_rbf,1.722424615,1.8000462675111386
lodging,svr_rbf,1.580923969,2.4944863340101895
lodging,svr_rbf,2.004633761,1.6616483819519154
lodging,svr_rbf,1.493726908,1.9013995129533603
lodging,svr_rbf,1.756751832,1.709744455665117
lodging,svr_rbf,1.482967417,1.687425032824816
lodging,svr_rbf,1.591733276,1.5876116377991774
lodging,svr_rbf,1.731077463,1.7009169464851754
lodging,svr_rbf,2.06681345,1.8689365340600812
lodging,svr_rbf,1.872419174,1.7649278729170153
lodging,svr_rbf,2.007996102,1.855691270665309
lodging,svr_rbf,1.940916602,1.7405701283295931
lodging,svr_rbf,1.365806212,1.4981816871153408
lodging,svr_rbf,1.510106607,1.8845655875222258
lodging,svr_rbf,1.74642917,1.9173905647358431
lodging,svr_rbf,1.487665602,1.685764130453645
lodging,svr_rbf,1.959194849,1.4727544619522828
lodging,svr_rbf,2.134539728,1.918040125018012
lodging,svr_rbf,1.827586585,1.3666306505038923
lodging,svr_rbf,1.818257974,1.6052884359856856
lodging,svr_rbf,1.817372322,1.6381433807080859
lodging,svr_rbf,1.439763956,1.6025226564762587
lodging,svr_rbf,1.500180074,1.6504059367878887
lodging,svr_rbf,1.49342233,1.3652864508785623
lodging,svr_rbf,1.676955457,1.8462264356454172
lodging,svr_rbf,1.867121101,2.25078016727314
lodging,svr_rbf,1.85428206,1.6539333552828692
lodging,svr_rbf,1.148898128,1.5692744994174594
lodging,svr_rbf,2.175295528,1.489291959485242
lodging,svr_rbf,1.878915658,1.515245227316342
lodging,svr_rbf,1.790424296,1.7621562786156493
lodging,svr_rbf,1.61560033,1.4314773870735298
lodging,svr_rbf,1.750917127,1.3985504205899693
lodging,svr_rbf,1.385366839,1.630000017259102
lodging,svr_rbf,1.633425128,1.5509663659368265
lodging,svr_rbf,1.206546691,1.3858041082114396
lodging,svr_rbf,1.275022063,1.9160440731012454
lodging,svr_rbf,1.427953313,1.4945168911765867
lodging,svr_rbf,1.180846017,1.4001222757880063
lodging,svr_rbf,1.549151256,2.008932576035985
lodging,svr_rbf,1.393761863,1.4438752381700874
lodging,svr_rbf,1.834635834,1.4644970837533062
lodging,svr_rbf,1.486786007,2.6475828201668645
lodging,svr_rbf,1.862558477,1.4883056665888397
lodging,svr_rbf,1.836323398,2.051865789208491
lodging,svr_rbf,0.975118276,1.664828501776245
lodging,svr_rbf,1.72295041,1.5471641472618902
lodging,svr_rbf,1.439642856,2.0833865163377556
lodging,svr_rbf,1.391685624,1.512479773292056
lodging,svr_rbf,1.468916923,1.591977782694868
lodging,svr_rbf,1.147871917,1.7286843878823337
lodging,svr_rbf,1.509668018,1.6715822839516656
lodging,svr_rbf,1.331044049,1.5869498170433616
lodging,svr_rbf,1.773679045,1.5812243281884824
lodging,svr_rbf,1.547875173,1.5620221385812845
lodging,svr_rbf,1.357375044,1.4449785727209363
lodging,svr_rbf,1.17337958,1.4628671983420958
lodging,svr_rbf,1.449338201,1.4164394984307473
lodging,svr_rbf,1.445600358,1.790768205468881
lodging,svr_rbf,1.229873803,1.3741116489798415
lodging,svr_rbf,1.743754915,1.9551226943988373
lodging,svr_rbf,1.706855006,1.7367889222996906
lodging,svr_rbf,1.325813255,1.483127407110132
lodging,svr_rbf,1.297201345,1.3885104617977486
lodging,svr_rbf,2.233143456,1.5668002151712717
lodging,svr_rbf,1.350200107,1.5337714349592337
lodging,svr_rbf,1.660671858,1.6628451687225403
lodging,svr_rbf,1.760077093,1.5852382650131451
lodging,svr_rbf,1.743612369,1.5430036902310231
lodging,svr_rbf,1.297346298,1.4599478006957227
lodging,svr_rbf,1.223807024,1.6818260377680163
lodging,svr_rbf,2.456640793,1.4990944077754165
lodging,svr_rbf,1.161127788,1.6516829441036078
lodging,svr_rbf,1.294585295,1.5980577201534358
lodging,svr_rbf,1.135960307,1.4609479705390345
lodging,svr_rbf,1.299666628,1.829658967425626
lodging,svr_rbf,1.905735591,1.4249121682260988
lodging,svr_rbf,1.423816209,1.6440556044131673
lodging,svr_rbf,1.582496151,1.4945381347168332
lodging,svr_rbf,1.599451965,1.4966088772525685
lodging,svr_rbf,1.496044981,1.5398735718114143
lodging,svr_rbf,1.482371964,1.6726334138622145
lodging,svr_rbf,2.159505115,1.365769503727647
lodging,svr_rbf,2.039812074,1.883333080196671
lodging,svr_rbf,1.246098725,1.5940347066626863
lodging,svr_rbf,1.600795917,1.679063430723431
lodging,svr_rbf,1.378768069,1.4945546391954618
lodging,svr_rbf,2.323874331,1.710836888783759
lodging,svr_rbf,1.0543539,1.7054519298285413
lodging,svr_rbf,1.924530472,1.4898016913492702
lodging,svr_rbf,1.966952627,1.6171839950628213
lodging,svr_rbf,1.722567445,1.7847178148070646
lodging,svr_rbf,1.87565572,1.6468923175567824
lodging,svr_rbf,1.592225204,1.8806885358087078
lodging,svr_rbf,1.662921211,1.648762033681364
lodging,svr_rbf,1.377220248,1.646780042603039
lodging,svr_rbf,1.785156319,1.400466266138408
lodging,svr_rbf,1.079310903,1.5958335251062117
lodging,svr_rbf,1.038879417,1.6510541422643135
lodging,svr_rbf,1.8557847,1.8802675558258861
lodging,svr_rbf,1.797969229,1.311152393998671
lodging,svr_rbf,1.21462199,1.4230630127116712
lodging,svr_rbf,1.411882382,1.928275960075399
lodging,svr_rbf,1.419515321,1.4287573884407565
lodging,svr_rbf,1.690417119,1.7871492213077564
lodging,svr_rbf,2.317425756,1.4529263020449381
lodging,svr_rbf,1.468285063,1.5504036097425873
lodging,svr_rbf,1.445874967,1.9970829617748849
lodging,svr_rbf,1.354035318,2.049582536806603
lodging,svr_rbf,1.608738995,1.5235682926564262
lodging,svr_rbf,2.020943696,1.4099551070383134
lodging,svr_rbf,1.484247432,1.5887314511855521
lodging,svr_rbf,1.870095018,1.6377130373308226
lodging,svr_rbf,1.857689791,1.8238979389547136
lodging,svr_rbf,1.882448973,1.7617038248528027
lodging,svr_rbf,1.736660911,1.6679164479890973
lodging,svr_rbf,2.195606986,1.7748592241070646
lodging,svr_rbf,1.596590086,1.4118293913841597
lodging,svr_rbf,1.733215486,1.7127789941344522
lodging,svr_rbf,1.112061113,1.420828935209597
lodging,svr_rbf,1.587140357,1.494357114011044
lodging,svr_rbf,1.634174041,1.7126798908567755
lodging,svr_rbf,2.178916808,1.7446778316272562
lodging,svr_rbf,2.851628346,1.9856658859006444
lodging,svr_rbf,1.478683648,1.5734048567513463
lodging,svr_rbf,1.153062717,2.0964103192703236
lodging,svr_rbf,2.156623307,1.7474828659445993
lodging,svr_rbf,1.054599367,1.6874639862867147
lodging,svr_rbf,1.593133632,1.6131112536404126
lodging,svr_rbf,1.491709489,1.5032223044952921
lodging,svr_rbf,1.598084436,1.481020139868904
lodging,svr_rbf,1.920316984,1.6494907101548923
lodging,svr_rbf,1.243463149,1.8021685146689768
lodging,svr_rbf,1.319433809,1.235247476513563
lodging,svr_rbf,1.383527401,1.8763165929572132
lodging,svr_rbf,1.222146923,1.6360915737087458
lodging,svr_rbf,1.608250487,1.5833026721641246
lodging,svr_rbf,1.110620479,1.828577198386582
lodging,svr_rbf,1.62727473,1.760977443902993
lodging,svr_rbf,1.738210719,1.6826834105287563
lodging,svr_rbf,1.716117969,1.5825759214304433
lodging,svr_rbf,1.782518052,1.8143572910808943
lodging,svr_rbf,1.151720715,1.8499816128086044
lodging,svr_rbf,1.651606099,1.499433770927097
lodging,svr_rbf,1.419185588,1.6394561066177848
lodging,svr_rbf,1.794645353,1.4159977256221303
lodging,svr_rbf,1.413626487,1.5325704331660086
lodging,svr_rbf,1.325395468,1.5609929277399157
lodging,svr_rbf,1.463975309,1.6882501546316737
lodging,svr_rbf,1.576546262,1.7333263338957456
lodging,svr_rbf,1.35987865,1.5258958166674796
lodging,svr_rbf,1.862132485,1.5201074197874407
lodging,svr_rbf,1.711342035,1.7645604807272073
lodging,svr_rbf,1.059401865,1.434562958929368
lodging,svr_rbf,1.223158561,1.2520045418471266
lodging,svr_rbf,1.260028983,1.4397625354491552
lodging,svr_rbf,1.5207664,1.787918541666234
lodging,svr_rbf,1.249210593,1.4873117512373941
lodging,svr_rbf,1.373474829,1.6916145224502097
lodging,svr_rbf,1.836985563,1.8325746692540656
lodging,svr_rbf,1.533551389,1.426015639313503
lodging,svr_rbf,2.011879363,1.6996838144283224
lodging,svr_rbf,1.462697538,1.6428861526789493
lodging,svr_rbf,1.471198088,1.4933092390029676
lodging,svr_rbf,1.711186507,1.58348107763723
lodging,svr_rbf,1.48378685,1.6846906154355477
lodging,svr_rbf,1.573657384,1.4707253145244343
lodging,svr_rbf,1.210990067,1.491096914275209
lodging,svr_rbf,1.29375366,1.67158801075061
lodging,svr_rbf,1.931993009,1.7033226757732773
lodging,svr_rbf,1.819677164,1.648908516576192
lodging,svr_rbf,1.109247072,1.488399154380641
lodging,svr_rbf,0.993583408,1.5521242379780005
lodging,svr_rbf,1.069824135,1.2868860160608753
lodging,svr_rbf,2.198843485,1.70595415778722
lodging,svr_rbf,2.557028666,1.696305693251582
lodging,svr_rbf,1.786834572,1.6549408790967597
lodging,svr_rbf,1.961614156,1.5090275597663654
lodging,svr_rbf,1.73854534,1.4516578158068274
lodging,svr_rbf,1.295389302,1.463851379703046
lodging,svr_rbf,1.934289976,1.7379923742192869
lodging,svr_rbf,3.896026468,4.644435297181356
lodging,svr_rbf,4.439651189,4.33918736005987
lodging,svr_rbf,5.974704929,5.41688605922877
lodging,svr_rbf,4.311404441,5.172114508672937
lodging,svr_rbf,3.898448097,5.225470983798671
lodging,svr_rbf,2.4005268,4.170712927918331
lodging,svr_rbf,4.196809061,4.4303820819912465
lodging,svr_rbf,6.44889985,6.397162488563267
lodging,svr_rbf,3.680472446,3.6290604194787894
lodging,svr_rbf,3.472293262,4.806277082718238
lodging,svr_rbf,6.006310038,5.014699320217581
lodging,svr_rbf,4.378330103,4.559606191058676
lodging,svr_rbf,5.301541467,4.411433560985031
lodging,svr_rbf,4.018198831,4.817064112922857
lodging,svr_rbf,2.150761618,2.195973457311722
lodging,svr_rbf,1.846990422,2.0431766298834257
lodging,svr_rbf,1.847541835,2.1091837978893
lodging,svr_rbf,3.712477994,2.8655480583868167
lodging,svr_rbf,2.279279412,2.248592362331359
lodging,svr_rbf,2.893861478,2.8539420742669313
lodging,svr_rbf,6.137386548,4.871101197529049
lodging,svr_rbf,5.903995471,5.040656529608935
lodging,svr_rbf,4.158545464,3.672214914588261
lodging,svr_rbf,2.428033965,3.4747646238823213
lodging,svr_rbf,2.025134393,3.2850416896293977
lodging,svr_rbf,3.833975178,3.4380310189807726
lodging,svr_rbf,3.464739305,3.1898674033899077
lodging,svr_rbf,4.557754879,3.834486118016132
lodging,svr_rbf,1.732260846,2.601657547793655
lodging,svr_rbf,5.610611737,4.8866174265325215
lodging,svr_rbf,4.631430006,4.877087268524115
lodging,svr_rbf,4.221243337,4.384866711449873
lodging,svr_rbf,4.210396535,4.578439916337307
lodging,svr_rbf,1.331475989,2.9207205101240414
lodging,svr_rbf,5.924395753,5.12525407067415
lodging,svr_rbf,5.49059074,4.857425112085257
lodging,svr_rbf,5.26166452,4.254925873390606
lodging,svr_rbf,6.10153495,5.33074709731875
lodging,svr_rbf,4.189357017,5.153413552402368
lodging,svr_rbf,1.713467512,2.9440750343549924
lodging,svr_rbf,2.705356573,3.5130609394059373
lodging,svr_rbf,4.436597337,3.4413424705891433
lodging,svr_rbf,2.370132372,2.67739653597023
lodging,svr_rbf,4.238393343,4.130411712582435
lodging,svr_rbf,4.955320324,4.808935118064455
lodging,svr_rbf,4.632944782,4.937362053414247
lodging,svr_rbf,4.191054133,4.643697624332076
lodging,svr_rbf,2.634229973,3.491796038177764
lodging,svr_rbf,5.832377079,4.603996477426405
lodging,svr_rbf,5.420327517,4.772670192254459
lodging,svr_rbf,5.191522928,4.403729128887187
lodging,svr_rbf,3.937127999,4.4442133024405015
lodging,svr_rbf,3.114429781,3.4349339632909937
lodging,svr_rbf,4.758328879,4.95055149276618
lodging,svr_rbf,6.045625336,6.051982098353085
lodging,svr_rbf,5.428073661,5.858283503225278
lodging,svr_rbf,4.273195052,5.846629740214893
lodging,svr_rbf,5.144325785,4.745222921402614
lodging,svr_rbf,4.634576879,5.741327305269029
lodging,svr_rbf,5.581716746,4.596771570967674
lodging,svr_rbf,5.508295105,4.9185248729938476
lodging,svr_rbf,2.175288427,3.706885834502792
lodging,svr_rbf,4.931298096,5.833859516758709
lodging,svr_rbf,5.344920372,5.60968031925994
lodging,svr_rbf,3.347708844,4.7752981143498365
lodging,svr_rbf,4.471667602,3.919874386226084
lodging,svr_rbf,4.994937047,4.7525133819261045
lodging,svr_rbf,1.584022955,3.804626925266487
lodging,svr_rbf,5.178256765,5.959952421361945
lodging,svr_rbf,5.766552709,5.907277198954474
lodging,svr_rbf,3.812042281,4.119486793554048
lodging,svr_rbf,5.374889783,4.440021972082683
lodging,svr_rbf,4.347813791,4.7205908105102585
lodging,svr_rbf,4.4116959,4.77112345397765
lodging,svr_rbf,1.892882879,2.6880921894078025
lodging,svr_rbf,3.757816039,4.4950830663732235
lodging,svr_rbf,2.742599792,4.568514092921018
lodging,svr_rbf,5.171269919,3.922170155607965
lodging,svr_rbf,5.823737514,5.134080930222352
lodging,svr_rbf,6.167182902,4.848416605403196
lodging,svr_rbf,1.9551186,1.7916854023202466
lodging,svr_rbf,6.169369642,6.375192720403715
lodging,svr_rbf,6.50915752,5.747171807092667
lodging,svr_rbf,5.956223423,5.80820688031341
lodging,svr_rbf,5.197338785,4.756168549074909
lodging,svr_rbf,3.165873735,3.190395228973797
lodging,svr_rbf,5.360932478,5.405216003550549
lodging,svr_rbf,4.880555925,4.677686288073952
lodging,svr_rbf,5.382606735,3.7219751999623947
lodging,svr_rbf,5.693121072,4.6398452017464
lodging,svr_rbf,3.854758677,5.543314135224548
lodging,svr_rbf,5.185357021,4.564809467143205
lodging,svr_rbf,4.614984133,5.007397783196936
lodging,svr_rbf,5.30333718,5.17095639593907
lodging,svr_rbf,5.526014976,5.978604754823791
lodging,svr_rbf,5.33831448,5.908857068059021
lodging,svr_rbf,5.486231915,4.910696611451283
lodging,svr_rbf,2.846304125,4.115274926844998
lodging,svr_rbf,5.790824839,4.65271450792479
lodging,svr_rbf,6.552538765,5.352119953508401
lodging,svr_rbf,5.668091246,5.471641480055182
lodging,svr_rbf,5.086837394,3.8439927478951685
lodging,svr_rbf,4.054663338,4.483340030484856
lodging,svr_rbf,3.809711512,3.6946967613674397
lodging,svr_rbf,4.451206295,3.644952875947589
lodging,svr_rbf,4.890316246,4.624906562724066
lodging,svr_rbf,5.83940246,4.604892029525498
lodging,svr_rbf,4.57481975,5.207887079974102
lodging,svr_rbf,4.707641308,5.519149288345713
lodging,svr_rbf,5.915845941,4.649112200354102
lodging,svr_rbf,5.317733602,4.927413247168498
lodging,svr_rbf,3.007658952,2.4394521022584654
lodging,svr_rbf,5.480262428,4.813015353286051
lodging,svr_rbf,3.878657473,4.475974670669463
lodging,svr_rbf,4.215039594,2.7163874800361025
lodging,svr_rbf,4.272317156,4.46086566329106
lodging,svr_rbf,4.597023333,4.188551059482357
lodging,svr_rbf,2.495991323,2.3001462785709066
lodging,svr_rbf,6.606384456,4.264938132725598
lodging,svr_rbf,3.117780187,3.71246437156905
lodging,svr_rbf,6.725461894,5.575847126748798
lodging,svr_rbf,2.838225815,3.602367361106711
lodging,svr_rbf,2.339632572,3.554528080043729
lodging,svr_rbf,4.777638937,3.9599127905021168
lodging,svr_rbf,4.556355841,4.547733523855982
lodging,svr_rbf,5.945419876,4.332021065950562
lodging,svr_rbf,4.050493657,3.42127005950258
lodging,svr_rbf,5.302868522,3.622694747714807
lodging,svr_rbf,2.729445786,3.172770033526011
lodging,svr_rbf,3.232630847,3.6176617919766576
lodging,svr_rbf,3.549975133,4.718263424764323
lodging,svr_rbf,2.455953587,3.23842731809984
lodging,svr_rbf,3.972741721,5.636393584383947
lodging,svr_rbf,2.477956886,3.3068931440192717
lodging,svr_rbf,4.650354068,5.158559047727066
lodging,svr_rbf,3.348766365,5.269364612709963
lodging,svr_rbf,6.292982436,4.2455565478642425
lodging,svr_rbf,4.243202869,4.582146844013976
lodging,svr_rbf,2.60421781,3.6559902877976773
lodging,svr_rbf,5.071410865,3.5202612603087142
lodging,svr_rbf,2.352486133,4.1077131570160885
lodging,svr_rbf,3.216436666,4.13784812025257
lodging,svr_rbf,4.899199554,3.595275985594272
lodging,svr_rbf,4.658669506,4.115504810581805
lodging,svr_rbf,3.590791647,3.8560549088421245
lodging,svr_rbf,3.534490455,4.314029031999367
lodging,svr_rbf,3.895758578,4.426035493838315
lodging,svr_rbf,6.264105977,5.202611762111416
lodging,svr_rbf,4.898612672,4.906026464837912
lodging,svr_rbf,4.832225047,5.28133448207923
lodging,svr_rbf,3.103622643,5.14298731021391
lodging,svr_rbf,5.850636111,5.18760922227308
lodging,svr_rbf,3.006257964,4.1092269414679965
lodging,svr_rbf,4.260302407,5.161230107050894
lodging,svr_rbf,5.526556033,5.109215427036611
lodging,svr_rbf,3.194702075,3.5458310677894134
lodging,svr_rbf,5.683728864,4.567570518947912
lodging,svr_rbf,4.633772031,5.093067802289723
lodging,svr_rbf,4.245684852,4.340419338405598
lodging,svr_rbf,5.475448767,5.786241856291741
lodging,svr_rbf,4.37683697,3.8316829189788275
lodging,svr_rbf,2.696504545,4.436003515166095
lodging,svr_rbf,4.02266556,4.37527222126094
lodging,svr_rbf,5.111301742,4.595542575354062
lodging,svr_rbf,5.539852746,4.83544396349589
lodging,svr_rbf,6.872117552,5.9545616410069035
lodging,svr_rbf,4.183703762,4.581572954402723
lodging,svr_rbf,5.181903053,5.247127876114155
lodging,svr_rbf,3.775652065,4.413941888156932
lodging,svr_rbf,5.821299645,3.990579431254871
lodging,svr_rbf,4.327894254,4.07964451505512
lodging,svr_rbf,3.582551394,3.9620015881300286
lodging,svr_rbf,4.351011006,4.727278443997455
lodging,svr_rbf,4.872841609,5.522511816847284
lodging,svr_rbf,3.978956337,3.78060486216479
lodging,svr_rbf,3.620595705,3.415184702586
lodging,svr_rbf,4.329065778,4.13170376236198
lodging,svr_rbf,4.806399323,3.993114511077396
lodging,svr_rbf,4.707846935,4.546972264033601
lodging,svr_rbf,3.498895966,3.5817557068922024
lodging,svr_rbf,5.523333581,4.701499232181098
lodging,svr_rbf,4.719864731,4.287392101463973
lodging,svr_rbf,5.361344724,4.1484561859652285
lodging,svr_rbf,5.562203652,3.5497957185911773
lodging,svr_rbf,4.915984247,3.24768873049784
lodging,svr_rbf,5.253851879,4.697993252594294
lodging,svr_rbf,5.059527271,4.428501160785739
lodging,svr_rbf,5.135112082,5.304495165079608
lodging,svr_rbf,5.512279283,5.110504130443359
lodging,svr_rbf,2.521316042,3.3209427672989307
lodging,svr_rbf,5.124428232,5.129552017008654
lodging,svr_rbf,3.749274042,3.372312830454438
lodging,svr_rbf,3.658866437,3.269602406534033
lodging,svr_rbf,3.919528269,3.8709153602743136
lodging,svr_rbf,3.926984468,5.31132517895028
lodging,svr_rbf,4.397955464,5.422134026269243
lodging,svr_rbf,1.652942521,2.153052601345834
lodging,svr_rbf,4.969980074,4.180385920904264
lodging,svr_rbf,4.649858969,4.388457980282569
lodging,svr_rbf,3.790861055,5.4101096269985325
lodging,svr_rbf,4.594024351,4.654641321071029
lodging,svr_rbf,4.990780311,4.479021804137672
lodging,svr_rbf,4.620565627,5.979798279705686
lodging,svr_rbf,4.652114054,4.279572003446358
lodging,svr_rbf,4.321070989,3.298669600515505
lodging,svr_rbf,4.162164063,3.849766370409199
lodging,svr_rbf,4.702770328,4.695933927902591
lodging,svr_rbf,6.234887724,6.27369739731313
lodging,svr_rbf,4.538992816,5.354486002310153
lodging,svr_rbf,5.463588289,4.132347536003038
lodging,svr_rbf,4.69526536,4.605203603955873
lodging,svr_rbf,3.297521063,3.623251415053957
lodging,svr_rbf,2.929538509,2.4943578001920645
lodging,svr_rbf,4.656969351,4.765338652974788
lodging,svr_rbf,5.020231095,5.613372171636971
lodging,svr_rbf,5.114981399,3.8643268371297657
lodging,svr_rbf,5.650842925,4.956694729942547
lodging,svr_rbf,3.061165849,3.6535379068308216
lodging,svr_rbf,3.816660847,3.7168990099749557
lodging,svr_rbf,1.76315568,1.9028962534567073
lodging,svr_rbf,4.461376421,2.616406973680581
lodging,svr_rbf,3.897087598,4.461909213134006
lodging,svr_rbf,4.227437727,3.7220595353052723
lodging,svr_rbf,3.739869741,2.9083082916405836
lodging,svr_rbf,3.05781295,1.9462669248017894
lodging,svr_rbf,2.123951455,2.3205942643037556
lodging,svr_rbf,4.668373287,4.234089156025614
lodging,svr_rbf,4.856869571,5.369009975953928
lodging,svr_rbf,2.846266292,2.8410354868760797
lodging,svr_rbf,4.712003608,4.859304572306768
lodging,svr_rbf,3.362131662,3.5078850101926573
lodging,svr_rbf,7.622874823,5.886107096443083
lodging,svr_rbf,4.497894012,5.518674854927268
lodging,svr_rbf,4.399029059,5.151847875118233
lodging,svr_rbf,4.357475075,3.7072735511640067
lodging,svr_rbf,4.084908202,4.472938628979732
lodging,svr_rbf,2.931079574,4.446701319035911
lodging,svr_rbf,5.118345116,5.681276659643695
lodging,svr_rbf,5.227534284,4.510828199693761
lodging,svr_rbf,4.760308786,4.182705882302228
lodging,svr_rbf,4.961383238,3.9601870206893666
lodging,svr_rbf,2.987004774,3.0530645554333793
lodging,svr_rbf,3.94705695,4.1323202434191755
lodging,svr_rbf,4.084518834,4.401806043883272
lodging,svr_rbf,3.385490985,4.139847581075968
lodging,svr_rbf,3.332437308,3.433578183735052
lodging,svr_rbf,4.092816532,5.892072843082122
lodging,svr_rbf,5.750686866,5.518605566760591
lodging,svr_rbf,4.046082841,3.051041780407277
lodging,svr_rbf,3.911884515,4.776520495304645
lodging,svr_rbf,3.032681467,3.515066238238901
lodging,svr_rbf,1.842241512,2.1663128318097495
lodging,svr_rbf,1.521855278,2.09098236537997
lodging,svr_rbf,1.852497718,2.8059977990425287
lodging,svr_rbf,1.991830975,2.49947394712376
lodging,svr_rbf,3.25416796,3.757472908023563
lodging,svr_rbf,5.861620171,5.456787433764396
lodging,svr_rbf,3.973206476,4.354295060623534
lodging,svr_rbf,3.855542112,5.139613185207602
lodging,svr_rbf,4.415043957,4.80917693109346
lodging,svr_rbf,4.788720722,5.5077405456445225
lodging,svr_rbf,5.27621314,3.4985717154554266
lodging,svr_rbf,3.12442764,4.071943374353579
lodging,svr_rbf,4.916196659,4.407187722046551
lodging,svr_rbf,4.174916025,3.1899593244211006
lodging,svr_rbf,3.018373684,2.6828885299866303
lodging,svr_rbf,3.654144662,3.0115862623631164
lodging,svr_rbf,4.788902379,4.060313072610924
lodging,svr_rbf,5.345048071,4.8845668350614195
lodging,svr_rbf,3.797265608,3.5830316724003506
lodging,svr_rbf,4.226098546,3.79223594526926
lodging,svr_rbf,4.726022542,4.5125978044233825
lodging,svr_rbf,4.347589164,4.542057784379676
lodging,svr_rbf,4.388137225,4.546666292313689
lodging,svr_rbf,5.520380141,4.837143025002742
lodging,svr_rbf,5.151347886,3.0450670391534653
lodging,svr_rbf,6.547075227,5.238079761847029
lodging,svr_rbf,2.006057878,4.178423277860482
lodging,svr_rbf,4.467419511,5.178379016281439
lodging,svr_rbf,2.109106784,3.0812069796744197
lodging,svr_rbf,4.432711994,4.873049480869115
lodging,svr_rbf,5.334823806,3.5048976303518318
lodging,svr_rbf,4.351484117,3.4598183306211823
lodging,svr_rbf,2.8356063,3.1815469331411768
lodging,svr_rbf,4.656178745,4.198152444015405
lodging,svr_rbf,2.226618446,3.0340838338663465
lodging,svr_rbf,5.115806316,5.352597152321109
lodging,svr_rbf,4.717028951,4.2678663168437785
lodging,svr_rbf,5.230518033,5.754833321866419
lodging,svr_rbf,4.4583204,4.2810731253033785
lodging,svr_rbf,3.184280556,3.9048533332607738
lodging,svr_rbf,4.02314869,3.7740772698352236
lodging,svr_rbf,5.469011821,4.29351150589656
lodging,svr_rbf,4.292328015,5.363673142200638
lodging,svr_rbf,4.941436323,5.580732717402783
lodging,svr_rbf,4.656513771,3.7597851317264306
lodging,svr_rbf,5.129638566,5.658058225210272
lodging,svr_rbf,4.364490175,5.6381047376281686
lodging,svr_rbf,6.398037925,5.8302322028341775
lodging,svr_rbf,5.898260402,5.550112829595846
lodging,svr_rbf,6.445446333,5.510113005059086
lodging,svr_rbf,4.485682849,3.888635711643544
lodging,svr_rbf,4.104672636,2.959898730393925
lodging,svr_rbf,4.343036868,3.525278498283938
lodging,svr_rbf,4.721548166,4.242909560446483
lodging,svr_rbf,2.721797518,3.0586837896688586
lodging,svr_rbf,3.927073481,3.87238938191087
lodging,svr_rbf,3.897246117,3.478190201153253
lodging,svr_rbf,1.959922517,3.514988150001975
lodging,svr_rbf,1.345335356,1.7961730527578
lodging,svr_rbf,2.483123379,3.6889971278238654
lodging,svr_rbf,3.535152614,4.105028398958454
lodging,svr_rbf,3.905811507,3.8692472766759645
lodging,svr_rbf,4.792873996,4.770148412917466
lodging,svr_rbf,5.422952208,5.322080415725337
lodging,svr_rbf,5.858145806,5.339000138033513
lodging,svr_rbf,2.714066514,3.332284813753832
lodging,svr_rbf,3.557785783,3.986837441807192
lodging,svr_rbf,4.239419192,4.838611179634859
lodging,svr_rbf,4.879896412,4.459979439432941
lodging,svr_rbf,2.199258873,2.464163134516652
lodging,svr_rbf,4.310518118,4.365755463537223
lodging,svr_rbf,3.458677396,3.40591813195607
lodging,svr_rbf,5.126184026,4.477976067588062
lodging,svr_rbf,3.157951198,3.7324519106784226
lodging,svr_rbf,2.495654859,3.551291522876487
lodging,svr_rbf,3.17187251,2.9903449961828343
lodging,svr_rbf,4.231189011,3.056066382047556
lodging,svr_rbf,2.839871118,3.1585656087427756
lodging,svr_rbf,6.114884823,6.034714768872049
lodging,svr_rbf,4.519585972,4.946132528648039
lodging,svr_rbf,2.836531508,4.800947607845884
lodging,svr_rbf,4.280409351,3.596950083244848
lodging,svr_rbf,3.302575963,4.814564402205121
lodging,svr_rbf,2.762068049,3.175496443668044
lodging,svr_rbf,4.277552963,3.8842225883783854
lodging,svr_rbf,4.740483969,4.571524495480902
lodging,svr_rbf,4.78344071,4.233297052729973
lodging,svr_rbf,3.3086576,3.534107392573997
lodging,svr_rbf,4.420136557,3.284774921848755
lodging,svr_rbf,4.228182347,3.8312463072794873
lodging,svr_rbf,3.622257198,4.820696697154716
lodging,svr_rbf,3.800183974,4.96216866628667
lodging,svr_rbf,3.077478694,2.8474670766701955
lodging,svr_rbf,3.80419515,3.0792267954063277
lodging,svr_rbf,4.554386761,3.6491858984212104
lodging,svr_rbf,2.944961573,2.7113139537766093
lodging,svr_rbf,2.766499021,3.6736490031894484
lodging,svr_rbf,4.423300721,3.7258123336484936
lodging,svr_rbf,4.616495526,4.282570583286821
lodging,svr_rbf,5.078188354,4.399664900496463
lodging,svr_rbf,4.921836463,3.6495976094668445
lodging,svr_rbf,6.354450241,4.778212630557624
lodging,svr_rbf,4.164241775,3.8579787067958162
lodging,svr_rbf,4.622479531,4.074674499757321
lodging,svr_rbf,4.32803416,4.773929487380863
lodging,svr_rbf,4.888426596,4.658370721837672
lodging,svr_rbf,5.130013638,6.068093745660665
lodging,svr_rbf,4.912231624,4.03576944844154
lodging,svr_rbf,5.313829485,4.063685201938264
lodging,svr_rbf,2.910019696,4.833606339858642
lodging,svr_rbf,5.949283225,6.032569001363118
lodging,svr_rbf,6.213324731,6.1303159718331015
lodging,svr_rbf,3.582525186,3.996203465369688
lodging,svr_rbf,5.718219152,5.190810174086396
lodging,svr_rbf,4.784482872,4.899866025695215
lodging,svr_rbf,3.20561382,3.619212112020806
lodging,svr_rbf,2.157534855,2.9365228864986683
lodging,svr_rbf,4.569913543,3.6010284550755713
lodging,svr_rbf,6.429281313,5.600616450293326
lodging,svr_rbf,2.272441004,2.987257008525061
lodging,svr_rbf,1.684594722,2.879820233085522
lodging,svr_rbf,5.351767574,4.6025802206979485
lodging,svr_rbf,3.461243287,4.31664059652438
lodging,svr_rbf,5.951598285,6.2870170800047145
lodging,svr_rbf,4.775419338,4.918894126350947
lodging,svr_rbf,5.594345263,4.395855993637162
lodging,svr_rbf,4.647939538,5.076805513151186
lodging,svr_rbf,4.384931256,4.953349550178574
lodging,svr_rbf,5.867212696,5.986465280016204
lodging,svr_rbf,6.433244562,5.285450172823742
lodging,svr_rbf,2.975325383,2.983541961096619
lodging,svr_rbf,5.535560789,5.429825790829444
lodging,svr_rbf,5.374501518,4.935471940892457
lodging,svr_rbf,3.412517888,3.385125830087385
lodging,svr_rbf,5.007931087,4.882641432084153
lodging,svr_rbf,2.824084032,3.1677124222895543
lodging,svr_rbf,5.461442303,5.131550445035517
lodging,svr_rbf,2.221533451,3.6713614827723706
lodging,svr_rbf,5.339080212,3.7193881499463637
lodging,svr_rbf,3.00941801,3.507836645410836
lodging,svr_rbf,4.050293724,3.362728856170632
lodging,svr_rbf,4.828747404,3.917360252325372
lodging,svr_rbf,3.471794706,4.493114569520234
lodging,svr_rbf,4.276882324,5.117839351691528
lodging,svr_rbf,5.712272697,5.017092797096147
lodging,svr_rbf,2.75195233,3.519595685158532
lodging,svr_rbf,4.425545405,4.572298390137099
lodging,svr_rbf,5.035453277,5.595813782631649
lodging,svr_rbf,5.833932351,5.751407600653183
lodging,svr_rbf,5.796110096,5.516685350857399
lodging,svr_rbf,4.947919417,4.661815356425143
lodging,svr_rbf,5.107548571,4.909754993133422
lodging,svr_rbf,3.61060408,3.628741380425935
lodging,svr_rbf,3.019364291,2.888992679091008
lodging,svr_rbf,6.251530686,5.1565647438826145
lodging,svr_rbf,4.414177121,4.52675725649405
lodging,svr_rbf,4.220568237,4.412842190392906
lodging,svr_rbf,4.262197652,4.199623557913152
lodging,svr_rbf,2.256176744,1.7472444400458036
lodging,svr_rbf,5.504238808,4.2133613517413355
lodging,svr_rbf,5.349120378,5.335468591533454
lodging,svr_rbf,1.948802947,3.674414510208898
lodging,svr_rbf,5.045576705,4.615133621237187
lodging,svr_rbf,4.45909478,5.3979182548653455
lodging,svr_rbf,3.115109204,5.152737215126684
lodging,svr_rbf,3.2519328535,4.7324315437320825
lodging,svr_rbf,4.586131284,4.752111112263099
lodging,svr_rbf,7.573818309,5.202211467296731
lodging,svr_rbf,4.784326574,5.250811357712092
lodging,svr_rbf,5.317745894,4.731022227393936
lodging,svr_rbf,4.944483525,4.443196808787014
lodging,svr_rbf,4.416832099,5.032688531260085
lodging,svr_rbf,4.566377849,4.747805457477554
lodging,svr_rbf,6.13393837,4.9470315552350534
lodging,svr_rbf,4.161002275,4.500804995072666
lodging,svr_rbf,4.077029973,4.576372373021285
lodging,svr_rbf,2.911577251,3.8661308247449293
lodging,svr_rbf,5.047151684,5.1370517185168865
lodging,svr_rbf,4.786826873,4.597195492228544
lodging,svr_rbf,6.139518626,5.687387128719278
lodging,svr_rbf,4.919173356,4.71324506960539
lodging,svr_rbf,4.476460842,4.789854143214957
lodging,svr_rbf,1.812338882,2.9808653357405577
lodging,svr_rbf,1.602527523,2.924394455096934
lodging,svr_rbf,6.467910165,5.003653719759455
lodging,svr_rbf,3.796933208,3.0736021243743026
lodging,svr_rbf,2.847636652,3.2864169676353803
lodging,svr_rbf,2.801179323,3.75515963296938
lodging,svr_rbf,4.503331147,4.450113476597903
lodging,svr_rbf,4.697404464,3.3454202172544933
lodging,svr_rbf,3.452804531,3.149405920056248
lodging,svr_rbf,4.473978076,3.6072911355422663
lodging,svr_rbf,5.179140491,3.6640334539346346
lodging,svr_rbf,4.023612906,3.9106638136220573
lodging,svr_rbf,3.431845789,3.5326143917278605
lodging,svr_rbf,5.740444128,6.2096854065912845
lodging,svr_rbf,6.868828198,5.909356981232489
lodging,svr_rbf,5.104171755,4.749936925522965
lodging,svr_rbf,4.76863407,6.021770203273096
lodging,svr_rbf,6.751134334,6.279498711311781
lodging,svr_rbf,5.439629806,6.1171385493605
lodging,svr_rbf,4.672937649,4.841948852017098
lodging,svr_rbf,6.787596732,6.143103129141844
lodging,svr_rbf,5.475898943,6.102940203134877
lodging,svr_rbf,7.265955874,5.932041627689357
lodging,svr_rbf,4.872031548,5.060152224983013
lodging,svr_rbf,3.382035541,3.801718553557189
lodging,svr_rbf,4.525669767,4.817271458455253
lodging,svr_rbf,4.623861384,5.047025801301011
lodging,svr_rbf,6.223058511,5.1421933540395
lodging,svr_rbf,4.37548774,4.749206333186724
lodging,svr_rbf,4.499155652,5.765441666000829
lodging,svr_rbf,6.104600126,5.334761936719698
lodging,svr_rbf,5.053382437,4.921714918677503
lodging,svr_rbf,3.63390081,5.27948600265645
lodging,svr_rbf,6.115412217,5.4561768730421365
lodging,svr_rbf,6.058013171,5.679715937769118
lodging,svr_rbf,6.000484175,5.58933016823788
lodging,svr_rbf,6.014842728,5.29430174722758
lodging,svr_rbf,5.01647163,4.884698909506948
lodging,svr_rbf,3.953235103,3.72258366512589
lodging,svr_rbf,4.179331082,4.205279403551789
lodging,svr_rbf,4.392127321,6.181491591148698
lodging,svr_rbf,6.763826753,5.967653899820154
lodging,svr_rbf,6.779607827,5.916887101558415
lodging,svr_rbf,6.703613377,5.846174697261754
lodging,svr_rbf,5.396830176,6.184801370305322
lodging,svr_rbf,5.868403779,4.820836956893147
lodging,svr_rbf,5.421888563,4.4893240237096395
lodging,svr_rbf,3.411879072,5.891845702855779
lodging,svr_rbf,5.160703488,5.352713431803232
lodging,svr_rbf,4.366121199,4.325864129467556
lodging,svr_rbf,3.544802343,4.211926140855311
lodging,svr_rbf,5.557012284,5.087138196067266
lodging,svr_rbf,1.680536011,2.2309351688072647
lodging,svr_rbf,1.778381997,2.510139289781903
lodging,svr_rbf,5.68494121,5.2931341817446755
lodging,svr_rbf,3.856466636,5.269917116383401
lodging,svr_rbf,3.117689596,5.487889577814767
lodging,svr_rbf,5.119732307,4.802010641481788
lodging,svr_rbf,3.862444722,4.631254413136161
lodging,svr_rbf,3.301610727,3.534436863393726
lodging,svr_rbf,3.299030754,4.950650447413658
lodging,svr_rbf,4.638951363,4.798211642755649
lodging,svr_rbf,4.015279224,2.580230782961481
lodging,svr_rbf,4.576371766,4.098362744854335
lodging,svr_rbf,4.371463961,4.096834464423346
lodging,svr_rbf,3.347167778,2.241935898475612
lodging,svr_rbf,3.853084511,4.670567866668405
lodging,svr_rbf,1.337708735,1.9774624734263
lodging,svr_rbf,4.092336223,5.031929634551566
lodging,svr_rbf,4.584704065,3.863071026996622
lodging,svr_rbf,4.641198522,4.688876728602319
lodging,svr_rbf,4.043323334,3.9621087934834356
lodging,svr_rbf,4.364560795,3.6656027109573786
lodging,svr_rbf,0.893707226,3.1391189118032674
lodging,svr_rbf,3.875339844,3.608280922025777
lodging,svr_rbf,3.396556025,3.2555498708579664
lodging,svr_rbf,4.28998733,3.347023537132838
lodging,svr_rbf,3.860008033,3.1768190210520704
lodging,svr_rbf,7.067088669,5.178038632667587
lodging,svr_rbf,4.740083449,4.09077873138867
lodging,svr_rbf,4.834950951,4.670485813119863
lodging,svr_rbf,1.218162723,3.2426973487858666
lodging,svr_rbf,1.248560567,2.210851405580626
lodging,svr_rbf,4.320385706,4.877072605200603
lodging,svr_rbf,3.989236797,3.952290415637595
lodging,svr_rbf,1.964620369,2.979960520018449
lodging,svr_rbf,3.764629335,3.3903020956042345
lodging,svr_rbf,4.772437166,4.457083523353359
lodging,svr_rbf,4.55920976,4.431254286335347
lodging,svr_rbf,4.829363796,4.4049151598374525
lodging,svr_rbf,5.22506268,5.409496228828291
lodging,svr_rbf,5.505694965,5.128197375571565
lodging,svr_rbf,4.327852354,3.939436153194261
lodging,svr_rbf,5.197882276,5.045032789992598
lodging,svr_rbf,1.632720397,1.9702576272526073
lodging,svr_rbf,1.54784709,2.0584527786572773
lodging,svr_rbf,5.004945045,4.10791392535201
lodging,svr_rbf,5.146490773,5.084118732697933
lodging,svr_rbf,2.508978419,2.650753143143649
lodging,svr_rbf,3.584736855,4.608392057704534
lodging,svr_rbf,2.064772446,2.732741363498611
lodging,svr_rbf,3.919152409,4.707068350925325
lodging,svr_rbf,4.657951759,5.290416123704154
lodging,svr_rbf,5.649148764,4.867767097561314
lodging,svr_rbf,3.841546978,4.204171469816671
lodging,svr_rbf,5.385630271,5.030485486278227
lodging,svr_rbf,5.039232182,5.168215497629365
lodging,svr_rbf,3.760815206,4.894730598396186
lodging,svr_rbf,5.346277948,4.931210677959631
lodging,svr_rbf,4.266503751,4.82093050674051
lodging,svr_rbf,6.566555523,5.470068220390603
lodging,svr_rbf,4.531366111,4.52266105112246
lodging,svr_rbf,3.914885439,3.9892812031495577
lodging,svr_rbf,5.150057616,5.1989946384520715
lodging,svr_rbf,1.801756288,1.6303944612537
lodging,svr_rbf,2.432197243,2.6956858580681207
lodging,svr_rbf,1.99320788,2.988124360786459
lodging,svr_rbf,6.504567262,5.640266598211652
lodging,svr_rbf,2.301614905,2.7962302423112444
lodging,svr_rbf,5.071310959,4.369054851254478
lodging,svr_rbf,1.969593308,1.9605547601601567
lodging,svr_rbf,5.476465658,3.8151339612883666
lodging,svr_rbf,4.099072818,4.723714452511306
lodging,svr_rbf,3.89988251,4.699326762126972
lodging,svr_rbf,1.741193104,2.5956059786483934
lodging,svr_rbf,2.559948281,2.466978843863546
lodging,svr_rbf,4.479070022,4.576445177948682
lodging,svr_rbf,1.101869328,2.0177093019404206
lodging,svr_rbf,1.809142825,2.328510434087484
lodging,svr_rbf,2.325586512,2.4333321907359693
lodging,svr_rbf,6.022132232,4.977998508738721
lodging,svr_rbf,2.403801113,2.0261388613248377
lodging,svr_rbf,5.19670088,5.119319641125024
lodging,svr_rbf,3.304496575,4.626716254678924
lodging,svr_rbf,3.882299353,4.4972453417928175
lodging,svr_rbf,4.321430004,5.342787677898996
lodging,svr_rbf,5.117319238,4.58200796694219
lodging,svr_rbf,4.199238013,4.404512926041332
lodging,svr_rbf,3.94259445,4.6088947369091775
lodging,svr_rbf,6.144647904,5.426812797398184
lodging,svr_rbf,4.65571242,4.147975482154974
lodging,svr_rbf,3.019690362,2.247783185376533
lodging,svr_rbf,4.672617719,4.513425384402569
lodging,svr_rbf,4.74200161,4.935525656105559
lodging,svr_rbf,4.906033452,5.098022588448102
lodging,svr_rbf,3.707176796,4.503575014638809
lodging,svr_rbf,4.104879749,4.193898037006119
lodging,svr_rbf,5.307473856,4.735311174434322
lodging,svr_rbf,4.838346722,3.038435639021009
lodging,svr_rbf,6.991458199,4.580713054896189
lodging,svr_rbf,4.463347296,4.98318809947338
lodging,svr_rbf,4.298862098,3.780477678274919
lodging,svr_rbf,6.975004619,4.746918194622384
lodging,svr_rbf,5.241783201,5.381118700082543
lodging,svr_rbf,4.88884554,4.416696271830492
lodging,svr_rbf,5.622153822,5.896325426569816
lodging,svr_rbf,6.112798407,5.919415999030844
lodging,svr_rbf,5.784897284,4.962808566807779
lodging,svr_rbf,3.625195196,3.2004508644171072
lodging,svr_rbf,2.394888765,3.08434150204286
lodging,svr_rbf,3.660392061,3.582837584490275
lodging,svr_rbf,3.853187623,4.097403534001158
lodging,svr_rbf,4.167079841,4.7781100883632766
lodging,svr_rbf,1.844759632,3.847887741789798
lodging,svr_rbf,3.641194674,4.041421557412205
lodging,svr_rbf,2.896456547,3.639938229188914
lodging,svr_rbf,4.053443693,3.798522443525446
lodging,svr_rbf,5.453390512,3.8504138041683307
lodging,svr_rbf,3.839919072,2.8193082908995795
lodging,svr_rbf,5.075445612,4.126665972105297
lodging,svr_rbf,3.063298141,3.933239321878715
lodging,svr_rbf,4.939951446,4.449809082493992
lodging,svr_rbf,1.892332919,3.470299280634989
lodging,svr_rbf,3.493881131,3.7213985136621126
lodging,svr_rbf,5.191209619,4.174750349712265
lodging,svr_rbf,4.379345952,4.1014696220543385
lodging,svr_rbf,3.971284143,3.4858263412350965
lodging,svr_rbf,4.296070344,4.565646046223808
lodging,svr_rbf,2.213588334,1.9846906742307615
lodging,svr_rbf,1.477866342,2.4451041028368232
lodging,svr_rbf,3.291478704,4.450196149372144
lodging,svr_rbf,4.098301531,4.446642042440954
lodging,svr_rbf,2.593418654,3.8586921498024154
lodging,svr_rbf,3.840692807,3.8051939186802475
lodging,svr_rbf,2.559092228,4.8269579188094855
lodging,svr_rbf,2.228494701,3.99362451481921
lodging,svr_rbf,6.122793352,3.984065068604038
lodging,svr_rbf,3.897611651,4.143168181190445
lodging,svr_rbf,4.089283519,3.8758285833759842
lodging,svr_rbf,3.935390208,4.763304446170921
lodging,svr_rbf,5.471261277,4.432323945061295
lodging,svr_rbf,4.773921412,4.857368396612479
lodging,svr_rbf,4.448736192,4.9169363084140985
lodging,svr_rbf,4.480610067,3.8409365761183327
lodging,svr_rbf,4.678029094,4.10952030275856
lodging,svr_rbf,4.478901922,3.5371227588854035
lodging,svr_rbf,2.979226226,2.9770546960745228
lodging,svr_rbf,3.145577394,3.016344376702513
lodging,svr_rbf,3.287340025,2.993090718292393
lodging,svr_rbf,2.896896744,3.683992343417584
lodging,svr_rbf,4.654163806,4.346274522395418
lodging,svr_rbf,2.13623792,4.858807173859687
lodging,svr_rbf,2.522362427,2.828982904379238
lodging,svr_rbf,4.550783543,4.419346499733497
lodging,svr_rbf,3.508206028,4.02028691199817
lodging,svr_rbf,2.440079575,2.465468112709373
lodging,svr_rbf,2.770383488,3.211372996160822
lodging,svr_rbf,6.145358316,4.568718152912058
lodging,svr_rbf,5.021682448,4.068230912929166
lodging,svr_rbf,5.658259837,4.644163805938931
lodging,svr_rbf,5.185553415,5.720112194642786
lodging,svr_rbf,3.851277592,3.99116015730906
lodging,svr_rbf,3.425438489,4.271710931642928
lodging,svr_rbf,4.301141772,4.006053656493554
lodging,svr_rbf,5.2022527,3.827603535571421
lodging,svr_rbf,4.491685657,3.9620975843523487
lodging,svr_rbf,4.978795668,4.436393067251471
lodging,svr_rbf,3.655321858,3.5420736708748457
lodging,svr_rbf,4.201783085,3.295865902900212
lodging,svr_rbf,5.01590734,3.6353857109650383
lodging,svr_rbf,4.085441218,4.100677166014733
lodging,svr_rbf,3.335592615,3.374240128784723
lodging,svr_rbf,4.677931074,4.2063876715664605
lodging,svr_rbf,4.005514319,4.151121595014627
lodging,svr_rbf,4.069880307,3.737045882216056
lodging,svr_rbf,1.93872088,3.354446555437817
lodging,svr_rbf,3.063977908,2.78001577713118
lodging,svr_rbf,6.184711275,5.50306722774745
lodging,svr_rbf,5.238867392,5.774027914207514
lodging,svr_rbf,2.939160487,3.7987726896815404
lodging,svr_rbf,1.975639885,2.249623548769619
lodging,svr_rbf,4.465176718,3.1497250736182556
lodging,svr_rbf,1.649528363,2.754586462615611
lodging,svr_rbf,6.533970428,5.52494070714404
lodging,svr_rbf,1.626141594,2.959687272193274
lodging,svr_rbf,3.23236706,3.957763402349431
lodging,svr_rbf,3.635696551,4.601741659031545
lodging,svr_rbf,7.046709444,5.6384461927220695
lodging,svr_rbf,3.2595745,4.0477523550633805
lodging,svr_rbf,5.275306215,5.281012857802231
lodging,svr_rbf,4.770455151,5.817837706853977
lodging,svr_rbf,3.101062896,2.7632307540028562
lodging,svr_rbf,5.448852153,3.588857744509241
lodging,svr_rbf,2.268932395,3.332027177937677
lodging,svr_rbf,3.292886999,3.993730691340637
lodging,svr_rbf,2.589895923,3.071330149307257
lodging,svr_rbf,3.220548623,4.132645903190957
lodging,svr_rbf,3.693989962,4.796669099244851
lodging,svr_rbf,4.823767638,3.0983399569799266
lodging,svr_rbf,7.120885983,5.23647071661384
lodging,svr_rbf,2.21593201,2.625367291517272
lodging,svr_rbf,4.15241155,3.8177260359584095
lodging,svr_rbf,2.228217887,2.9681998654618322
lodging,svr_rbf,2.517946235,3.548068136577196
lodging,svr_rbf,3.353558237,4.030903788126613
lodging,svr_rbf,4.067579367,4.119238636189789
lodging,svr_rbf,2.555535004,2.631442673678098
lodging,svr_rbf,4.043781643,2.7594494236351075
lodging,svr_rbf,2.841172485,3.0910855816248093
lodging,svr_rbf,1.714144661,3.124022709974854
lodging,svr_rbf,2.776561476,1.9730444043869957
lodging,svr_rbf,2.082461683,2.439897764148241
lodging,svr_rbf,2.166396948,2.2651600265529863
lodging,svr_rbf,1.951992416,2.3478767978814616
lodging,svr_rbf,5.113659853,4.293462973196927
lodging,svr_rbf,2.338540393,4.721870901002362
lodging,svr_rbf,4.094321262,3.751690478047731
lodging,svr_rbf,5.065734276,3.938677192078151
lodging,svr_rbf,3.970811604,4.57745113264871
lodging,svr_rbf,2.764819695,4.262108341094473
lodging,svr_rbf,3.25990035,3.645462958046908
lodging,svr_rbf,2.10433678,4.117965135481994
lodging,svr_rbf,3.934116573,4.397908935741012
lodging,svr_rbf,3.592001336,4.663175569541517
lodging,svr_rbf,2.937346268,4.109519308009199
lodging,svr_rbf,4.100097883,5.075011674596917
lodging,svr_rbf,3.179139799,3.9162699761755304
lodging,svr_rbf,4.922221525,3.9039282468787952
lodging,svr_rbf,4.752816507,3.3859189691024056
lodging,svr_rbf,1.699062358,2.5055092301707216
lodging,svr_rbf,3.710430428,3.6681551407449207
lodging,svr_rbf,5.206733713,4.448715398171412
lodging,svr_rbf,4.740848426,4.641420103397986
lodging,svr_rbf,4.575616763,4.47124550408845
lodging,svr_rbf,4.658890847,3.270231143187387
lodging,svr_rbf,3.370972835,3.5784515953119405
lodging,svr_rbf,1.655833443,4.782758159127462
lodging,svr_rbf,4.071623016,3.467677311599606
lodging,svr_rbf,2.850522506,2.507154653387956
lodging,svr_rbf,4.904154521,3.368007619469087
lodging,svr_rbf,5.128696682,4.494509700905932
lodging,svr_rbf,2.714575671,3.641991884578705
lodging,svr_rbf,6.619358192,5.128201700819921
lodging,svr_rbf,6.682052132,5.44219610826431
lodging,svr_rbf,3.424358949,3.8869970217511365
lodging,svr_rbf,5.435596619,3.0042307507166894
lodging,svr_rbf,4.649489391,4.593755429774894
lodging,svr_rbf,3.78364287,4.258638431867019
lodging,svr_rbf,2.886957236,3.6623395891574084
lodging,svr_rbf,3.013890058,3.922900652551336
lodging,svr_rbf,3.998086448,3.104954082050127
lodging,svr_rbf,3.281364759,4.585414798451249
lodging,svr_rbf,5.290636593,3.398820077334377
lodging,svr_rbf,4.340169102,3.7233208125162602
lodging,svr_rbf,3.733036173,4.607009516216954
lodging,svr_rbf,5.34012693,4.828869184454418
lodging,svr_rbf,4.838967055,3.539959832829323
lodging,svr_rbf,4.433693233,4.422659652414216
lodging,svr_rbf,2.50922651,2.8633598009083343
lodging,svr_rbf,2.95930357,2.2459399416751373
lodging,svr_rbf,4.029511883,3.6956251412337293
lodging,svr_rbf,2.908271205,3.9717385197225585
lodging,svr_rbf,5.270220734,4.267149377315234
lodging,svr_rbf,3.674294241,3.864755992641549
lodging,svr_rbf,2.527545919,5.071356626732436
lodging,svr_rbf,5.040342662,4.009807719156189
lodging,svr_rbf,3.190825378,4.309569089420946
lodging,svr_rbf,4.964198949,4.468798147981738
lodging,svr_rbf,6.010167046,4.373605074707194
lodging,svr_rbf,5.488039634,4.577212354623856
lodging,svr_rbf,4.81630653,4.5503151388355585
lodging,svr_rbf,2.824581554,2.8411990692042224
lodging,svr_rbf,4.604293052,3.2951073734346217
lodging,svr_rbf,3.407849723,2.915007607266914
lodging,svr_rbf,3.832855444,4.259407520517012
lodging,svr_rbf,3.775659337,2.860992020970164
lodging,svr_rbf,5.041832854,4.271691039359167
lodging,svr_rbf,3.053894606,3.6585639717487717
lodging,svr_rbf,4.472557711,4.20206791844593
lodging,svr_rbf,5.367492761,4.500266152594137
lodging,svr_rbf,5.377026626,4.454336552969205
lodging,svr_rbf,4.973949939,5.603441098117891
lodging,svr_rbf,3.391987873,5.301106636232389
lodging,svr_rbf,4.386450984,4.669856576785467
lodging,svr_rbf,4.59991347,5.470465619074829
lodging,svr_rbf,5.646128936,4.378762618366797
lodging,svr_rbf,4.745899951,4.427502777032591
lodging,svr_rbf,4.699786608,4.869990379687805
lodging,svr_rbf,4.512807754,4.433261005574391
lodging,svr_rbf,3.279521909,4.256759879135222
lodging,svr_rbf,5.252116469,4.826130352847585
lodging,svr_rbf,4.415609183,4.842749823532869
lodging,svr_rbf,2.91278604,3.550712797695681
lodging,svr_rbf,4.632283408,4.140781973423456
lodging,svr_rbf,4.568497404,4.496782599049256
lodging,svr_rbf,4.305513966,5.082218437934003
lodging,svr_rbf,4.990581624,4.184187068915301
lodging,svr_rbf,2.331689427,3.2340661305823453
lodging,svr_rbf,4.507277735,3.922528544058262
lodging,svr_rbf,4.540685481,4.649136068377704
lodging,svr_rbf,3.026729048,3.0934287662069115
lodging,svr_rbf,1.83496115,4.1395088541030365
lodging,svr_rbf,3.58208097,3.769994411568125
lodging,svr_rbf,2.273316558,2.917501372379031
lodging,svr_rbf,3.106137155,4.037714981294004
lodging,svr_rbf,4.643834597,5.108909168642772
lodging,svr_rbf,1.591202136,2.810349403462829
lodging,svr_rbf,5.317955963,4.1820818675446665
lodging,svr_rbf,2.698977413,2.395707940628313
lodging,svr_rbf,2.462774602,3.164130424095863
lodging,svr_rbf,5.111591289,3.8652363760732973
lodging,svr_rbf,2.046054587,2.804865385233609
lodging,svr_rbf,6.30724436,4.749627389854211
lodging,svr_rbf,5.671323962,4.551737591743553
lodging,svr_rbf,5.437253231,4.4183527560829745
lodging,svr_rbf,3.453043868,3.223230996139878
lodging,svr_rbf,5.304788893,4.038812009701509
lodging,svr_rbf,2.179415141,1.8504958103530598
lodging,svr_rbf,5.375732395,3.92546260920631
lodging,svr_rbf,2.797350437,2.758527295046756
lodging,svr_rbf,5.044807382,4.7325297741663155
lodging,svr_rbf,3.876511978,4.813014835577549
lodging,svr_rbf,5.02322295,4.732581155015814
lodging,svr_rbf,4.940800869,5.091423532533467
lodging,svr_rbf,4.777156571,4.580181824269907
lodging,svr_rbf,5.477913353,5.463982787999156
lodging,svr_rbf,4.261307129,4.33851507664162
lodging,svr_rbf,4.973536271,4.192582393738585
lodging,svr_rbf,3.114161643,3.8322138706256883
plant_height,svr_rbf,75.67769594,79.04487191520249
plant_height,svr_rbf,84.55449674,79.74187682670674
plant_height,svr_rbf,73.03060308,85.93210182328133
plant_height,svr_rbf,83.591326,83.04175235130663
plant_height,svr_rbf,84.01965112,81.06716746183794
plant_height,svr_rbf,80.04021115,82.99022637896262
plant_height,svr_rbf,81.69455686,79.76349084556885
plant_height,svr_rbf,81.5700258,83.57065908689795
plant_height,svr_rbf,77.22669886,79.70361177436413
plant_height,svr_rbf,82.92253771,100.58690553659547
plant_height,svr_rbf,80.77550615,83.12627871524734
plant_height,svr_rbf,84.37134405,83.69984747751106
plant_height,svr_rbf,84.27392326,79.58383387531717
plant_height,svr_rbf,82.73914471,88.81254044519193
plant_height,svr_rbf,81.77065709,83.50410910252626
plant_height,svr_rbf,82.87641502,79.25848331851205
plant_height,svr_rbf,83.7984174,82.16184113932243
plant_height,svr_rbf,84.68236134,82.78751837113141
plant_height,svr_rbf,86.95854211,81.98424876290949
plant_height,svr_rbf,73.64524526,79.1604502498777
plant_height,svr_rbf,83.18163398,83.82236231044999
plant_height,svr_rbf,81.79162537,81.26213093686648
plant_height,svr_rbf,84.19010671,82.25894399860277
plant_height,svr_rbf,91.23067919,86.5401412914071
plant_height,svr_rbf,79.58098299,81.4890134747566
plant_height,svr_rbf,86.53196357,79.65879829751401
plant_height,svr_rbf,87.60935176,87.39060328947592
plant_height,svr_rbf,85.26875092,78.74561615286797
plant_height,svr_rbf,84.79656269,81.95930201169146
plant_height,svr_rbf,81.65845898,83.40532674430393
plant_height,svr_rbf,79.19504919,81.48427517818347
plant_height,svr_rbf,77.22195544,77.86514971979658
plant_height,svr_rbf,78.80499912,78.90920811148712
plant_height,svr_rbf,90.69975005,82.06248891391513
plant_height,svr_rbf,78.58061471,80.56384225114856
plant_height,svr_rbf,78.4224302,79.6631068117837
plant_height,svr_rbf,83.05011296,81.05945366560276
plant_height,svr_rbf,80.60449466,81.06560802001565
plant_height,svr_rbf,85.87863387,80.43279372261205
plant_height,svr_rbf,82.10460558,80.92679282108055
plant_height,svr_rbf,84.47748544,85.45461768644657
plant_height,svr_rbf,80.99994393,81.18160779893861
plant_height,svr_rbf,76.9130623,79.20777407170345
plant_height,svr_rbf,84.99348103,77.6712000876388
plant_height,svr_rbf,80.1499059,80.9521122164205
plant_height,svr_rbf,79.43039047,82.16608800892777
plant_height,svr_rbf,75.25906779,80.87957435772687
plant_height,svr_rbf,81.7058996,80.3549985155635
plant_height,svr_rbf,84.66399821,82.50744222759744
plant_height,svr_rbf,72.08291102,86.21376399659961
plant_height,svr_rbf,80.49454892,81.50790922517356
plant_height,svr_rbf,78.0534873,81.6576417854572
plant_height,svr_rbf,83.14791631,79.95405557492639
plant_height,svr_rbf,80.71921434,81.70637980104112
plant_height,svr_rbf,82.02358175,82.19029238236952
plant_height,svr_rbf,80.71873988,82.92470785046702
plant_height,svr_rbf,81.01173788,78.15340044357727
plant_height,svr_rbf,82.57606969,80.72843823112606
plant_height,svr_rbf,84.54075078,85.63277590615425
plant_height,svr_rbf,80.25869303,79.170937835939
plant_height,svr_rbf,79.02601328,78.97765338245658
plant_height,svr_rbf,73.52007095,78.6916312288658
plant_height,svr_rbf,81.13481848,84.44447439163476
plant_height,svr_rbf,89.05232152,88.38287959797209
plant_height,svr_rbf,73.74680528,81.21298196126094
plant_height,svr_rbf,76.46907607,79.36230513492602
plant_height,svr_rbf,84.27503345,82.23407559336765
plant_height,svr_rbf,85.42685187,83.08306829877571
plant_height,svr_rbf,88.13248437,81.64281982369447
plant_height,svr_rbf,75.6804869,80.54501755077459
plant_height,svr_rbf,80.57622999,81.37588555050817
plant_height,svr_rbf,88.48635068,85.60944301100893
plant_height,svr_rbf,79.09958284,80.54357403259866
plant_height,svr_rbf,73.75944618,83.81963459881946
plant_height,svr_rbf,78.63114062,79.53844862466397
plant_height,svr_rbf,79.27130673,79.6780668460311
plant_height,svr_rbf,80.26252419,85.2182219298678
plant_height,svr_rbf,78.81578703,84.5413616431436
plant_height,svr_rbf,79.29505914,80.87939705694609
plant_height,svr_rbf,77.28224185,82.030139230539
plant_height,svr_rbf,86.97534513,81.08518389809203
plant_height,svr_rbf,75.45900069,80.97069221210879
plant_height,svr_rbf,76.79553268,85.11807526139158
plant_height,svr_rbf,80.8613035,80.57284515763048
plant_height,svr_rbf,79.13978463,78.96510989641638
plant_height,svr_rbf,82.51456253,83.68953801729697
plant_height,svr_rbf,75.31281983,77.89866509426469
plant_height,svr_rbf,82.02537275,84.6020301088794
plant_height,svr_rbf,82.76665597,82.5036117541362
plant_height,svr_rbf,80.29783312,80.21841927175836
plant_height,svr_rbf,80.48778323,82.14579300841268
plant_height,svr_rbf,84.46987751,81.84149048023338
plant_height,svr_rbf,80.59116622,80.68108622504376
plant_height,svr_rbf,78.49164353,84.00703652426384
plant_height,svr_rbf,84.0483785,83.5798850826398
plant_height,svr_rbf,83.2423667,81.01738778941424
plant_height,svr_rbf,85.2154447,83.78793632404899
plant_height,svr_rbf,79.46970653,81.14828720997652
plant_height,svr_rbf,81.25849712,78.90852587899539
plant_height,svr_rbf,88.49311104,83.95065586249913
plant_height,svr_rbf,84.24077708,80.90538856199707
plant_height,svr_rbf,76.46679904,82.48905707150438
plant_height,svr_rbf,79.80926236,80.69996920996498
plant_height,svr_rbf,86.17282795,80.19856167193284
plant_height,svr_rbf,73.67137912,83.02466092846848
plant_height,svr_rbf,85.95560233,81.46058022705907
plant_height,svr_rbf,87.69108092,82.2812383384013
plant_height,svr_rbf,76.92458344,81.99034125870752
plant_height,svr_rbf,79.91594751,78.20367208928732
plant_height,svr_rbf,79.78638915,79.08535439077177
plant_height,svr_rbf,80.5121691,82.16130763137782
plant_height,svr_rbf,84.34711009,79.48898830522869
plant_height,svr_rbf,85.18601784,82.70366516705815
plant_height,svr_rbf,80.19722132,78.56278738421419
plant_height,svr_rbf,85.48879873,78.20624524816293
plant_height,svr_rbf,80.56804861,81.28871005975685
plant_height,svr_rbf,86.38292335,81.8045351683516
plant_height,svr_rbf,80.54354941,82.51716355860765
plant_height,svr_rbf,82.31942524,87.06326943754789
plant_height,svr_rbf,76.66361372,81.1880405408826
plant_height,svr_rbf,84.10942349,83.06767676250973
plant_height,svr_rbf,82.40398891,80.77650937116591
plant_height,svr_rbf,77.45356743,79.20150688969247
plant_height,svr_rbf,79.20619546,82.06221303317179
plant_height,svr_rbf,82.62154378,84.56005863939129
plant_height,svr_rbf,90.64790242,82.98678003941407
plant_height,svr_rbf,81.66368003,80.91775825070877
plant_height,svr_rbf,82.4413102,83.95165832786967
plant_height,svr_rbf,104.791498,108.71458326485305
plant_height,svr_rbf,99.20515494,96.52244181758842
plant_height,svr_rbf,98.78307495,102.40836847071841
plant_height,svr_rbf,103.3252682,107.14844774202018
plant_height,svr_rbf,103.9044492,108.01662419456183
plant_height,svr_rbf,116.3946672,106.22731403235895
plant_height,svr_rbf,112.5064244,108.72244214996572
plant_height,svr_rbf,102.1124159,98.96377710739121
plant_height,svr_rbf,102.1741851,106.11083396296686
plant_height,svr_rbf,94.03272203,97.99264498439388
plant_height,svr_rbf,104.246231,106.26567351010243
plant_height,svr_rbf,106.7733509,106.6710337884191
plant_height,svr_rbf,94.32760749,97.1458372156406
plant_height,svr_rbf,104.7526378,109.34032695425087
plant_height,svr_rbf,102.0692666,113.67747460825885
plant_height,svr_rbf,105.0106756,108.28044939068604
plant_height,svr_rbf,110.0003506,106.53916457609888
plant_height,svr_rbf,96.99404335,98.99703196328308
plant_height,svr_rbf,96.09480052,104.01109435314203
plant_height,svr_rbf,99.5696815,104.74004116366254
plant_height,svr_rbf,101.7519867,99.75373786000594
plant_height,svr_rbf,109.024991,97.33111343557341
plant_height,svr_rbf,103.980509,108.53104943471462
plant_height,svr_rbf,104.6206106,105.77448998914062
plant_height,svr_rbf,94.24850069,99.17673149227728
plant_height,svr_rbf,104.4195437,96.93741042421598
plant_height,svr_rbf,104.0304646,105.62678552325544
plant_height,svr_rbf,97.59420792,94.9710735206161
plant_height,svr_rbf,96.81429649,100.09373315648445
plant_height,svr_rbf,99.11287444,98.13322086944453
plant_height,svr_rbf,96.32051368,99.79033282260477
plant_height,svr_rbf,108.3237741,113.66161361495203
plant_height,svr_rbf,96.61128006,99.21782714610566
plant_height,svr_rbf,94.70584238,107.22017996606866
plant_height,svr_rbf,104.2868666,107.1755944497175
plant_height,svr_rbf,103.8891834,102.87805575114406
plant_height,svr_rbf,96.55054534,99.93373787962759
plant_height,svr_rbf,108.4903826,104.9522981123942
plant_height,svr_rbf,101.4465517,95.86514089060773
plant_height,svr_rbf,98.30788836,99.019832408497
plant_height,svr_rbf,105.2792598,104.2124630590092
plant_height,svr_rbf,90.83806671,80.1505081859746
plant_height,svr_rbf,103.5988195,95.39817615394008
plant_height,svr_rbf,110.3599232,107.47503337817365
plant_height,svr_rbf,109.3947486,105.71223094393241
plant_height,svr_rbf,96.90966801,97.1509338484191
plant_height,svr_rbf,103.6874679,95.61131603678878
plant_height,svr_rbf,106.7925269,107.38268058330841
plant_height,svr_rbf,98.05793894,105.0513311387185
plant_height,svr_rbf,99.5416485,106.39309280626601
plant_height,svr_rbf,100.0177059,107.50578918264968
plant_height,svr_rbf,97.23551854,103.35349681428306
plant_height,svr_rbf,92.75667519,97.13459973996243
plant_height,svr_rbf,98.8143873,106.71657267439318
plant_height,svr_rbf,96.53566874,100.18723841514188
plant_height,svr_rbf,101.970682,108.17432614441087
plant_height,svr_rbf,109.7277137,93.91497276882299
plant_height,svr_rbf,106.4612861,106.32064949195788
plant_height,svr_rbf,104.146509,100.58711423269358
plant_height,svr_rbf,97.19875513,99.0111564896173
plant_height,svr_rbf,114.170941,107.40836369696788
plant_height,svr_rbf,103.8896708,107.1460329226323
plant_height,svr_rbf,100.5953734,107.93775419628685
plant_height,svr_rbf,106.7774917,100.07096420585336
plant_height,svr_rbf,91.14937633,97.1603380051028
plant_height,svr_rbf,104.4515707,107.41744974410045
plant_height,svr_rbf,101.752935,99.39853611251505
plant_height,svr_rbf,100.8114874,99.17168034500821
plant_height,svr_rbf,116.8216544,107.97325295311718
plant_height,svr_rbf,105.3134495,106.08972899673216
plant_height,svr_rbf,109.4322557,106.57790462900269
plant_height,svr_rbf,100.299066,96.65821951806815
plant_height,svr_rbf,98.60864638,102.07637506959588
plant_height,svr_rbf,100.928808,106.88051229349239
plant_height,svr_rbf,108.3167101,107.2815943415997
plant_height,svr_rbf,102.8735597,104.83378601758592
plant_height,svr_rbf,103.1319352,107.31170075868931
plant_height,svr_rbf,111.5330853,107.54777301735213
plant_height,svr_rbf,97.75735645,97.10710005993475
plant_height,svr_rbf,110.0622273,107.88468897664387
plant_height,svr_rbf,112.7413188,109.48967347144784
plant_height,svr_rbf,110.9119601,107.80140440527612
plant_height,svr_rbf,95.20452448,109.41027940185265
plant_height,svr_rbf,104.330075,108.11470946539106
plant_height,svr_rbf,105.5206968,108.6669460486324
plant_height,svr_rbf,108.7834547,106.27106140748944
plant_height,svr_rbf,109.3727733,109.466874228921
plant_height,svr_rbf,105.9322173,101.67479147353606
plant_height,svr_rbf,108.9360538,108.0223219996093
plant_height,svr_rbf,103.7742883,98.14975909773686
plant_height,svr_rbf,98.74725919,99.33651158958001
plant_height,svr_rbf,104.7375295,110.37837025727944
plant_height,svr_rbf,103.6692247,95.95102399931712
plant_height,svr_rbf,110.5487373,109.1652916929861
plant_height,svr_rbf,105.1393866,106.25936876973208
plant_height,svr_rbf,106.667641,105.91495095549097
plant_height,svr_rbf,106.501074,109.93558885146139
plant_height,svr_rbf,104.9363333,111.27248576452305
plant_height,svr_rbf,100.1005164,98.43508691761043
plant_height,svr_rbf,101.235131,95.99905058804146
plant_height,svr_rbf,107.4743003,101.30245768541094
plant_height,svr_rbf,110.2426237,109.311871874865
plant_height,svr_rbf,108.9027117,107.31745761143868
plant_height,svr_rbf,120.4452243,108.17951178610738
plant_height,svr_rbf,107.6675622,107.37588219973087
plant_height,svr_rbf,113.7609905,107.03392018322629
plant_height,svr_rbf,111.1100484,106.93674008100021
plant_height,svr_rbf,108.5208902,108.73748248129652
plant_height,svr_rbf,104.0465541,96.47959018490326
plant_height,svr_rbf,95.90703063,99.29873716149382
plant_height,svr_rbf,94.39482296,98.54949502132186
plant_height,svr_rbf,80.77938497,82.40868282734678
plant_height,svr_rbf,106.0164131,108.76678611631255
plant_height,svr_rbf,97.57521687,99.14143992113077
plant_height,svr_rbf,101.1178121,110.14034976561985
plant_height,svr_rbf,105.8691642,106.6139894018032
plant_height,svr_rbf,95.1190889,98.0516592739071
plant_height,svr_rbf,102.9203889,107.36631429526943
plant_height,svr_rbf,108.0935143,105.15775183706162
plant_height,svr_rbf,103.1544626,100.02545689504804
plant_height,svr_rbf,116.8681285,105.97096981887688
plant_height,svr_rbf,108.4804085,104.4240284959427
plant_height,svr_rbf,110.8602885,94.82750331166977
plant_height,svr_rbf,85.68837231,83.02791455364863
plant_height,svr_rbf,100.1621169,96.75331138393665
plant_height,svr_rbf,98.03175529,106.09848406030949
plant_height,svr_rbf,111.7053923,108.25520709818211
plant_height,svr_rbf,106.5930212,106.32142169780238
plant_height,svr_rbf,99.21238619,99.59016654220689
plant_height,svr_rbf,102.7849337,100.86516552263475
plant_height,svr_rbf,109.5134214,108.16243963100825
plant_height,svr_rbf,89.78788889,98.10602577107903
plant_height,svr_rbf,99.12037382,98.6486117517708
plant_height,svr_rbf,100.2821818,105.94199826821786
plant_height,svr_rbf,94.03898944,97.29995959924393
plant_height,svr_rbf,109.1602251,108.53628998594344
plant_height,svr_rbf,73.73313728,79.34296715335208
plant_height,svr_rbf,113.298086,106.70551676965123
plant_height,svr_rbf,112.889645,107.66698437326389
plant_height,svr_rbf,101.4950246,95.6142278049953
plant_height,svr_rbf,105.1080631,106.4958752872762
plant_height,svr_rbf,104.6973589,106.64593074988387
plant_height,svr_rbf,96.27874363,97.74714405226206
plant_height,svr_rbf,111.0084496,104.38668951627633
plant_height,svr_rbf,107.0314671,107.03909427337697
plant_height,svr_rbf,98.16360098,100.41155236531088
plant_height,svr_rbf,118.9339867,106.50391465320024
plant_height,svr_rbf,111.3384583,106.71014032579264
plant_height,svr_rbf,105.7811473,106.70400558120019
plant_height,svr_rbf,100.3572381,92.17367747704353
plant_height,svr_rbf,99.38865715,99.54272056724412
plant_height,svr_rbf,103.8241276,108.16394850577234
plant_height,svr_rbf,99.66216213,100.82800647240137
plant_height,svr_rbf,98.92377445,96.15409122665089
plant_height,svr_rbf,109.4109648,107.04668301885356
plant_height,svr_rbf,102.8439996,105.66618441154868
plant_height,svr_rbf,109.1208799,107.3716561575144
plant_height,svr_rbf,94.9364603,97.2853006370906
plant_height,svr_rbf,93.92980373,106.79023038624841
plant_height,svr_rbf,108.5189343,107.61296907941352
plant_height,svr_rbf,96.66033913,97.3335373550647
plant_height,svr_rbf,100.0459788,99.32400960020863
plant_height,svr_rbf,101.7688817,97.60003020299911
plant_height,svr_rbf,105.801013,106.9316688386399
plant_height,svr_rbf,98.04811998,105.78475725738556
plant_height,svr_rbf,105.5450639,106.02000965055134
plant_height,svr_rbf,104.3853684,100.12329075002675
plant_height,svr_rbf,99.00841826,100.1792802139613
plant_height,svr_rbf,102.0987762,102.55981086225755
plant_height,svr_rbf,107.6273416,105.06319167784523
plant_height,svr_rbf,83.86573033,83.17541292855257
plant_height,svr_rbf,82.36976729,76.89392358773983
plant_height,svr_rbf,83.00407693,83.64532071036572
plant_height,svr_rbf,79.61730782,82.82473821791277
plant_height,svr_rbf,83.07234736,83.6798012738993
plant_height,svr_rbf,99.9663455,110.2116939714089
plant_height,svr_rbf,110.325811,97.80480106748044
plant_height,svr_rbf,85.62237777,93.07372999880158
plant_height,svr_rbf,74.22363819,83.856082099183
plant_height,svr_rbf,89.78247485,96.24654113920144
plant_height,svr_rbf,88.15031468,91.6988606789272
plant_height,svr_rbf,107.8062342,110.57807347570525
plant_height,svr_rbf,93.69927225,93.30693587731052
plant_height,svr_rbf,72.03673557,86.58997196062006
plant_height,svr_rbf,92.68431785,88.98708908410018
plant_height,svr_rbf,81.77488455,91.69538386820398
plant_height,svr_rbf,84.4806443,93.28959127065337
plant_height,svr_rbf,95.21317445,101.72341988270092
plant_height,svr_rbf,93.26990043,93.04789772036331
plant_height,svr_rbf,102.0967015,93.99568681392707
plant_height,svr_rbf,92.46136525,82.97550775838212
plant_height,svr_rbf,82.74160158,88.35305867705928
plant_height,svr_rbf,92.84373657,95.07022686785082
plant_height,svr_rbf,109.0753435,101.93556740189268
plant_height,svr_rbf,108.1507133,103.59181055709345
plant_height,svr_rbf,110.0759924,104.82139999076509
plant_height,svr_rbf,98.06478855,102.83500685621512
plant_height,svr_rbf,107.1791835,108.05346734610868
plant_height,svr_rbf,89.93535703,91.02702911560812
plant_height,svr_rbf,96.27733681,95.29504951504863
plant_height,svr_rbf,92.58562559,98.86109912180206
plant_height,svr_rbf,103.6429528,101.86261225380017
plant_height,svr_rbf,101.931634,102.00374221131844
plant_height,svr_rbf,79.45165828,105.39533180362521
plant_height,svr_rbf,89.33985941,89.29383740352257
plant_height,svr_rbf,91.21761717,107.0301447587525
plant_height,svr_rbf,87.92114871,101.30048089373346
plant_height,svr_rbf,88.68702545,94.65681474231903
plant_height,svr_rbf,92.18943817,89.12300702892992
plant_height,svr_rbf,81.57909749,102.89003449410626
plant_height,svr_rbf,91.20890632,104.54862847848801
plant_height,svr_rbf,99.73852339,107.26296115300158
plant_height,svr_rbf,81.05885781,97.23948040206623
plant_height,svr_rbf,84.98866213,92.53973576587485
plant_height,svr_rbf,97.79142946,88.85165648363406
plant_height,svr_rbf,71.40652934,83.73030632620504
plant_height,svr_rbf,93.18502842,96.54042648765254
plant_height,svr_rbf,102.7504563,102.87404835641907
plant_height,svr_rbf,96.67936805,100.55006238118209
plant_height,svr_rbf,99.92336829,101.61140339231257
plant_height,svr_rbf,91.56739166,87.33146204159249
plant_height,svr_rbf,93.83657478,90.34606628742655
plant_height,svr_rbf,83.5764621,90.89965978261155
plant_height,svr_rbf,90.61648175,98.75006267238514
plant_height,svr_rbf,91.14447172,92.7450728209428
plant_height,svr_rbf,89.59623822,90.83001504361809
plant_height,svr_rbf,88.74276627,90.74829106187697
plant_height,svr_rbf,93.21460078,108.95060293669023
plant_height,svr_rbf,95.80578738,105.62932904332284
plant_height,svr_rbf,96.08150115,110.43561517984647
plant_height,svr_rbf,90.83744163,99.44633872341016
plant_height,svr_rbf,95.63735365,93.29687662502833
plant_height,svr_rbf,98.08150426,107.43350397976809
plant_height,svr_rbf,81.61785554,93.32661447423341
plant_height,svr_rbf,66.3101114,101.08435860632254
plant_height,svr_rbf,102.6807941,112.10730724507891
plant_height,svr_rbf,94.26519986,106.38274640479396
plant_height,svr_rbf,73.16132585,84.36307249660157
plant_height,svr_rbf,97.20543927,94.37261565326065
plant_height,svr_rbf,88.86433788,87.01880642633071
plant_height,svr_rbf,96.2041398,99.81175547534261
plant_height,svr_rbf,93.54042754,100.86427911392676
plant_height,svr_rbf,94.11657605,108.92811521958895
plant_height,svr_rbf,88.50475551,98.46060066554968
plant_height,svr_rbf,88.35105943,92.96384304152366
plant_height,svr_rbf,93.12664668,101.34620825340139
plant_height,svr_rbf,85.85433889,94.27192199853341
plant_height,svr_rbf,108.1045859,113.10105287721659
plant_height,svr_rbf,86.15823439,87.29976615196296
plant_height,svr_rbf,85.77189621,88.90723979908157
plant_height,svr_rbf,74.2605139,86.94967803448071
plant_height,svr_rbf,88.27665912,84.46380135222094
plant_height,svr_rbf,84.19708766,81.4901513548443
plant_height,svr_rbf,86.61799263,81.86818954170448
plant_height,svr_rbf,89.61881575,93.10146254555761
plant_height,svr_rbf,99.8265961,90.63570994630328
plant_height,svr_rbf,82.16621302,88.96050790601738
plant_height,svr_rbf,91.82146772,96.14296285120989
plant_height,svr_rbf,88.02095063,108.47690453410584
plant_height,svr_rbf,102.2708998,95.73953448857702
plant_height,svr_rbf,116.6076322,102.38008750836025
plant_height,svr_rbf,111.6093318,112.59697379535481
plant_height,svr_rbf,80.96116487,87.99163667986856
plant_height,svr_rbf,94.95110589,85.79850277795416
plant_height,svr_rbf,83.28304574,94.21171053455213
plant_height,svr_rbf,89.89586377,91.58568602537713
plant_height,svr_rbf,93.68048662,92.26283560900579
plant_height,svr_rbf,104.7569813,114.30598037061344
plant_height,svr_rbf,93.07734934,96.62750279178125
plant_height,svr_rbf,91.0950076,90.96082970947435
plant_height,svr_rbf,90.12732613,87.23909091740614
plant_height,svr_rbf,98.22980571,97.98130053841862
plant_height,svr_rbf,97.78471971,97.2689085194015
plant_height,svr_rbf,107.5955002,102.21697864763108
plant_height,svr_rbf,108.0754297,98.0255331188048
plant_height,svr_rbf,104.4255443,101.38272934870767
plant_height,svr_rbf,90.51806291,96.93257887414325
plant_height,svr_rbf,83.65178452,91.79348396828453
plant_height,svr_rbf,87.05285265,84.30763679867297
plant_height,svr_rbf,104.3698783,95.12948366908762
plant_height,svr_rbf,85.45195539,89.89988932727546
plant_height,svr_rbf,96.96682828,108.29160363700423
plant_height,svr_rbf,97.34539586,104.02004129647307
plant_height,svr_rbf,83.58577129,80.08446986780221
plant_height,svr_rbf,98.54539476,93.39218625472564
plant_height,svr_rbf,79.51210903,83.61725848596274
plant_height,svr_rbf,105.7817781,103.74119680205972
plant_height,svr_rbf,90.26525573,86.82176700139712
plant_height,svr_rbf,92.99528625,95.9163051643641
plant_height,svr_rbf,109.6810866,108.9704678054953
plant_height,svr_rbf,90.03838849,81.13435563711505
plant_height,svr_rbf,89.87602392,102.14383382212779
plant_height,svr_rbf,105.1500541,94.96460281019978
plant_height,svr_rbf,108.8844434,95.9248567703352
plant_height,svr_rbf,90.3855594,95.29892630672597
plant_height,svr_rbf,93.93749025,93.00968812325908
plant_height,svr_rbf,100.975592,102.50613690089031
plant_height,svr_rbf,110.2157095,104.02102018768062
plant_height,svr_rbf,99.62432681,98.0354729044488
plant_height,svr_rbf,104.3883324,101.22640667092249
plant_height,svr_rbf,92.83016437,92.2248599113599
plant_height,svr_rbf,92.9545496,98.86417110624954
plant_height,svr_rbf,79.76125308,98.52131132165921
plant_height,svr_rbf,92.90133233,98.32504840234405
plant_height,svr_rbf,88.44499286,91.07235095540598
plant_height,svr_rbf,79.50375766,85.99805385950357
plant_height,svr_rbf,82.95021912,81.08777190131494
plant_height,svr_rbf,107.0200314,106.9963301960168
plant_height,svr_rbf,104.3274562,105.46616475580588
plant_height,svr_rbf,103.5610738,101.19922677969522
plant_height,svr_rbf,90.55282543,104.06208248024396
plant_height,svr_rbf,97.45717879,121.29645580247626
plant_height,svr_rbf,95.01354398,95.5233647889132
plant_height,svr_rbf,99.33351585,103.10094816738412
plant_height,svr_rbf,107.9939957,105.38112134150037
plant_height,svr_rbf,107.6610272,101.79792530023195
plant_height,svr_rbf,99.70262913,98.86698204373631
plant_height,svr_rbf,90.14015096,84.1169079844754
plant_height,svr_rbf,92.35472025,94.70607531510221
plant_height,svr_rbf,90.53223812,91.08216115065977
plant_height,svr_rbf,92.25907558,99.44849426365346
plant_height,svr_rbf,89.99475165,82.76954588727895
plant_height,svr_rbf,101.2149781,105.0962812435556
plant_height,svr_rbf,88.41866461,84.30528572178557
plant_height,svr_rbf,101.4455263,87.94227515826263
plant_height,svr_rbf,103.2295644,101.91595622324252
plant_height,svr_rbf,82.49330603,88.56689760797649
plant_height,svr_rbf,86.98784999,90.61910554230202
plant_height,svr_rbf,97.91399361,118.6388274498229
plant_height,svr_rbf,90.85053973,105.3071300599465
plant_height,svr_rbf,97.86645237,104.56846456682132
plant_height,svr_rbf,92.06027526,95.98198222243055
plant_height,svr_rbf,86.87349,97.03713026514899
plant_height,svr_rbf,80.01782359,87.59560108875903
plant_height,svr_rbf,94.78277458,104.01052172202822
plant_height,svr_rbf,91.63196399,87.69442716447708
plant_height,svr_rbf,98.27207117,93.99654091660621
plant_height,svr_rbf,93.9112139,93.67082596211145
plant_height,svr_rbf,101.8603085,110.08066552358363
plant_height,svr_rbf,100.3548018,103.50347090582358
plant_height,svr_rbf,102.3658083,98.17832641768995
plant_height,svr_rbf,105.7532843,100.05347202237243
plant_height,svr_rbf,80.9252771,82.69615379013472
plant_height,svr_rbf,83.24132617,92.95497903497747
plant_height,svr_rbf,99.30898653,102.08886358151054
plant_height,svr_rbf,106.986275,102.98866242385688
plant_height,svr_rbf,99.85758039,122.81234567919088
plant_height,svr_rbf,94.11243585,112.77884606080401
plant_height,svr_rbf,86.16494672,85.84817582674985
plant_height,svr_rbf,94.5381267,121.62071192257838
plant_height,svr_rbf,90.87429799,94.65043584948114
plant_height,svr_rbf,94.17872961,109.35485759411736
plant_height,svr_rbf,97.49081831,113.71732016256819
plant_height,svr_rbf,87.52455273,86.63231473160887
plant_height,svr_rbf,101.5743995,104.21265775507906
plant_height,svr_rbf,81.07266711,108.63939059671691
plant_height,svr_rbf,94.88799048,97.95483210693189
plant_height,svr_rbf,95.3048723,86.13403174727034
plant_height,svr_rbf,102.2000116,97.33209326561779
plant_height,svr_rbf,80.28901523,96.80545691141158
plant_height,svr_rbf,92.65211123,87.96210545815272
plant_height,svr_rbf,100.6380351,99.06653178442393
plant_height,svr_rbf,93.09491006,100.03182036209473
plant_height,svr_rbf,101.2780417,111.37565047256096
plant_height,svr_rbf,72.93520903,96.7489965184868
plant_height,svr_rbf,87.40570658,81.2282759146904
plant_height,svr_rbf,91.63098253,90.08401973108052
plant_height,svr_rbf,112.8696856,111.13380572173945
plant_height,svr_rbf,101.5124057,104.25906434230866
plant_height,svr_rbf,102.8302531,96.1159396278655
plant_height,svr_rbf,90.40487933,93.6163486410572
plant_height,svr_rbf,82.66104785,84.21710438167725
plant_height,svr_rbf,80.8029244,81.00931086297489
plant_height,svr_rbf,112.4304997,106.72413710286357
plant_height,svr_rbf,100.8328358,97.81939207164704
plant_height,svr_rbf,102.4329582,105.85476865072474
plant_height,svr_rbf,108.3203668,104.59003638518227
plant_height,svr_rbf,78.36013371,86.78829985794319
plant_height,svr_rbf,106.2872517,100.72454118360329
plant_height,svr_rbf,110.8625699,106.58498790771723
plant_height,svr_rbf,107.2225892,104.5748685649977
plant_height,svr_rbf,86.80831265,113.75878764630262
plant_height,svr_rbf,87.19512563,89.46434122740246
plant_height,svr_rbf,91.48452389,98.40693952708727
plant_height,svr_rbf,91.66918297,109.93116974494973
plant_height,svr_rbf,101.2045466,93.85854215803067
plant_height,svr_rbf,83.7734547,88.85646519095246
plant_height,svr_rbf,82.11459949,97.23509612619878
plant_height,svr_rbf,101.8103868,108.37104788284971
plant_height,svr_rbf,82.13611393,103.48387890164634
plant_height,svr_rbf,98.20337607,89.24540506818046
plant_height,svr_rbf,96.89248171,108.58685106481077
plant_height,svr_rbf,109.6950841,107.81923053489345
plant_height,svr_rbf,86.51905437,92.31565042095392
plant_height,svr_rbf,84.44738245,102.44021597900239
plant_height,svr_rbf,94.59613288,88.5580395991256
plant_height,svr_rbf,104.6365623,105.63179053240155
plant_height,svr_rbf,98.53764568,97.16356789121886
plant_height,svr_rbf,102.287211,91.32174110808819
plant_height,svr_rbf,85.88911154,90.01538338763586
plant_height,svr_rbf,110.5770655,100.89443551770214
plant_height,svr_rbf,85.00402025,85.61440198740799
plant_height,svr_rbf,94.12568464,101.2724050818602
plant_height,svr_rbf,85.6865942,81.76170176662441
plant_height,svr_rbf,101.2763783,94.12751396311195
plant_height,svr_rbf,100.9214867,98.21731895970802
plant_height,svr_rbf,98.96481792,87.12073355235054
plant_height,svr_rbf,76.44910994,84.82920026537944
plant_height,svr_rbf,96.74038545,102.27078868623309
plant_height,svr_rbf,91.76990655,96.43900057731115
plant_height,svr_rbf,96.15003032,89.14657941709845
plant_height,svr_rbf,106.7884072,92.71881743754581
plant_height,svr_rbf,86.9773999,104.05402566665128
plant_height,svr_rbf,88.44902954,75.20716403061724
plant_height,svr_rbf,94.71098097,94.22567888200096
plant_height,svr_rbf,90.57164215,105.01446432550007
plant_height,svr_rbf,110.7999823,100.30074214056626
plant_height,svr_rbf,85.77532328,93.15298396230436
plant_height,svr_rbf,95.00876793,89.18531070762829
plant_height,svr_rbf,103.6494551,114.19075794098586
plant_height,svr_rbf,93.95843198,97.80015156808916
plant_height,svr_rbf,89.80174646,85.92214420717256
plant_height,svr_rbf,79.05109541,83.65390594124788
plant_height,svr_rbf,81.70231687,89.46633486041074
plant_height,svr_rbf,85.62724103,89.7942320458125
plant_height,svr_rbf,75.96277283,92.39342315773524
plant_height,svr_rbf,93.68379802,102.55741385224525
plant_height,svr_rbf,90.84451163,96.89954119665535
plant_height,svr_rbf,78.45068352,85.67457322795158
plant_height,svr_rbf,115.9595296,119.42809793225646
plant_height,svr_rbf,112.8265909,94.08458395140477
plant_height,svr_rbf,95.09269706,101.58203349390948
plant_height,svr_rbf,91.51174405,94.70207498780971
plant_height,svr_rbf,76.46784831,83.57001906768846
plant_height,svr_rbf,108.9166387,106.69041473306666
plant_height,svr_rbf,92.39500219,92.29809028406497
plant_height,svr_rbf,103.0688764,91.10815972540303
plant_height,svr_rbf,89.37668701,120.04207790555766
plant_height,svr_rbf,95.98489621,98.93286137643445
plant_height,svr_rbf,106.4278214,100.46569487766769
plant_height,svr_rbf,87.98510007,119.60251643049885
plant_height,svr_rbf,90.01750134,90.36603669690273
plant_height,svr_rbf,105.9284186,103.83843247175173
plant_height,svr_rbf,83.63759729,83.54522093485372
plant_height,svr_rbf,98.5510901,107.77630403022067
plant_height,svr_rbf,99.15920035,90.7813493742177
plant_height,svr_rbf,82.97079929,90.73267857198715
plant_height,svr_rbf,108.1953586,107.40682360223029
plant_height,svr_rbf,95.11626001,96.15190773633252
plant_height,svr_rbf,102.2555453,103.86091986322333
plant_height,svr_rbf,81.55850266,96.79820945589228
plant_height,svr_rbf,105.6584417,95.60708164780178
plant_height,svr_rbf,111.7417001,103.59017918294865
plant_height,svr_rbf,106.8264418,115.627732379894
plant_height,svr_rbf,110.7216595,108.5215584267238
plant_height,svr_rbf,94.64988014,105.16134690109374
plant_height,svr_rbf,90.25444912,93.6415161200521
plant_height,svr_rbf,101.9885565,99.08712697901001
plant_height,svr_rbf,93.02744592,93.31292094987086
plant_height,svr_rbf,109.8373751,104.08020807756418
plant_height,svr_rbf,91.32702914,101.35419147781272
plant_height,svr_rbf,100.8570212,110.49891175021297
plant_height,svr_rbf,92.83593233,101.6530334800729
plant_height,svr_rbf,73.93123592,87.10753948359604
plant_height,svr_rbf,76.56268311,93.03442043191271
plant_height,svr_rbf,105.9722022,96.66040675845238
plant_height,svr_rbf,75.78023632,88.86736296882957
plant_height,svr_rbf,99.58922651,90.79834246615616
plant_height,svr_rbf,78.39382498,89.73877239012116
plant_height,svr_rbf,81.27816945,85.9958696158088
plant_height,svr_rbf,89.98158156,88.22221051562845
plant_height,svr_rbf,116.3783949,105.47379427923212
plant_height,svr_rbf,97.19902174,100.85630954478879
plant_height,svr_rbf,101.925029,97.66555052782113
plant_height,svr_rbf,82.64115506,85.08229836927194
plant_height,svr_rbf,98.13064022,95.47934300562108
plant_height,svr_rbf,109.2997446,95.97821406428399
plant_height,svr_rbf,106.1721755,106.69137602864086
plant_height,svr_rbf,95.26236224,102.76262661712484
plant_height,svr_rbf,86.77441825,83.72322926474193
plant_height,svr_rbf,104.5038944,116.67289761795277
plant_height,svr_rbf,107.7563274,110.14808626269111
plant_height,svr_rbf,110.0923634,104.48972429881344
plant_height,svr_rbf,99.39564722,94.7837730880447
plant_height,svr_rbf,94.01223372,91.33749488374856
plant_height,svr_rbf,90.41461351,90.43077764807434
plant_height,svr_rbf,99.29713955,101.42706142962211
plant_height,svr_rbf,98.4596998,99.8557015124621
plant_height,svr_rbf,90.59218977,101.38516781063313
plant_height,svr_rbf,94.25892661,99.03711676245653
plant_height,svr_rbf,97.09351122,96.19718317793038
plant_height,svr_rbf,96.82532137,102.67930102116972
plant_height,svr_rbf,107.4388482,102.10365044005002
plant_height,svr_rbf,96.60746906,92.52038498422141
plant_height,svr_rbf,103.5389344,106.78765579554418
plant_height,svr_rbf,114.3082585,100.54487557393747
plant_height,svr_rbf,92.84728508,94.34965519108444
plant_height,svr_rbf,103.7590678,97.68543004484422
plant_height,svr_rbf,91.50745685,93.12874553861545
plant_height,svr_rbf,86.52266266,98.18017555189728
plant_height,svr_rbf,96.93154962,97.10255464487375
plant_height,svr_rbf,97.57174041,103.9660711090452
plant_height,svr_rbf,106.3146747,100.07833578526508
plant_height,svr_rbf,96.2139742,100.87854933384413
plant_height,svr_rbf,104.9498695,106.11081590277648
plant_height,svr_rbf,100.621356,100.667386330412
plant_height,svr_rbf,86.41832977,85.4859419210949
plant_height,svr_rbf,94.00058218,99.91837258125713
plant_height,svr_rbf,104.298222,116.33453151480003
plant_height,svr_rbf,106.4852336,97.44803258092573
plant_height,svr_rbf,117.2249163,110.61591773813056
plant_height,svr_rbf,100.5336269,86.73650906521473
plant_height,svr_rbf,88.28695041,82.08167425339414
plant_height,svr_rbf,90.71549651,91.86989495633965
plant_height,svr_rbf,97.52299,106.30426364975672
plant_height,svr_rbf,110.6560574,101.49479222780764
plant_height,svr_rbf,99.14900562,89.3280835624448
plant_height,svr_rbf,96.43698067,93.5027530572825
plant_height,svr_rbf,93.6597647,100.37688874557674
plant_height,svr_rbf,118.5807341,106.31472585575192
plant_height,svr_rbf,116.2383174,107.62760311775116
plant_height,svr_rbf,99.83281363,100.76300606585644
plant_height,svr_rbf,92.42178259,94.87549168737651
plant_height,svr_rbf,113.6730373,96.9466178304442
plant_height,svr_rbf,99.50510007,112.29457942365651
plant_height,svr_rbf,93.90072001,105.32892770300931
plant_height,svr_rbf,94.73467444,98.35292997039288
plant_height,svr_rbf,95.92147277,91.37712007015
plant_height,svr_rbf,96.23719726,100.24502095313268
plant_height,svr_rbf,96.30577138,105.58552950524594
plant_height,svr_rbf,82.03007582,82.02452212433785
plant_height,svr_rbf,89.49573497,87.9400170928688
plant_height,svr_rbf,99.09666009,103.31368406436107
plant_height,svr_rbf,107.7439345,106.75262422458655
plant_height,svr_rbf,98.63883955,100.83982395014219
plant_height,svr_rbf,98.11511886,102.63714416816627
plant_height,svr_rbf,105.2054305,105.1596260289959
plant_height,svr_rbf,87.45087081,102.34303141247933
plant_height,svr_rbf,108.0192496,99.94016887775364
plant_height,svr_rbf,89.15822067,87.94091643711019
plant_height,svr_rbf,81.28465509,96.80586592967016
plant_height,svr_rbf,86.87653964,94.06457424175328
plant_height,svr_rbf,94.03620962,108.93687219834504
plant_height,svr_rbf,111.9612001,105.80355974462734
plant_height,svr_rbf,91.78888738,88.68251271234564
plant_height,svr_rbf,80.8133772,99.14013626898199
plant_height,svr_rbf,98.02511523,98.69831705166405
plant_height,svr_rbf,96.49555734,96.0575793894415
plant_height,svr_rbf,91.66075449,101.78386260038192
plant_height,svr_rbf,85.36639794,95.45835771219427
plant_height,svr_rbf,85.79261859,83.75069504255156
plant_height,svr_rbf,92.50055045,96.33395150704968
plant_height,svr_rbf,86.40597445,88.22535486687993
plant_height,svr_rbf,103.5484041,100.3376022997911
plant_height,svr_rbf,105.1569546,104.72855634307149
plant_height,svr_rbf,90.59187755,90.2428110622933
plant_height,svr_rbf,89.73079159,94.47794656147559
plant_height,svr_rbf,91.35865629,97.56488999673024
plant_height,svr_rbf,95.786828,101.4751789305278
plant_height,svr_rbf,98.61811595,96.85954447694272
plant_height,svr_rbf,105.869282,102.5878681493377
plant_height,svr_rbf,103.4061452,97.82742360053913
plant_height,svr_rbf,102.1304711,109.01190939555973
plant_height,svr_rbf,96.58935449,105.9300490174395
plant_height,svr_rbf,91.46092881,92.6225048325337
plant_height,svr_rbf,94.30556025,97.62633988961608
plant_height,svr_rbf,96.67775241,97.90495235789191
plant_height,svr_rbf,101.3874801,93.5413502303497
plant_height,svr_rbf,85.27013815,94.78256744714946
plant_height,svr_rbf,95.56395762,89.38082212895041
plant_height,svr_rbf,92.4486877,85.45366953187192
plant_height,svr_rbf,103.4177386,109.74971599170507
plant_height,svr_rbf,96.30511339,96.25377101341867
plant_height,svr_rbf,96.82598333,96.20975448161384
plant_height,svr_rbf,110.9122038,94.89699696826911
plant_height,svr_rbf,100.1733929,100.02095823159291
plant_height,svr_rbf,111.0307751,121.00749678836432
plant_height,svr_rbf,97.5423318,89.2732318701728
plant_height,svr_rbf,103.7662347,111.20144619743569
plant_height,svr_rbf,87.55878109,87.9636765548738
plant_height,svr_rbf,96.1133149,100.95645247362827
plant_height,svr_rbf,89.32349401,88.56270872143303
plant_height,svr_rbf,79.24470152,94.93777988891605
plant_height,svr_rbf,88.78641202,89.64474370767493
plant_height,svr_rbf,94.22291177,94.59141346676822
plant_height,svr_rbf,85.11079492,91.02369041504983
plant_height,svr_rbf,84.263067895,87.0867006094274
plant_height,svr_rbf,108.0760429,100.09055385517271
plant_height,svr_rbf,86.29826806,97.00964496861465
plant_height,svr_rbf,90.81127497,95.77397684900781
plant_height,svr_rbf,91.29930062,88.9826027045333
plant_height,svr_rbf,93.33444071,94.34166762268809
plant_height,svr_rbf,88.63747531,96.40941198478643
plant_height,svr_rbf,88.8422075,89.08662809665412
plant_height,svr_rbf,101.9399793,97.71144405024984
plant_height,svr_rbf,83.37382318,88.3596575635731
plant_height,svr_rbf,85.58533965,81.15126406307668
plant_height,svr_rbf,93.67960902,88.36999061242231
plant_height,svr_rbf,93.98356301,96.13892850375176
plant_height,svr_rbf,81.97423357,83.89638508167215
plant_height,svr_rbf,94.75637695,85.91876415514082
plant_height,svr_rbf,96.04735603,108.82265506564787
plant_height,svr_rbf,96.17489811,89.64443979008212
plant_height,svr_rbf,82.63456552,92.22679231164894
plant_height,svr_rbf,82.8799028,94.07007924516606
plant_height,svr_rbf,97.12279726,97.06394011064997
plant_height,svr_rbf,111.5737383,104.21708985680714
plant_height,svr_rbf,94.15870671,99.35420576758892
plant_height,svr_rbf,96.652988,98.8628599626713
plant_height,svr_rbf,93.45888835,104.17774560531707
plant_height,svr_rbf,94.66963915,96.72181199275718
plant_height,svr_rbf,86.97685492,99.50495751909676
plant_height,svr_rbf,92.27208101,95.79064612839692
plant_height,svr_rbf,103.7810771,101.61208913376146
plant_height,svr_rbf,97.40294272,91.44500499802648
plant_height,svr_rbf,103.5172017,102.51806244098037
plant_height,svr_rbf,80.38038345,84.51938002044402
plant_height,svr_rbf,84.77291061,83.27075717741859
plant_height,svr_rbf,95.39830176,107.96787010692167
plant_height,svr_rbf,79.71883683,82.82986991685875
plant_height,svr_rbf,85.20871113,87.4794381387398
plant_height,svr_rbf,92.04978041,86.65504196677462
plant_height,svr_rbf,99.81277816,98.16351020472005
plant_height,svr_rbf,78.98586831,85.05370603620139
plant_height,svr_rbf,71.07498529,90.96399065207676
plant_height,svr_rbf,73.83890661,86.25525576385782
plant_height,svr_rbf,101.1261014,113.79715341266083
plant_height,svr_rbf,110.2101014,112.73225338755304
plant_height,svr_rbf,90.59281627,99.22202766374512
plant_height,svr_rbf,91.09275144,93.90962651435473
plant_height,svr_rbf,85.89483973,80.69457969833992
plant_height,svr_rbf,83.54492948,102.94862163120504
plant_height,svr_rbf,86.82978865,87.31703240937614
plant_height,svr_rbf,91.13618964,85.27396028026901
plant_height,svr_rbf,91.70707738,94.81675383851773
plant_height,svr_rbf,77.0593542,89.65879053138512
plant_height,svr_rbf,87.60550923,91.73794393767601
plant_height,svr_rbf,84.45001434,88.5282449249632
plant_height,svr_rbf,91.56391085,84.80652060851314
plant_height,svr_rbf,82.80771585,88.49620596369661
plant_height,svr_rbf,91.2889956,94.90301464461776
plant_height,svr_rbf,98.8608462,104.86024076163856
plant_height,svr_rbf,104.9375769,108.94958454988898
plant_height,svr_rbf,96.07172926,88.629706585066
plant_height,svr_rbf,88.52620989,85.44858292193179
plant_height,svr_rbf,79.33157179,84.1392552299988
plant_height,svr_rbf,83.99232838,84.25453950456158
plant_height,svr_rbf,87.09385846,87.82515282903405
plant_height,svr_rbf,84.27006224,87.8486452070181
plant_height,svr_rbf,82.06431585,82.24966625641089
plant_height,svr_rbf,93.31959778,88.97721960561746
plant_height,svr_rbf,89.38528502,91.96073580286645
plant_height,svr_rbf,85.69767975,87.4747477747949
plant_height,svr_rbf,84.6587866,86.36989961315378
plant_height,svr_rbf,87.83242622,93.13519686305337
plant_height,svr_rbf,85.11824993,85.36862175298205
plant_height,svr_rbf,84.26109346,87.37743071005268
plant_height,svr_rbf,90.09862518,90.93165187725393
plant_height,svr_rbf,72.6890734,85.23276821900429
plant_height,svr_rbf,82.88512467,98.73455000181185
plant_height,svr_rbf,88.97181625,99.04417756954601
plant_height,svr_rbf,99.37217035,106.18710136997419
plant_height,svr_rbf,111.9805724,103.62277490602504
plant_height,svr_rbf,108.0467308,88.58209394227751
plant_height,svr_rbf,95.43058289,94.61430156127076
plant_height,svr_rbf,107.4834911,92.44713805007173
plant_height,svr_rbf,96.79084992,101.84159132191803
plant_height,svr_rbf,87.94720623,111.13599029887507
plant_height,svr_rbf,92.91195053,95.7491393575473
plant_height,svr_rbf,99.21646783,105.80257908490526
plant_height,svr_rbf,87.84583949,87.11145293938442
plant_height,svr_rbf,96.71215559,94.61342234750497
plant_height,svr_rbf,85.01668747,93.55873393873405
plant_height,svr_rbf,91.97563125,99.60332070957068
plant_height,svr_rbf,93.90439132,120.24093064324956
plant_height,svr_rbf,101.963723,103.25582555894026
plant_height,svr_rbf,88.72164229,91.93696532688138
plant_height,svr_rbf,100.2086967,104.93843378930853
plant_height,svr_rbf,107.3659081,106.32354677188886
plant_height,svr_rbf,100.3724687,111.5446112286028
plant_height,svr_rbf,105.3077727,99.7168003461875
plant_height,svr_rbf,93.03038061,103.10349465164536
plant_height,svr_rbf,97.12731776,94.99939735246903
plant_height,svr_rbf,99.51496059,94.0233202676512
plant_height,svr_rbf,88.15851674,93.7459367848561
plant_height,svr_rbf,83.89901146,84.84029744103705
plant_height,svr_rbf,97.30154832,102.73471619974791
plant_height,svr_rbf,103.4501222,93.54349255681683
plant_height,svr_rbf,82.80045056,101.85972001329844
plant_height,svr_rbf,81.84742999,95.5029259101642
plant_height,svr_rbf,93.7413237,102.2826168966501
plant_height,svr_rbf,114.6078129,94.87177280480026
plant_height,svr_rbf,81.63241141,72.09815347925655
plant_height,svr_rbf,92.24217789,98.72559378707068
plant_height,svr_rbf,112.9856187,112.94187322172499
plant_height,svr_rbf,111.0592254,117.32060781244412
plant_height,svr_rbf,117.6815014,96.77169543986993
plant_height,svr_rbf,100.8863322,102.30556417815308
plant_height,svr_rbf,104.3176497,101.60874407705214
plant_height,svr_rbf,115.0017166,121.46582593710231
plant_height,svr_rbf,134.2032372,100.38715616217029
plant_height,svr_rbf,104.7756389,115.7059749819808
plant_height,svr_rbf,120.0037493,121.59910611813821
plant_height,svr_rbf,111.9928546,110.78603233535074
plant_height,svr_rbf,98.13518877,92.51779163081142
plant_height,svr_rbf,113.2057444,113.83965221849203
plant_height,svr_rbf,119.8767512,117.85238530380818
plant_height,svr_rbf,128.8262383,104.94843182116388
plant_height,svr_rbf,103.9651263,102.0141649143479
plant_height,svr_rbf,123.3284954,117.30804279594224
plant_height,svr_rbf,114.6641715,119.77992849462149
plant_height,svr_rbf,119.7987061,110.27983863504265
plant_height,svr_rbf,117.1596799,105.73743368489032
plant_height,svr_rbf,110.943086,111.97709801229145
plant_height,svr_rbf,124.6985306,115.65608804194582
plant_height,svr_rbf,120.7892784,119.30155549789794
plant_height,svr_rbf,104.1902739,103.10512323970174
plant_height,svr_rbf,109.7854309,96.4818772219884
plant_height,svr_rbf,103.7636031,93.38242740319798
plant_height,svr_rbf,92.97204184,94.78940798291595
plant_height,svr_rbf,107.9267938,105.79600936836665
plant_height,svr_rbf,89.98129009,92.33178126422787
plant_height,svr_rbf,117.9460621,123.49266547487115
plant_height,svr_rbf,119.4864733,98.78775656366328
plant_height,svr_rbf,118.9143735,99.07248210403935
plant_height,svr_rbf,131.0093086,114.19918031501281
plant_height,svr_rbf,124.4575767,106.05686303874623
plant_height,svr_rbf,113.832301,114.17687603019311
plant_height,svr_rbf,107.6234853,97.95376619249204
plant_height,svr_rbf,121.5593403,102.044215565811
plant_height,svr_rbf,107.2437435,102.28372728287077
plant_height,svr_rbf,103.2290453,113.94222798830022
plant_height,svr_rbf,107.8473284,111.52402485393203
plant_height,svr_rbf,120.0981307,112.81749385909977
plant_height,svr_rbf,99.65769757,108.62152848086875
plant_height,svr_rbf,122.5409639,115.54001800458651
plant_height,svr_rbf,119.9971094,114.79977380483548
plant_height,svr_rbf,116.3721885,110.39758390254055
plant_height,svr_rbf,129.8039584,116.68913035647455
plant_height,svr_rbf,110.1851792,114.81244774931038
plant_height,svr_rbf,116.9036982,118.29803264507815
plant_height,svr_rbf,120.9437699,108.50093783818748
plant_height,svr_rbf,107.9376623,93.89411806201615
plant_height,svr_rbf,122.2950428,123.28787094960478
plant_height,svr_rbf,117.057289,111.79588530607325
plant_height,svr_rbf,120.9205654,104.64694926166015
plant_height,svr_rbf,110.3116322,93.24964369442603
plant_height,svr_rbf,96.11443676,96.21821458628864
plant_height,svr_rbf,104.8526051,112.15930261169983
plant_height,svr_rbf,105.5795579,100.94557619286778
plant_height,svr_rbf,111.4781726,92.50175636815146
plant_height,svr_rbf,112.8974152,92.58379684810694
plant_height,svr_rbf,106.2794595,86.4672025196949
plant_height,svr_rbf,108.8342622,92.28028192443566
plant_height,svr_rbf,100.4415968,99.17504631756606
plant_height,svr_rbf,109.8410857,92.35554293424508
plant_height,svr_rbf,111.5325127,91.37693716730796
plant_height,svr_rbf,123.1449085,124.4646098868129
plant_height,svr_rbf,106.9502258,100.07210184054493
plant_height,svr_rbf,106.3775416,98.84806419699952
plant_height,svr_rbf,99.85621683,90.10591853626944
plant_height,svr_rbf,110.4937157,111.07730426073293
plant_height,svr_rbf,113.5789047,119.35731678847951
plant_height,svr_rbf,124.2590065,104.2119999512339
plant_height,svr_rbf,127.1060947,108.44453544783812
plant_height,svr_rbf,123.222434,101.47653787948525
plant_height,svr_rbf,101.7823413,97.98092064931868
plant_height,svr_rbf,123.5673197,108.50500374373453
plant_height,svr_rbf,112.1456235,106.85294699687014
plant_height,svr_rbf,118.6357679,107.84291075055802
plant_height,svr_rbf,121.1457073,103.02030560699961
plant_height,svr_rbf,128.7756457,99.62826290280188
plant_height,svr_rbf,127.8431057,108.02691063352789
plant_height,svr_rbf,131.1735789,117.78269289463461
plant_height,svr_rbf,121.4925814,115.40275909676032
plant_height,svr_rbf,111.2514026,109.76372746964904
plant_height,svr_rbf,115.8479139,116.531289593693
plant_height,svr_rbf,100.9397008,100.51884200589174
plant_height,svr_rbf,132.5448914,117.46927628849264
plant_height,svr_rbf,124.2067106,118.78751022414829
plant_height,svr_rbf,100.4364716,95.22282069108074
plant_height,svr_rbf,106.0942215,103.79711591147354
plant_height,svr_rbf,101.6131454,103.58450692816886
plant_height,svr_rbf,99.88740211,102.24170736373596
plant_height,svr_rbf,121.4822652,108.19137410155788
plant_height,svr_rbf,92.05281075,92.08264396037947
plant_height,svr_rbf,100.2304319,101.32460905262901
plant_height,svr_rbf,92.36898962,106.40731386124223
plant_height,svr_rbf,131.4877533,123.8589376137983
plant_height,svr_rbf,96.52340573,87.39094863181911
plant_height,svr_rbf,108.0248674,102.1957498668099
plant_height,svr_rbf,117.3514622,124.00735954649613
plant_height,svr_rbf,114.6001764,93.15306423796206
plant_height,svr_rbf,114.0998233,98.86308024447438
plant_height,svr_rbf,125.9711733,118.78506138279924
plant_height,svr_rbf,116.329911,101.14857232450493
plant_height,svr_rbf,116.7333687,112.80561088135806
plant_height,svr_rbf,134.1641679,120.12922294228761
plant_height,svr_rbf,102.159687,115.65523804244238
plant_height,svr_rbf,104.9180994,114.28501621466135
plant_height,svr_rbf,107.4827731,99.49029648464656
plant_height,svr_rbf,127.1523107,112.85123381969962
plant_height,svr_rbf,119.6107411,115.75557684892976
plant_height,svr_rbf,121.4267711,114.8969712182644
plant_height,svr_rbf,113.6376429,117.53015340816813
plant_height,svr_rbf,107.5984431,97.08653588453723
plant_height,svr_rbf,126.0761084,107.5199028464145
plant_height,svr_rbf,122.7039175,124.35711173951931
plant_height,svr_rbf,115.4979735,106.20966369883453
plant_height,svr_rbf,119.965915,114.97767953059721
plant_height,svr_rbf,114.7913446,100.24481571901285
plant_height,svr_rbf,120.546945,115.30630232004357
plant_height,svr_rbf,120.1732907,118.70444290337053
plant_height,svr_rbf,108.255772,96.20454531124264
plant_height,svr_rbf,118.1172453,120.02350175364143
plant_height,svr_rbf,134.0601499,118.85521034832126
plant_height,svr_rbf,124.5093919,115.33943215109184
plant_height,svr_rbf,124.5675657,121.51033893933152
plant_height,svr_rbf,118.5242,121.57606385895966
plant_height,svr_rbf,128.9837841,111.65893257144552
plant_height,svr_rbf,103.9559692,99.85293672210129
plant_height,svr_rbf,117.5632389,114.23837138055902
plant_height,svr_rbf,129.198765,121.22740580923866
plant_height,svr_rbf,108.3414896,114.45386316847042
plant_height,svr_rbf,134.792114,110.55936391711954
plant_height,svr_rbf,124.1292222,117.87609266298023
plant_height,svr_rbf,121.3359072,117.53838447523532
plant_height,svr_rbf,111.0551308,120.84656256835123
plant_height,svr_rbf,111.4538046,112.00833912376852
plant_height,svr_rbf,118.2068554,112.93980447947547
plant_height,svr_rbf,106.1752828,99.67158970516932
plant_height,svr_rbf,113.0290573,112.21618347913287
plant_height,svr_rbf,121.3036825,110.14705141479372
plant_height,svr_rbf,112.1755482,113.1622862692092
plant_height,svr_rbf,128.5293717,113.61413794870204
plant_height,svr_rbf,112.6047348,113.27205719186207
plant_height,svr_rbf,96.48112943,97.6094934502405
plant_height,svr_rbf,123.8850126,111.47330475791802
plant_height,svr_rbf,118.3442201,119.06328890371614
plant_height,svr_rbf,128.7420327,125.49190916874778
plant_height,svr_rbf,101.0732787,92.01796665058234
plant_height,svr_rbf,125.0581682,118.1415328360214
plant_height,svr_rbf,113.6957067,105.33155618561261
plant_height,svr_rbf,96.73207526,97.45579336354987
plant_height,svr_rbf,113.6029867,112.22534229961022
plant_height,svr_rbf,121.5157387,117.01282204710697
plant_height,svr_rbf,113.1422743,115.86043287852422
plant_height,svr_rbf,114.9461614,121.23226252695179
plant_height,svr_rbf,116.2453591,120.47766406872623
plant_height,svr_rbf,123.2389691,115.26774582834875
plant_height,svr_rbf,122.7038643,111.71356419973854
plant_height,svr_rbf,119.0875068,119.04637415478504
plant_height,svr_rbf,113.0776477,95.23103943764839
plant_height,svr_rbf,109.0012811,113.02288565420696
plant_height,svr_rbf,116.8389657,105.07021801791575
plant_height,svr_rbf,118.8033249,117.26236890995573
plant_height,svr_rbf,122.9353699,113.83458411425534
plant_height,svr_rbf,105.9639661,121.3970599070236
plant_height,svr_rbf,121.1614896,124.53602227001397
plant_height,svr_rbf,125.4899128,113.0889671781249
plant_height,svr_rbf,112.9204173,115.12090612291071
plant_height,svr_rbf,136.4899649,115.13839473319156
plant_height,svr_rbf,126.2951438,113.61506190928486
plant_height,svr_rbf,103.7261679,107.02636942362629
plant_height,svr_rbf,111.4762383,115.63575907536222
plant_height,svr_rbf,107.7206036,102.29065768097442
plant_height,svr_rbf,115.4693022,110.68828212671626
plant_height,svr_rbf,108.7609985,103.04558599281765
plant_height,svr_rbf,106.1624157,118.89789705265052
plant_height,svr_rbf,116.1540014,116.64631775404936
plant_height,svr_rbf,128.8110556,120.4655725422826
plant_height,svr_rbf,116.6905255,117.18949014035925
plant_height,svr_rbf,112.3455719,114.69309478596955
plant_height,svr_rbf,119.4079634,111.09549751923718
plant_height,svr_rbf,105.4857894,101.92759791946578
plant_height,svr_rbf,128.8412042,123.36013542390195
plant_height,svr_rbf,121.1790246,109.45802278784315
plant_height,svr_rbf,108.7023681,113.17834931203778
plant_height,svr_rbf,107.3247625,106.13902085997502
plant_height,svr_rbf,120.4673523,123.30436479623228
plant_height,svr_rbf,123.1473043,107.80858024797769
plant_height,svr_rbf,121.0450272,118.32824009562866
plant_height,svr_rbf,127.1053566,112.15739042669175
plant_height,svr_rbf,110.4228253,115.060286275963
plant_height,svr_rbf,122.6781527,123.47588217215095
plant_height,svr_rbf,127.6582223,122.09925071202753
plant_height,svr_rbf,127.7041339,128.3381950792977
plant_height,svr_rbf,123.2301247,120.52239872891131
plant_height,svr_rbf,116.2204672,123.32009913530607
plant_height,svr_rbf,146.069066,122.22932392669345
plant_height,svr_rbf,127.1685311,117.16718660474629
plant_height,svr_rbf,130.6183339,117.1754243321169
plant_height,svr_rbf,124.9086073,109.48216047043657
plant_height,svr_rbf,122.6643701,115.33636916998711
plant_height,svr_rbf,122.1227675,118.28080849511838
plant_height,svr_rbf,105.7065746,94.67840188264957
plant_height,svr_rbf,103.7348078,85.40359414738047
plant_height,svr_rbf,120.769991,123.70229641728992
plant_height,svr_rbf,90.66226899,84.50393948827988
plant_height,svr_rbf,117.4531979,104.74497587586751
plant_height,svr_rbf,125.9418267,108.86665111486296
plant_height,svr_rbf,122.9698614,121.92042192201006
plant_height,svr_rbf,130.4924975,122.70143376252123
plant_height,svr_rbf,115.9380008,118.83685045713322
plant_height,svr_rbf,136.6347445,116.71257225133026
plant_height,svr_rbf,123.3448183,113.80920921827904
plant_height,svr_rbf,119.6957499,104.7843827734322
plant_height,svr_rbf,113.7035045,99.00993632235779
plant_height,svr_rbf,120.8808453,114.29547098486336
plant_height,svr_rbf,118.3564356,122.60768505955403
plant_height,svr_rbf,128.846156,122.57646357961418
plant_height,svr_rbf,115.6154636,112.90609077039781
plant_height,svr_rbf,116.9716221,112.49053387103345
plant_height,svr_rbf,123.3686299,120.27798365340988
plant_height,svr_rbf,117.250566,121.66760307406409
plant_height,svr_rbf,113.1441259,124.36024821422174
plant_height,svr_rbf,118.7915277,123.38551215217186
plant_height,svr_rbf,120.2736169,114.92086587445182
plant_height,svr_rbf,124.8702481,122.48479919947624
plant_height,svr_rbf,118.5874503,108.27015551419822
plant_height,svr_rbf,111.3179896,105.96032858575249
plant_height,svr_rbf,120.2774982,121.80341772953385
plant_height,svr_rbf,116.4943304,117.80377144427688
plant_height,svr_rbf,123.7604556,99.76327823801986
plant_height,svr_rbf,119.9605898,108.34135888387088
plant_height,svr_rbf,125.2551565,117.98907147206306
plant_height,svr_rbf,117.936323,111.84112061345282
plant_height,svr_rbf,129.5564533,115.67303711786138
plant_height,svr_rbf,128.0826243,115.97940936730794
plant_height,svr_rbf,126.482528,115.28898261381394
plant_height,svr_rbf,126.7914052,118.28590912759752
plant_height,svr_rbf,119.9671751,118.92250810542477
plant_height,svr_rbf,131.3403719,92.16336119371336
plant_height,svr_rbf,127.8967911,116.30093956071414
plant_height,svr_rbf,110.4340489,104.02317507095862
plant_height,svr_rbf,108.4366725,104.96551602139475
plant_height,svr_rbf,113.072724,103.79305781947075
plant_height,svr_rbf,107.9040514,99.75862929598428
plant_height,svr_rbf,121.1457828,123.50703071393862
plant_height,svr_rbf,140.5558154,112.3586126316765
plant_height,svr_rbf,122.334033,110.37146958585498
plant_height,svr_rbf,129.8368486,120.6409749709571
plant_height,svr_rbf,121.2942359,96.04725021272378
plant_height,svr_rbf,122.8885492,98.08361272101916
plant_height,svr_rbf,120.4771385,103.78763448722762
plant_height,svr_rbf,117.680709,115.44636026677924
plant_height,svr_rbf,126.7330912,122.98627092781894
plant_height,svr_rbf,123.9806073,107.52887099783307
plant_height,svr_rbf,112.4696835,106.60695923548865
plant_height,svr_rbf,120.3251529,119.40014549884917
plant_height,svr_rbf,116.709175,110.97830394844802
plant_height,svr_rbf,127.0856392,117.07336358529986
plant_height,svr_rbf,126.1563203,124.90069568340307
plant_height,svr_rbf,122.2539265,113.25055757010047
plant_height,svr_rbf,104.3796509,117.82168305080111
plant_height,svr_rbf,109.1061281,116.93732326383132
plant_height,svr_rbf,115.905697,116.50505685717607
plant_height,svr_rbf,97.46148845,121.05192545633211
plant_height,svr_rbf,104.7726078,81.4964859490536
plant_height,svr_rbf,111.902964,107.51690237475043
plant_height,svr_rbf,110.3634195,109.40657015335681
plant_height,svr_rbf,119.1098221,112.66634137938406
plant_height,svr_rbf,124.6855763,118.40627025260834
plant_height,svr_rbf,123.4609767,123.33664462104858
plant_height,svr_rbf,109.4556853,114.89376454485323
plant_height,svr_rbf,118.4901227,118.7019942013428
plant_height,svr_rbf,111.1233027,90.6419853511207
plant_height,svr_rbf,113.1904993,97.46114663688942
plant_height,svr_rbf,128.3876327,115.01412692569777
plant_height,svr_rbf,129.2049453,109.95936531983634
plant_height,svr_rbf,97.74058152,103.97211006296251
plant_height,svr_rbf,111.3507427,102.5731090402571
plant_height,svr_rbf,112.0007882,111.82024882455889
plant_height,svr_rbf,128.7050068,98.65238174527853
plant_height,svr_rbf,136.0994915,102.58699882951798
plant_height,svr_rbf,138.383599,101.75103982729047
plant_height,svr_rbf,132.9095952,104.67891456445021
plant_height,svr_rbf,96.87507935,98.29321228874564
plant_height,svr_rbf,107.4392418,101.06580766532254
plant_height,svr_rbf,120.7834278,101.82576010387537
plant_height,svr_rbf,132.678896,119.16634941993587
plant_height,svr_rbf,120.4586215,110.06731880241135
puccinia_hordei,svr_rbf,3.277472024,3.3315850017098887
puccinia_hordei,svr_rbf,2.704659937,3.2549805814014885
puccinia_hordei,svr_rbf,3.987689749,3.1629962164348573
puccinia_hordei,svr_rbf,2.936407423,3.005267493872224
puccinia_hordei,svr_rbf,2.339840503,3.1888730843520445
puccinia_hordei,svr_rbf,2.23818106,3.164689465698043
puccinia_hordei,svr_rbf,2.36839872,3.1353462249954536
puccinia_hordei,svr_rbf,2.435159827,2.9845101531953624
puccinia_hordei,svr_rbf,4.285290114,3.127247414815134
puccinia_hordei,svr_rbf,3.013334901,3.1019634122220827
puccinia_hordei,svr_rbf,3.180363224,3.1498381583227313
puccinia_hordei,svr_rbf,2.559396466,2.906192324496524
puccinia_hordei,svr_rbf,3.227694049,3.202026233131611
puccinia_hordei,svr_rbf,3.653139978,3.2771270724976613
puccinia_hordei,svr_rbf,2.151695764,2.9458366343399374
puccinia_hordei,svr_rbf,3.586529899,3.2511507198811698
puccinia_hordei,svr_rbf,2.575955544,2.9438687860421293
puccinia_hordei,svr_rbf,3.29189463,2.977154534011602
puccinia_hordei,svr_rbf,3.122467129,2.988827016645253
puccinia_hordei,svr_rbf,3.681231306,3.17157954546429
puccinia_hordei,svr_rbf,3.419676527,2.881818262637536
puccinia_hordei,svr_rbf,2.50903281,3.2492565458072065
puccinia_hordei,svr_rbf,2.755863966,2.9282565995842225
puccinia_hordei,svr_rbf,3.030632551,3.484264891464847
puccinia_hordei,svr_rbf,3.544363585,3.1013814532198625
puccinia_hordei,svr_rbf,3.452074517,3.2107576859769074
puccinia_hordei,svr_rbf,3.212672784,3.5636723460697133
puccinia_hordei,svr_rbf,3.613287387,3.398995661841375
puccinia_hordei,svr_rbf,3.327161818,3.063588621621655
puccinia_hordei,svr_rbf,1.694911443,3.0050022590177123
puccinia_hordei,svr_rbf,3.642335315,3.0455695072822127
puccinia_hordei,svr_rbf,2.850409116,3.2831285817159657
puccinia_hordei,svr_rbf,2.127103216,3.3792852152827475
puccinia_hordei,svr_rbf,3.069837308,3.14374738647315
puccinia_hordei,svr_rbf,2.582454207,3.259002565355802
puccinia_hordei,svr_rbf,3.481789567,3.259346818017632
puccinia_hordei,svr_rbf,3.503111504,3.0395809322662917
puccinia_hordei,svr_rbf,3.655794005,3.069512498620446
puccinia_hordei,svr_rbf,3.215957119,3.110383049910988
puccinia_hordei,svr_rbf,1.934419049,2.9749077897372342
puccinia_hordei,svr_rbf,3.245047476,3.325225249654543
puccinia_hordei,svr_rbf,2.330782329,3.031093876020946
puccinia_hordei,svr_rbf,2.692185626,3.2666824870608506
puccinia_hordei,svr_rbf,3.259357504,3.297468054791799
puccinia_hordei,svr_rbf,3.668898241,3.071074327770315
puccinia_hordei,svr_rbf,3.722300922,3.06122200074423
puccinia_hordei,svr_rbf,3.485160564,3.0542272601663845
puccinia_hordei,svr_rbf,3.101516215,3.1965787047992826
puccinia_hordei,svr_rbf,2.52351814,2.9406437303604744
puccinia_hordei,svr_rbf,3.455529152,2.955802704717052
puccinia_hordei,svr_rbf,2.491589388,2.977482223390401
puccinia_hordei,svr_rbf,2.747696887,3.034154164410946
puccinia_hordei,svr_rbf,3.539816433,3.007999592681144
puccinia_hordei,svr_rbf,3.156730065,3.0798995338635917
puccinia_hordei,svr_rbf,2.251752855,3.0100881018994867
puccinia_hordei,svr_rbf,3.224428432,3.057789279234382
puccinia_hordei,svr_rbf,3.298355298,3.2965608714986057
puccinia_hordei,svr_rbf,2.485937804,3.1058731481307404
puccinia_hordei,svr_rbf,3.201214853,3.2029875952677624
puccinia_hordei,svr_rbf,3.534294529,3.1979022717721017
puccinia_hordei,svr_rbf,3.870549068,3.2727241494259283
puccinia_hordei,svr_rbf,3.435513967,3.369782270570407
puccinia_hordei,svr_rbf,2.187329704,2.940166389213211
puccinia_hordei,svr_rbf,2.847834612,3.3590329744933034
puccinia_hordei,svr_rbf,4.14361593,3.1929471585042943
puccinia_hordei,svr_rbf,2.415050198,3.2509005485209492
puccinia_hordei,svr_rbf,1.887397576,3.025603412122051
puccinia_hordei,svr_rbf,4.241806878,2.89815321555853
puccinia_hordei,svr_rbf,3.040840407,2.9348706861020104
puccinia_hordei,svr_rbf,3.152653976,3.167318750401299
puccinia_hordei,svr_rbf,3.094822419,3.0676009063784004
puccinia_hordei,svr_rbf,2.840948973,3.0324910784144405
puccinia_hordei,svr_rbf,3.423078891,3.194102808359598
puccinia_hordei,svr_rbf,3.56963414,2.8613841834019618
puccinia_hordei,svr_rbf,2.900417363,3.2203244888361997
puccinia_hordei,svr_rbf,3.490592946,3.197636479230945
puccinia_hordei,svr_rbf,2.655641478,2.908840409653905
puccinia_hordei,svr_rbf,4.196592221,3.1389504097195284
puccinia_hordei,svr_rbf,3.654297906,3.0790450796328654
puccinia_hordei,svr_rbf,1.897279566,2.841458332844657
puccinia_hordei,svr_rbf,2.843900985,3.1048614297147847
puccinia_hordei,svr_rbf,4.104650059,3.142881414663626
puccinia_hordei,svr_rbf,2.75148623,3.05253133426795
puccinia_hordei,svr_rbf,3.515686406,3.029324454258429
puccinia_hordei,svr_rbf,2.422133949,3.271428191234606
puccinia_hordei,svr_rbf,2.453013617,2.9115363183407976
puccinia_hordei,svr_rbf,2.439909945,3.2553226724748763
puccinia_hordei,svr_rbf,2.337096095,3.2078782710050104
puccinia_hordei,svr_rbf,3.301891917,2.9689442021353742
puccinia_hordei,svr_rbf,2.684202513,3.222229892994878
puccinia_hordei,svr_rbf,2.992472873,3.144996998224093
puccinia_hordei,svr_rbf,2.843604603,3.142533341676164
puccinia_hordei,svr_rbf,2.824497168,3.12518101232151
puccinia_hordei,svr_rbf,3.311040749,3.0188258585612853
puccinia_hordei,svr_rbf,3.663168131,3.1430326634489685
puccinia_hordei,svr_rbf,2.917100952,3.2174009422089904
puccinia_hordei,svr_rbf,2.688501234,2.939070288728863
puccinia_hordei,svr_rbf,3.507935788,3.0957506592835857
puccinia_hordei,svr_rbf,3.577773861,3.4075566668225483
puccinia_hordei,svr_rbf,4.392170107,3.1406828973272214
puccinia_hordei,svr_rbf,2.939003143,3.0464678961784033
puccinia_hordei,svr_rbf,3.375402593,2.989591440610923
puccinia_hordei,svr_rbf,3.378501294,3.095920318546458
puccinia_hordei,svr_rbf,2.532428429,3.095180478037965
puccinia_hordei,svr_rbf,2.311449485,2.9680874869498246
puccinia_hordei,svr_rbf,3.52203928,3.0947088192958265
puccinia_hordei,svr_rbf,3.545318486,3.1511853968815493
puccinia_hordei,svr_rbf,3.621145305,3.0145143447834855
puccinia_hordei,svr_rbf,3.553013262,3.307684381464563
puccinia_hordei,svr_rbf,4.246663348,3.2560453959253746
puccinia_hordei,svr_rbf,3.126109544,3.0291968520323715
puccinia_hordei,svr_rbf,3.89029475,3.1262612232353266
puccinia_hordei,svr_rbf,2.606335367,2.9165045869263664
puccinia_hordei,svr_rbf,2.735197398,3.244207252114759
puccinia_hordei,svr_rbf,2.651647807,3.3461663621189266
puccinia_hordei,svr_rbf,3.503593726,3.028538900286118
puccinia_hordei,svr_rbf,3.026223848,2.919356909450036
puccinia_hordei,svr_rbf,3.045311468,2.9645491318680386
puccinia_hordei,svr_rbf,2.389406597,3.0237537214613344
puccinia_hordei,svr_rbf,3.911573142,3.0952275335565655
puccinia_hordei,svr_rbf,2.020286019,3.086283335300404
puccinia_hordei,svr_rbf,3.682322422,3.1831499741384595
puccinia_hordei,svr_rbf,3.258138848,3.157824561649611
puccinia_hordei,svr_rbf,4.321117532,2.8767581095867127
puccinia_hordei,svr_rbf,3.112914363,3.0209156317594643
puccinia_hordei,svr_rbf,2.157948781,2.898177965245018
puccinia_hordei,svr_rbf,3.259205402,3.1687833364019324
puccinia_hordei,svr_rbf,2.474510058,2.998544900132658
puccinia_hordei,svr_rbf,4.704376164,3.7629654842986033
puccinia_hordei,svr_rbf,2.996081601,2.878000626584631
puccinia_hordei,svr_rbf,3.078000571,3.4813139982075643
puccinia_hordei,svr_rbf,3.724975859,3.732943734702893
puccinia_hordei,svr_rbf,3.800702182,3.727001969187433
puccinia_hordei,svr_rbf,4.153108705,3.818446725702464
puccinia_hordei,svr_rbf,3.316778808,4.0317631455637875
puccinia_hordei,svr_rbf,2.244565353,2.8438070997486227
puccinia_hordei,svr_rbf,5.660555098,3.659266839626601
puccinia_hordei,svr_rbf,3.363905464,2.928409198703078
puccinia_hordei,svr_rbf,4.834584662,3.689273888967884
puccinia_hordei,svr_rbf,3.183891717,3.803728104433042
puccinia_hordei,svr_rbf,2.777285482,2.8620181890492513
puccinia_hordei,svr_rbf,5.033953443,3.8564994819578975
puccinia_hordei,svr_rbf,4.955517329,4.173803915165506
puccinia_hordei,svr_rbf,3.935124328,3.7994713481754108
puccinia_hordei,svr_rbf,4.278917309,3.8222387249570096
puccinia_hordei,svr_rbf,3.390786197,3.0146768521030793
puccinia_hordei,svr_rbf,3.96995203,3.250627602764413
puccinia_hordei,svr_rbf,4.035830004,3.5860421084832854
puccinia_hordei,svr_rbf,3.292926101,3.0085018616723507
puccinia_hordei,svr_rbf,2.850452156,2.9189891185879264
puccinia_hordei,svr_rbf,3.492930467,3.82072197933266
puccinia_hordei,svr_rbf,4.853022147,3.679321667177491
puccinia_hordei,svr_rbf,2.625468412,2.834407622472341
puccinia_hordei,svr_rbf,2.485006993,3.1855592227521647
puccinia_hordei,svr_rbf,3.435232216,3.514973494002456
puccinia_hordei,svr_rbf,2.394827239,2.6669525350034466
puccinia_hordei,svr_rbf,2.201137565,3.262797113127862
puccinia_hordei,svr_rbf,3.15448517,2.8469297209102233
puccinia_hordei,svr_rbf,2.822002793,3.000229537587293
puccinia_hordei,svr_rbf,3.895829864,4.261455300016816
puccinia_hordei,svr_rbf,3.367690134,3.012739387388799
puccinia_hordei,svr_rbf,3.545386202,3.686767652602043
puccinia_hordei,svr_rbf,4.335581173,3.836509538392768
puccinia_hordei,svr_rbf,3.733577503,3.6382822629304354
puccinia_hordei,svr_rbf,2.70743914,3.348311574844939
puccinia_hordei,svr_rbf,4.482906013,3.7276334630186936
puccinia_hordei,svr_rbf,2.318754641,3.0236509397597464
puccinia_hordei,svr_rbf,2.433929439,3.0922618500353316
puccinia_hordei,svr_rbf,3.801690551,4.053160522992496
puccinia_hordei,svr_rbf,4.365719835,3.1136282902201744
puccinia_hordei,svr_rbf,2.740921654,2.90151593011539
puccinia_hordei,svr_rbf,4.075720076,3.7217671432454122
puccinia_hordei,svr_rbf,2.98485908,3.7030926717580166
puccinia_hordei,svr_rbf,3.189461862,2.9160616083921416
puccinia_hordei,svr_rbf,3.016803459,2.798546785664456
puccinia_hordei,svr_rbf,5.546862832,3.992284686934007
puccinia_hordei,svr_rbf,3.754008315,3.6290433314404127
puccinia_hordei,svr_rbf,5.233900646,3.742157006117122
puccinia_hordei,svr_rbf,3.425608465,3.747487628724205
puccinia_hordei,svr_rbf,4.759420795,3.4482456078141412
puccinia_hordei,svr_rbf,2.435437232,2.7402119650090313
puccinia_hordei,svr_rbf,3.527622595,3.7763964260087732
puccinia_hordei,svr_rbf,3.694697124,3.0997260210001905
puccinia_hordei,svr_rbf,4.883169536,3.813963496851358
puccinia_hordei,svr_rbf,1.950576409,2.88915445632113
puccinia_hordei,svr_rbf,2.608922607,3.6643144003805554
puccinia_hordei,svr_rbf,2.637789542,3.0187398553683327
puccinia_hordei,svr_rbf,2.5668081,3.2460897289154564
puccinia_hordei,svr_rbf,4.51785379,3.8124218353642227
puccinia_hordei,svr_rbf,3.29845433,3.867476169094747
puccinia_hordei,svr_rbf,3.580885016,3.778262885919378
puccinia_hordei,svr_rbf,2.359486864,2.9671260412767717
puccinia_hordei,svr_rbf,2.302934061,3.0742672007079475
puccinia_hordei,svr_rbf,3.431809402,3.8611076134714075
puccinia_hordei,svr_rbf,4.425092876,3.1787717900766954
puccinia_hordei,svr_rbf,2.38644984,2.892569076197022
puccinia_hordei,svr_rbf,3.259365758,4.441009694115448
puccinia_hordei,svr_rbf,4.543606227,3.594242940536916
puccinia_hordei,svr_rbf,4.437109031,3.8042963237784697
puccinia_hordei,svr_rbf,6.732138521,2.9096346116657172
puccinia_hordei,svr_rbf,2.286749536,3.474855016233338
puccinia_hordei,svr_rbf,3.586890105,3.8634176367750386
puccinia_hordei,svr_rbf,3.847656786,3.6750623495079466
puccinia_hordei,svr_rbf,4.511306501,3.9362831975208197
puccinia_hordei,svr_rbf,3.297578566,3.811899516422528
puccinia_hordei,svr_rbf,3.210091574,3.917635108584226
puccinia_hordei,svr_rbf,3.084104415,2.8727427242634294
puccinia_hordei,svr_rbf,3.240887432,3.7453755278314445
puccinia_hordei,svr_rbf,4.369050314,4.026073265482221
puccinia_hordei,svr_rbf,3.602862624,3.7338114848534745
puccinia_hordei,svr_rbf,4.05174367,3.7404061769242913
puccinia_hordei,svr_rbf,4.617894444,3.9051547151430563
puccinia_hordei,svr_rbf,4.493664086,3.780855342257528
puccinia_hordei,svr_rbf,3.941010324,4.017143813629952
puccinia_hordei,svr_rbf,3.207944726,3.995688948609726
puccinia_hordei,svr_rbf,2.987776782,3.2003177149756925
puccinia_hordei,svr_rbf,4.220586142,3.8738902701025175
puccinia_hordei,svr_rbf,5.139909598,3.1907912988877856
puccinia_hordei,svr_rbf,2.292733071,2.961217558577087
puccinia_hordei,svr_rbf,3.98105119,4.059281987657119
puccinia_hordei,svr_rbf,2.434904658,2.7950675386218795
puccinia_hordei,svr_rbf,3.499322479,3.8310788447600186
puccinia_hordei,svr_rbf,3.409550091,3.721008221053176
puccinia_hordei,svr_rbf,3.190417333,3.7635636436866413
puccinia_hordei,svr_rbf,3.894144759,3.9467421795584468
puccinia_hordei,svr_rbf,3.301038624,4.014409541983017
puccinia_hordei,svr_rbf,3.006552355,2.9569114848041096
puccinia_hordei,svr_rbf,2.416579566,2.771716618111139
puccinia_hordei,svr_rbf,2.216430104,3.238249914758605
puccinia_hordei,svr_rbf,3.890102553,3.9287072542621493
puccinia_hordei,svr_rbf,4.067255282,3.8932808925892863
puccinia_hordei,svr_rbf,4.384195279,4.070147521912083
puccinia_hordei,svr_rbf,3.87921308,3.929185028945456
puccinia_hordei,svr_rbf,2.902092619,3.823696786750178
puccinia_hordei,svr_rbf,3.820092496,3.897573486143182
puccinia_hordei,svr_rbf,3.025008995,3.9403933332063072
puccinia_hordei,svr_rbf,3.225244892,2.8837434533082384
puccinia_hordei,svr_rbf,2.382297749,2.9806180756392346
puccinia_hordei,svr_rbf,3.491801679,3.116278265796984
puccinia_hordei,svr_rbf,4.752133911,3.024394818583258
puccinia_hordei,svr_rbf,3.038948346,3.8838072543159265
puccinia_hordei,svr_rbf,2.061989595,3.034329507171413
puccinia_hordei,svr_rbf,4.865424415,4.079789916975871
puccinia_hordei,svr_rbf,4.054610666,3.891762006761467
puccinia_hordei,svr_rbf,2.997159288,2.9918933211859504
puccinia_hordei,svr_rbf,4.167600868,3.7343642684062637
puccinia_hordei,svr_rbf,5.206443538,3.4389369819481512
puccinia_hordei,svr_rbf,2.536685187,3.13145391219621
puccinia_hordei,svr_rbf,3.422121213,3.6875166834772712
puccinia_hordei,svr_rbf,2.672359935,4.0089919624598895
puccinia_hordei,svr_rbf,2.291861143,2.719298108234089
puccinia_hordei,svr_rbf,4.252229468,2.989438366301922
puccinia_hordei,svr_rbf,2.36968538,2.9570031772622767
puccinia_hordei,svr_rbf,3.019232724,3.683391620443335
puccinia_hordei,svr_rbf,3.422231878,3.8106405379562585
puccinia_hordei,svr_rbf,4.012427564,3.6928966751633974
puccinia_hordei,svr_rbf,3.544412291,3.0525115067805944
puccinia_hordei,svr_rbf,2.352113465,3.2263381327559575
puccinia_hordei,svr_rbf,3.996819878,3.943165874848215
puccinia_hordei,svr_rbf,2.129006955,3.3081799140556853
puccinia_hordei,svr_rbf,2.635985504,2.987021978169609
puccinia_hordei,svr_rbf,4.824819093,4.05654788686439
puccinia_hordei,svr_rbf,3.005197388,2.7560669070325314
puccinia_hordei,svr_rbf,3.283135611,3.828185804498747
puccinia_hordei,svr_rbf,3.213854989,3.223474182750705
puccinia_hordei,svr_rbf,2.904180983,3.979813876853933
puccinia_hordei,svr_rbf,3.990675395,3.8701936027794965
puccinia_hordei,svr_rbf,3.178215111,2.796911085869362
puccinia_hordei,svr_rbf,4.208782789,3.6611742427882303
puccinia_hordei,svr_rbf,4.209667083,3.8948193014861565
puccinia_hordei,svr_rbf,3.021880704,2.893482886977335
puccinia_hordei,svr_rbf,2.997767347,3.7092217100990785
puccinia_hordei,svr_rbf,3.929371235,3.7226154384550605
puccinia_hordei,svr_rbf,3.823862364,3.0955004197361555
puccinia_hordei,svr_rbf,3.458364316,3.874808481567032
puccinia_hordei,svr_rbf,3.554952507,3.777422210866312
puccinia_hordei,svr_rbf,4.495270668,3.8440739927710075
puccinia_hordei,svr_rbf,3.753172901,2.7551528148724467
puccinia_hordei,svr_rbf,2.230148973,3.132947346761271
puccinia_hordei,svr_rbf,2.489197525,3.837990717369911
puccinia_hordei,svr_rbf,5.14920616,3.2632345700522416
puccinia_hordei,svr_rbf,2.725553038,2.8866329272447233
puccinia_hordei,svr_rbf,3.208613182,3.913036621160156
puccinia_hordei,svr_rbf,4.288239778,3.516447388860583
puccinia_hordei,svr_rbf,3.805014659,3.854071459445339
puccinia_hordei,svr_rbf,3.296138908,2.8752097221230946
puccinia_hordei,svr_rbf,3.736892102,3.7702586147738097
puccinia_hordei,svr_rbf,3.924627931,3.743873885461488
puccinia_hordei,svr_rbf,3.042942123,2.911755689878282
puccinia_hordei,svr_rbf,2.79359558,3.0667728349442576
puccinia_hordei,svr_rbf,2.630860408,2.735870869974879
puccinia_hordei,svr_rbf,3.934773756,3.931796043204553
puccinia_hordei,svr_rbf,3.178047993,3.5851987981613145
puccinia_hordei,svr_rbf,3.080001886,3.5782979359083287
puccinia_hordei,svr_rbf,3.298762807,3.1382666200773524
puccinia_hordei,svr_rbf,2.037578347,3.268609237802452
puccinia_hordei,svr_rbf,4.302396377,3.457367102893601
puccinia_hordei,svr_rbf,4.871193964,3.4756429625800305
puccinia_hordei,svr_rbf,6.159276674,4.992790989391376
puccinia_hordei,svr_rbf,5.545036274,5.181805850896046
puccinia_hordei,svr_rbf,6.617436693,5.211306106351936
puccinia_hordei,svr_rbf,5.974325564,5.902038651222969
puccinia_hordei,svr_rbf,6.390596062,6.1485417184058075
puccinia_hordei,svr_rbf,4.5597863,5.146817398711887
puccinia_hordei,svr_rbf,2.926005732,3.9844953768014295
puccinia_hordei,svr_rbf,4.866128898,5.195994440945924
puccinia_hordei,svr_rbf,5.942990037,4.629569350150852
puccinia_hordei,svr_rbf,4.551163469,4.421243332309795
puccinia_hordei,svr_rbf,4.67386539,4.747903788255301
puccinia_hordei,svr_rbf,3.650349529,4.278217743902956
puccinia_hordei,svr_rbf,5.516817921,4.647130650130342
puccinia_hordei,svr_rbf,4.188099474,4.307211688330518
puccinia_hordei,svr_rbf,3.722916558,3.4820731042685793
puccinia_hordei,svr_rbf,2.291571549,3.076930648505253
puccinia_hordei,svr_rbf,4.884865343,3.47161626740499
puccinia_hordei,svr_rbf,4.252943974,5.176284808564136
puccinia_hordei,svr_rbf,2.98566495,4.598416372006817
puccinia_hordei,svr_rbf,2.058572759,3.3076545145271146
puccinia_hordei,svr_rbf,3.659636669,4.193632399769411
puccinia_hordei,svr_rbf,4.894147838,4.989800696154118
puccinia_hordei,svr_rbf,3.617064811,4.649751782992212
puccinia_hordei,svr_rbf,5.27885052,4.937492770365743
puccinia_hordei,svr_rbf,4.726271006,4.7849706985228995
puccinia_hordei,svr_rbf,4.712618739,4.862832215669502
puccinia_hordei,svr_rbf,5.365833824,4.885096428882414
puccinia_hordei,svr_rbf,4.350912703,4.3523986701176405
puccinia_hordei,svr_rbf,6.199935744,5.217444549786747
puccinia_hordei,svr_rbf,4.65316017,5.073866741179957
puccinia_hordei,svr_rbf,4.090260303,4.460242506136106
puccinia_hordei,svr_rbf,3.616646348,3.7469334790050333
puccinia_hordei,svr_rbf,4.579586246,3.8536766760092434
puccinia_hordei,svr_rbf,3.398025096,4.850686845545802
puccinia_hordei,svr_rbf,4.174465326,4.979294828118737
puccinia_hordei,svr_rbf,6.01474557,6.103403949640647
puccinia_hordei,svr_rbf,3.992743152,6.421376020855854
puccinia_hordei,svr_rbf,4.900736251,5.140370484586604
puccinia_hordei,svr_rbf,4.997227105,4.939902619819757
puccinia_hordei,svr_rbf,4.901974511,5.20662085399632
puccinia_hordei,svr_rbf,5.075318654,4.606058756446533
puccinia_hordei,svr_rbf,4.455145629,5.094409845606546
puccinia_hordei,svr_rbf,2.481614469,3.4001499287595776
puccinia_hordei,svr_rbf,4.719276822,5.203282366387828
puccinia_hordei,svr_rbf,4.899075576,3.6317521971774616
puccinia_hordei,svr_rbf,4.271300291,4.155167964775684
puccinia_hordei,svr_rbf,3.449587438,4.147580071173251
puccinia_hordei,svr_rbf,3.94621894,4.683604940913407
puccinia_hordei,svr_rbf,3.249016218,3.9140444399602274
puccinia_hordei,svr_rbf,4.870237253,6.049681534815763
puccinia_hordei,svr_rbf,5.391160985,5.273773698759664
puccinia_hordei,svr_rbf,5.807178616,4.949356517832921
puccinia_hordei,svr_rbf,5.667100245,4.950325834580566
puccinia_hordei,svr_rbf,3.849916634,3.6882144133875885
puccinia_hordei,svr_rbf,5.999044022,5.108134285646164
puccinia_hordei,svr_rbf,5.922888009,5.4103723280701015
puccinia_hordei,svr_rbf,3.364563149,4.55284993127138
puccinia_hordei,svr_rbf,4.344678804,3.720563258072416
puccinia_hordei,svr_rbf,3.844594026,4.498040902401565
puccinia_hordei,svr_rbf,3.11067437,4.257039739349444
puccinia_hordei,svr_rbf,5.16892617,4.6845864361596625
puccinia_hordei,svr_rbf,4.295867062,4.378900355585984
puccinia_hordei,svr_rbf,3.811055463,4.616422251915212
puccinia_hordei,svr_rbf,6.300599924,5.983005076622552
puccinia_hordei,svr_rbf,3.603779553,4.727266942883263
puccinia_hordei,svr_rbf,5.107347502,4.562640498072833
puccinia_hordei,svr_rbf,3.892149974,4.079140381922643
puccinia_hordei,svr_rbf,6.037754899,5.870840856078516
puccinia_hordei,svr_rbf,2.986500288,3.9041994100625192
puccinia_hordei,svr_rbf,5.085301335,4.817165739623238
puccinia_hordei,svr_rbf,3.75953967,4.817328350683586
puccinia_hordei,svr_rbf,3.867121615,4.8408837346482345
puccinia_hordei,svr_rbf,4.934474187,4.139092096430274
puccinia_hordei,svr_rbf,3.557623393,3.851230202557617
puccinia_hordei,svr_rbf,3.694606242,4.0310415618681175
puccinia_hordei,svr_rbf,3.743767297,3.7468069176449044
puccinia_hordei,svr_rbf,4.811330702,4.762188415245191
puccinia_hordei,svr_rbf,5.48575449,4.552663305165604
puccinia_hordei,svr_rbf,3.439067514,4.537624917770278
puccinia_hordei,svr_rbf,4.79729568,3.7851542385482615
puccinia_hordei,svr_rbf,3.15352416,3.081642210771143
puccinia_hordei,svr_rbf,5.882034504,5.872093323453045
puccinia_hordei,svr_rbf,5.863594491,5.8344549563265735
puccinia_hordei,svr_rbf,5.769068013,5.802843132512068
puccinia_hordei,svr_rbf,5.597621919,4.976272255992026
puccinia_hordei,svr_rbf,4.087469778,3.5593127366429114
puccinia_hordei,svr_rbf,5.297600796,5.044497598079569
puccinia_hordei,svr_rbf,5.694146769,4.65452783011946
puccinia_hordei,svr_rbf,4.916357531,3.9236655015402393
puccinia_hordei,svr_rbf,4.013740811,4.78944670268818
puccinia_hordei,svr_rbf,3.264362148,4.086881732146867
puccinia_hordei,svr_rbf,5.186607252,4.256999486092275
puccinia_hordei,svr_rbf,5.305322064,3.7975912191267915
puccinia_hordei,svr_rbf,4.034457326,4.518364883202725
puccinia_hordei,svr_rbf,5.370473982,5.513809409865219
puccinia_hordei,svr_rbf,3.665065449,3.8609453174567268
puccinia_hordei,svr_rbf,3.904151627,5.149770605899815
puccinia_hordei,svr_rbf,3.465693914,4.594368562707867
puccinia_hordei,svr_rbf,4.739315934,4.482162557457951
puccinia_hordei,svr_rbf,4.677228227,4.937474259286102
puccinia_hordei,svr_rbf,4.906338264,4.765664191277682
puccinia_hordei,svr_rbf,4.245558176,3.8978138584126483
puccinia_hordei,svr_rbf,4.059026695,4.767085581304587
puccinia_hordei,svr_rbf,3.76358415,4.1520658895727
puccinia_hordei,svr_rbf,4.184214872,3.729067978031356
puccinia_hordei,svr_rbf,5.058798432,3.9722500688938958
puccinia_hordei,svr_rbf,4.008280335,5.037639846175637
puccinia_hordei,svr_rbf,5.643715611,5.144915401619192
puccinia_hordei,svr_rbf,5.239935078,5.300636966088739
puccinia_hordei,svr_rbf,3.080240091,4.621822598175967
puccinia_hordei,svr_rbf,3.779871727,4.916971017138713
puccinia_hordei,svr_rbf,2.103124196,3.8286749110547396
puccinia_hordei,svr_rbf,3.148806516,3.88650006883066
puccinia_hordei,svr_rbf,5.663335825,4.537292438133567
puccinia_hordei,svr_rbf,3.33456567,3.7162148419503223
puccinia_hordei,svr_rbf,5.059118732,4.9892879127582335
puccinia_hordei,svr_rbf,2.91762368,3.6550115820250637
puccinia_hordei,svr_rbf,3.717596471,3.1388734152502735
puccinia_hordei,svr_rbf,3.569822237,4.722197075233675
puccinia_hordei,svr_rbf,3.002257017,4.484494308587436
puccinia_hordei,svr_rbf,6.497600366,6.400123275171598
puccinia_hordei,svr_rbf,5.538474763,4.49653198298945
puccinia_hordei,svr_rbf,5.852271628,5.245932829542993
puccinia_hordei,svr_rbf,5.637326704,4.856009104303726
puccinia_hordei,svr_rbf,4.083270138,4.642247453076913
puccinia_hordei,svr_rbf,5.093261544,4.531487494904674
puccinia_hordei,svr_rbf,4.848950102,4.930335705957678
puccinia_hordei,svr_rbf,4.86946176,4.798598331978312
puccinia_hordei,svr_rbf,4.583306968,4.902208075390752
puccinia_hordei,svr_rbf,4.545383864,4.389670493381829
puccinia_hordei,svr_rbf,4.701328131,4.479428138900701
puccinia_hordei,svr_rbf,4.861684252,4.895776657692296
puccinia_hordei,svr_rbf,6.000967952,5.838201535387109
puccinia_hordei,svr_rbf,5.47049407,4.8649925742876
puccinia_hordei,svr_rbf,6.004139063,5.458213805127718
puccinia_hordei,svr_rbf,2.90591926,4.576832036631976
puccinia_hordei,svr_rbf,3.595792888,4.2433752012724355
puccinia_hordei,svr_rbf,3.742547336,4.7351802882147895
puccinia_hordei,svr_rbf,3.926045157,5.055995704210434
puccinia_hordei,svr_rbf,4.10638058,4.543723787762315
puccinia_hordei,svr_rbf,5.819141386,4.678046678798612
puccinia_hordei,svr_rbf,3.852033452,4.740382423717122
puccinia_hordei,svr_rbf,3.466896958,4.113763300667422
puccinia_hordei,svr_rbf,3.121519459,4.099745956150856
puccinia_hordei,svr_rbf,2.626746852,4.418826896640772
puccinia_hordei,svr_rbf,5.524248201,4.812093489771509
puccinia_hordei,svr_rbf,5.653535504,5.829308946102199
puccinia_hordei,svr_rbf,5.375965049,5.2457050636232925
puccinia_hordei,svr_rbf,5.463966235,4.917079735777867
puccinia_hordei,svr_rbf,4.934323666,6.073466028792533
puccinia_hordei,svr_rbf,5.856312,4.477684272671348
puccinia_hordei,svr_rbf,5.074007487,5.176992766055365
puccinia_hordei,svr_rbf,4.800183115,4.667040229029718
puccinia_hordei,svr_rbf,4.848370155,5.481751928380734
puccinia_hordei,svr_rbf,5.71047576,5.403329764854671
puccinia_hordei,svr_rbf,5.087022338,4.793771332062393
puccinia_hordei,svr_rbf,4.127803289,4.744116560750244
puccinia_hordei,svr_rbf,4.922041341,4.886196105567439
puccinia_hordei,svr_rbf,4.82250767,4.293314179080417
puccinia_hordei,svr_rbf,5.326418857,5.553415763035571
puccinia_hordei,svr_rbf,5.656986911,5.015167567100009
puccinia_hordei,svr_rbf,5.602496487,4.803685987700314
puccinia_hordei,svr_rbf,5.720915105,5.912991017392243
puccinia_hordei,svr_rbf,5.050148355,5.018310504238678
puccinia_hordei,svr_rbf,4.6183157,4.432421741497407
puccinia_hordei,svr_rbf,6.028429495,4.991085177298257
puccinia_hordei,svr_rbf,4.043158845,4.180179552737584
puccinia_hordei,svr_rbf,5.538998703,5.063587452475982
puccinia_hordei,svr_rbf,3.386979033,4.180520691459829
puccinia_hordei,svr_rbf,3.921671116,3.8704184898371667
puccinia_hordei,svr_rbf,3.857271585,4.022745394665069
puccinia_hordei,svr_rbf,3.435175658,3.9287620895293704
puccinia_hordei,svr_rbf,4.965261045,5.027754548228375
puccinia_hordei,svr_rbf,4.223525895,4.922146170497139
puccinia_hordei,svr_rbf,3.455699374,4.343637354983674
puccinia_hordei,svr_rbf,5.647607553,4.880206603972347
puccinia_hordei,svr_rbf,4.703847485,4.660270327247244
puccinia_hordei,svr_rbf,4.19960416,4.321202857918673
puccinia_hordei,svr_rbf,4.751856953,5.323739311879938
puccinia_hordei,svr_rbf,3.904698802,4.786693898122608
puccinia_hordei,svr_rbf,4.969817642,4.391881987044378
puccinia_hordei,svr_rbf,3.625439002,3.8185884887069235
puccinia_hordei,svr_rbf,4.669522589,4.395260257668573
puccinia_hordei,svr_rbf,4.134243211,4.865250095897039
puccinia_hordei,svr_rbf,5.12332523,4.953908297643466
puccinia_hordei,svr_rbf,3.986774417,4.220680392237433
puccinia_hordei,svr_rbf,5.174359391,4.504436557017371
puccinia_hordei,svr_rbf,4.530805269,5.1006618701996835
puccinia_hordei,svr_rbf,4.531428282,4.664493162812671
puccinia_hordei,svr_rbf,4.852406174,4.909836636922947
puccinia_hordei,svr_rbf,4.489280749,5.0515381146523
puccinia_hordei,svr_rbf,4.633206945,4.658774983085979
puccinia_hordei,svr_rbf,4.455678871,4.4564511454542535
puccinia_hordei,svr_rbf,5.41148054,4.967340241762935
puccinia_hordei,svr_rbf,4.535905114,3.6687105144681325
puccinia_hordei,svr_rbf,4.549321502,4.969785960148529
puccinia_hordei,svr_rbf,3.607289483,3.654432026202106
puccinia_hordei,svr_rbf,3.907498686,4.411376063835622
puccinia_hordei,svr_rbf,3.958437643,4.24915899502377
puccinia_hordei,svr_rbf,5.106923718,4.249358754469493
puccinia_hordei,svr_rbf,5.377003654,4.967051041332959
puccinia_hordei,svr_rbf,4.568067401,5.282416676790026
puccinia_hordei,svr_rbf,6.09178368,5.896205576500317
puccinia_hordei,svr_rbf,4.082630528,4.110086403628335
puccinia_hordei,svr_rbf,4.438538148,4.96750679986389
puccinia_hordei,svr_rbf,4.385093768,4.346792438259367
puccinia_hordei,svr_rbf,3.692774327,4.722330727394211
puccinia_hordei,svr_rbf,5.679074842,5.802564604264242
puccinia_hordei,svr_rbf,4.647541678,4.425014694252662
puccinia_hordei,svr_rbf,3.846789238,4.746973873721182
puccinia_hordei,svr_rbf,4.346915323,4.382379450611222
puccinia_hordei,svr_rbf,5.207567498,4.755895867298241
puccinia_hordei,svr_rbf,3.362645237,2.9933856503103713
puccinia_hordei,svr_rbf,4.313143032,4.437966983828536
puccinia_hordei,svr_rbf,2.521830956,4.033048612803657
puccinia_hordei,svr_rbf,4.672090341,3.6588435828447032
puccinia_hordei,svr_rbf,5.510220644,5.927522300859753
puccinia_hordei,svr_rbf,4.992737536,4.339978009359673
puccinia_hordei,svr_rbf,5.571061885,4.866355220804159
puccinia_hordei,svr_rbf,4.839797396,3.406469039869256
puccinia_hordei,svr_rbf,3.586721187,3.198055551292191
puccinia_hordei,svr_rbf,4.094695229,4.663305047682281
puccinia_hordei,svr_rbf,2.948983953,4.330695510428912
puccinia_hordei,svr_rbf,5.739080027,4.965597633509602
puccinia_hordei,svr_rbf,4.525223178,3.757304888061274
puccinia_hordei,svr_rbf,3.430325804,3.542029997682347
puccinia_hordei,svr_rbf,4.825098332,4.68982519265386
puccinia_hordei,svr_rbf,4.941104162,5.196720465230964
puccinia_hordei,svr_rbf,3.102552644,3.7201029377289982
puccinia_hordei,svr_rbf,5.041372359,4.644292111897619
puccinia_hordei,svr_rbf,4.978419346,4.205422671496574
puccinia_hordei,svr_rbf,5.419200692,5.491515741469638
puccinia_hordei,svr_rbf,3.410690058,3.7828989306188188
puccinia_hordei,svr_rbf,5.160131284,4.958751687815359
puccinia_hordei,svr_rbf,3.671626843,4.29342440701083
puccinia_hordei,svr_rbf,4.468252791,4.8056009881555894
puccinia_hordei,svr_rbf,4.900481838,4.989844983546393
puccinia_hordei,svr_rbf,5.903498933,5.765093742338369
puccinia_hordei,svr_rbf,4.518984673,3.8450961366975296
puccinia_hordei,svr_rbf,5.295476952,6.2444725844224
puccinia_hordei,svr_rbf,3.433155592,3.995570238427855
puccinia_hordei,svr_rbf,3.558267531,3.1771688511084957
puccinia_hordei,svr_rbf,4.136747266,4.573987181272474
puccinia_hordei,svr_rbf,6.029060577,5.214207585808766
puccinia_hordei,svr_rbf,5.014044238,4.6312224761517955
puccinia_hordei,svr_rbf,5.088079196,4.89514308418078
puccinia_hordei,svr_rbf,3.975110727,3.422248701646562
puccinia_hordei,svr_rbf,3.997853383,3.4681081671133245
puccinia_hordei,svr_rbf,5.109265525,3.2884612672228517
puccinia_hordei,svr_rbf,4.057626893,4.85118277266818
puccinia_hordei,svr_rbf,4.086296693,3.8738441721234613
puccinia_hordei,svr_rbf,4.634814595,3.2185631733493394
puccinia_hordei,svr_rbf,2.555611844,3.341862540809176
puccinia_hordei,svr_rbf,3.407975487,3.2037072336082906
puccinia_hordei,svr_rbf,3.010003602,3.320220293459001
puccinia_hordei,svr_rbf,5.481629511,6.157509287233136
puccinia_hordei,svr_rbf,5.227385109,5.919173490221899
puccinia_hordei,svr_rbf,4.80791175,5.835637872102968
puccinia_hordei,svr_rbf,5.50703143,4.458203233071518
puccinia_hordei,svr_rbf,3.096080413,4.804427770505934
puccinia_hordei,svr_rbf,4.50764515,4.390405354402583
puccinia_hordei,svr_rbf,4.319122344,4.502060676330655
puccinia_hordei,svr_rbf,3.824176995,4.189337608910274
puccinia_hordei,svr_rbf,4.100141003,5.221508369046559
puccinia_hordei,svr_rbf,4.443141645,5.02658944916647
puccinia_hordei,svr_rbf,2.971688826,3.724315561547376
puccinia_hordei,svr_rbf,3.696541077,3.810678777413645
puccinia_hordei,svr_rbf,4.745375507,4.465359511583456
puccinia_hordei,svr_rbf,4.350952086,4.643175116929486
puccinia_hordei,svr_rbf,4.86964648,4.663052638746378
puccinia_hordei,svr_rbf,4.202576015,5.013473763285771
puccinia_hordei,svr_rbf,4.363643853,4.94558914848866
puccinia_hordei,svr_rbf,3.896403524,4.1732129086761285
puccinia_hordei,svr_rbf,3.615140713,4.236122624438048
puccinia_hordei,svr_rbf,3.05812978,4.25442713471772
puccinia_hordei,svr_rbf,3.339806624,3.449500878808564
puccinia_hordei,svr_rbf,5.236616573,5.163629221759278
puccinia_hordei,svr_rbf,3.16213825,4.583776455509299
puccinia_hordei,svr_rbf,5.724021594,4.0033447986015265
puccinia_hordei,svr_rbf,3.497067139,4.954587852709625
puccinia_hordei,svr_rbf,4.896840812,4.818461956304577
puccinia_hordei,svr_rbf,3.949604005,4.656217802068971
puccinia_hordei,svr_rbf,4.428101252,4.35943557159645
puccinia_hordei,svr_rbf,4.904667963,4.99259746107006
puccinia_hordei,svr_rbf,4.081287755,3.9127339689467435
puccinia_hordei,svr_rbf,5.285811494,4.8917564349000475
puccinia_hordei,svr_rbf,4.896686515,4.751361496101783
puccinia_hordei,svr_rbf,3.732297059,3.7956813211441083
puccinia_hordei,svr_rbf,4.420422042,5.784249028121338
puccinia_hordei,svr_rbf,4.868603108,4.064058091282715
puccinia_hordei,svr_rbf,3.899499026,4.2009563508483705
puccinia_hordei,svr_rbf,4.013155235,4.309711398745693
puccinia_hordei,svr_rbf,3.794360838,3.9895412333573117
puccinia_hordei,svr_rbf,6.444457289,5.510486054860905
puccinia_hordei,svr_rbf,5.197134184,5.720698344919562
puccinia_hordei,svr_rbf,3.066799223,3.795358312674726
puccinia_hordei,svr_rbf,6.620807864,5.955766096128816
puccinia_hordei,svr_rbf,5.765854794,5.177434131832096
puccinia_hordei,svr_rbf,6.19995437,6.116787396177485
puccinia_hordei,svr_rbf,5.433274636,6.138354853189105
puccinia_hordei,svr_rbf,6.38845092,5.618450183325823
puccinia_hordei,svr_rbf,4.787595621,4.917759332080674
puccinia_hordei,svr_rbf,5.525437754,4.360039254079995
puccinia_hordei,svr_rbf,3.344554043,3.699511364556552
puccinia_hordei,svr_rbf,6.267438295,4.964287056108799
puccinia_hordei,svr_rbf,5.544931122,5.246198229333791
puccinia_hordei,svr_rbf,3.456472424,3.8316849689905292
puccinia_hordei,svr_rbf,6.039983709,5.263525168595606
puccinia_hordei,svr_rbf,5.44120136,4.938623146103907
puccinia_hordei,svr_rbf,2.785763907,2.9701507033859897
puccinia_hordei,svr_rbf,3.119575943,4.300704824621744
puccinia_hordei,svr_rbf,5.35484517,4.372068154279349
puccinia_hordei,svr_rbf,4.120542269,5.013233125499238
puccinia_hordei,svr_rbf,5.241229794,5.5523227536475375
puccinia_hordei,svr_rbf,5.099732813,5.562846320495508
puccinia_hordei,svr_rbf,5.705215963,4.8773312184704665
puccinia_hordei,svr_rbf,4.042952541,4.244820906855454
puccinia_hordei,svr_rbf,5.765191154,4.472817014133241
puccinia_hordei,svr_rbf,4.817727217,4.864466291653255
puccinia_hordei,svr_rbf,4.14271312,4.2645853998868315
puccinia_hordei,svr_rbf,4.05445961,4.556964964581296
puccinia_hordei,svr_rbf,3.630235921,3.968092575511883
puccinia_hordei,svr_rbf,5.316746772,4.954611307862523
puccinia_hordei,svr_rbf,5.349038142,4.275854463899391
puccinia_hordei,svr_rbf,4.297290653,4.799607089494084
puccinia_hordei,svr_rbf,4.24629282,4.943537371804307
puccinia_hordei,svr_rbf,3.577584274,3.864833847528568
puccinia_hordei,svr_rbf,4.252503562,4.090684569172179
puccinia_hordei,svr_rbf,3.938115162,3.800419406857668
puccinia_hordei,svr_rbf,4.026439413,5.883434791433128
puccinia_hordei,svr_rbf,2.936467325,3.5512965735168667
puccinia_hordei,svr_rbf,3.494077012,4.792347959673711
puccinia_hordei,svr_rbf,3.943247746,5.1207864109422765
puccinia_hordei,svr_rbf,4.004435333,4.765625367610329
puccinia_hordei,svr_rbf,3.711776611,5.138026913423553
puccinia_hordei,svr_rbf,3.495590721,5.429754386040613
puccinia_hordei,svr_rbf,5.008356167,5.00694973045427
puccinia_hordei,svr_rbf,4.030562748,5.124233202181692
puccinia_hordei,svr_rbf,4.573895269,4.577350063095124
puccinia_hordei,svr_rbf,3.830039131,5.035342931089365
puccinia_hordei,svr_rbf,3.393259304,5.008621905584605
puccinia_hordei,svr_rbf,4.598259415,5.262342822698063
puccinia_hordei,svr_rbf,5.335554388,5.286968623093035
puccinia_hordei,svr_rbf,2.969744743,3.507298236642405
puccinia_hordei,svr_rbf,4.221697571,5.136243589252134
puccinia_hordei,svr_rbf,4.263509389,4.364749271661816
puccinia_hordei,svr_rbf,3.541075254,3.3830689318675784
puccinia_hordei,svr_rbf,3.792012981,4.558299295538047
puccinia_hordei,svr_rbf,4.271702693,3.8905546992415188
puccinia_hordei,svr_rbf,4.16990622,5.240232089406952
puccinia_hordei,svr_rbf,5.107867709,4.340735413526378
puccinia_hordei,svr_rbf,2.964698411,3.814635702759289
puccinia_hordei,svr_rbf,3.864113318,3.7020791517344236
puccinia_hordei,svr_rbf,4.422938185,4.587124120845233
puccinia_hordei,svr_rbf,5.521443783,4.804494731098823
puccinia_hordei,svr_rbf,4.516980963,4.383294658414478
puccinia_hordei,svr_rbf,3.661490862,3.5969851900444976
puccinia_hordei,svr_rbf,5.206190171,5.429395433046739
puccinia_hordei,svr_rbf,4.163978409,4.128701769988204
puccinia_hordei,svr_rbf,4.68621716,4.097060925788565
puccinia_hordei,svr_rbf,4.643771431,5.5494082988628755
puccinia_hordei,svr_rbf,6.497719785,5.244742621335087
puccinia_hordei,svr_rbf,4.712747766,5.6989488505909405
puccinia_hordei,svr_rbf,5.29316104,4.809617023393415
puccinia_hordei,svr_rbf,3.850808413,5.121593570652091
puccinia_hordei,svr_rbf,2.817666015,4.375728711324562
puccinia_hordei,svr_rbf,5.324818828,4.724087215947219
puccinia_hordei,svr_rbf,2.798906716,3.902420634970827
puccinia_hordei,svr_rbf,3.326486445,3.8910010754616478
puccinia_hordei,svr_rbf,5.758948123,5.712126973809901
puccinia_hordei,svr_rbf,4.522150471,4.268579149018708
puccinia_hordei,svr_rbf,4.19222051,3.5967392746384697
puccinia_hordei,svr_rbf,4.889351019,4.0445101323272805
puccinia_hordei,svr_rbf,3.349282165,3.819534153829924
puccinia_hordei,svr_rbf,4.894538768,5.259646601628657
puccinia_hordei,svr_rbf,5.577261257,5.031747596793365
puccinia_hordei,svr_rbf,4.561562062,5.278220612527843
puccinia_hordei,svr_rbf,5.051885203,4.379369121609655
puccinia_hordei,svr_rbf,4.175492147,4.535859860762148
puccinia_hordei,svr_rbf,5.821787061,5.645431527863626
puccinia_hordei,svr_rbf,5.579656745,5.096361433178568
puccinia_hordei,svr_rbf,4.862943299,4.632029882125726
puccinia_hordei,svr_rbf,5.430246734,4.991076029239033
puccinia_hordei,svr_rbf,4.226174685,4.5762983561957835
puccinia_hordei,svr_rbf,5.052717324,4.732831002945237
puccinia_hordei,svr_rbf,4.629827894,4.71197727464284
puccinia_hordei,svr_rbf,3.83315006,3.6971311354143293
puccinia_hordei,svr_rbf,3.3889216,3.75369882761656
puccinia_hordei,svr_rbf,3.165540835,4.310982369754432
puccinia_hordei,svr_rbf,4.383542268,3.6769969998087206
puccinia_hordei,svr_rbf,5.403716878,4.9061900449552285
puccinia_hordei,svr_rbf,4.539167507,4.227487126559051
puccinia_hordei,svr_rbf,3.724590194,4.458253720665288
puccinia_hordei,svr_rbf,5.771486819,4.580322074819296
puccinia_hordei,svr_rbf,4.952567492,5.026786790288773
puccinia_hordei,svr_rbf,5.010515738,4.934729138006599
puccinia_hordei,svr_rbf,5.263843284,5.0442456060061565
puccinia_hordei,svr_rbf,2.657051554,4.964287054755882
puccinia_hordei,svr_rbf,4.748758793,5.080356916151931
puccinia_hordei,svr_rbf,5.182112679,4.781128448772851
puccinia_hordei,svr_rbf,5.179698314,5.341054327878872
puccinia_hordei,svr_rbf,3.527817983,4.329461853012518
puccinia_hordei,svr_rbf,4.009452371,4.861458921037281
puccinia_hordei,svr_rbf,3.364840056,3.6050534247670396
puccinia_hordei,svr_rbf,3.861971881,3.5916994944213694
puccinia_hordei,svr_rbf,3.432145705,4.7198555419119685
puccinia_hordei,svr_rbf,4.868892999,4.968413911437434
puccinia_hordei,svr_rbf,5.862539121,4.962115182263467
puccinia_hordei,svr_rbf,4.034815353,4.4459216040183716
puccinia_hordei,svr_rbf,4.664127628,2.9839538081009014
puccinia_hordei,svr_rbf,3.285346936,4.09464598879308
puccinia_hordei,svr_rbf,5.010424909,4.908965283866382
puccinia_hordei,svr_rbf,5.074368633,4.810616273252641
puccinia_hordei,svr_rbf,5.241909893,5.323615942263099
puccinia_hordei,svr_rbf,3.682242283,3.3665784620148536
puccinia_hordei,svr_rbf,5.434867234,5.421747248858732
puccinia_hordei,svr_rbf,5.6613006734999995,5.198743775815892
puccinia_hordei,svr_rbf,3.229585757,3.3580609396290946
puccinia_hordei,svr_rbf,3.663392335,5.401711819297666
puccinia_hordei,svr_rbf,4.960693099,5.451812060398755
puccinia_hordei,svr_rbf,5.868809945,5.261865230015779
puccinia_hordei,svr_rbf,4.890440306,5.202341436831945
puccinia_hordei,svr_rbf,4.83733673,5.55798102222698
puccinia_hordei,svr_rbf,4.692139715,5.397928138337341
puccinia_hordei,svr_rbf,3.03867019,3.5156337264406394
puccinia_hordei,svr_rbf,5.583360352,5.201184081626384
puccinia_hordei,svr_rbf,4.748978196,4.159967809045832
puccinia_hordei,svr_rbf,5.428134624,5.329133322244551
puccinia_hordei,svr_rbf,2.977593898,3.648907484371817
puccinia_hordei,svr_rbf,4.658850812,4.0884586661834605
puccinia_hordei,svr_rbf,5.776782656,4.933981946482005
puccinia_hordei,svr_rbf,4.082488022,3.818436861097779
puccinia_hordei,svr_rbf,4.89567263,5.559902159440963
puccinia_hordei,svr_rbf,4.20501813,3.2823972999617537
puccinia_hordei,svr_rbf,2.729399592,4.179374400753292
puccinia_hordei,svr_rbf,3.653255173,3.3390634021570342
puccinia_hordei,svr_rbf,5.872121331,4.924089368207856
puccinia_hordei,svr_rbf,3.447762162,4.0270836722371355
puccinia_hordei,svr_rbf,4.676304311,5.27472273258773
puccinia_hordei,svr_rbf,5.217024954,4.637626197861824
puccinia_hordei,svr_rbf,3.207299013,3.6929878155786047
puccinia_hordei,svr_rbf,4.847468854,4.822590140597063
puccinia_hordei,svr_rbf,4.830592296,3.8352745706515226
puccinia_hordei,svr_rbf,3.339689623,4.687929069723183
puccinia_hordei,svr_rbf,3.488740747,4.341625944588729
puccinia_hordei,svr_rbf,3.439518465,4.524164724614952
puccinia_hordei,svr_rbf,5.833532868,5.922717946293768
puccinia_hordei,svr_rbf,5.726448185,5.80383436885929
puccinia_hordei,svr_rbf,3.780428288,4.028389256677773
puccinia_hordei,svr_rbf,5.527012979,5.877905938751719
puccinia_hordei,svr_rbf,5.843337056,5.875244192267014
puccinia_hordei,svr_rbf,5.2576874,5.468403256441762
puccinia_hordei,svr_rbf,3.022248958,3.7728554515550985
puccinia_hordei,svr_rbf,6.685474056,5.540781366683755
puccinia_hordei,svr_rbf,5.86449009,5.245650389308269
puccinia_hordei,svr_rbf,5.954275428,5.710373122861742
puccinia_hordei,svr_rbf,3.28654681,4.173642803665295
puccinia_hordei,svr_rbf,3.85782238,4.2028368923618995
puccinia_hordei,svr_rbf,4.481067802,4.669743994790621
puccinia_hordei,svr_rbf,4.400099721,5.005836337022809
puccinia_hordei,svr_rbf,4.782022514,4.986904927019364
puccinia_hordei,svr_rbf,4.825730713,4.7085795372218655
puccinia_hordei,svr_rbf,5.691663641,5.043505339433863
puccinia_hordei,svr_rbf,5.104549447,5.053383158198786
puccinia_hordei,svr_rbf,4.642575309,5.030580769804275
puccinia_hordei,svr_rbf,5.396360299,5.043269093798872
puccinia_hordei,svr_rbf,4.550016155,5.001297637010569
puccinia_hordei,svr_rbf,5.414262648,5.0451225030012985
puccinia_hordei,svr_rbf,5.24630128,5.177801095046387
puccinia_hordei,svr_rbf,5.498271636,5.183699207601996
puccinia_hordei,svr_rbf,5.473429974,4.355272552386165
puccinia_hordei,svr_rbf,4.82153375,4.934014896560635
puccinia_hordei,svr_rbf,3.482597714,4.2423751189063434
puccinia_hordei,svr_rbf,5.927656802,5.5865335190468866
puccinia_hordei,svr_rbf,5.826212559,5.364697029777064
puccinia_hordei,svr_rbf,5.759761174,5.855394643776714
puccinia_hordei,svr_rbf,6.341249515,5.5846743989173255
puccinia_hordei,svr_rbf,5.67509724,5.863250569357233
puccinia_hordei,svr_rbf,4.91831111,5.295628697178902
puccinia_hordei,svr_rbf,6.141965853,5.56151022889722
puccinia_hordei,svr_rbf,3.993190548,5.122747822760178
puccinia_hordei,svr_rbf,3.347731522,5.345601197793209
puccinia_hordei,svr_rbf,5.277420574,5.252307623792979
puccinia_hordei,svr_rbf,5.970150625,4.850732968196339
puccinia_hordei,svr_rbf,3.49127002,3.4520688681634963
puccinia_hordei,svr_rbf,3.753245093,3.086797768415877
puccinia_hordei,svr_rbf,2.332783491,3.2523122034221887
puccinia_hordei,svr_rbf,2.683943119,3.9468161707810223
puccinia_hordei,svr_rbf,3.738838783,4.627649223093824
puccinia_hordei,svr_rbf,4.279829602,4.965980913758736
puccinia_hordei,svr_rbf,5.905016495,5.344701967421783
puccinia_hordei,svr_rbf,5.385033333,5.271875677594028
puccinia_hordei,svr_rbf,4.386601769,4.5689118144663725
puccinia_hordei,svr_rbf,4.028763501,3.3692346757714455
puccinia_hordei,svr_rbf,4.700050791,5.362931067244593
puccinia_hordei,svr_rbf,3.365292138,3.8140142690579593
puccinia_hordei,svr_rbf,2.953068205,4.299518812774451
puccinia_hordei,svr_rbf,5.433006589,4.903566542714231
puccinia_hordei,svr_rbf,3.007970722,3.3222678674172474
puccinia_hordei,svr_rbf,4.275437384,4.559376696408206
puccinia_hordei,svr_rbf,2.709740814,3.16099294791496
puccinia_hordei,svr_rbf,4.292255029,4.982737601921544
puccinia_hordei,svr_rbf,5.886303936,4.874316306497578
puccinia_hordei,svr_rbf,3.480316969,4.656777107646581
puccinia_hordei,svr_rbf,4.333216835,4.51584028627127
puccinia_hordei,svr_rbf,3.920769911,4.493473731202858
puccinia_hordei,svr_rbf,3.513263431,3.4776636439050734
puccinia_hordei,svr_rbf,4.646092256,4.960022536614644
puccinia_hordei,svr_rbf,5.74539154,4.967426388664626
puccinia_hordei,svr_rbf,3.931890687,4.244644315667213
puccinia_hordei,svr_rbf,3.897114854,4.247146375735584
puccinia_hordei,svr_rbf,5.771386368,5.553883711909865
puccinia_hordei,svr_rbf,4.403653465,4.115028555729007
puccinia_hordei,svr_rbf,4.425953405,4.1008081315689004
puccinia_hordei,svr_rbf,3.73658681,3.437291078885277
puccinia_hordei,svr_rbf,3.95518653,3.1947091025330954
puccinia_hordei,svr_rbf,3.817785793,3.7983711159620874
puccinia_hordei,svr_rbf,3.130920046,4.192592125428789
puccinia_hordei,svr_rbf,5.59360552,4.5360123158579615
puccinia_hordei,svr_rbf,4.84819905,4.545747518161416
puccinia_hordei,svr_rbf,3.201428656,3.64679171532987
puccinia_hordei,svr_rbf,3.409885012,3.6963937521490116
puccinia_hordei,svr_rbf,3.764890926,5.056658687274814
puccinia_hordei,svr_rbf,5.814374148,5.773574868443014
puccinia_hordei,svr_rbf,3.728880277,4.086471611639418
puccinia_hordei,svr_rbf,5.910693124,4.805452816373217
puccinia_hordei,svr_rbf,5.489845179,3.5371068314365477
puccinia_hordei,svr_rbf,3.14263305,3.630826388183612
puccinia_hordei,svr_rbf,2.854584712,3.5608272122257283
puccinia_hordei,svr_rbf,6.29308379,4.853367846971422
puccinia_hordei,svr_rbf,5.486235387,3.5930092202069233
puccinia_hordei,svr_rbf,4.828328054,4.337695979351425
puccinia_hordei,svr_rbf,3.600879732,4.3629998043855265
puccinia_hordei,svr_rbf,3.013072399,3.7612574852222687
puccinia_hordei,svr_rbf,6.978953069,4.511074031380921
puccinia_hordei,svr_rbf,4.099397844,4.584606272647568
puccinia_hordei,svr_rbf,6.28062142,4.3272066862506
puccinia_hordei,svr_rbf,5.216375639,4.357565117783807
puccinia_hordei,svr_rbf,3.926738647,4.403508265292349
puccinia_hordei,svr_rbf,2.994304006,4.675281398534754
puccinia_hordei,svr_rbf,4.452775001,4.622752494342188
puccinia_hordei,svr_rbf,3.492837986,4.1110220648893865
puccinia_hordei,svr_rbf,6.660369389,6.328661899352856
puccinia_hordei,svr_rbf,6.000833412,4.5912892472123
puccinia_hordei,svr_rbf,3.706879108,4.774864928715566
puccinia_hordei,svr_rbf,4.410125616,4.697213571455787
puccinia_hordei,svr_rbf,3.893309743,4.253503719367315
puccinia_hordei,svr_rbf,3.366426244,3.2196194771861415
puccinia_hordei,svr_rbf,6.28583978,3.9596275363999838
puccinia_hordei,svr_rbf,5.410506064,4.118975738493041
puccinia_hordei,svr_rbf,4.928978647,4.508404433912652
puccinia_hordei,svr_rbf,5.56034475,4.622741841283478
puccinia_hordei,svr_rbf,4.20630793,4.976679552426294
puccinia_hordei,svr_rbf,5.766364463,3.3921649831751983
puccinia_hordei,svr_rbf,4.461187988,3.7909411020241115
puccinia_hordei,svr_rbf,4.391928618,4.5513423466321905
puccinia_hordei,svr_rbf,4.951212932,3.996067863259001
puccinia_hordei,svr_rbf,3.100514446,4.1404842907858015
puccinia_hordei,svr_rbf,3.65550809,3.4402283584552653
puccinia_hordei,svr_rbf,5.154977936,4.665431122855412
puccinia_hordei,svr_rbf,3.574311524,3.3491606862933456
puccinia_hordei,svr_rbf,4.512866397,4.291032598412302
puccinia_hordei,svr_rbf,3.189763183,3.9610416992070836
puccinia_hordei,svr_rbf,4.515335705,4.598398511749958
puccinia_hordei,svr_rbf,4.587312235,3.914663472470132
puccinia_hordei,svr_rbf,4.645168871,4.50089247134041
puccinia_hordei,svr_rbf,3.843870823,4.602543025832868
puccinia_hordei,svr_rbf,6.080432576,5.959086514719527
puccinia_hordei,svr_rbf,5.473671975,4.640565054572867
puccinia_hordei,svr_rbf,5.79300262,4.556979975938066
puccinia_hordei,svr_rbf,5.246789933,4.648166428538853
puccinia_hordei,svr_rbf,6.973048002,5.957938465862771
puccinia_hordei,svr_rbf,3.250193053,5.202177594233775
puccinia_hordei,svr_rbf,4.609314309,4.758554449778207
puccinia_hordei,svr_rbf,3.542777887,4.289788082386583
puccinia_hordei,svr_rbf,6.389609511,6.2731998838087035
puccinia_hordei,svr_rbf,7.702860857,5.293352886290731
puccinia_hordei,svr_rbf,6.772145694,5.373859433412341
puccinia_hordei,svr_rbf,6.590323465,6.451967952658938
puccinia_hordei,svr_rbf,7.85144456,6.437432061667218
puccinia_hordei,svr_rbf,7.044387211,5.407057949205921
puccinia_hordei,svr_rbf,7.327804153,5.180893937013429
puccinia_hordei,svr_rbf,6.962556899,5.143497664970924
puccinia_hordei,svr_rbf,5.122119826,4.758617828408764
puccinia_hordei,svr_rbf,7.327437091,6.4500686902055575
puccinia_hordei,svr_rbf,7.444561933,5.423342402619485
puccinia_hordei,svr_rbf,3.666045076,4.792494584468727
puccinia_hordei,svr_rbf,4.634229918,5.086029861025795
puccinia_hordei,svr_rbf,6.243156559,5.337354300763291
puccinia_hordei,svr_rbf,7.679669242,5.701083455223896
puccinia_hordei,svr_rbf,7.626089798,4.933899622386801
puccinia_hordei,svr_rbf,4.607272932,4.746912798628993
puccinia_hordei,svr_rbf,5.116937701,4.938199710290417
puccinia_hordei,svr_rbf,6.258365644,4.501564815207561
puccinia_hordei,svr_rbf,6.400456816,4.55881045652479
puccinia_hordei,svr_rbf,4.731585335,4.698766799273785
puccinia_hordei,svr_rbf,7.939244019,4.581427752803487
puccinia_hordei,svr_rbf,7.059298658,4.824410824139622
puccinia_hordei,svr_rbf,5.005057076,4.407926484065864
puccinia_hordei,svr_rbf,7.231759129,4.995201189195191
puccinia_hordei,svr_rbf,7.478580528,4.070870600332529
puccinia_hordei,svr_rbf,6.147850097,5.211312537846233
puccinia_hordei,svr_rbf,6.326648927,4.719420611813484
puccinia_hordei,svr_rbf,3.499184401,4.425570944547052
puccinia_hordei,svr_rbf,4.006980044,4.477961440559143
puccinia_hordei,svr_rbf,4.747942198,4.090731644758134
puccinia_hordei,svr_rbf,5.755382146,4.628976448761019
puccinia_hordei,svr_rbf,5.427565557,4.7387564687346515
puccinia_hordei,svr_rbf,5.198219102,5.607111012342182
puccinia_hordei,svr_rbf,6.734494454,5.337554377790035
puccinia_hordei,svr_rbf,7.47009636,5.481691215142391
puccinia_hordei,svr_rbf,3.597395332,3.597777935602964
puccinia_hordei,svr_rbf,4.002905548,3.6395726635504486
puccinia_hordei,svr_rbf,7.476520184,6.268228134009322
puccinia_hordei,svr_rbf,4.861004285,6.392974108606656
puccinia_hordei,svr_rbf,8.093166541,5.65824430047054
puccinia_hordei,svr_rbf,6.819796492,4.065014254473102
puccinia_hordei,svr_rbf,3.849530618,3.910510230774833
puccinia_hordei,svr_rbf,4.377696448,4.251667249632793
puccinia_hordei,svr_rbf,6.34619391,4.891604935230418
puccinia_hordei,svr_rbf,6.73611763,5.396911750297459
puccinia_hordei,svr_rbf,5.149779317,5.30150484994395
puccinia_hordei,svr_rbf,6.073667991,4.974657903443618
puccinia_hordei,svr_rbf,6.278210338,4.713147852528672
puccinia_hordei,svr_rbf,6.652321365,5.060393008876539
puccinia_hordei,svr_rbf,4.744101861,4.8858454806081175
puccinia_hordei,svr_rbf,4.519386415,4.663948300664272
puccinia_hordei,svr_rbf,5.131927331,4.382554693919476
puccinia_hordei,svr_rbf,3.290128528,4.350681409621634
puccinia_hordei,svr_rbf,4.322166549,4.398972694655353
puccinia_hordei,svr_rbf,7.3685328,4.458910751697574
puccinia_hordei,svr_rbf,4.747206199,4.115216397206303
puccinia_hordei,svr_rbf,5.39248977,5.156232663035734
puccinia_hordei,svr_rbf,4.628830582,4.763033136518642
puccinia_hordei,svr_rbf,5.586630558,5.138303417554368
puccinia_hordei,svr_rbf,4.819397731,4.253858612777293
puccinia_hordei,svr_rbf,5.882579651,5.1933901258361574
puccinia_hordei,svr_rbf,3.882566594,5.697934571479494
puccinia_hordei,svr_rbf,4.25260685,3.896331966068953
puccinia_hordei,svr_rbf,3.422757421,4.444121423762489
puccinia_hordei,svr_rbf,4.66690479,3.8007681365576835
puccinia_hordei,svr_rbf,3.369868257,4.582033587439445
puccinia_hordei,svr_rbf,5.798976521,5.021897470236945
puccinia_hordei,svr_rbf,5.044229551,6.242638514776768
puccinia_hordei,svr_rbf,6.070301802,5.837877478440861
puccinia_hordei,svr_rbf,4.320681985,4.115901470271575
puccinia_hordei,svr_rbf,5.887386159,4.481926093339441
puccinia_hordei,svr_rbf,3.884277193,4.746890051379649
puccinia_hordei,svr_rbf,5.015881165,4.918581203284947
puccinia_hordei,svr_rbf,5.493784573,4.91985008106934
puccinia_hordei,svr_rbf,7.264382377,4.6887254640913785
puccinia_hordei,svr_rbf,4.459435086,4.479030459668627
puccinia_hordei,svr_rbf,3.864537645,4.657391769221364
puccinia_hordei,svr_rbf,5.745644342,4.843495615084567
puccinia_hordei,svr_rbf,5.126994484,5.46015126018199
puccinia_hordei,svr_rbf,6.735798354,5.536245673101461
puccinia_hordei,svr_rbf,4.948915492,5.7461014357546585
puccinia_hordei,svr_rbf,5.17573623,5.048395137881332
puccinia_hordei,svr_rbf,4.056998575,4.736762118753577
puccinia_hordei,svr_rbf,3.981486084,3.9072210654699724
puccinia_hordei,svr_rbf,6.538963069,5.207522562153168
puccinia_hordei,svr_rbf,5.048118279,4.836012320715862
puccinia_hordei,svr_rbf,5.748510962,4.720578935757261
puccinia_hordei,svr_rbf,4.359883824,4.272280104613054
puccinia_hordei,svr_rbf,4.267503833,4.5355097546270695
puccinia_hordei,svr_rbf,5.310756612,4.353988799091003
puccinia_hordei,svr_rbf,7.063812889,5.293744213007509
puccinia_hordei,svr_rbf,5.48973374,4.087451801420469
puccinia_hordei,svr_rbf,5.461725521,5.256058325175631
puccinia_hordei,svr_rbf,4.562018473,4.928714785821768
puccinia_hordei,svr_rbf,7.459779078,5.475990937142386
puccinia_hordei,svr_rbf,4.127580151,4.539337848501961
puccinia_hordei,svr_rbf,3.642940767,6.058471191080959
puccinia_hordei,svr_rbf,4.862029809,6.329488224962951
puccinia_hordei,svr_rbf,5.249207065,4.474924539276478
puccinia_hordei,svr_rbf,5.217444844,4.9537797364354414
puccinia_hordei,svr_rbf,4.849444904,4.688246325245999
puccinia_hordei,svr_rbf,5.160133421,5.144176023240048
puccinia_hordei,svr_rbf,5.52739809,4.551061061528201
puccinia_hordei,svr_rbf,2.868919948,4.54644121998742
puccinia_hordei,svr_rbf,4.730945872,3.9526136594524584
puccinia_hordei,svr_rbf,5.173872249,4.740670895452311
puccinia_hordei,svr_rbf,3.658997027,4.934873117745026
puccinia_hordei,svr_rbf,7.236860124,4.748652464355244
puccinia_hordei,svr_rbf,4.299447722,4.249454379151532
puccinia_hordei,svr_rbf,5.426322312,4.363801343555695
puccinia_hordei,svr_rbf,5.950832849,4.52181056601616
puccinia_hordei,svr_rbf,5.213057779,5.179406188249491
puccinia_hordei,svr_rbf,4.865274488,4.677873404029853
puccinia_hordei,svr_rbf,4.867723082,4.1832377744407605
puccinia_hordei,svr_rbf,5.143924962,4.531959950237553
puccinia_hordei,svr_rbf,3.968176135,4.548445642887132
puccinia_hordei,svr_rbf,4.066935446,4.3137252361050376
puccinia_hordei,svr_rbf,3.950058107,3.7175093339069747
puccinia_hordei,svr_rbf,4.536593529,4.292031687947286
puccinia_hordei,svr_rbf,3.416596015,3.5174346771592377
puccinia_hordei,svr_rbf,7.650137699,4.04927938394261
puccinia_hordei,svr_rbf,5.398832602,4.537569178461385
puccinia_hordei,svr_rbf,7.284788597,4.8852766087421315
puccinia_hordei,svr_rbf,5.354730654,4.6330666785499846
puccinia_hordei,svr_rbf,4.885314141,5.624230264695402
puccinia_hordei,svr_rbf,4.240043797,5.189311118926124
puccinia_hordei,svr_rbf,4.641064941,5.3225012469640856
puccinia_hordei,svr_rbf,5.143507319,4.716836581109566
puccinia_hordei,svr_rbf,6.03631095,4.534496533478069
puccinia_hordei,svr_rbf,4.225547042,4.466113421512798
puccinia_hordei,svr_rbf,5.836061598,3.7423451422457186
puccinia_hordei,svr_rbf,5.167076556,4.866378561726368
puccinia_hordei,svr_rbf,4.036781422,4.1230180697366
puccinia_hordei,svr_rbf,4.417839463,4.847980858680117
puccinia_hordei,svr_rbf,3.639976681,3.8097038820016067
puccinia_hordei,svr_rbf,5.987516619,4.61547251998028
puccinia_hordei,svr_rbf,4.494502967,4.207269154809117
puccinia_hordei,svr_rbf,6.156348025,5.208487911746014
puccinia_hordei,svr_rbf,6.656670676,6.054576405681687
puccinia_hordei,svr_rbf,4.422635503,4.950995507330695
puccinia_hordei,svr_rbf,5.43325413,5.0995766757906535
puccinia_hordei,svr_rbf,5.842569008,5.285657517691877
puccinia_hordei,svr_rbf,5.489107666,4.3997688188943584
puccinia_hordei,svr_rbf,4.737523018,4.524732377715076
puccinia_hordei,svr_rbf,5.208242913,4.424584264264882
puccinia_hordei,svr_rbf,2.925686915,4.234447601041625
puccinia_hordei,svr_rbf,5.467036268,3.978035634049991
puccinia_hordei,svr_rbf,5.188375335,4.4113853566905785
puccinia_hordei,svr_rbf,4.171336165,4.179480572566972
puccinia_hordei,svr_rbf,5.553508835,5.420742308941664
puccinia_hordei,svr_rbf,6.924642944,5.78548410595949
puccinia_hordei,svr_rbf,5.136772164,4.659306781241484
puccinia_hordei,svr_rbf,7.124137334,4.865280194570429
puccinia_hordei,svr_rbf,5.315779948,6.071255395554047
puccinia_hordei,svr_rbf,4.694676045,4.729973351807657
puccinia_hordei,svr_rbf,5.049195782,4.849775223505268
puccinia_hordei,svr_rbf,6.22060281,4.634440294303095
puccinia_hordei,svr_rbf,4.057733594,4.380219078175257
puccinia_hordei,svr_rbf,3.985132155,4.525345126908164
puccinia_hordei,svr_rbf,3.66628953,4.501479864644152
puccinia_hordei,svr_rbf,5.895013112,4.682428489786677
puccinia_hordei,svr_rbf,4.885329568,4.88475780793135
puccinia_hordei,svr_rbf,4.884830023,4.682417156751845
puccinia_hordei,svr_rbf,4.398845747,4.348141806627266
puccinia_hordei,svr_rbf,3.764212472,4.89852965053144
puccinia_hordei,svr_rbf,3.886758025,4.232831921138062
puccinia_hordei,svr_rbf,5.147600028,4.041633622729945
puccinia_hordei,svr_rbf,4.314173173,4.751403376898464
puccinia_hordei,svr_rbf,4.471529445,5.161240074202767
puccinia_hordei,svr_rbf,5.16214936,4.7630104507578
puccinia_hordei,svr_rbf,4.515009561,5.211350941980338
puccinia_hordei,svr_rbf,3.763589436,5.0531600792683085
puccinia_hordei,svr_rbf,5.170574619,4.689432000046517
puccinia_hordei,svr_rbf,4.511233328,4.729044860312785
puccinia_hordei,svr_rbf,8.067492668,6.471891056693615
puccinia_hordei,svr_rbf,4.361056318,4.692091191144233
puccinia_hordei,svr_rbf,6.480310919,5.776853863332989
puccinia_hordei,svr_rbf,4.94419022,4.846090180328804
puccinia_hordei,svr_rbf,3.049792542,3.981644467146728
puccinia_hordei,svr_rbf,4.208752825,4.182501634997143
puccinia_hordei,svr_rbf,5.225720404,4.584131539554629
puccinia_hordei,svr_rbf,4.217569149,4.53706847265675
puccinia_hordei,svr_rbf,4.270095325,3.904620186063879
puccinia_hordei,svr_rbf,4.867465776,4.145706831470663
puccinia_hordei,svr_rbf,3.021471829,4.20854649359713
puccinia_hordei,svr_rbf,4.064916933,4.873565732445882
puccinia_hordei,svr_rbf,3.465709765,4.955828224588232
puccinia_hordei,svr_rbf,4.48112822,4.531152079093185
puccinia_hordei,svr_rbf,6.455532845,5.942809571762529
puccinia_hordei,svr_rbf,6.188745677,4.869989044062465
puccinia_hordei,svr_rbf,6.390215263,4.359212085535566
puccinia_hordei,svr_rbf,4.584778207,4.837353564985548
puccinia_hordei,svr_rbf,5.127639253,4.439857914735214
puccinia_hordei,svr_rbf,5.640975082,4.238697376343817
puccinia_hordei,svr_rbf,4.199636259,4.394833518431128
puccinia_hordei,svr_rbf,5.782022612,4.635846511752432
puccinia_hordei,svr_rbf,6.01106057,4.578490040713348
puccinia_hordei,svr_rbf,4.612048952,4.946961823283542
puccinia_hordei,svr_rbf,4.891330052,4.597499970406142
puccinia_hordei,svr_rbf,4.045849095,4.3450063291508965
puccinia_hordei,svr_rbf,3.912457511,4.726007716878646
puccinia_hordei,svr_rbf,5.493977556,4.0690891290551825
puccinia_hordei,svr_rbf,4.795768896,4.320326434785624
puccinia_hordei,svr_rbf,5.988599249,4.1971628045718425
puccinia_hordei,svr_rbf,2.905339463,4.232901423515917
puccinia_hordei,svr_rbf,4.946174224,4.461145775270954
puccinia_hordei,svr_rbf,4.660712258,4.487674109062548
puccinia_hordei,svr_rbf,4.561313541,4.326640636956801
puccinia_hordei,svr_rbf,2.982930532,4.548834687230212
puccinia_hordei,svr_rbf,3.210027499,4.681753331255971
puccinia_hordei,svr_rbf,3.605301178,4.3266700887098075
puccinia_hordei,svr_rbf,7.41107463,5.069616053539346
puccinia_hordei,svr_rbf,6.575702367,5.499111156455754
puccinia_hordei,svr_rbf,4.461074907,3.725842302780812
puccinia_hordei,svr_rbf,6.522792196,5.264957890893924
puccinia_hordei,svr_rbf,3.681549496,4.100513029445173
puccinia_hordei,svr_rbf,4.213584611,4.988601905539814
puccinia_hordei,svr_rbf,5.593371537,4.679967862415498
puccinia_hordei,svr_rbf,3.217875897,4.262784622366506
puccinia_hordei,svr_rbf,5.272623229,4.397882442863172
puccinia_hordei,svr_rbf,5.587370321,5.294777291072502
puccinia_hordei,svr_rbf,6.134679473,5.979562051438336
puccinia_hordei,svr_rbf,3.658027429,4.426340232840174
puccinia_hordei,svr_rbf,4.431011159,4.362311094397983
puccinia_hordei,svr_rbf,4.465605687,3.407342502572647
puccinia_hordei,svr_rbf,6.22094112,4.165311707901693
puccinia_hordei,svr_rbf,3.653623009,4.1093097042900775
puccinia_hordei,svr_rbf,3.674036726,3.426693267171849
puccinia_hordei,svr_rbf,1.749900931,3.4422403410648865
puccinia_hordei,svr_rbf,2.159521207,3.6720463273248924
puccinia_hordei,svr_rbf,5.072514591,3.5962185913422804
puccinia_hordei,svr_rbf,7.783960463,5.785339069010161
puccinia_hordei,svr_rbf,6.628729405,5.434873831852407
puccinia_hordei,svr_rbf,3.092675575,4.058510788437441
puccinia_hordei,svr_rbf,5.87886159,4.196875355491252
puccinia_hordei,svr_rbf,3.80887168,4.562264928196684
ramularia_collo_cygni,svr_rbf,3.42831066,4.0049583307555
ramularia_collo_cygni,svr_rbf,4.365826741,3.9992764434754813
ramularia_collo_cygni,svr_rbf,4.500978139,3.7178873770313716
ramularia_collo_cygni,svr_rbf,4.437046039,3.9796731866409734
ramularia_collo_cygni,svr_rbf,3.094091779,3.946976158118869
ramularia_collo_cygni,svr_rbf,4.521557705,3.8498540860079147
ramularia_collo_cygni,svr_rbf,4.385427381,3.9897879222099624
ramularia_collo_cygni,svr_rbf,3.302585212,3.7944505241699784
ramularia_collo_cygni,svr_rbf,3.745519057,4.101771819631899
ramularia_collo_cygni,svr_rbf,2.589831131,3.762428289261077
ramularia_collo_cygni,svr_rbf,3.714680823,3.7925286491321546
ramularia_collo_cygni,svr_rbf,3.700189432,3.7487675985461673
ramularia_collo_cygni,svr_rbf,3.362848265,4.099957839581022
ramularia_collo_cygni,svr_rbf,4.31236669,3.6918106684810033
ramularia_collo_cygni,svr_rbf,5.283981982,3.891656450282833
ramularia_collo_cygni,svr_rbf,4.596461477,3.9862452792599656
ramularia_collo_cygni,svr_rbf,3.320986172,3.865359417633573
ramularia_collo_cygni,svr_rbf,4.138210508,3.987988366206537
ramularia_collo_cygni,svr_rbf,3.765495759,3.7486712179803594
ramularia_collo_cygni,svr_rbf,4.170570139,4.159295953964596
ramularia_collo_cygni,svr_rbf,4.072371337,3.9231239290970437
ramularia_collo_cygni,svr_rbf,3.865577065,4.008520719366496
ramularia_collo_cygni,svr_rbf,5.289792753,3.787141783354407
ramularia_collo_cygni,svr_rbf,3.773536525,3.677375675284126
ramularia_collo_cygni,svr_rbf,4.037617072,3.9054699694925477
ramularia_collo_cygni,svr_rbf,4.417133438,3.963935166412625
ramularia_collo_cygni,svr_rbf,4.038302282,3.581287498449859
ramularia_collo_cygni,svr_rbf,3.430470077,4.057570145283563
ramularia_collo_cygni,svr_rbf,2.85184877,3.822391667054742
ramularia_collo_cygni,svr_rbf,3.930260901,3.793892535898994
ramularia_collo_cygni,svr_rbf,4.203571359,3.9112851876000123
ramularia_collo_cygni,svr_rbf,3.817322722,4.102758615866208
ramularia_collo_cygni,svr_rbf,4.179563889,4.071296293634115
ramularia_collo_cygni,svr_rbf,3.333262525,3.844939069194889
ramularia_collo_cygni,svr_rbf,4.316585924,3.9387199543206446
ramularia_collo_cygni,svr_rbf,3.064781666,4.000543368385072
ramularia_collo_cygni,svr_rbf,3.387541643,3.9436352665271905
ramularia_collo_cygni,svr_rbf,4.036693317,3.96175195359051
ramularia_collo_cygni,svr_rbf,3.36014906,4.043821941300091
ramularia_collo_cygni,svr_rbf,5.088292905,3.9555125104393465
ramularia_collo_cygni,svr_rbf,3.402715799,3.796066292585047
ramularia_collo_cygni,svr_rbf,4.53295124,3.894189656539936
ramularia_collo_cygni,svr_rbf,3.751793022,3.9712040383111904
ramularia_collo_cygni,svr_rbf,3.973647393,4.06210483340309
ramularia_collo_cygni,svr_rbf,3.974826325,3.9576116466393505
ramularia_collo_cygni,svr_rbf,3.849774107,3.909881242387375
ramularia_collo_cygni,svr_rbf,4.78646123,4.08958339945354
ramularia_collo_cygni,svr_rbf,2.988031234,4.0649300074093
ramularia_collo_cygni,svr_rbf,4.080663826,3.8486498175739796
ramularia_collo_cygni,svr_rbf,3.558470747,3.8344254970128078
ramularia_collo_cygni,svr_rbf,4.756529725,3.948635032746686
ramularia_collo_cygni,svr_rbf,4.215241727,3.945191553022629
ramularia_collo_cygni,svr_rbf,4.448866604,3.999250664188805
ramularia_collo_cygni,svr_rbf,4.34311344,3.9109426937138427
ramularia_collo_cygni,svr_rbf,3.245382506,3.8911024663713634
ramularia_collo_cygni,svr_rbf,4.791254677,3.865125241875051
ramularia_collo_cygni,svr_rbf,3.970313676,4.1051787317229245
ramularia_collo_cygni,svr_rbf,2.806980064,3.8969418835616354
ramularia_collo_cygni,svr_rbf,3.347413123,3.8219563897919664
ramularia_collo_cygni,svr_rbf,3.649279464,4.130216357719
ramularia_collo_cygni,svr_rbf,3.693710974,4.0085546480586896
ramularia_collo_cygni,svr_rbf,3.184434296,4.033470774583986
ramularia_collo_cygni,svr_rbf,3.000614552,3.786469541957084
ramularia_collo_cygni,svr_rbf,4.274323001,3.5255933648706312
ramularia_collo_cygni,svr_rbf,4.238150826,3.9252674319967698
ramularia_collo_cygni,svr_rbf,4.853581407,3.9847753838305673
ramularia_collo_cygni,svr_rbf,2.973693739,3.8870068416391486
ramularia_collo_cygni,svr_rbf,2.923482933,3.900738324161919
ramularia_collo_cygni,svr_rbf,4.408453061,3.8398907614661715
ramularia_collo_cygni,svr_rbf,3.875791798,3.9058419736672034
ramularia_collo_cygni,svr_rbf,3.194287141,4.061281891374757
ramularia_collo_cygni,svr_rbf,3.165124262,3.6756040001386796
ramularia_collo_cygni,svr_rbf,4.308725802,3.890036169457696
ramularia_collo_cygni,svr_rbf,4.675516423,3.752415118953442
ramularia_collo_cygni,svr_rbf,5.296268304,4.000958670512583
ramularia_collo_cygni,svr_rbf,4.182686034,3.9700522679327483
ramularia_collo_cygni,svr_rbf,3.486470521,3.7635873178766595
ramularia_collo_cygni,svr_rbf,4.532100579,3.719325783687415
ramularia_collo_cygni,svr_rbf,4.061512428,3.9427850532610496
ramularia_collo_cygni,svr_rbf,4.745048095,3.8256534551186854
ramularia_collo_cygni,svr_rbf,3.314666414,3.9962391131282464
ramularia_collo_cygni,svr_rbf,5.051852949,3.9024840089133033
ramularia_collo_cygni,svr_rbf,3.862011819,3.73545056032281
ramularia_collo_cygni,svr_rbf,4.671023008,3.982532764955999
ramularia_collo_cygni,svr_rbf,3.757631532,4.015352750472588
ramularia_collo_cygni,svr_rbf,3.509173338,3.858061784335821
ramularia_collo_cygni,svr_rbf,4.307256327,4.141283624034568
ramularia_collo_cygni,svr_rbf,4.476386063,3.791104132211306
ramularia_collo_cygni,svr_rbf,4.749510665,3.9032524480067328
ramularia_collo_cygni,svr_rbf,4.025395323,3.941361526270427
ramularia_collo_cygni,svr_rbf,3.726838091,3.809544178029687
ramularia_collo_cygni,svr_rbf,4.444371446,3.919313644533486
ramularia_collo_cygni,svr_rbf,4.533859707,3.9287905175785443
ramularia_collo_cygni,svr_rbf,3.757215397,3.8089488550909816
ramularia_collo_cygni,svr_rbf,4.041297363,3.824510690975084
ramularia_collo_cygni,svr_rbf,4.501342217,3.955428152484459
ramularia_collo_cygni,svr_rbf,4.283747399,3.836445082873203
ramularia_collo_cygni,svr_rbf,4.21679931,3.9260184139521885
ramularia_collo_cygni,svr_rbf,4.096388791,4.091566128465767
ramularia_collo_cygni,svr_rbf,3.625770914,3.846196432303355
ramularia_collo_cygni,svr_rbf,4.258178831,3.953198076717137
ramularia_collo_cygni,svr_rbf,3.812246476,3.95856314016504
ramularia_collo_cygni,svr_rbf,3.522152517,4.015406643959553
ramularia_collo_cygni,svr_rbf,3.731348212,3.9534351574049817
ramularia_collo_cygni,svr_rbf,4.208891682,3.879089951786597
ramularia_collo_cygni,svr_rbf,3.358982509,3.9129604175234216
ramularia_collo_cygni,svr_rbf,3.946425984,3.877654109760328
ramularia_collo_cygni,svr_rbf,4.653991324,3.8926987954330854
ramularia_collo_cygni,svr_rbf,4.765418798,4.066892448104025
ramularia_collo_cygni,svr_rbf,3.522068041,4.093607767745715
ramularia_collo_cygni,svr_rbf,4.097671692,3.8344814432745573
ramularia_collo_cygni,svr_rbf,3.120199241,4.133377992860726
ramularia_collo_cygni,svr_rbf,3.082427739,3.918910224863495
ramularia_collo_cygni,svr_rbf,4.236243964,4.094967099066608
ramularia_collo_cygni,svr_rbf,3.890559573,4.012128399675313
ramularia_collo_cygni,svr_rbf,3.797054665,3.9854944400202372
ramularia_collo_cygni,svr_rbf,3.43963234,3.8186596190414304
ramularia_collo_cygni,svr_rbf,4.660988772,3.7855747152247536
ramularia_collo_cygni,svr_rbf,4.955657674,3.709439324203152
ramularia_collo_cygni,svr_rbf,3.616000315,3.9419197257130705
ramularia_collo_cygni,svr_rbf,3.419957287,3.8247366674638084
ramularia_collo_cygni,svr_rbf,4.500533302,3.9833728936967083
ramularia_collo_cygni,svr_rbf,3.987552262,4.155418250613425
ramularia_collo_cygni,svr_rbf,3.278140392,3.877472569153723
ramularia_collo_cygni,svr_rbf,3.758529682,3.754442900073267
ramularia_collo_cygni,svr_rbf,4.23502664,3.780233484183962
ramularia_collo_cygni,svr_rbf,3.008098001,3.89614641386971
ramularia_collo_cygni,svr_rbf,4.409118156,3.941745688975459
ramularia_collo_cygni,svr_rbf,3.522105046,3.7250856201283997
ramularia_collo_cygni,svr_rbf,3.807928287,3.8462842285711902
ramularia_collo_cygni,svr_rbf,3.885331597,3.8162198037045583
ramularia_collo_cygni,svr_rbf,4.368788682,3.859031856175733
ramularia_collo_cygni,svr_rbf,3.222187996,3.782932523617612
ramularia_collo_cygni,svr_rbf,4.90238914,3.7391459172071952
ramularia_collo_cygni,svr_rbf,3.604785307,3.6434140368683234
ramularia_collo_cygni,svr_rbf,4.449291347,3.8262443434606053
ramularia_collo_cygni,svr_rbf,5.87231137,3.7578638022943527
ramularia_collo_cygni,svr_rbf,3.343437831,3.7814658155072007
ramularia_collo_cygni,svr_rbf,5.285032347,3.8022489952435428
ramularia_collo_cygni,svr_rbf,5.773812397,3.7756756129713214
ramularia_collo_cygni,svr_rbf,3.115672116,3.887407413740103
ramularia_collo_cygni,svr_rbf,4.218407129,3.8155627323328343
ramularia_collo_cygni,svr_rbf,3.266417174,3.6749747095664844
ramularia_collo_cygni,svr_rbf,4.765773931,3.730431480447959
ramularia_collo_cygni,svr_rbf,3.138177838,3.63921538254489
ramularia_collo_cygni,svr_rbf,4.744789554,3.7638659342236283
ramularia_collo_cygni,svr_rbf,3.138558791,3.7389051457032343
ramularia_collo_cygni,svr_rbf,5.877005546,3.7318706077732555
ramularia_collo_cygni,svr_rbf,5.142060256,3.8590168903683106
ramularia_collo_cygni,svr_rbf,6.024987263,3.7611440168881405
ramularia_collo_cygni,svr_rbf,4.156710931,3.6829336841204503
ramularia_collo_cygni,svr_rbf,3.57251506,3.726800507285989
ramularia_collo_cygni,svr_rbf,3.769583908,3.7887467502781567
ramularia_collo_cygni,svr_rbf,1.85093372,3.705890001559073
ramularia_collo_cygni,svr_rbf,3.90149874,3.693097680072898
ramularia_collo_cygni,svr_rbf,4.81842325,3.8597048342972053
ramularia_collo_cygni,svr_rbf,4.068987193,3.7108928976422435
ramularia_collo_cygni,svr_rbf,4.210645459,3.8098582655216324
ramularia_collo_cygni,svr_rbf,4.239543277,3.823453655516141
ramularia_collo_cygni,svr_rbf,3.851000155,3.6824882493365116
ramularia_collo_cygni,svr_rbf,3.342424765,3.7473154326343767
ramularia_collo_cygni,svr_rbf,3.976996093,3.721037213714985
ramularia_collo_cygni,svr_rbf,4.061231721,3.802494831376775
ramularia_collo_cygni,svr_rbf,3.973305043,3.7549128025754097
ramularia_collo_cygni,svr_rbf,3.565326738,3.7178698163880015
ramularia_collo_cygni,svr_rbf,4.915981086,3.74203598756774
ramularia_collo_cygni,svr_rbf,3.579897855,3.854866036812439
ramularia_collo_cygni,svr_rbf,2.572022057,3.8767319437372794
ramularia_collo_cygni,svr_rbf,4.330824164,3.6379144159949623
ramularia_collo_cygni,svr_rbf,3.111195423,3.9887865595560026
ramularia_collo_cygni,svr_rbf,3.364712912,3.9234147677482225
ramularia_collo_cygni,svr_rbf,2.691247854,3.7311498355669355
ramularia_collo_cygni,svr_rbf,4.026538823,3.882436487958914
ramularia_collo_cygni,svr_rbf,4.739010462,3.841762360588879
ramularia_collo_cygni,svr_rbf,4.009999189,3.9201831494624075
ramularia_collo_cygni,svr_rbf,3.609860498,3.7064996338350964
ramularia_collo_cygni,svr_rbf,1.107948288,3.825113835446446
ramularia_collo_cygni,svr_rbf,4.473240284,3.7673594544066304
ramularia_collo_cygni,svr_rbf,4.419433643,3.6637014009940554
ramularia_collo_cygni,svr_rbf,3.840786937,3.8783170150439776
ramularia_collo_cygni,svr_rbf,3.604136333,3.7972584487063377
ramularia_collo_cygni,svr_rbf,3.931930066,3.8785983278576475
ramularia_collo_cygni,svr_rbf,4.124553604,3.7777182031079555
ramularia_collo_cygni,svr_rbf,4.650085273,3.745934204328543
ramularia_collo_cygni,svr_rbf,4.355699602,3.707265716317457
ramularia_collo_cygni,svr_rbf,3.927495725,3.883465941915234
ramularia_collo_cygni,svr_rbf,3.419133123,3.7631033708492043
ramularia_collo_cygni,svr_rbf,3.219421238,3.835816527518499
ramularia_collo_cygni,svr_rbf,2.691546827,3.854817004836261
ramularia_collo_cygni,svr_rbf,3.498578876,3.597286191759136
ramularia_collo_cygni,svr_rbf,3.900161724,3.7177881622542994
ramularia_collo_cygni,svr_rbf,4.897208793,3.758365742048717
ramularia_collo_cygni,svr_rbf,3.648807584,3.728369294153031
ramularia_collo_cygni,svr_rbf,3.494499315,3.9046783623396895
ramularia_collo_cygni,svr_rbf,4.221923865,3.590878481781053
ramularia_collo_cygni,svr_rbf,2.498699498,3.79341028432022
ramularia_collo_cygni,svr_rbf,2.002335288,3.6051772969277045
ramularia_collo_cygni,svr_rbf,4.79096325,3.787168949795947
ramularia_collo_cygni,svr_rbf,5.054962,3.7927084911830913
ramularia_collo_cygni,svr_rbf,3.400488818,3.8405541369778335
ramularia_collo_cygni,svr_rbf,3.303715053,3.8186797490096644
ramularia_collo_cygni,svr_rbf,4.411942162,3.5317181481233715
ramularia_collo_cygni,svr_rbf,3.963405174,3.705180009246297
ramularia_collo_cygni,svr_rbf,3.165001373,3.6969217990984227
ramularia_collo_cygni,svr_rbf,5.257198235,3.767171325699316
ramularia_collo_cygni,svr_rbf,3.372764387,3.5893801496379982
ramularia_collo_cygni,svr_rbf,4.63030133,3.8355246841194837
ramularia_collo_cygni,svr_rbf,3.371829154,3.7036257370713304
ramularia_collo_cygni,svr_rbf,3.430387774,3.6882695003659944
ramularia_collo_cygni,svr_rbf,3.380218053,3.746437180551054
ramularia_collo_cygni,svr_rbf,3.133307332,3.7766939388026928
ramularia_collo_cygni,svr_rbf,2.390930461,3.725935277536996
ramularia_collo_cygni,svr_rbf,3.500977493,3.805091077379672
ramularia_collo_cygni,svr_rbf,3.606934822,3.747230403688812
ramularia_collo_cygni,svr_rbf,2.850743,3.813329725571974
ramularia_collo_cygni,svr_rbf,5.242865986,3.744274701404728
ramularia_collo_cygni,svr_rbf,3.920316302,3.631667185701685
ramularia_collo_cygni,svr_rbf,3.257116547,3.701545775905405
ramularia_collo_cygni,svr_rbf,3.131876564,3.8438358214376285
ramularia_collo_cygni,svr_rbf,3.864930471,3.5826476630216426
ramularia_collo_cygni,svr_rbf,4.114688409,3.899659980673281
ramularia_collo_cygni,svr_rbf,4.560012196,3.7738619425047073
ramularia_collo_cygni,svr_rbf,4.730976823,3.921994305710101
ramularia_collo_cygni,svr_rbf,4.269068034,3.850359893722697
ramularia_collo_cygni,svr_rbf,4.340829046,3.654243250897856
ramularia_collo_cygni,svr_rbf,3.513606783,3.6503624678506412
ramularia_collo_cygni,svr_rbf,4.246042695,3.8270889257468967
ramularia_collo_cygni,svr_rbf,3.686307157,3.884258226737607
ramularia_collo_cygni,svr_rbf,3.768162003,3.840765176580615
ramularia_collo_cygni,svr_rbf,3.258915185,3.6700204754412145
ramularia_collo_cygni,svr_rbf,4.522461519,3.6745277800452185
ramularia_collo_cygni,svr_rbf,2.676557903,3.64625241720762
ramularia_collo_cygni,svr_rbf,3.578401133,3.5848437337455117
ramularia_collo_cygni,svr_rbf,3.133982724,3.5936767154239035
ramularia_collo_cygni,svr_rbf,2.934768869,3.9206759797623167
ramularia_collo_cygni,svr_rbf,3.566447198,3.8239063093478327
ramularia_collo_cygni,svr_rbf,3.791161481,3.91195536195946
ramularia_collo_cygni,svr_rbf,1.462217794,3.878641441846696
ramularia_collo_cygni,svr_rbf,3.097393664,3.7600411454564924
ramularia_collo_cygni,svr_rbf,4.816455289,3.88786964376045
ramularia_collo_cygni,svr_rbf,4.61626316,3.6061579760369864
ramularia_collo_cygni,svr_rbf,4.495393011,3.843244410220838
ramularia_collo_cygni,svr_rbf,3.195293186,3.662349923185306
ramularia_collo_cygni,svr_rbf,3.606165577,3.7940971791396945
ramularia_collo_cygni,svr_rbf,3.664927065,3.6890279404207584
ramularia_collo_cygni,svr_rbf,3.856945458,3.7428660819745927
ramularia_collo_cygni,svr_rbf,4.3889316,3.829839869918
ramularia_collo_cygni,svr_rbf,2.400981843,3.7727443002139234
ramularia_collo_cygni,svr_rbf,4.287945823,3.7207746749981254
ramularia_collo_cygni,svr_rbf,3.562814098,3.713743376285921
ramularia_collo_cygni,svr_rbf,2.818188106,3.8588415840525343
ramularia_collo_cygni,svr_rbf,5.43967518,3.767369785074127
ramularia_collo_cygni,svr_rbf,3.062052984,3.896602641768333
ramularia_collo_cygni,svr_rbf,4.094779953,3.6870254708192567
ramularia_collo_cygni,svr_rbf,2.261776301,3.733519420565027
ramularia_collo_cygni,svr_rbf,2.947566375,3.7774431652356664
ramularia_collo_cygni,svr_rbf,3.312466922,3.844936269900896
ramularia_collo_cygni,svr_rbf,2.28738143,3.8361636554085887
ramularia_collo_cygni,svr_rbf,3.739037375,3.6041909594587884
ramularia_collo_cygni,svr_rbf,2.022751817,3.706126277126079
ramularia_collo_cygni,svr_rbf,4.346449643,3.820132013390794
ramularia_collo_cygni,svr_rbf,4.031793298,3.6882428677852364
ramularia_collo_cygni,svr_rbf,4.351179102,3.810257728018665
ramularia_collo_cygni,svr_rbf,4.431300847,3.6559440513060233
ramularia_collo_cygni,svr_rbf,6.243061825,3.99837753540388
ramularia_collo_cygni,svr_rbf,3.325721687,3.6673427260223983
ramularia_collo_cygni,svr_rbf,1.154549373,3.7634887672239805
ramularia_collo_cygni,svr_rbf,4.041940652,3.8757362822536474
ramularia_collo_cygni,svr_rbf,3.547357078,3.7500873854696377
ramularia_collo_cygni,svr_rbf,3.684698903,3.6732328588053558
ramularia_collo_cygni,svr_rbf,3.916528085,3.862696608820885
ramularia_collo_cygni,svr_rbf,3.194391196,3.8872719794802135
ramularia_collo_cygni,svr_rbf,2.806923021,3.8943060270088594
ramularia_collo_cygni,svr_rbf,4.689523269,3.873674041018823
ramularia_collo_cygni,svr_rbf,2.80472813,3.811839952897029
ramularia_collo_cygni,svr_rbf,4.602095218,3.79669178747685
ramularia_collo_cygni,svr_rbf,4.844544966,3.608386363076295
ramularia_collo_cygni,svr_rbf,0.916171488,3.8561916567955468
ramularia_collo_cygni,svr_rbf,3.616341218,3.8695580334992643
ramularia_collo_cygni,svr_rbf,1.318238564,3.688478568748819
ramularia_collo_cygni,svr_rbf,3.177990537,3.6506128985690216
ramularia_collo_cygni,svr_rbf,3.9993053,3.8065940698827925
ramularia_collo_cygni,svr_rbf,4.141506889,3.610719451626113
ramularia_collo_cygni,svr_rbf,5.062196411,3.631957834453015
ramularia_collo_cygni,svr_rbf,4.370872461,3.911514918615603
ramularia_collo_cygni,svr_rbf,2.933696544,3.862573503231265
ramularia_collo_cygni,svr_rbf,4.369807717,3.7553465375272896
ramularia_collo_cygni,svr_rbf,4.036868588,3.7791842503670643
ramularia_collo_cygni,svr_rbf,3.608224085,3.8387728924988433
ramularia_collo_cygni,svr_rbf,2.58169415,3.874970935873062
ramularia_collo_cygni,svr_rbf,2.670617168,3.7935930015347785
ramularia_collo_cygni,svr_rbf,4.495853904,3.784787266728796
ramularia_collo_cygni,svr_rbf,4.914672444,3.8061778191219444
ramularia_collo_cygni,svr_rbf,3.13269646,3.7367294699294464
ramularia_collo_cygni,svr_rbf,3.122540442,3.7586982659543238
ramularia_collo_cygni,svr_rbf,2.530995978,3.7617391585926017
ramularia_collo_cygni,svr_rbf,4.240286695,3.7209553072250845
ramularia_collo_cygni,svr_rbf,3.781473213,3.7576398082402473
ramularia_collo_cygni,svr_rbf,3.432719508,4.248617402300317
ramularia_collo_cygni,svr_rbf,3.933261311,4.131167854939822
ramularia_collo_cygni,svr_rbf,3.581771184,3.1924799036809093
ramularia_collo_cygni,svr_rbf,3.430087584,3.24608383906182
ramularia_collo_cygni,svr_rbf,2.763131086,3.411954480214003
ramularia_collo_cygni,svr_rbf,1.450327339,2.9325301202454805
ramularia_collo_cygni,svr_rbf,3.282822827,3.538096507643613
ramularia_collo_cygni,svr_rbf,4.293328581,3.41383153585837
ramularia_collo_cygni,svr_rbf,5.290598459,4.174332279342268
ramularia_collo_cygni,svr_rbf,5.360588196,5.205256628965657
ramularia_collo_cygni,svr_rbf,5.775340651,4.952566947394426
ramularia_collo_cygni,svr_rbf,2.488838603,3.454349226571219
ramularia_collo_cygni,svr_rbf,2.144960571,3.7075907458537767
ramularia_collo_cygni,svr_rbf,6.851032269,4.560187389317824
ramularia_collo_cygni,svr_rbf,4.927429627,3.534648477449828
ramularia_collo_cygni,svr_rbf,4.021618678,3.7015513076867093
ramularia_collo_cygni,svr_rbf,5.21519891,3.4499772110970537
ramularia_collo_cygni,svr_rbf,3.190131874,3.1363561099769366
ramularia_collo_cygni,svr_rbf,3.035504362,3.2335064102944666
ramularia_collo_cygni,svr_rbf,4.572778053,3.805013293197991
ramularia_collo_cygni,svr_rbf,5.194459305,4.9194206547132975
ramularia_collo_cygni,svr_rbf,3.114654861,3.8265325326478776
ramularia_collo_cygni,svr_rbf,7.002524163,4.463407032022493
ramularia_collo_cygni,svr_rbf,1.233856615,2.942560740086296
ramularia_collo_cygni,svr_rbf,2.427392164,2.8527775220352343
ramularia_collo_cygni,svr_rbf,2.53771847,2.855419800787045
ramularia_collo_cygni,svr_rbf,3.270127226,2.8189647236539264
ramularia_collo_cygni,svr_rbf,2.204159501,3.0438422460176557
ramularia_collo_cygni,svr_rbf,1.754134029,3.1539827254248887
ramularia_collo_cygni,svr_rbf,4.404584833,3.6826841077291106
ramularia_collo_cygni,svr_rbf,4.996330779,3.399818630109398
ramularia_collo_cygni,svr_rbf,2.531023314,3.5630460544199045
ramularia_collo_cygni,svr_rbf,2.943167526,3.495458330262228
ramularia_collo_cygni,svr_rbf,4.297870077,3.059814883268495
ramularia_collo_cygni,svr_rbf,4.467355525,3.7745372202368954
ramularia_collo_cygni,svr_rbf,3.700006213,4.073519468171461
ramularia_collo_cygni,svr_rbf,2.396070063,3.9871893723460627
ramularia_collo_cygni,svr_rbf,5.06595948,3.986864559841239
ramularia_collo_cygni,svr_rbf,1.201291163,3.9707174658735593
ramularia_collo_cygni,svr_rbf,4.592503068,3.1982513504413688
ramularia_collo_cygni,svr_rbf,5.985831643,3.0963382300448563
ramularia_collo_cygni,svr_rbf,3.524422024,2.938147910555577
ramularia_collo_cygni,svr_rbf,4.158736277,3.5282024669515173
ramularia_collo_cygni,svr_rbf,8.548221744,4.6688040292644
ramularia_collo_cygni,svr_rbf,2.649326853,4.954739609744866
ramularia_collo_cygni,svr_rbf,6.297236061,4.578004503774007
ramularia_collo_cygni,svr_rbf,3.267106376,3.735774420956089
ramularia_collo_cygni,svr_rbf,3.573618611,2.9096459147140186
ramularia_collo_cygni,svr_rbf,4.354431994,4.251849991580032
ramularia_collo_cygni,svr_rbf,4.284855867,3.528218788845413
ramularia_collo_cygni,svr_rbf,5.74864388,4.9230273060666505
ramularia_collo_cygni,svr_rbf,3.857893905,4.4865196523018165
ramularia_collo_cygni,svr_rbf,3.757455848,4.547556371740697
ramularia_collo_cygni,svr_rbf,2.898364027,3.573547794082767
ramularia_collo_cygni,svr_rbf,1.448175396,3.331254493696556
ramularia_collo_cygni,svr_rbf,2.024299449,3.2811777789717675
ramularia_collo_cygni,svr_rbf,4.405236324,4.445468693263884
ramularia_collo_cygni,svr_rbf,4.479770129,3.6398920167204287
ramularia_collo_cygni,svr_rbf,5.041228187,4.574254567551608
ramularia_collo_cygni,svr_rbf,6.082941713,4.005011885374093
ramularia_collo_cygni,svr_rbf,3.880730578,3.7478540686558883
ramularia_collo_cygni,svr_rbf,2.718036423,3.6303276166522886
ramularia_collo_cygni,svr_rbf,4.944623844,4.609014009791028
ramularia_collo_cygni,svr_rbf,2.282427154,3.546538906402317
ramularia_collo_cygni,svr_rbf,4.031759375,3.326464987260745
ramularia_collo_cygni,svr_rbf,2.035319327,3.1826038815229296
ramularia_collo_cygni,svr_rbf,3.578148727,3.2651806405549295
ramularia_collo_cygni,svr_rbf,1.904222669,4.104055783616419
ramularia_collo_cygni,svr_rbf,4.261597524,4.433670462211497
ramularia_collo_cygni,svr_rbf,4.018955858,3.859815673053332
ramularia_collo_cygni,svr_rbf,3.340896845,3.443354804442146
ramularia_collo_cygni,svr_rbf,2.650359724,3.7965790041633825
ramularia_collo_cygni,svr_rbf,2.563984631,3.4164135108639178
ramularia_collo_cygni,svr_rbf,4.708284147,3.3237735606807126
ramularia_collo_cygni,svr_rbf,4.737661973,3.1274734291859114
ramularia_collo_cygni,svr_rbf,3.464831831,3.5478637074463633
ramularia_collo_cygni,svr_rbf,6.889271424,4.312901036789896
ramularia_collo_cygni,svr_rbf,3.514604737,3.1945420515685448
ramularia_collo_cygni,svr_rbf,6.274130982,4.599588882519244
ramularia_collo_cygni,svr_rbf,4.662675867,4.973508917703615
ramularia_collo_cygni,svr_rbf,2.162742673,3.813022847103467
ramularia_collo_cygni,svr_rbf,5.124570604,3.4410009116587115
ramularia_collo_cygni,svr_rbf,3.259773822,3.3647224196206444
ramularia_collo_cygni,svr_rbf,1.490526643,3.35603649467167
ramularia_collo_cygni,svr_rbf,3.173582338,3.810684551750101
ramularia_collo_cygni,svr_rbf,3.008664127,3.5327760180592294
ramularia_collo_cygni,svr_rbf,6.176567578,4.001182194569411
ramularia_collo_cygni,svr_rbf,3.816714459,3.8241919603785224
ramularia_collo_cygni,svr_rbf,2.694371236,3.514141004952913
ramularia_collo_cygni,svr_rbf,3.709263623,3.691129052451423
ramularia_collo_cygni,svr_rbf,2.807043859,3.746078908014243
ramularia_collo_cygni,svr_rbf,3.233772746,3.1556224882915367
ramularia_collo_cygni,svr_rbf,6.610941082,4.885152400339964
ramularia_collo_cygni,svr_rbf,3.505148456,4.460058631506299
ramularia_collo_cygni,svr_rbf,2.149242967,3.587850995599025
ramularia_collo_cygni,svr_rbf,5.228883358,4.304602970341666
ramularia_collo_cygni,svr_rbf,3.986991452,3.766150339202298
ramularia_collo_cygni,svr_rbf,2.412601509,3.0161838769820464
ramularia_collo_cygni,svr_rbf,4.734468412,3.4019502932208843
ramularia_collo_cygni,svr_rbf,3.076640751,3.756398404388935
ramularia_collo_cygni,svr_rbf,3.122931051,3.9818037071177534
ramularia_collo_cygni,svr_rbf,2.141887878,3.465221070167594
ramularia_collo_cygni,svr_rbf,2.457865499,3.4378968187423897
ramularia_collo_cygni,svr_rbf,2.347164566,3.3852477411172757
ramularia_collo_cygni,svr_rbf,1.220141441,3.5266173697784633
ramularia_collo_cygni,svr_rbf,2.13605753,3.332690821040417
ramularia_collo_cygni,svr_rbf,3.935382247,3.501121236398851
ramularia_collo_cygni,svr_rbf,2.775908336,3.7587719963199118
ramularia_collo_cygni,svr_rbf,5.740205657,4.24053590569718
ramularia_collo_cygni,svr_rbf,3.38855013,3.257661038295267
ramularia_collo_cygni,svr_rbf,2.426675868,4.462928887981146
ramularia_collo_cygni,svr_rbf,2.75058108,3.5512319088228304
ramularia_collo_cygni,svr_rbf,4.864051027,3.600076286130975
ramularia_collo_cygni,svr_rbf,5.520170426,5.287711831664806
ramularia_collo_cygni,svr_rbf,4.326983478,3.396268904026156
ramularia_collo_cygni,svr_rbf,6.037651804,4.519118831513882
ramularia_collo_cygni,svr_rbf,2.476557312,3.7526371987402687
ramularia_collo_cygni,svr_rbf,3.855057112,3.718717387573168
ramularia_collo_cygni,svr_rbf,1.640472479,3.6249924797017288
ramularia_collo_cygni,svr_rbf,2.578341755,3.3170850307065014
ramularia_collo_cygni,svr_rbf,2.799388991,3.2366509560031913
ramularia_collo_cygni,svr_rbf,5.071548359,3.3374797856730036
ramularia_collo_cygni,svr_rbf,2.141703083,2.9730190909786596
ramularia_collo_cygni,svr_rbf,3.197686802,3.882497487577207
ramularia_collo_cygni,svr_rbf,4.329645726,3.7447215738493735
ramularia_collo_cygni,svr_rbf,3.161037997,5.005414507268881
ramularia_collo_cygni,svr_rbf,3.061859671,2.587527158883949
ramularia_collo_cygni,svr_rbf,2.573876061,2.7178460046699833
ramularia_collo_cygni,svr_rbf,1.345417781,2.693022080505437
ramularia_collo_cygni,svr_rbf,3.105801781,2.732083406146761
ramularia_collo_cygni,svr_rbf,4.384087039,5.148518108124109
ramularia_collo_cygni,svr_rbf,2.198534702,2.6201355357418126
ramularia_collo_cygni,svr_rbf,3.121071022,3.65627913377921
ramularia_collo_cygni,svr_rbf,3.040769483,2.873443273606531
ramularia_collo_cygni,svr_rbf,1.0890685,5.104914335278307
ramularia_collo_cygni,svr_rbf,5.496895266,5.056142043449337
ramularia_collo_cygni,svr_rbf,4.610307375,5.165806274999114
ramularia_collo_cygni,svr_rbf,3.389230908,3.0822669811964887
ramularia_collo_cygni,svr_rbf,1.687163261,3.0123711501226427
ramularia_collo_cygni,svr_rbf,2.902023966,2.524512958350575
ramularia_collo_cygni,svr_rbf,3.630364881,3.8933241663577096
ramularia_collo_cygni,svr_rbf,2.569358823,3.606809666586689
ramularia_collo_cygni,svr_rbf,2.288140407,3.8145972083506594
ramularia_collo_cygni,svr_rbf,4.416633139,3.5755968005311787
ramularia_collo_cygni,svr_rbf,2.69384033,3.011826455488694
ramularia_collo_cygni,svr_rbf,3.076856246,3.321202498970471
ramularia_collo_cygni,svr_rbf,3.08092805,4.456237776243521
ramularia_collo_cygni,svr_rbf,2.924983962,3.523809559681626
ramularia_collo_cygni,svr_rbf,1.705884254,3.618541932238572
ramularia_collo_cygni,svr_rbf,3.894886322,3.452733579557408
ramularia_collo_cygni,svr_rbf,3.855620725,3.3403816940387174
ramularia_collo_cygni,svr_rbf,3.627686052,4.877006955975218
ramularia_collo_cygni,svr_rbf,2.136632229,3.1478742354941804
ramularia_collo_cygni,svr_rbf,3.204825077,4.986308773826442
ramularia_collo_cygni,svr_rbf,3.19596072,4.4529854216621505
ramularia_collo_cygni,svr_rbf,1.897774277,2.6886606484094857
ramularia_collo_cygni,svr_rbf,4.85067705,4.55158207249233
ramularia_collo_cygni,svr_rbf,4.392169051,3.831813756238148
ramularia_collo_cygni,svr_rbf,4.095418006,3.210975332991949
ramularia_collo_cygni,svr_rbf,3.86799669,3.9519840251724485
ramularia_collo_cygni,svr_rbf,2.884306008,2.9446168518565017
ramularia_collo_cygni,svr_rbf,6.598511048,4.404808561681591
ramularia_collo_cygni,svr_rbf,3.463569664,3.646674725111371
ramularia_collo_cygni,svr_rbf,5.414865704,4.4057292113603825
ramularia_collo_cygni,svr_rbf,3.388154499,3.3779283323594043
ramularia_collo_cygni,svr_rbf,2.557460867,3.77358259728726
ramularia_collo_cygni,svr_rbf,4.419656093,3.8547640676781887
ramularia_collo_cygni,svr_rbf,3.726341105,3.6222581184027955
ramularia_collo_cygni,svr_rbf,2.247824888,3.4715946607216943
ramularia_collo_cygni,svr_rbf,3.815346786,3.371046600157868
ramularia_collo_cygni,svr_rbf,3.835370751,3.4112982925718542
ramularia_collo_cygni,svr_rbf,3.506211748,3.316436410426972
ramularia_collo_cygni,svr_rbf,4.869271382,5.301287959289294
ramularia_collo_cygni,svr_rbf,2.914906526,3.978103269650586
ramularia_collo_cygni,svr_rbf,2.00274482,2.97353455606069
ramularia_collo_cygni,svr_rbf,3.087213814,2.8150812019789684
ramularia_collo_cygni,svr_rbf,3.75312319,3.6686026936024687
ramularia_collo_cygni,svr_rbf,2.946496284,3.260110184919717
ramularia_collo_cygni,svr_rbf,5.71286631,4.821873566503265
ramularia_collo_cygni,svr_rbf,2.721500554,3.6312758359794817
ramularia_collo_cygni,svr_rbf,4.736381382,5.352253575564365
ramularia_collo_cygni,svr_rbf,4.937605208,3.4011027158903717
ramularia_collo_cygni,svr_rbf,1.675700747,3.2846108784102954
ramularia_collo_cygni,svr_rbf,4.26409092,4.604353486105314
ramularia_collo_cygni,svr_rbf,3.038330779,2.7935571600621643
ramularia_collo_cygni,svr_rbf,5.399140213,3.853659768842668
ramularia_collo_cygni,svr_rbf,3.099776861,3.529376253998248
ramularia_collo_cygni,svr_rbf,2.4131964,3.686727351631354
ramularia_collo_cygni,svr_rbf,4.87738971,3.5191590916486244
ramularia_collo_cygni,svr_rbf,6.434082362,3.345535182164806
ramularia_collo_cygni,svr_rbf,4.93447029,4.471251440343599
ramularia_collo_cygni,svr_rbf,3.365553261,2.511682403085988
ramularia_collo_cygni,svr_rbf,1.280916407,3.106156365026836
ramularia_collo_cygni,svr_rbf,1.377580101,3.0055324943832664
ramularia_collo_cygni,svr_rbf,4.717755792,4.206828750226878
ramularia_collo_cygni,svr_rbf,2.961774616,4.385143609248421
ramularia_collo_cygni,svr_rbf,2.345039678,3.568625680406661
ramularia_collo_cygni,svr_rbf,2.588567421,3.107339427733889
ramularia_collo_cygni,svr_rbf,2.125766079,3.5418722015109365
ramularia_collo_cygni,svr_rbf,4.008527949,3.260231186025831
ramularia_collo_cygni,svr_rbf,4.506492525,3.7273549480942636
ramularia_collo_cygni,svr_rbf,6.476028084,4.940701841461616
ramularia_collo_cygni,svr_rbf,1.764895617,3.3540112480016546
ramularia_collo_cygni,svr_rbf,3.104401162,3.1075665446665024
ramularia_collo_cygni,svr_rbf,2.906608396,3.0013353596533716
ramularia_collo_cygni,svr_rbf,3.318745079,2.8441999847522053
ramularia_collo_cygni,svr_rbf,2.636440892,3.1279415733226394
ramularia_collo_cygni,svr_rbf,4.646836048,3.4374261863576057
ramularia_collo_cygni,svr_rbf,2.036641273,3.2530442769220427
ramularia_collo_cygni,svr_rbf,2.673417615,3.02260494575028
ramularia_collo_cygni,svr_rbf,1.550159709,3.261784739785973
ramularia_collo_cygni,svr_rbf,4.513120959,3.871615641098543
ramularia_collo_cygni,svr_rbf,4.107966245,3.759539218520252
ramularia_collo_cygni,svr_rbf,2.736106536,3.356836700644468
ramularia_collo_cygni,svr_rbf,4.837276781,3.952138275173264
ramularia_collo_cygni,svr_rbf,4.238231441,3.370199464446655
ramularia_collo_cygni,svr_rbf,3.824216105,3.7992090406776917
ramularia_collo_cygni,svr_rbf,4.560709146,3.429010184265767
ramularia_collo_cygni,svr_rbf,3.519437238,2.965609085522106
ramularia_collo_cygni,svr_rbf,4.478654864,3.7181752589069967
ramularia_collo_cygni,svr_rbf,2.527374749,3.522313560401494
ramularia_collo_cygni,svr_rbf,4.253695514,3.2107948894037763
ramularia_collo_cygni,svr_rbf,2.450242583,3.1995713423384395
ramularia_collo_cygni,svr_rbf,4.959045319,3.9229715695683103
ramularia_collo_cygni,svr_rbf,2.97119362,3.5645779632374945
ramularia_collo_cygni,svr_rbf,2.702798303,3.564675503210018
ramularia_collo_cygni,svr_rbf,3.420231336,3.270148240189443
ramularia_collo_cygni,svr_rbf,3.537439326,3.3108200013987674
ramularia_collo_cygni,svr_rbf,2.909600554,3.6030582690369846
ramularia_collo_cygni,svr_rbf,5.764115368,5.309795853319577
ramularia_collo_cygni,svr_rbf,1.936129039,3.300300395017971
ramularia_collo_cygni,svr_rbf,3.405083485,3.7147370182787176
ramularia_collo_cygni,svr_rbf,3.428346769,3.701966202629992
ramularia_collo_cygni,svr_rbf,4.25820283,4.0718135929025365
ramularia_collo_cygni,svr_rbf,4.891236629,3.9084870080240943
ramularia_collo_cygni,svr_rbf,3.40126358,3.623263122838355
ramularia_collo_cygni,svr_rbf,2.48877912,3.896734005301728
ramularia_collo_cygni,svr_rbf,2.744944513,3.2486123818372525
ramularia_collo_cygni,svr_rbf,3.994317308,3.598088333329443
ramularia_collo_cygni,svr_rbf,2.024380657,3.766335379134348
ramularia_collo_cygni,svr_rbf,2.734240062,3.3736790434235813
ramularia_collo_cygni,svr_rbf,3.459146427,3.3729950839041147
ramularia_collo_cygni,svr_rbf,4.960260512,3.9727333945701013
ramularia_collo_cygni,svr_rbf,2.075838609,3.9701381308990356
ramularia_collo_cygni,svr_rbf,4.966769522,4.059020146103132
ramularia_collo_cygni,svr_rbf,3.845437759,3.209428345111238
ramularia_collo_cygni,svr_rbf,3.099281261,4.107678178873077
ramularia_collo_cygni,svr_rbf,5.401392483,4.310125417134056
ramularia_collo_cygni,svr_rbf,3.259294302,3.7867855340357934
ramularia_collo_cygni,svr_rbf,3.12497194,3.838119524808853
ramularia_collo_cygni,svr_rbf,2.50199137,3.3520962249672297
ramularia_collo_cygni,svr_rbf,2.413393425,3.7553381205094585
ramularia_collo_cygni,svr_rbf,6.32558943,3.8741382139807783
ramularia_collo_cygni,svr_rbf,3.416019284,3.53222691492558
ramularia_collo_cygni,svr_rbf,2.524910406,3.5610504537359673
ramularia_collo_cygni,svr_rbf,4.268662724,3.6247217634472197
ramularia_collo_cygni,svr_rbf,3.309878547,3.641630343260673
ramularia_collo_cygni,svr_rbf,5.99485731,3.7535566614706104
ramularia_collo_cygni,svr_rbf,5.665475341,3.9988457235664057
ramularia_collo_cygni,svr_rbf,2.884749052,3.3019812351936184
ramularia_collo_cygni,svr_rbf,3.995458448,3.986949022329307
ramularia_collo_cygni,svr_rbf,2.948209598,2.7810722969286945
ramularia_collo_cygni,svr_rbf,3.760367429,3.665672042233258
ramularia_collo_cygni,svr_rbf,4.799642917,5.040172182736267
ramularia_collo_cygni,svr_rbf,2.926128078,2.9958953010169536
ramularia_collo_cygni,svr_rbf,3.643332334,3.5988339793968867
ramularia_collo_cygni,svr_rbf,3.43440072,3.637791728406698
ramularia_collo_cygni,svr_rbf,7.392783657,3.761172166592737
ramularia_collo_cygni,svr_rbf,2.917245967,3.48326344142055
ramularia_collo_cygni,svr_rbf,1.761814835,3.2107649518665338
ramularia_collo_cygni,svr_rbf,1.865185043,3.864720600464731
ramularia_collo_cygni,svr_rbf,2.876749188,3.8347327468744368
ramularia_collo_cygni,svr_rbf,2.484843149,3.6063902705760964
ramularia_collo_cygni,svr_rbf,5.896337905,5.119176004944121
ramularia_collo_cygni,svr_rbf,2.579220491,3.531831704588847
ramularia_collo_cygni,svr_rbf,3.597219811,3.7555973234135687
ramularia_collo_cygni,svr_rbf,3.175306769,3.885119861775577
ramularia_collo_cygni,svr_rbf,2.626497646,2.9521640169187244
ramularia_collo_cygni,svr_rbf,4.715294154,4.065897278753648
ramularia_collo_cygni,svr_rbf,4.154898698,3.2748341369200746
ramularia_collo_cygni,svr_rbf,4.751582918,3.466535317369325
ramularia_collo_cygni,svr_rbf,3.163699705,4.293289164283445
ramularia_collo_cygni,svr_rbf,3.454596767,3.3161955078301517
ramularia_collo_cygni,svr_rbf,1.995635846,3.212704929020157
ramularia_collo_cygni,svr_rbf,3.459933102,3.236917543787428
ramularia_collo_cygni,svr_rbf,2.262293476,3.136136705485587
ramularia_collo_cygni,svr_rbf,3.229686625,3.60093558756262
ramularia_collo_cygni,svr_rbf,2.542971992,3.3274686609729276
ramularia_collo_cygni,svr_rbf,3.417921067,3.319780893607512
ramularia_collo_cygni,svr_rbf,2.495533359,3.292655965311184
ramularia_collo_cygni,svr_rbf,3.035047283,4.436063243754112
ramularia_collo_cygni,svr_rbf,2.366379384,3.006123828436621
ramularia_collo_cygni,svr_rbf,4.950227997,3.1835508961441077
ramularia_collo_cygni,svr_rbf,2.934761374,4.933507184122612
ramularia_collo_cygni,svr_rbf,1.609135652,3.4285190573961204
ramularia_collo_cygni,svr_rbf,3.631397141,3.3238322907604267
ramularia_collo_cygni,svr_rbf,2.394825673,3.177887538508053
ramularia_collo_cygni,svr_rbf,1.714128763,3.7404724551921116
ramularia_collo_cygni,svr_rbf,4.828344921,3.0067272120495936
ramularia_collo_cygni,svr_rbf,2.676800441,3.1001398358621954
ramularia_collo_cygni,svr_rbf,2.219621162,3.1913906729549204
ramularia_collo_cygni,svr_rbf,1.269995021,3.041242815708288
ramularia_collo_cygni,svr_rbf,4.198350055,3.4854339197917454
ramularia_collo_cygni,svr_rbf,2.580800729,3.3143595508056545
ramularia_collo_cygni,svr_rbf,5.895995422,4.447933889806286
ramularia_collo_cygni,svr_rbf,3.23861038,2.4502046869577985
ramularia_collo_cygni,svr_rbf,2.132216086,3.5375754824741703
ramularia_collo_cygni,svr_rbf,2.697672234,3.048566494316127
ramularia_collo_cygni,svr_rbf,1.995342421,2.7141588822128857
ramularia_collo_cygni,svr_rbf,4.04849834,3.8514393561131337
ramularia_collo_cygni,svr_rbf,1.379596989,3.4840855036956766
ramularia_collo_cygni,svr_rbf,2.528756836,2.9649423402207713
ramularia_collo_cygni,svr_rbf,3.2204298,2.7560932977544708
ramularia_collo_cygni,svr_rbf,3.944384101,3.5232758520722784
ramularia_collo_cygni,svr_rbf,3.493605964,3.4705742681209992
ramularia_collo_cygni,svr_rbf,1.468025776,3.6094134884796354
ramularia_collo_cygni,svr_rbf,3.705096507,3.1667785069676215
ramularia_collo_cygni,svr_rbf,3.248482937,3.524596942068248
ramularia_collo_cygni,svr_rbf,2.404233258,3.7226905261390204
ramularia_collo_cygni,svr_rbf,3.223963411,3.244914549626384
ramularia_collo_cygni,svr_rbf,3.26313003,3.180088268580433
ramularia_collo_cygni,svr_rbf,3.032379058,3.5227683009325554
ramularia_collo_cygni,svr_rbf,3.773309223,2.8200817025295675
ramularia_collo_cygni,svr_rbf,2.758507881,4.944860312180259
ramularia_collo_cygni,svr_rbf,4.515359173,3.118528205510997
ramularia_collo_cygni,svr_rbf,3.023334769,3.102737391127208
ramularia_collo_cygni,svr_rbf,4.377569538,3.4991227826318974
ramularia_collo_cygni,svr_rbf,2.749119607,2.823353116281195
ramularia_collo_cygni,svr_rbf,3.629104928,3.3463384720113187
ramularia_collo_cygni,svr_rbf,4.481511759,3.506643412295837
ramularia_collo_cygni,svr_rbf,2.312755669,4.227497714026145
ramularia_collo_cygni,svr_rbf,5.022894253,3.7124923648342816
ramularia_collo_cygni,svr_rbf,6.473476598,3.9792295013940264
ramularia_collo_cygni,svr_rbf,4.905271878,4.008819723144795
ramularia_collo_cygni,svr_rbf,2.257163915,2.9635164601331914
ramularia_collo_cygni,svr_rbf,3.062720262,3.1812697118927593
ramularia_collo_cygni,svr_rbf,6.453292221,3.854024384158038
ramularia_collo_cygni,svr_rbf,3.707519962,4.3628886858253155
ramularia_collo_cygni,svr_rbf,2.378921726,3.5893907302198214
ramularia_collo_cygni,svr_rbf,2.585558854,3.123376651890996
ramularia_collo_cygni,svr_rbf,3.026681536,2.804267571815769
ramularia_collo_cygni,svr_rbf,2.232717824,3.893068834806388
ramularia_collo_cygni,svr_rbf,4.725632349,5.0754098897676965
ramularia_collo_cygni,svr_rbf,2.785731238,3.6327387280195955
ramularia_collo_cygni,svr_rbf,2.883765112,3.127655923363245
ramularia_collo_cygni,svr_rbf,2.025951147,3.1074434621445475
ramularia_collo_cygni,svr_rbf,2.594676733,3.536165006067624
ramularia_collo_cygni,svr_rbf,2.818139828,3.6580365606029748
ramularia_collo_cygni,svr_rbf,2.283454127,3.4666396220230955
ramularia_collo_cygni,svr_rbf,2.821696306,2.951645439217265
ramularia_collo_cygni,svr_rbf,3.007580614,3.159271072740329
ramularia_collo_cygni,svr_rbf,2.85916878,3.264985412802589
ramularia_collo_cygni,svr_rbf,2.578256026,4.580344618443762
ramularia_collo_cygni,svr_rbf,2.821392866,3.8701034159337695
ramularia_collo_cygni,svr_rbf,2.514597673,3.5469572648821455
ramularia_collo_cygni,svr_rbf,4.177928981,3.5165497148613785
ramularia_collo_cygni,svr_rbf,3.311945574,3.8323711268116236
ramularia_collo_cygni,svr_rbf,4.532230443,3.4745275702335334
ramularia_collo_cygni,svr_rbf,3.421079755,3.7818731961246663
ramularia_collo_cygni,svr_rbf,3.200617315,4.34148765050877
ramularia_collo_cygni,svr_rbf,5.08050109,3.2815380272742596
ramularia_collo_cygni,svr_rbf,3.638899688,3.3325208351483466
ramularia_collo_cygni,svr_rbf,3.456848545,3.576902096496586
ramularia_collo_cygni,svr_rbf,2.07417155,3.1423953767273938
ramularia_collo_cygni,svr_rbf,2.787417022,3.561242555323279
ramularia_collo_cygni,svr_rbf,4.945459399,3.608046216862353
ramularia_collo_cygni,svr_rbf,3.045417883,2.835190818195661
ramularia_collo_cygni,svr_rbf,3.994740891,3.4602472723647395
ramularia_collo_cygni,svr_rbf,2.681116279,3.3116634916557923
ramularia_collo_cygni,svr_rbf,1.961541095,3.513874268444038
ramularia_collo_cygni,svr_rbf,3.553626424,3.3217694779390046
ramularia_collo_cygni,svr_rbf,2.791185155,3.315961767949398
ramularia_collo_cygni,svr_rbf,3.547001743,3.438708820843593
ramularia_collo_cygni,svr_rbf,2.341523802,3.4637322163589364
ramularia_collo_cygni,svr_rbf,3.59775894,3.5112602814666793
ramularia_collo_cygni,svr_rbf,2.877121589,4.017715097723308
ramularia_collo_cygni,svr_rbf,3.585528338,4.064193677931103
ramularia_collo_cygni,svr_rbf,3.647624243,3.5127058372803357
ramularia_collo_cygni,svr_rbf,3.478650494,3.674547781712886
ramularia_collo_cygni,svr_rbf,5.285380786,3.343751552329835
ramularia_collo_cygni,svr_rbf,5.550408685,3.9496408388047852
ramularia_collo_cygni,svr_rbf,5.239179351,3.8484892506218378
ramularia_collo_cygni,svr_rbf,4.401479629,3.9558549035738917
ramularia_collo_cygni,svr_rbf,3.506192159,3.732135234926122
ramularia_collo_cygni,svr_rbf,3.567025994,2.607210507756519
ramularia_collo_cygni,svr_rbf,4.077914898,4.41069159222406
ramularia_collo_cygni,svr_rbf,4.024790387,3.3178638468049018
ramularia_collo_cygni,svr_rbf,4.044241807,4.262562400600553
ramularia_collo_cygni,svr_rbf,3.722318491,3.4943753217076465
ramularia_collo_cygni,svr_rbf,2.121753296,3.5697458545524676
ramularia_collo_cygni,svr_rbf,2.896969564,2.6710794670387266
ramularia_collo_cygni,svr_rbf,4.279852668,4.690458918945075
ramularia_collo_cygni,svr_rbf,2.203441626,3.249936744082983
ramularia_collo_cygni,svr_rbf,3.536834135,3.499085206291659
ramularia_collo_cygni,svr_rbf,5.288690925,3.7074432248641718
ramularia_collo_cygni,svr_rbf,4.443297334,3.413154538672287
ramularia_collo_cygni,svr_rbf,2.560804452,2.8888258761158356
ramularia_collo_cygni,svr_rbf,2.56277974,3.654177696582896
ramularia_collo_cygni,svr_rbf,3.103139733,3.5296360137655696
ramularia_collo_cygni,svr_rbf,3.285279158,3.9332516306436274
ramularia_collo_cygni,svr_rbf,3.749509455,4.116871793517592
ramularia_collo_cygni,svr_rbf,1.846640664,3.446912904080118
ramularia_collo_cygni,svr_rbf,3.563807504,3.4256642767405774
ramularia_collo_cygni,svr_rbf,4.725567919,3.352709590169463
ramularia_collo_cygni,svr_rbf,2.820378375,3.5322038387084302
ramularia_collo_cygni,svr_rbf,3.833067311,3.359169720449608
ramularia_collo_cygni,svr_rbf,3.859638477,3.471220568545756
ramularia_collo_cygni,svr_rbf,2.273804712,4.485713950178943
ramularia_collo_cygni,svr_rbf,3.341534023,3.246955233800712
ramularia_collo_cygni,svr_rbf,2.551762557,3.6722370353724183
ramularia_collo_cygni,svr_rbf,3.239318252,3.667471255629187
ramularia_collo_cygni,svr_rbf,4.941599489,4.797231645508718
ramularia_collo_cygni,svr_rbf,4.675626764,3.5062160784726104
ramularia_collo_cygni,svr_rbf,5.418930035,5.136835196918689
ramularia_collo_cygni,svr_rbf,3.603778592,4.2877616877728535
ramularia_collo_cygni,svr_rbf,4.773843321,5.059041852008272
ramularia_collo_cygni,svr_rbf,6.10085344,5.096497786468082
ramularia_collo_cygni,svr_rbf,2.789382434,4.103408078618173
ramularia_collo_cygni,svr_rbf,3.246976209,3.6536819077856144
ramularia_collo_cygni,svr_rbf,3.405392688,3.965661980584965
ramularia_collo_cygni,svr_rbf,6.266704312,5.000998593721123
ramularia_collo_cygni,svr_rbf,3.547937644,3.3952500532767664
ramularia_collo_cygni,svr_rbf,3.432035666,4.013792781680294
ramularia_collo_cygni,svr_rbf,4.575312137,4.953669305741594
ramularia_collo_cygni,svr_rbf,4.203844661,4.504697877215907
ramularia_collo_cygni,svr_rbf,4.428609383,5.306389100010013
ramularia_collo_cygni,svr_rbf,5.768947126,5.209129769960798
ramularia_collo_cygni,svr_rbf,5.087406811,3.778997336132205
ramularia_collo_cygni,svr_rbf,5.850030434,4.381456401253974
ramularia_collo_cygni,svr_rbf,4.529621301,5.170458476950042
ramularia_collo_cygni,svr_rbf,3.987652996,3.6725405411480776
ramularia_collo_cygni,svr_rbf,2.821261723,3.760505509029743
ramularia_collo_cygni,svr_rbf,4.885907108,4.935062315509998
ramularia_collo_cygni,svr_rbf,4.261444672,3.5018408770472487
ramularia_collo_cygni,svr_rbf,4.093869485,3.241999549401375
ramularia_collo_cygni,svr_rbf,3.011464279,4.0089527186552605
ramularia_collo_cygni,svr_rbf,2.181853119,2.8609269525070853
ramularia_collo_cygni,svr_rbf,4.080442172,3.351327958251211
ramularia_collo_cygni,svr_rbf,3.392410972,3.2429120951719295
ramularia_collo_cygni,svr_rbf,2.793423956,3.20351099004722
ramularia_collo_cygni,svr_rbf,2.067225015,3.5453182846966396
ramularia_collo_cygni,svr_rbf,2.647936909,3.249117098538216
ramularia_collo_cygni,svr_rbf,4.60339488,3.6275082893723765
ramularia_collo_cygni,svr_rbf,3.207127644,3.1085566458910208
ramularia_collo_cygni,svr_rbf,5.477360192,4.485157295110629
ramularia_collo_cygni,svr_rbf,2.587664835,3.0770614060627395
ramularia_collo_cygni,svr_rbf,2.85361331,3.388939881372473
ramularia_collo_cygni,svr_rbf,2.912007506,3.544767898336313
ramularia_collo_cygni,svr_rbf,3.605552384,3.2762681728551177
ramularia_collo_cygni,svr_rbf,2.686727591,3.3878738658684546
ramularia_collo_cygni,svr_rbf,4.161470519,3.4935949819518983
ramularia_collo_cygni,svr_rbf,4.094530922,3.5839443225265333
ramularia_collo_cygni,svr_rbf,3.700595574,4.085970198656046
ramularia_collo_cygni,svr_rbf,3.589567946,3.4953110428969545
ramularia_collo_cygni,svr_rbf,5.167707153,3.4795130096761744
ramularia_collo_cygni,svr_rbf,4.976781985,3.4366451210770355
ramularia_collo_cygni,svr_rbf,2.981036124,3.216021713365663
ramularia_collo_cygni,svr_rbf,1.934766171,3.5820854129666815
ramularia_collo_cygni,svr_rbf,2.457538063,3.6988092643524046
ramularia_collo_cygni,svr_rbf,3.813297204,3.720815509184783
ramularia_collo_cygni,svr_rbf,4.784532818,4.058171765577603
ramularia_collo_cygni,svr_rbf,5.641355229,3.7040787470832415
ramularia_collo_cygni,svr_rbf,4.268353806,3.8583787436257224
ramularia_collo_cygni,svr_rbf,1.916796457,3.88228984638661
ramularia_collo_cygni,svr_rbf,3.180723486,3.7845986265169698
ramularia_collo_cygni,svr_rbf,4.497063188,3.930017108473593
ramularia_collo_cygni,svr_rbf,4.600415743,3.6851172195343445
ramularia_collo_cygni,svr_rbf,2.589009647,3.8066307139861477
ramularia_collo_cygni,svr_rbf,5.121012268,4.241183741752514
ramularia_collo_cygni,svr_rbf,5.714832154,3.7566894469529135
ramularia_collo_cygni,svr_rbf,2.399790388,3.8796015091399503
ramularia_collo_cygni,svr_rbf,2.883699798,2.898038728188127
ramularia_collo_cygni,svr_rbf,1.84906439,2.966911966224607
ramularia_collo_cygni,svr_rbf,1.152231625,3.4861421181662977
ramularia_collo_cygni,svr_rbf,4.802934616,3.599896642947805
ramularia_collo_cygni,svr_rbf,3.743532797,3.1872685075091045
ramularia_collo_cygni,svr_rbf,4.041996855,3.501038285944652
ramularia_collo_cygni,svr_rbf,3.591401207,3.4536046265162095
ramularia_collo_cygni,svr_rbf,6.134557667,4.618388191585445
ramularia_collo_cygni,svr_rbf,5.35826487,4.875219839515106
ramularia_collo_cygni,svr_rbf,2.375793414,3.6400914490340575
ramularia_collo_cygni,svr_rbf,3.366106575,3.5358845290954504
ramularia_collo_cygni,svr_rbf,4.107306663,5.216763462428505
ramularia_collo_cygni,svr_rbf,4.361707918,3.935014129174032
ramularia_collo_cygni,svr_rbf,6.594091469,4.547505937960553
ramularia_collo_cygni,svr_rbf,4.308905283,3.7255477929685177
ramularia_collo_cygni,svr_rbf,4.18397681,3.6665790415519766
ramularia_collo_cygni,svr_rbf,4.80999667,4.330312649222983
ramularia_collo_cygni,svr_rbf,5.702008013,5.055086474785635
ramularia_collo_cygni,svr_rbf,5.168934426,4.0434161873175265
ramularia_collo_cygni,svr_rbf,3.274845099,4.201422750116402
ramularia_collo_cygni,svr_rbf,3.260999846,4.388125017308363
ramularia_collo_cygni,svr_rbf,2.836712807,2.9848084901498253
ramularia_collo_cygni,svr_rbf,2.916695638,3.914767257617124
ramularia_collo_cygni,svr_rbf,4.411263815,4.840961419484602
ramularia_collo_cygni,svr_rbf,2.942746578,3.2660173016617846
ramularia_collo_cygni,svr_rbf,3.313049094,3.028146741440083
ramularia_collo_cygni,svr_rbf,3.324902719,3.631088234880773
ramularia_collo_cygni,svr_rbf,3.36595316,3.626184660228207
ramularia_collo_cygni,svr_rbf,2.605692417,3.401400817674564
ramularia_collo_cygni,svr_rbf,2.967903146,3.7029002342966346
ramularia_collo_cygni,svr_rbf,3.917309573,3.700413272043377
ramularia_collo_cygni,svr_rbf,3.878615155,3.9726717046768636
ramularia_collo_cygni,svr_rbf,5.102677644,3.5843454933751713
ramularia_collo_cygni,svr_rbf,1.962848078,3.4013835719482293
ramularia_collo_cygni,svr_rbf,3.833500065,2.552861516561493
ramularia_collo_cygni,svr_rbf,1.780891635,3.7796999625324177
ramularia_collo_cygni,svr_rbf,2.465654743,2.8513752613968046
ramularia_collo_cygni,svr_rbf,2.938385175,3.2235016223031616
ramularia_collo_cygni,svr_rbf,3.148012422,3.7994486830536474
ramularia_collo_cygni,svr_rbf,5.185656631,3.2434379025630338
ramularia_collo_cygni,svr_rbf,4.950109023,3.8413575592498375
ramularia_collo_cygni,svr_rbf,4.219673819,3.869159088960389
ramularia_collo_cygni,svr_rbf,3.686608589,4.287559936572988
ramularia_collo_cygni,svr_rbf,3.336622593,3.46027995521176
ramularia_collo_cygni,svr_rbf,5.092895008,3.7490794356856
ramularia_collo_cygni,svr_rbf,2.052345551,3.4846940205024413
ramularia_collo_cygni,svr_rbf,2.364933613,3.95931904320028
ramularia_collo_cygni,svr_rbf,3.53496635,3.0288280257015416
ramularia_collo_cygni,svr_rbf,4.401780525,3.285413818208694
ramularia_collo_cygni,svr_rbf,3.358527067,3.6301128915355974
ramularia_collo_cygni,svr_rbf,3.670143081,3.7176088105460248
ramularia_collo_cygni,svr_rbf,2.014016309,5.072162295723942
ramularia_collo_cygni,svr_rbf,1.960530286,3.8366983330755557
ramularia_collo_cygni,svr_rbf,5.172937334,4.076362537598809
ramularia_collo_cygni,svr_rbf,4.283459272,3.052322668138256
ramularia_collo_cygni,svr_rbf,2.925395363,4.267731083177309
ramularia_collo_cygni,svr_rbf,3.42247289,3.8157846888668434
ramularia_collo_cygni,svr_rbf,4.515746299,3.6129155996046
ramularia_collo_cygni,svr_rbf,4.191695379,3.8282816664910184
ramularia_collo_cygni,svr_rbf,3.606880456,3.64125128066911
ramularia_collo_cygni,svr_rbf,5.105749703,3.559763431406585
ramularia_collo_cygni,svr_rbf,3.056245208,3.800435986917186
ramularia_collo_cygni,svr_rbf,4.364984067,3.729914503240659
ramularia_collo_cygni,svr_rbf,5.383216251,4.685091480748676
ramularia_collo_cygni,svr_rbf,3.328242805,4.458521016199679
ramularia_collo_cygni,svr_rbf,4.299196503,4.172185922291718
ramularia_collo_cygni,svr_rbf,2.861931624,3.4626138111879032
ramularia_collo_cygni,svr_rbf,5.418319692,4.917521464098916
ramularia_collo_cygni,svr_rbf,4.521262301,3.875774435192527
ramularia_collo_cygni,svr_rbf,4.121323765,4.151026242817873
ramularia_collo_cygni,svr_rbf,3.966327195,3.6003143824845996
ramularia_collo_cygni,svr_rbf,2.145341559,3.695797128803649
ramularia_collo_cygni,svr_rbf,4.147352865,4.596077777718681
ramularia_collo_cygni,svr_rbf,5.899597746,4.01413311973356
ramularia_collo_cygni,svr_rbf,2.245947462,3.852918777966521
ramularia_collo_cygni,svr_rbf,5.91872848,4.7138134455458
ramularia_collo_cygni,svr_rbf,5.393861608,3.626829498075902
ramularia_collo_cygni,svr_rbf,4.257490261,3.289180933809803
ramularia_collo_cygni,svr_rbf,6.282555558,3.1147771714654318
ramularia_collo_cygni,svr_rbf,6.859493481,4.530642709515727
ramularia_collo_cygni,svr_rbf,4.708309131,2.877924543999447
ramularia_collo_cygni,svr_rbf,4.720761253,3.9578290222386636
ramularia_collo_cygni,svr_rbf,3.908208118,3.631534276750313
ramularia_collo_cygni,svr_rbf,4.899081514,3.7386204352356454
ramularia_collo_cygni,svr_rbf,5.281835445,3.947039584105971
ramularia_collo_cygni,svr_rbf,5.032160195,3.8791592550660754
ramularia_collo_cygni,svr_rbf,5.517781468,3.689799278107718
ramularia_collo_cygni,svr_rbf,4.314165211,3.614304100971995
ramularia_collo_cygni,svr_rbf,4.035735845,4.095801849348182
ramularia_collo_cygni,svr_rbf,4.344159778,3.5338975488400814
ramularia_collo_cygni,svr_rbf,2.312160739,3.6561634951324242
ramularia_collo_cygni,svr_rbf,2.83038719,3.6049582661487074
ramularia_collo_cygni,svr_rbf,4.599680006,4.42321754442358
ramularia_collo_cygni,svr_rbf,1.879105656,3.723787714748223
ramularia_collo_cygni,svr_rbf,5.692827358,4.223155744590736
ramularia_collo_cygni,svr_rbf,3.379602875,3.8609101365150127
ramularia_collo_cygni,svr_rbf,3.169491497,3.939542139583314
ramularia_collo_cygni,svr_rbf,4.685454688,3.9939776007517596
ramularia_collo_cygni,svr_rbf,3.025492215,4.360315255038293
ramularia_collo_cygni,svr_rbf,4.308853114,4.031175441347061
ramularia_collo_cygni,svr_rbf,2.889358684,3.848371420710348
ramularia_collo_cygni,svr_rbf,3.918952634,3.9239494014404865
ramularia_collo_cygni,svr_rbf,3.634395405,3.506152371848754
ramularia_collo_cygni,svr_rbf,4.396953124,3.687489398700664
ramularia_collo_cygni,svr_rbf,3.608744614,3.7327564892480334
ramularia_collo_cygni,svr_rbf,3.711884855,4.126542460211682
ramularia_collo_cygni,svr_rbf,3.451430151,3.2266466135490157
ramularia_collo_cygni,svr_rbf,3.101452885,3.712633859223876
ramularia_collo_cygni,svr_rbf,3.573299311,3.816793143965528
ramularia_collo_cygni,svr_rbf,5.932678396,4.4324826149333445
ramularia_collo_cygni,svr_rbf,5.56570577,4.393440194851949
ramularia_collo_cygni,svr_rbf,5.353029659,4.992613982180401
ramularia_collo_cygni,svr_rbf,5.379636672,5.139059401716267
ramularia_collo_cygni,svr_rbf,3.736429595,3.689515186046627
ramularia_collo_cygni,svr_rbf,4.457101364,3.4577069364298887
ramularia_collo_cygni,svr_rbf,3.897659932,4.177531676591662
ramularia_collo_cygni,svr_rbf,2.054417732,3.87376089569392
ramularia_collo_cygni,svr_rbf,4.924119115,3.3574770978986734
ramularia_collo_cygni,svr_rbf,4.942875189,3.690032374131011
ramularia_collo_cygni,svr_rbf,5.124787577,4.658237853415406
ramularia_collo_cygni,svr_rbf,4.208323136,4.02300894805
ramularia_collo_cygni,svr_rbf,3.764073537,3.541317576172676
ramularia_collo_cygni,svr_rbf,4.280333381,2.96779767082994
ramularia_collo_cygni,svr_rbf,4.097195533,2.852160448279849
ramularia_collo_cygni,svr_rbf,2.971079525,3.1740932282146916
ramularia_collo_cygni,svr_rbf,2.791846957,3.501686143111761
ramularia_collo_cygni,svr_rbf,2.96989492,2.6706118018190614
ramularia_collo_cygni,svr_rbf,3.62670802,2.9137479560115285
ramularia_collo_cygni,svr_rbf,1.058412984,2.97081470656496
ramularia_collo_cygni,svr_rbf,3.637462746,3.270921317300145
ramularia_collo_cygni,svr_rbf,4.198037082,3.1756824688679854
ramularia_collo_cygni,svr_rbf,2.806247735,2.7555941963681247
ramularia_collo_cygni,svr_rbf,3.187094494,3.2954502243613386
ramularia_collo_cygni,svr_rbf,4.572081454,3.355883205382251
ramularia_collo_cygni,svr_rbf,1.377134412,3.348467279220978
ramularia_collo_cygni,svr_rbf,2.20076438,3.511633780854404
ramularia_collo_cygni,svr_rbf,4.001062911,3.541382505530849
ramularia_collo_cygni,svr_rbf,3.979907854,3.3171651451096444
ramularia_collo_cygni,svr_rbf,4.094413014,3.3490384117696563
ramularia_collo_cygni,svr_rbf,7.912654034,3.933439145849075
ramularia_collo_cygni,svr_rbf,4.602135083,3.7537549409429825
ramularia_collo_cygni,svr_rbf,3.281307401,3.3609296118300684
ramularia_collo_cygni,svr_rbf,1.967202572,3.746713263819523
ramularia_collo_cygni,svr_rbf,4.026223815,3.8158699147603397
ramularia_collo_cygni,svr_rbf,6.539995772,3.6823207765969306
ramularia_collo_cygni,svr_rbf,3.748131232,3.3346058292334284
ramularia_collo_cygni,svr_rbf,4.846660504,3.6544446727061444
ramularia_collo_cygni,svr_rbf,2.34483348,3.5258827485549786
ramularia_collo_cygni,svr_rbf,4.506167921,4.198073143561511
ramularia_collo_cygni,svr_rbf,3.635939077,3.8766355213889847
ramularia_collo_cygni,svr_rbf,4.142354605,3.7157941542891377
ramularia_collo_cygni,svr_rbf,3.374663247,3.8087751640530345
ramularia_collo_cygni,svr_rbf,5.756445066,3.6028168603688098
ramularia_collo_cygni,svr_rbf,3.674601278,3.5103381890544973
ramularia_collo_cygni,svr_rbf,3.324055877,3.961915368538984
ramularia_collo_cygni,svr_rbf,2.7807053,3.42390830961727
ramularia_collo_cygni,svr_rbf,4.894689472,3.8726837933776963
ramularia_collo_cygni,svr_rbf,3.100060051,3.745723259190177
ramularia_collo_cygni,svr_rbf,2.781169457,3.7851270239132355
ramularia_collo_cygni,svr_rbf,4.882267891,3.370371807320755
ramularia_collo_cygni,svr_rbf,3.356692615,3.429754083312198
ramularia_collo_cygni,svr_rbf,3.748821937,3.8381781883138135
ramularia_collo_cygni,svr_rbf,6.178172917,3.297601502980129
ramularia_collo_cygni,svr_rbf,3.147795686,3.6316328251841306
ramularia_collo_cygni,svr_rbf,3.772567524,3.755513893453815
ramularia_collo_cygni,svr_rbf,3.465270808,3.212803701767562
ramularia_collo_cygni,svr_rbf,4.466200077,3.8067883616808107
ramularia_collo_cygni,svr_rbf,3.014228158,3.650963127988874
ramularia_collo_cygni,svr_rbf,4.18621684,3.640635532678581
ramularia_collo_cygni,svr_rbf,4.885353121,4.155588290373116
ramularia_collo_cygni,svr_rbf,2.896596825,3.6363658999621733
ramularia_collo_cygni,svr_rbf,4.36834635,3.4491223250425045
ramularia_collo_cygni,svr_rbf,3.332716693,2.9144720407675937
ramularia_collo_cygni,svr_rbf,3.236620609,3.600001386290999
ramularia_collo_cygni,svr_rbf,4.095243662,3.4586454311064427
ramularia_collo_cygni,svr_rbf,5.132430577,3.4152509064968797
ramularia_collo_cygni,svr_rbf,4.966375253,3.717332664263602
ramularia_collo_cygni,svr_rbf,3.766851454,3.661371593291346
ramularia_collo_cygni,svr_rbf,2.780572046,3.749315833344656
ramularia_collo_cygni,svr_rbf,5.209136069,4.367482561844272
ramularia_collo_cygni,svr_rbf,4.908590413,3.68720572060233
ramularia_collo_cygni,svr_rbf,0.772513064,3.611876696355888
ramularia_collo_cygni,svr_rbf,4.933122661,3.451387921669843
ramularia_collo_cygni,svr_rbf,2.422759972,3.1132302526555446
ramularia_collo_cygni,svr_rbf,5.232655849,3.4357313210628506
ramularia_collo_cygni,svr_rbf,5.047861795,3.197759388263515
ramularia_collo_cygni,svr_rbf,2.916785295,3.6185173463568017
ramularia_collo_cygni,svr_rbf,4.654387945,3.5090460023739762
ramularia_collo_cygni,svr_rbf,1.93062327,3.48980067414999
ramularia_collo_cygni,svr_rbf,4.994512049,3.4025785947941536
ramularia_collo_cygni,svr_rbf,4.761266522,4.4722378204744455
ramularia_collo_cygni,svr_rbf,4.478468915,3.5623507024991916
ramularia_collo_cygni,svr_rbf,3.612838272,3.7006853489282596
ramularia_collo_cygni,svr_rbf,3.720366044,3.806079797834637
ramularia_collo_cygni,svr_rbf,3.268945899,3.743406091011181
ramularia_collo_cygni,svr_rbf,3.509920814,3.640176004020739
ramularia_collo_cygni,svr_rbf,2.902518827,3.603980456880983
ramularia_collo_cygni,svr_rbf,2.758478011,3.61473983757089
ramularia_collo_cygni,svr_rbf,3.298315347,3.4063864719320383
ramularia_collo_cygni,svr_rbf,3.24430407,2.9208267732667084
ramularia_collo_cygni,svr_rbf,2.052194097,3.708739747071315
ramularia_collo_cygni,svr_rbf,3.936873726,3.686084347158762
ramularia_collo_cygni,svr_rbf,4.984592729,2.9452379183059376
ramularia_collo_cygni,svr_rbf,3.840652164,3.8123910594218517
ramularia_collo_cygni,svr_rbf,3.818425112,3.5628051507152287
ramularia_collo_cygni,svr_rbf,3.532386837,3.659660826340505
ramularia_collo_cygni,svr_rbf,3.216726866,3.7805094332558014
ramularia_collo_cygni,svr_rbf,3.579921635,3.7113019560936813
ramularia_collo_cygni,svr_rbf,3.236319367,3.6040491235116634
ramularia_collo_cygni,svr_rbf,2.642613298,3.4704973566423223
ramularia_collo_cygni,svr_rbf,4.354321111,3.6349993790740047
ramularia_collo_cygni,svr_rbf,5.614259509,3.7439879009321864
ramularia_collo_cygni,svr_rbf,1.945137839,3.669553466489906
ramularia_collo_cygni,svr_rbf,4.225988032,4.269142684491008
ramularia_collo_cygni,svr_rbf,2.925201645,3.73446151437188
ramularia_collo_cygni,svr_rbf,3.101281019,3.8345601860342717
ramularia_collo_cygni,svr_rbf,5.535770599,3.424105663576587
ramularia_collo_cygni,svr_rbf,2.788529878,3.573915147947841
ramularia_collo_cygni,svr_rbf,3.667776838,3.7303349058098547
ramularia_collo_cygni,svr_rbf,4.24250557,3.751773169586876
ramularia_collo_cygni,svr_rbf,3.543947456,3.4396558427665163
ramularia_collo_cygni,svr_rbf,1.943472971,3.487671303509577
ramularia_collo_cygni,svr_rbf,4.570598289,3.6738436426375753
ramularia_collo_cygni,svr_rbf,4.197081682,3.5398852906705156
ramularia_collo_cygni,svr_rbf,2.653980556,3.5408438533055384
ramularia_collo_cygni,svr_rbf,4.211633251,3.7990108115050534
ramularia_collo_cygni,svr_rbf,3.960757063,3.649613283045663
ramularia_collo_cygni,svr_rbf,3.834533361,3.4029716811245185
ramularia_collo_cygni,svr_rbf,6.670582425,3.509572850582729
ramularia_collo_cygni,svr_rbf,2.482367824,3.7777393187888535
ramularia_collo_cygni,svr_rbf,5.613125232,3.2626175004047764
ramularia_collo_cygni,svr_rbf,5.076323998,3.1365240896681197
ramularia_collo_cygni,svr_rbf,5.060772723,3.588606881992263
ramularia_collo_cygni,svr_rbf,5.766442162,3.582126734244147
ramularia_collo_cygni,svr_rbf,5.229388598,3.6925014045266895
ramularia_collo_cygni,svr_rbf,3.412965916,3.7419313720561798
ramularia_collo_cygni,svr_rbf,3.825129378,3.871845468330392
ramularia_collo_cygni,svr_rbf,3.038109583,3.3016270970970703
ramularia_collo_cygni,svr_rbf,3.932260925,3.6681046554741763
ramularia_collo_cygni,svr_rbf,3.323076629,3.5445283632957088
ramularia_collo_cygni,svr_rbf,2.283147278,3.6111038402123814
ramularia_collo_cygni,svr_rbf,2.764524705,3.6277805374869785
ramularia_collo_cygni,svr_rbf,5.130832621,3.4340993967460385
ramularia_collo_cygni,svr_rbf,4.614598134,3.695262584213978
ramularia_collo_cygni,svr_rbf,4.120846027,3.3954157711844806
ramularia_collo_cygni,svr_rbf,4.057256154,3.8383391771673434
ramularia_collo_cygni,svr_rbf,5.018066575,3.701709543721573
ramularia_collo_cygni,svr_rbf,4.203911834,3.448850940067595
ramularia_collo_cygni,svr_rbf,3.350155655,3.1591225634864797
ramularia_collo_cygni,svr_rbf,2.700511078,3.5172221672455626
ramularia_collo_cygni,svr_rbf,5.435757346,3.452714977362898
ramularia_collo_cygni,svr_rbf,5.744139393,3.6880500435838965
ramularia_collo_cygni,svr_rbf,2.082386316,3.5094098630380532
ramularia_collo_cygni,svr_rbf,3.442166582,3.344796186052762
ramularia_collo_cygni,svr_rbf,2.633708499,3.213249130444364
ramularia_collo_cygni,svr_rbf,5.006632025,3.2955351873179755
ramularia_collo_cygni,svr_rbf,2.809406345,3.5483404970751278
ramularia_collo_cygni,svr_rbf,5.86691796,4.50986164386915
ramularia_collo_cygni,svr_rbf,4.96490818,3.594773567233841
ramularia_collo_cygni,svr_rbf,4.361131337,4.016548628772544
ramularia_collo_cygni,svr_rbf,3.186026337,3.780655525858259
ramularia_collo_cygni,svr_rbf,3.066823366,3.381621292802293
ramularia_collo_cygni,svr_rbf,3.271356448,3.5691549717545032
ramularia_collo_cygni,svr_rbf,3.242413327,3.223714983187468
ramularia_collo_cygni,svr_rbf,3.36176845,3.73301487129945
ramularia_collo_cygni,svr_rbf,7.428986112,3.0327647460213676
ramularia_collo_cygni,svr_rbf,5.549428508,3.7254451260528105
ramularia_collo_cygni,svr_rbf,3.244212607,3.488819726238471
ramularia_collo_cygni,svr_rbf,4.244248246,3.5485857984329616
ramularia_collo_cygni,svr_rbf,4.317522933,3.707534799859601
ramularia_collo_cygni,svr_rbf,2.548050553,3.6474758883669693
ramularia_collo_cygni,svr_rbf,4.031171262,3.7764452807102438
ramularia_collo_cygni,svr_rbf,4.159968901,3.672455683244603
ramularia_collo_cygni,svr_rbf,2.386557644,3.5319264067426386
ramularia_collo_cygni,svr_rbf,2.49070038,3.7254398443167833
ramularia_collo_cygni,svr_rbf,4.014262556,3.6828842239384034
ramularia_collo_cygni,svr_rbf,4.053531802,4.041758885769063
ramularia_collo_cygni,svr_rbf,4.986592774,3.6861264641278613
ramularia_collo_cygni,svr_rbf,5.128380095,3.3666260648323725
ramularia_collo_cygni,svr_rbf,3.19479583,3.7065262136670523
ramularia_collo_cygni,svr_rbf,3.961847816,3.636663469441764
ramularia_collo_cygni,svr_rbf,5.172772762,3.315746419686507
ramularia_collo_cygni,svr_rbf,3.947623385,3.7389647335633183
ramularia_collo_cygni,svr_rbf,3.871761849,3.7797820542619576
ramularia_collo_cygni,svr_rbf,3.976043434,3.375499445484485
ramularia_collo_cygni,svr_rbf,3.498114796,3.2603358980556516
ramularia_collo_cygni,svr_rbf,2.097208233,3.1187487827034004
ramularia_collo_cygni,svr_rbf,2.978758553,3.3946248493779505
ramularia_collo_cygni,svr_rbf,3.092853738,3.1991084856893313
ramularia_collo_cygni,svr_rbf,3.976198132,3.321900723377921
ramularia_collo_cygni,svr_rbf,3.464276137,3.6933261418686327
ramularia_collo_cygni,svr_rbf,2.392332433,4.817433886048153
ramularia_collo_cygni,svr_rbf,1.564335835,3.580817424211518
ramularia_collo_cygni,svr_rbf,3.747707792,3.622426754178609
ramularia_collo_cygni,svr_rbf,4.691661168,3.5601423195202377
ramularia_collo_cygni,svr_rbf,5.685102941,3.3346196679479325
ramularia_collo_cygni,svr_rbf,4.326022413,3.8881340971221334
ramularia_collo_cygni,svr_rbf,6.181568149,3.533012929910008
ramularia_collo_cygni,svr_rbf,2.594955535,3.192907926768987
ramularia_collo_cygni,svr_rbf,3.422066567,3.320773642600029
ramularia_collo_cygni,svr_rbf,5.089783175,3.4014814788863905
ramularia_collo_cygni,svr_rbf,5.667261938,4.208317396923221
ramularia_collo_cygni,svr_rbf,4.703529731,3.9127362187104335
ramularia_collo_cygni,svr_rbf,3.936011539,3.475749181264126
ramularia_collo_cygni,svr_rbf,3.963781073,3.6979454574223554
ramularia_collo_cygni,svr_rbf,2.513943088,3.4519972476417027
ramularia_collo_cygni,svr_rbf,4.816860958,3.3553234886847854
ramularia_collo_cygni,svr_rbf,2.963390923,3.690796269632605
ramularia_collo_cygni,svr_rbf,4.415387441,3.7824122367281303
ramularia_collo_cygni,svr_rbf,3.421875007,3.348802921105957
ramularia_collo_cygni,svr_rbf,3.091254785,3.516419664581118
ramularia_collo_cygni,svr_rbf,2.734206549,3.506677018634482
ramularia_collo_cygni,svr_rbf,4.641817846,3.500229230739653
ramularia_collo_cygni,svr_rbf,2.753001933,3.375762825957469
ramularia_collo_cygni,svr_rbf,4.083835137,3.677999763523359
ramularia_collo_cygni,svr_rbf,0.943149133,3.5383174196291116
ramularia_collo_cygni,svr_rbf,2.498818324,3.57252824361061
ramularia_collo_cygni,svr_rbf,5.45167807,3.237916546577792
ramularia_collo_cygni,svr_rbf,3.648534566,3.4635054600383466
ramularia_collo_cygni,svr_rbf,3.242660677,3.2737524784875105
ramularia_collo_cygni,svr_rbf,3.352884116,3.7800746931193068
ramularia_collo_cygni,svr_rbf,2.913844398,3.7231899535533253
ramularia_collo_cygni,svr_rbf,2.945929577,3.722815179494252
ramularia_collo_cygni,svr_rbf,3.782103229,3.383250249360277
ramularia_collo_cygni,svr_rbf,5.120479034,4.095015374411631
ramularia_collo_cygni,svr_rbf,5.343574256,4.807778610194946
ramularia_collo_cygni,svr_rbf,6.860258267,3.3498572055990183
ramularia_collo_cygni,svr_rbf,4.883654271,3.7025208085813808
ramularia_collo_cygni,svr_rbf,5.257686547,4.166215885550131
ramularia_collo_cygni,svr_rbf,3.553791047,3.7877962835544774
ramularia_collo_cygni,svr_rbf,5.662357093,3.4278568039990334
ramularia_collo_cygni,svr_rbf,3.221431133,3.6705491140972217
ramularia_collo_cygni,svr_rbf,3.432403154,4.1433049288213
ramularia_collo_cygni,svr_rbf,3.886985639,3.989232816981055
ramularia_collo_cygni,svr_rbf,2.707898616,4.183603761365617
ramularia_collo_cygni,svr_rbf,2.025316763,3.749438651770737
ramularia_collo_cygni,svr_rbf,5.86222209,3.616402583859732
ramularia_collo_cygni,svr_rbf,5.662238007,3.46476118574945
ramularia_collo_cygni,svr_rbf,5.890842927,4.0220759838052285
ramularia_collo_cygni,svr_rbf,3.277553284,3.513929365204953
ramularia_collo_cygni,svr_rbf,3.369604407,4.0828746954528965
rhynchosporium,svr_rbf,1.310326236,1.7145353861282415
rhynchosporium,svr_rbf,1.344107518,1.774497175806583
rhynchosporium,svr_rbf,1.309002242,1.7636278362048472
rhynchosporium,svr_rbf,1.324556844,1.7708487608219672
rhynchosporium,svr_rbf,1.312321401,1.7553167078429244
rhynchosporium,svr_rbf,1.309149836,1.7573677621999446
rhynchosporium,svr_rbf,1.316316184,1.7704800419401672
rhynchosporium,svr_rbf,1.3057131,1.7594327260759504
rhynchosporium,svr_rbf,1.30807905,1.7871450086520224
rhynchosporium,svr_rbf,1.398461187,1.5718229768457448
rhynchosporium,svr_rbf,1.347799677,1.7762020583870586
rhynchosporium,svr_rbf,1.255117837,1.6852707514526304
rhynchosporium,svr_rbf,1.309443889,1.7794554068946624
rhynchosporium,svr_rbf,1.308237993,1.7724156326019775
rhynchosporium,svr_rbf,1.309252336,1.745806774136415
rhynchosporium,svr_rbf,1.307989944,1.7005853204328552
rhynchosporium,svr_rbf,1.301401881,1.778870685061936
rhynchosporium,svr_rbf,1.312510549,1.7353804495641985
rhynchosporium,svr_rbf,1.308943569,1.6787433854010607
rhynchosporium,svr_rbf,1.309306927,1.7838813273716643
rhynchosporium,svr_rbf,1.308841766,1.732148738806123
rhynchosporium,svr_rbf,1.312800815,1.7935007454140148
rhynchosporium,svr_rbf,1.310054512,1.7052856051963636
rhynchosporium,svr_rbf,1.308703013,1.754646664202161
rhynchosporium,svr_rbf,1.312103602,1.6414687467228108
rhynchosporium,svr_rbf,1.314996021,1.7764447492614834
rhynchosporium,svr_rbf,1.308676098,1.7502090167444937
rhynchosporium,svr_rbf,1.32482464,1.7764002169159436
rhynchosporium,svr_rbf,1.322951217,1.6778710022344483
rhynchosporium,svr_rbf,1.267071087,1.7523600075214811
rhynchosporium,svr_rbf,1.314265219,1.7591793421281023
rhynchosporium,svr_rbf,1.309905797,1.7927830549289403
rhynchosporium,svr_rbf,1.318010051,1.777338292071438
rhynchosporium,svr_rbf,1.322779797,1.7277173749290011
rhynchosporium,svr_rbf,1.252998815,1.7612704402182144
rhynchosporium,svr_rbf,1.316599262,1.7402545621688712
rhynchosporium,svr_rbf,1.307150585,1.77576604827401
rhynchosporium,svr_rbf,1.315671734,1.7858376852114866
rhynchosporium,svr_rbf,1.300729129,1.786752453336873
rhynchosporium,svr_rbf,1.310931866,1.7602930935027532
rhynchosporium,svr_rbf,1.316058707,1.7887462324627514
rhynchosporium,svr_rbf,1.307164241,1.6594228993689657
rhynchosporium,svr_rbf,1.290038545,1.7083263779583286
rhynchosporium,svr_rbf,1.308237993,1.717402046217742
rhynchosporium,svr_rbf,1.316175088,1.7557897538928988
rhynchosporium,svr_rbf,1.81538176,1.7772087890956227
rhynchosporium,svr_rbf,1.311018919,1.7923930228528295
rhynchosporium,svr_rbf,1.307961342,1.7547946487923143
rhynchosporium,svr_rbf,1.307469195,1.7714600582762277
rhynchosporium,svr_rbf,1.268497884,1.738784182461905
rhynchosporium,svr_rbf,1.305901404,1.7847583958547295
rhynchosporium,svr_rbf,1.308050027,1.758344155945824
rhynchosporium,svr_rbf,1.309096144,1.757538683733166
rhynchosporium,svr_rbf,1.308247643,1.7803211660668095
rhynchosporium,svr_rbf,1.309079766,1.752423136776779
rhynchosporium,svr_rbf,1.307694076,1.752625744441537
rhynchosporium,svr_rbf,1.309096144,1.7869659608524397
rhynchosporium,svr_rbf,1.313883603,1.6408988678063934
rhynchosporium,svr_rbf,1.309006625,1.7094743093461373
rhynchosporium,svr_rbf,1.309212467,1.7964315342712536
rhynchosporium,svr_rbf,1.308198495,1.7851553051552298
rhynchosporium,svr_rbf,1.315560425,1.712858190711223
rhynchosporium,svr_rbf,1.312120559,1.7547431353702143
rhynchosporium,svr_rbf,1.808301646,1.7896318508300373
rhynchosporium,svr_rbf,1.328080852,1.7486547320059564
rhynchosporium,svr_rbf,1.322951217,1.7775923255947563
rhynchosporium,svr_rbf,1.308239795,1.7543271531106328
rhynchosporium,svr_rbf,1.278771807,1.749211158202181
rhynchosporium,svr_rbf,1.329407666,1.6828238340794974
rhynchosporium,svr_rbf,1.308260727,1.673226559094258
rhynchosporium,svr_rbf,1.275090296,1.781985029090797
rhynchosporium,svr_rbf,1.307673316,1.74588672923279
rhynchosporium,svr_rbf,1.274338592,1.736956339646051
rhynchosporium,svr_rbf,1.30866066,1.6846716998702091
rhynchosporium,svr_rbf,1.324421665,1.7202298759034593
rhynchosporium,svr_rbf,1.307093272,1.6977097922678008
rhynchosporium,svr_rbf,1.309095755,1.7403468748013284
rhynchosporium,svr_rbf,1.315213226,1.7195886501366386
rhynchosporium,svr_rbf,1.315018532,1.7697022232935093
rhynchosporium,svr_rbf,1.258830292,1.6742517260753025
rhynchosporium,svr_rbf,1.327624404,1.748868287847368
rhynchosporium,svr_rbf,1.317228039,1.7586096960483748
rhynchosporium,svr_rbf,1.312866393,1.7451809104650768
rhynchosporium,svr_rbf,1.309335211,1.744495959416187
rhynchosporium,svr_rbf,1.342810291,1.785016592175938
rhynchosporium,svr_rbf,1.302186095,1.7431525096628189
rhynchosporium,svr_rbf,1.306884244,1.7989096309368584
rhynchosporium,svr_rbf,1.310472929,1.7407821709498819
rhynchosporium,svr_rbf,1.308016728,1.7555923134122584
rhynchosporium,svr_rbf,2.827815956,1.6956994580864602
rhynchosporium,svr_rbf,1.300518857,1.6367033546625236
rhynchosporium,svr_rbf,1.252689086,1.7459689684412512
rhynchosporium,svr_rbf,1.313219661,1.7591721628696617
rhynchosporium,svr_rbf,1.313806303,1.6631766215628168
rhynchosporium,svr_rbf,1.31361679,1.741826016909948
rhynchosporium,svr_rbf,1.310758946,1.7581919448967462
rhynchosporium,svr_rbf,1.309051787,1.7424215197991844
rhynchosporium,svr_rbf,1.308016728,1.7638416522330098
rhynchosporium,svr_rbf,1.308494695,1.7790524105214005
rhynchosporium,svr_rbf,1.667037446,1.6515273886600972
rhynchosporium,svr_rbf,1.308143677,1.7510147704252872
rhynchosporium,svr_rbf,1.310023317,1.7422117158135635
rhynchosporium,svr_rbf,1.310350169,1.7627834003156366
rhynchosporium,svr_rbf,1.327478504,1.7799275158660541
rhynchosporium,svr_rbf,1.322836722,1.7554869837648384
rhynchosporium,svr_rbf,1.30752193,1.7762563111064251
rhynchosporium,svr_rbf,1.315414499,1.7526772692011916
rhynchosporium,svr_rbf,1.31653304,1.7574138793583636
rhynchosporium,svr_rbf,1.272442298,1.7219764701805071
rhynchosporium,svr_rbf,1.279118075,1.7821341116323652
rhynchosporium,svr_rbf,1.308947469,1.761207552800669
rhynchosporium,svr_rbf,1.308369146,1.7911822422189485
rhynchosporium,svr_rbf,1.339424681,1.7420244211505773
rhynchosporium,svr_rbf,1.316674426,1.7874999773583589
rhynchosporium,svr_rbf,1.309926121,1.7130413174871122
rhynchosporium,svr_rbf,1.309306927,1.7909404972663776
rhynchosporium,svr_rbf,1.309890252,1.6897722643133526
rhynchosporium,svr_rbf,1.314600533,1.6848075877165232
rhynchosporium,svr_rbf,1.273468868,1.742010175916417
rhynchosporium,svr_rbf,1.308904143,1.7837035559769758
rhynchosporium,svr_rbf,1.253999664,1.7213039576706735
rhynchosporium,svr_rbf,1.308713182,1.757960326576066
rhynchosporium,svr_rbf,1.285008082,1.78175257296854
rhynchosporium,svr_rbf,1.328948698,1.7702737174596668
rhynchosporium,svr_rbf,1.308096772,1.7575909514716543
rhynchosporium,svr_rbf,1.308621299,1.6858558790711196
rhynchosporium,svr_rbf,1.31146662,1.6787620796981666
rhynchosporium,svr_rbf,1.301544971,1.7405042195595488
rhynchosporium,svr_rbf,1.51603867,1.5747032074815712
rhynchosporium,svr_rbf,0.937511538,1.602342178892761
rhynchosporium,svr_rbf,1.079658797,1.633366905935836
rhynchosporium,svr_rbf,1.677442248,1.571178841020941
rhynchosporium,svr_rbf,1.079658759,1.5678001753535091
rhynchosporium,svr_rbf,1.286671559,1.6128161041714555
rhynchosporium,svr_rbf,1.795364238,1.5775216931906257
rhynchosporium,svr_rbf,1.166565918,1.538613057562204
rhynchosporium,svr_rbf,1.23174408,1.568774200086661
rhynchosporium,svr_rbf,1.373891306,1.5614901437142592
rhynchosporium,svr_rbf,1.291022042,1.5423939041648933
rhynchosporium,svr_rbf,1.037759143,1.5327787869442782
rhynchosporium,svr_rbf,1.917653567,1.5461280053415236
rhynchosporium,svr_rbf,3.179617596,1.5678796998581621
rhynchosporium,svr_rbf,1.295372633,1.5748594968984695
rhynchosporium,svr_rbf,1.084627797,1.5685904787253202
rhynchosporium,svr_rbf,1.226775079,1.623786784525002
rhynchosporium,svr_rbf,1.286671565,1.5794091509409531
rhynchosporium,svr_rbf,1.286671546,1.5238480585337406
rhynchosporium,svr_rbf,1.166565887,1.5779339886198778
rhynchosporium,svr_rbf,1.368922367,1.5536818543386253
rhynchosporium,svr_rbf,1.03775914,1.5750048224516162
rhynchosporium,svr_rbf,2.50610068,1.677722040210622
rhynchosporium,svr_rbf,1.27106203,1.6899122283957957
rhynchosporium,svr_rbf,1.511069701,1.5577687685416242
rhynchosporium,svr_rbf,1.162215282,1.6317635740820662
rhynchosporium,svr_rbf,1.663078025,1.5962194401256278
rhynchosporium,svr_rbf,1.291022078,1.547384548637989
rhynchosporium,svr_rbf,1.226775054,1.595619354718378
rhynchosporium,svr_rbf,1.084627821,1.5314317231438512
rhynchosporium,svr_rbf,2.299723209,1.542298131154047
rhynchosporium,svr_rbf,1.037759175,1.6299852288237031
rhynchosporium,svr_rbf,0.937511516,1.5704195632055336
rhynchosporium,svr_rbf,1.664390598,1.6127345255751808
rhynchosporium,svr_rbf,1.404219362,1.5999567665970134
rhynchosporium,svr_rbf,1.937511561,1.6025278511523378
rhynchosporium,svr_rbf,1.521488009,1.617916257975748
rhynchosporium,svr_rbf,1.150956341,1.5833435285166417
rhynchosporium,svr_rbf,1.084627763,1.6225303194318221
rhynchosporium,svr_rbf,1.166565869,1.5689296397658032
rhynchosporium,svr_rbf,1.524324946,1.6597567387182108
rhynchosporium,svr_rbf,6.158751803,1.7012849579395453
rhynchosporium,svr_rbf,1.95241852,1.618700296782106
rhynchosporium,svr_rbf,1.544285,1.609734512806488
rhynchosporium,svr_rbf,0.937511479,1.5752116404662178
rhynchosporium,svr_rbf,2.061187515,1.5588098304424736
rhynchosporium,svr_rbf,1.291022057,1.565442155644013
rhynchosporium,svr_rbf,2.226775064,1.792416055178784
rhynchosporium,svr_rbf,1.368922407,1.5600468133524426
rhynchosporium,svr_rbf,1.773237299,1.5790989758851521
rhynchosporium,svr_rbf,2.299723207,1.5991002387104993
rhynchosporium,svr_rbf,1.800333245,1.5453449321917954
rhynchosporium,svr_rbf,1.544284931,1.5759780895130389
rhynchosporium,svr_rbf,1.363953375,1.5783212274276557
rhynchosporium,svr_rbf,1.162215353,1.5622498121340467
rhynchosporium,svr_rbf,1.668123863,1.5873242876802727
rhynchosporium,svr_rbf,1.399868796,1.64000236669016
rhynchosporium,svr_rbf,1.648781129,1.5507351257023756
rhynchosporium,svr_rbf,1.02214961,1.5700518882048893
rhynchosporium,svr_rbf,1.037759133,1.625691405845417
rhynchosporium,svr_rbf,1.03775913,1.569816023836283
rhynchosporium,svr_rbf,1.275412633,1.5590835934357057
rhynchosporium,svr_rbf,1.419828814,1.6165679759873683
rhynchosporium,svr_rbf,1.552986156,1.5551877253923507
rhynchosporium,svr_rbf,1.291022071,1.5953561217005632
rhynchosporium,svr_rbf,1.926354595,1.547500944541198
rhynchosporium,svr_rbf,1.437846618,1.6089218169662287
rhynchosporium,svr_rbf,0.937511523,1.5334717504472912
rhynchosporium,svr_rbf,1.415478252,1.8396890185716361
rhynchosporium,svr_rbf,1.913303026,1.6152837239358628
rhynchosporium,svr_rbf,1.816741229,1.556240278635457
rhynchosporium,svr_rbf,1.226775117,1.5697659921637683
rhynchosporium,svr_rbf,1.221806107,1.6309835162444113
rhynchosporium,svr_rbf,2.521007615,1.5965758594469412
rhynchosporium,svr_rbf,1.516038669,1.560848975934164
rhynchosporium,svr_rbf,1.51603864,1.6732373512044219
rhynchosporium,svr_rbf,1.810271116,1.5717350708656472
rhynchosporium,svr_rbf,1.653216953,1.5577111715528804
rhynchosporium,svr_rbf,2.777628285,1.6015578030875386
rhynchosporium,svr_rbf,1.279763126,1.5855367008508092
rhynchosporium,svr_rbf,1.653216943,1.631465956470339
rhynchosporium,svr_rbf,1.43784663,1.5507359640795022
rhynchosporium,svr_rbf,1.777587875,1.5533704360411469
rhynchosporium,svr_rbf,1.216484223,1.599947713785469
rhynchosporium,svr_rbf,1.037759125,1.5592946597090598
rhynchosporium,svr_rbf,1.769890301,1.6773990762203979
rhynchosporium,svr_rbf,2.162215319,1.5905949757064053
rhynchosporium,svr_rbf,1.166565905,1.610369727846563
rhynchosporium,svr_rbf,1.291022093,1.5492265658079991
rhynchosporium,svr_rbf,1.079658848,1.6077535720127112
rhynchosporium,svr_rbf,2.40856985,1.5281216097084807
rhynchosporium,svr_rbf,1.937511479,1.580235073111788
rhynchosporium,svr_rbf,1.926354621,1.5620202760113562
rhynchosporium,svr_rbf,1.415478213,1.5446599122680902
rhynchosporium,svr_rbf,1.788846803,1.5369981382574411
rhynchosporium,svr_rbf,1.331034388,1.5478069894354474
rhynchosporium,svr_rbf,2.299723204,1.5882648768896026
rhynchosporium,svr_rbf,1.947506556,1.6408600476120443
rhynchosporium,svr_rbf,1.079658805,1.5623050772105547
rhynchosporium,svr_rbf,1.55239688,1.571468228714628
rhynchosporium,svr_rbf,1.101933874,1.5700339681622633
rhynchosporium,svr_rbf,1.08462778,1.7077279118539608
rhynchosporium,svr_rbf,1.4111277,1.5728513125376706
rhynchosporium,svr_rbf,1.291022039,1.65095959830901
rhynchosporium,svr_rbf,1.363953384,1.552650325009342
rhynchosporium,svr_rbf,1.212615101,1.5396222915401747
rhynchosporium,svr_rbf,1.511069629,1.5661894612646114
rhynchosporium,svr_rbf,1.937511524,1.5604868221025545
rhynchosporium,svr_rbf,1.231744048,1.5649691626613982
rhynchosporium,svr_rbf,1.216484127,1.507733991385574
rhynchosporium,svr_rbf,1.404219404,1.588791867517449
rhynchosporium,svr_rbf,6.459407529,1.7568588747851481
rhynchosporium,svr_rbf,1.468817719,1.5556014701048477
rhynchosporium,svr_rbf,1.216484168,1.5885529069375606
rhynchosporium,svr_rbf,1.162215357,1.609594294476862
rhynchosporium,svr_rbf,1.552986087,1.5771578019666008
rhynchosporium,svr_rbf,1.022149615,1.632744400256446
rhynchosporium,svr_rbf,1.150956396,1.606814076280243
rhynchosporium,svr_rbf,1.037759195,1.5984747920844469
rhynchosporium,svr_rbf,1.084627815,1.5668518484354867
rhynchosporium,svr_rbf,1.415478249,1.53768918788567
rhynchosporium,svr_rbf,1.368922286,1.751926662075759
rhynchosporium,svr_rbf,1.668123855,1.594663996909384
rhynchosporium,svr_rbf,6.459407487,1.6904136387809312
rhynchosporium,svr_rbf,1.166565898,1.6001912095118969
rhynchosporium,svr_rbf,1.820929035,1.690858510222565
rhynchosporium,svr_rbf,1.226775013,1.5691271168029224
rhynchosporium,svr_rbf,1.415478216,1.5018566850847201
rhynchosporium,svr_rbf,1.275412589,1.5435697650236095
rhynchosporium,svr_rbf,1.561187543,1.5875935887725343
rhynchosporium,svr_rbf,1.216484175,1.5588157646681875
rhynchosporium,svr_rbf,2.224399466,1.7189396415654685
rhynchosporium,svr_rbf,1.037759159,1.5324856316097342
rhynchosporium,svr_rbf,1.08462777,1.7838471754886889
rhynchosporium,svr_rbf,3.393767266,1.5518301035705375
rhynchosporium,svr_rbf,1.373891396,1.6654250043829297
rhynchosporium,svr_rbf,6.459407488,1.6887335154365615
rhynchosporium,svr_rbf,1.368922349,1.6444880194823965
rhynchosporium,svr_rbf,2.166565885,1.6133617892648358
rhynchosporium,svr_rbf,1.373891317,1.609293026932182
rhynchosporium,svr_rbf,1.295372638,1.5921573725378564
rhynchosporium,svr_rbf,1.275412571,1.577427188062289
rhynchosporium,svr_rbf,1.913303013,1.541660486609267
rhynchosporium,svr_rbf,1.399868752,1.5509389126465858
rhynchosporium,svr_rbf,1.295372592,1.5415045038934205
rhynchosporium,svr_rbf,1.363953381,1.5611364520977422
rhynchosporium,svr_rbf,1.788846828,1.6252659693315006
rhynchosporium,svr_rbf,1.037759186,1.5604809059474345
rhynchosporium,svr_rbf,1.331034461,1.530522180463758
rhynchosporium,svr_rbf,1.895068956,1.6382167131769836
rhynchosporium,svr_rbf,0.937511542,1.5593448333084576
rhynchosporium,svr_rbf,1.291022061,1.6425452138199648
rhynchosporium,svr_rbf,1.327165361,1.6125299166879783
rhynchosporium,svr_rbf,1.162215314,1.5561575604958777
rhynchosporium,svr_rbf,1.539934443,1.55828130487633
rhynchosporium,svr_rbf,1.942480466,1.5861284085905591
rhynchosporium,svr_rbf,2.815240088,1.5581914269102852
rhynchosporium,svr_rbf,1.022149652,1.5318119750291073
rhynchosporium,svr_rbf,1.331034471,1.565273802826565
rhynchosporium,svr_rbf,1.441715617,1.6050990730761057
rhynchosporium,svr_rbf,2.286671505,1.5961926247846487
rhynchosporium,svr_rbf,1.162215317,1.5379312123882958
rhynchosporium,svr_rbf,2.271062039,1.5481440503289332
rhynchosporium,svr_rbf,2.937511467,1.6002503950135867
rhynchosporium,svr_rbf,1.411127733,1.565822549008459
rhynchosporium,svr_rbf,1.32716541,1.5749988718621006
rhynchosporium,svr_rbf,1.231744003,1.575915817934002
rhynchosporium,svr_rbf,1.084627807,1.6108048443743122
rhynchosporium,svr_rbf,1.942480435,1.5560646404902154
rhynchosporium,svr_rbf,2.00285975,1.5298055992932593
rhynchosporium,svr_rbf,1.310662828,1.8597542595706176
rhynchosporium,svr_rbf,1.345295665,1.734291474479035
rhynchosporium,svr_rbf,1.308152926,1.888464521289253
rhynchosporium,svr_rbf,1.329615671,1.62005478401668
rhynchosporium,svr_rbf,1.309136661,1.7995281952444402
rhynchosporium,svr_rbf,1.347090622,1.8569800156559957
rhynchosporium,svr_rbf,1.345964928,1.8077799197057622
rhynchosporium,svr_rbf,1.32218118,1.823234318355333
rhynchosporium,svr_rbf,1.312014403,1.858206328440595
rhynchosporium,svr_rbf,1.345987229,1.8687694424289933
rhynchosporium,svr_rbf,1.376770695,1.8778046872272998
rhynchosporium,svr_rbf,1.361658452,1.7185969052248193
rhynchosporium,svr_rbf,1.373389813,1.8425503007642352
rhynchosporium,svr_rbf,1.307816663,1.923735794395713
rhynchosporium,svr_rbf,1.31737709,1.7765908119018348
rhynchosporium,svr_rbf,1.309189968,1.745267825254385
rhynchosporium,svr_rbf,2.349505539,1.8169732329140418
rhynchosporium,svr_rbf,1.3471061,1.8073890640356751
rhynchosporium,svr_rbf,1.343521037,2.000598436372337
rhynchosporium,svr_rbf,1.328575392,1.756728202552629
rhynchosporium,svr_rbf,1.339987066,1.7310953034753775
rhynchosporium,svr_rbf,1.345611308,1.7624327387588732
rhynchosporium,svr_rbf,1.343836725,2.0324876350178576
rhynchosporium,svr_rbf,1.347981651,1.687216208279488
rhynchosporium,svr_rbf,1.346664439,1.7486927097184821
rhynchosporium,svr_rbf,1.3438632,1.819715693957773
rhynchosporium,svr_rbf,1.361658452,1.782049486092356
rhynchosporium,svr_rbf,1.343884369,1.8432838125321855
rhynchosporium,svr_rbf,1.308494695,1.8129728348644938
rhynchosporium,svr_rbf,1.34529899,1.8067384291667417
rhynchosporium,svr_rbf,1.34599483,1.7528934002137557
rhynchosporium,svr_rbf,1.346448141,1.8963276215253735
rhynchosporium,svr_rbf,1.344630982,1.8049695686977956
rhynchosporium,svr_rbf,1.344338755,1.8324012712176663
rhynchosporium,svr_rbf,2.298577029,1.7631176590798479
rhynchosporium,svr_rbf,1.331018761,2.431158147531633
rhynchosporium,svr_rbf,1.30814784,2.6490751772045273
rhynchosporium,svr_rbf,1.307463626,2.220774772814351
rhynchosporium,svr_rbf,1.358698169,1.8272072742837882
rhynchosporium,svr_rbf,1.356796248,1.8615928887027948
rhynchosporium,svr_rbf,1.362765677,1.7978520502618136
rhynchosporium,svr_rbf,1.315504218,1.8498659135702575
rhynchosporium,svr_rbf,1.320015099,1.7009162435045773
rhynchosporium,svr_rbf,1.343894857,1.790694570945023
rhynchosporium,svr_rbf,1.358698169,1.7224558181759513
rhynchosporium,svr_rbf,1.372354411,1.7816977489613257
rhynchosporium,svr_rbf,1.361337796,1.8553469041580097
rhynchosporium,svr_rbf,1.3438632,1.8948403401876788
rhynchosporium,svr_rbf,1.320043805,1.6922556126958417
rhynchosporium,svr_rbf,1.362765677,2.0108142111002514
rhynchosporium,svr_rbf,1.346453976,1.6906333597448908
rhynchosporium,svr_rbf,1.343884369,1.8967430358231803
rhynchosporium,svr_rbf,1.673626471,1.8469808415844493
rhynchosporium,svr_rbf,1.343290102,1.7552673403517052
rhynchosporium,svr_rbf,1.345964928,1.8063151292935467
rhynchosporium,svr_rbf,1.345987229,1.8425593062649357
rhynchosporium,svr_rbf,1.347090622,1.800919373604068
rhynchosporium,svr_rbf,1.344101569,1.8620213595699446
rhynchosporium,svr_rbf,1.361759762,2.681150524033638
rhynchosporium,svr_rbf,1.307594555,1.8220267713324427
rhynchosporium,svr_rbf,1.345419789,1.7923907466097244
rhynchosporium,svr_rbf,1.38064486,1.9249862765534913
rhynchosporium,svr_rbf,1.347090622,2.9980512304664857
rhynchosporium,svr_rbf,1.274000406,2.1269951284643187
rhynchosporium,svr_rbf,1.342984828,1.758575658486084
rhynchosporium,svr_rbf,1.358510891,1.7430012662519139
rhynchosporium,svr_rbf,1.344116137,1.7868947799355896
rhynchosporium,svr_rbf,1.308874274,2.5839595723454254
rhynchosporium,svr_rbf,1.868275097,1.747928134080062
rhynchosporium,svr_rbf,1.261762696,1.7926503748937306
rhynchosporium,svr_rbf,1.343290102,1.8429349152146872
rhynchosporium,svr_rbf,1.418277421,1.8068982003390004
rhynchosporium,svr_rbf,1.342365499,1.8715923600439166
rhynchosporium,svr_rbf,1.348299515,1.7592674699005932
rhynchosporium,svr_rbf,1.324382238,1.7184030093631026
rhynchosporium,svr_rbf,1.313470676,1.8123432265771489
rhynchosporium,svr_rbf,1.30761712,1.7658874192321696
rhynchosporium,svr_rbf,1.348299515,1.7515292017433821
rhynchosporium,svr_rbf,1.30840155,1.7703874779383142
rhynchosporium,svr_rbf,3.345611308,1.7093295070714363
rhynchosporium,svr_rbf,1.316608886,1.7452160413665612
rhynchosporium,svr_rbf,1.309275417,1.799722979477192
rhynchosporium,svr_rbf,1.358530138,1.8215211288772215
rhynchosporium,svr_rbf,1.361658452,1.7652438623614415
rhynchosporium,svr_rbf,1.520433454,1.8253609648715523
rhynchosporium,svr_rbf,1.345221174,1.748747679694835
rhynchosporium,svr_rbf,1.344338755,1.7676446028172306
rhynchosporium,svr_rbf,1.330384449,1.7914713580635884
rhynchosporium,svr_rbf,1.345010008,1.6919426214128515
rhynchosporium,svr_rbf,1.361337796,1.8161262706778971
rhynchosporium,svr_rbf,1.307741567,1.8184376869671832
rhynchosporium,svr_rbf,1.344195959,1.7752941255748378
rhynchosporium,svr_rbf,1.308810999,1.7113516516964697
rhynchosporium,svr_rbf,1.345005202,1.713035033340405
rhynchosporium,svr_rbf,1.347981651,1.8552108441801956
rhynchosporium,svr_rbf,1.345164609,1.959867656301355
rhynchosporium,svr_rbf,1.346664439,1.8183107933427036
rhynchosporium,svr_rbf,1.343825587,2.0170854720375906
rhynchosporium,svr_rbf,1.342365499,1.7789955399355661
rhynchosporium,svr_rbf,1.346685288,1.770186590384923
rhynchosporium,svr_rbf,1.3438632,1.809169576477985
rhynchosporium,svr_rbf,1.345005202,1.69854191887215
rhynchosporium,svr_rbf,1.348299515,1.745537300559888
rhynchosporium,svr_rbf,1.345221174,1.7966563303640748
rhynchosporium,svr_rbf,1.342365499,1.7892676025711443
rhynchosporium,svr_rbf,1.345005202,1.7510150601382177
rhynchosporium,svr_rbf,1.34529899,1.7063121052517474
rhynchosporium,svr_rbf,1.31157668,1.789712348525481
rhynchosporium,svr_rbf,1.34098313,1.7660687321973985
rhynchosporium,svr_rbf,1.345010008,1.7569022802706387
rhynchosporium,svr_rbf,1.307140951,1.8694286518254795
rhynchosporium,svr_rbf,1.308295119,1.8006385436107595
rhynchosporium,svr_rbf,1.345164609,1.8486747766072638
rhynchosporium,svr_rbf,1.362765677,1.8212448637140417
rhynchosporium,svr_rbf,1.345112701,1.7161137704995233
rhynchosporium,svr_rbf,1.308095006,1.986558034005196
rhynchosporium,svr_rbf,2.267762271,1.7283151555805096
rhynchosporium,svr_rbf,1.254449435,1.7228614474861366
rhynchosporium,svr_rbf,1.343894857,1.5614155530294425
rhynchosporium,svr_rbf,1.28543033,1.7484742372859041
rhynchosporium,svr_rbf,1.361759762,1.8609700780692386
rhynchosporium,svr_rbf,1.373389813,1.8617835773108973
rhynchosporium,svr_rbf,1.273772365,1.7597701484364388
rhynchosporium,svr_rbf,1.344195959,1.7717985924365722
rhynchosporium,svr_rbf,1.343836725,1.7909653391146612
rhynchosporium,svr_rbf,1.352646083,1.7425865026920366
rhynchosporium,svr_rbf,1.343825587,1.796201922879855
rhynchosporium,svr_rbf,1.345221174,1.824489186889139
rhynchosporium,svr_rbf,1.362108974,1.7167673611774528
rhynchosporium,svr_rbf,1.343521037,1.788877820757385
rhynchosporium,svr_rbf,1.345221174,1.859774867475306
rhynchosporium,svr_rbf,1.362108974,1.7939380128402849
rhynchosporium,svr_rbf,1.413527402,2.4635234776197583
rhynchosporium,svr_rbf,1.308756762,1.8255414592386354
rhynchosporium,svr_rbf,1.345955249,1.9840619106901036
rhynchosporium,svr_rbf,1.345548918,1.8712457637045834
rhynchosporium,svr_rbf,1.376770695,1.8358237769989345
rhynchosporium,svr_rbf,1.343521037,1.8758601087132196
rhynchosporium,svr_rbf,2.298577029,1.7900057722533171
rhynchosporium,svr_rbf,1.3471061,1.798203679754887
rhynchosporium,svr_rbf,1.362724719,1.7086757276533464
rhynchosporium,svr_rbf,1.373389813,1.7441462344190688
rhynchosporium,svr_rbf,1.343775605,1.7537738229612159
rhynchosporium,svr_rbf,1.344116137,1.7743872791511306
rhynchosporium,svr_rbf,1.268581383,1.7848943036881635
rhynchosporium,svr_rbf,1.362108974,1.8265296818720311
rhynchosporium,svr_rbf,1.344101569,2.6322925718551233
rhynchosporium,svr_rbf,1.352646083,1.8130074322387937
rhynchosporium,svr_rbf,1.344003723,1.792128379994042
rhynchosporium,svr_rbf,1.347090622,2.2697898091424786
rhynchosporium,svr_rbf,1.342828272,1.973595331170826
rhynchosporium,svr_rbf,1.343290102,1.7810639812648323
rhynchosporium,svr_rbf,1.343290102,1.8054548905213106
rhynchosporium,svr_rbf,1.34529899,1.7285108096177797
rhynchosporium,svr_rbf,1.347981651,2.029988162527356
rhynchosporium,svr_rbf,1.329598578,1.8107435220699954
rhynchosporium,svr_rbf,1.342040205,1.935644995007157
rhynchosporium,svr_rbf,1.872196484,1.8084029093609635
rhynchosporium,svr_rbf,1.345010008,1.7074744020378954
rhynchosporium,svr_rbf,1.345221174,2.5838511585664214
rhynchosporium,svr_rbf,1.344003723,1.899588353874785
rhynchosporium,svr_rbf,1.343661201,1.81984449873988
rhynchosporium,svr_rbf,1.346664439,2.010941276324748
rhynchosporium,svr_rbf,1.324382238,1.8151430997472096
rhynchosporium,svr_rbf,1.34599483,1.8459022296145096
rhynchosporium,svr_rbf,1.404285801,1.7486285074012031
rhynchosporium,svr_rbf,1.346689537,1.8477425932278644
rhynchosporium,svr_rbf,1.330384449,1.8503412069472427
rhynchosporium,svr_rbf,1.346685288,1.7481332688052245
rhynchosporium,svr_rbf,1.32789758,1.782182420378301
rhynchosporium,svr_rbf,1.319540847,1.8086471622004665
rhynchosporium,svr_rbf,1.376770695,1.7525512373580077
rhynchosporium,svr_rbf,1.34529899,1.7740525210963938
rhynchosporium,svr_rbf,1.345955249,1.8794483100477266
rhynchosporium,svr_rbf,1.347090622,1.7956978123572969
rhynchosporium,svr_rbf,1.344116137,1.7439038109419989
rhynchosporium,svr_rbf,1.345164609,1.7911803367855654
rhynchosporium,svr_rbf,1.346448141,1.7531120103893083
rhynchosporium,svr_rbf,1.345987229,2.015700987084326
rhynchosporium,svr_rbf,1.376770695,1.6881494736690525
rhynchosporium,svr_rbf,1.34599483,1.8618361568534887
rhynchosporium,svr_rbf,1.346689537,1.7891169979836181
rhynchosporium,svr_rbf,1.344630982,1.7938489829358035
rhynchosporium,svr_rbf,3.343199505,1.8798787064712552
rhynchosporium,svr_rbf,1.344116137,1.825281508009687
rhynchosporium,svr_rbf,1.329598578,1.8127308200370211
rhynchosporium,svr_rbf,1.347981651,1.8285732289615164
rhynchosporium,svr_rbf,1.343894857,1.7286882316227605
rhynchosporium,svr_rbf,1.343836725,1.7983084714843665
rhynchosporium,svr_rbf,1.370487668,1.8488090396072843
rhynchosporium,svr_rbf,1.346689537,1.998360735647433
rhynchosporium,svr_rbf,1.345112701,1.7865267871468564
rhynchosporium,svr_rbf,1.345548918,1.8915108234828362
rhynchosporium,svr_rbf,1.345548918,1.8009140370736847
rhynchosporium,svr_rbf,1.358530138,1.8711234790115974
rhynchosporium,svr_rbf,1.342984828,1.7817768862232652
rhynchosporium,svr_rbf,1.307571682,1.69612390629131
rhynchosporium,svr_rbf,1.367352762,1.832021965144086
rhynchosporium,svr_rbf,1.345987229,1.7930461571454466
rhynchosporium,svr_rbf,1.344640469,1.7532903424504092
rhynchosporium,svr_rbf,1.342365499,1.9595485816396923
rhynchosporium,svr_rbf,1.274951367,1.7638256695759265
rhynchosporium,svr_rbf,1.345955249,1.6896018634601462
rhynchosporium,svr_rbf,1.362108974,1.7590081932802593
rhynchosporium,svr_rbf,1.3471061,1.7997420461917533
rhynchosporium,svr_rbf,1.859770775,1.8700995523497699
rhynchosporium,svr_rbf,1.323171999,1.8445565254185874
rhynchosporium,svr_rbf,1.345964928,1.7922804411695594
rhynchosporium,svr_rbf,1.376770695,1.8256057066101843
rhynchosporium,svr_rbf,1.345419789,1.8361180452175139
rhynchosporium,svr_rbf,1.343836725,1.7992158350485146
rhynchosporium,svr_rbf,1.343884369,1.705534532165133
rhynchosporium,svr_rbf,1.346448141,1.7355609485532852
rhynchosporium,svr_rbf,1.344640469,1.7784445080330054
rhynchosporium,svr_rbf,1.308160209,2.027974728272605
rhynchosporium,svr_rbf,1.373389813,1.7674216293325444
rhynchosporium,svr_rbf,1.346448141,2.12904470032918
rhynchosporium,svr_rbf,1.344003723,1.8128638803907897
rhynchosporium,svr_rbf,1.343775605,1.8699666729171995
rhynchosporium,svr_rbf,1.345221174,1.592403296762666
rhynchosporium,svr_rbf,1.352646083,1.7375630824519077
rhynchosporium,svr_rbf,1.342528747,1.9081361206631593
rhynchosporium,svr_rbf,1.323413606,1.788446778251042
rhynchosporium,svr_rbf,1.308576545,1.901575434998675
rhynchosporium,svr_rbf,1.358698169,1.757385490883812
rhynchosporium,svr_rbf,1.398877693,1.7611376855205605
rhynchosporium,svr_rbf,1.349505539,1.80285122130602
rhynchosporium,svr_rbf,1.34098313,1.76615046344637
rhynchosporium,svr_rbf,1.306815206,1.7493777771134205
rhynchosporium,svr_rbf,1.659224765,1.8359217736941764
rhynchosporium,svr_rbf,1.349505539,1.7542408356065513
rhynchosporium,svr_rbf,1.34599483,1.8082982464131683
rhynchosporium,svr_rbf,1.345987229,1.77628064855749
rhynchosporium,svr_rbf,1.345964928,1.7625591108487988
rhynchosporium,svr_rbf,1.342828272,1.7757118881516711
rhynchosporium,svr_rbf,1.300292809,1.8160675218460351
rhynchosporium,svr_rbf,1.345164609,1.9567085010290524
rhynchosporium,svr_rbf,1.345240852,1.7530448384130242
rhynchosporium,svr_rbf,1.307943939,1.8143641743185799
rhynchosporium,svr_rbf,1.309751459,2.183833724588746
rhynchosporium,svr_rbf,1.273468868,1.8068597452629238
rhynchosporium,svr_rbf,1.370487668,1.8060282695693466
rhynchosporium,svr_rbf,1.31727149,1.7836996520361421
rhynchosporium,svr_rbf,3.344302198,1.6327951057793237
rhynchosporium,svr_rbf,1.343884369,1.64901888608934
rhynchosporium,svr_rbf,1.345221174,1.7752381962895805
rhynchosporium,svr_rbf,1.345955249,1.998244339795487
rhynchosporium,svr_rbf,1.373389813,1.8314632449099117
rhynchosporium,svr_rbf,1.34298733,1.764338678508226
rhynchosporium,svr_rbf,1.372354411,1.9471429637981639
rhynchosporium,svr_rbf,1.345611308,1.8049656771913178
rhynchosporium,svr_rbf,1.346689537,1.7875776718339746
rhynchosporium,svr_rbf,1.254267769,1.8024511456582024
rhynchosporium,svr_rbf,1.267762271,1.7763617871549227
rhynchosporium,svr_rbf,1.308397703,1.7560481223130404
rhynchosporium,svr_rbf,2.321384749,2.1177272851855435
rhynchosporium,svr_rbf,1.343825587,2.1646357958970923
rhynchosporium,svr_rbf,1.342984828,2.0266105706086215
rhynchosporium,svr_rbf,1.345964928,1.739164428495802
rhynchosporium,svr_rbf,1.301161561,1.6597188913439278
rhynchosporium,svr_rbf,1.344101569,1.8301408067126346
rhynchosporium,svr_rbf,1.343661201,1.7328505047754725
rhynchosporium,svr_rbf,1.344630982,1.8806681253293798
rhynchosporium,svr_rbf,1.308025907,1.78864063616711
rhynchosporium,svr_rbf,1.362765677,1.8162554767082844
rhynchosporium,svr_rbf,1.358698169,1.781948327698157
rhynchosporium,svr_rbf,1.307560079,1.7697172607869918
rhynchosporium,svr_rbf,1.3471061,1.779278024128491
rhynchosporium,svr_rbf,1.345112701,1.8437236388962235
rhynchosporium,svr_rbf,1.360066546,1.6492472529464286
rhynchosporium,svr_rbf,1.345010008,1.8546483340924094
rhynchosporium,svr_rbf,1.418277421,1.8866381740327587
rhynchosporium,svr_rbf,1.307535089,1.767354417368114
rhynchosporium,svr_rbf,1.345611308,1.8004516870603837
rhynchosporium,svr_rbf,1.34298733,1.8276716629141472
rhynchosporium,svr_rbf,1.345955249,1.7599986118467068
rhynchosporium,svr_rbf,1.352646083,1.7746941660186757
rhynchosporium,svr_rbf,3.358510891,1.8226028217155164
rhynchosporium,svr_rbf,1.312579352,1.5917977655677045
rhynchosporium,svr_rbf,1.309600007,1.8020630702686602
rhynchosporium,svr_rbf,1.329598578,1.8179477437358247
rhynchosporium,svr_rbf,1.343661201,2.183923843963686
rhynchosporium,svr_rbf,1.366050664,1.8343708910609773
rhynchosporium,svr_rbf,1.306632111,1.7079506329471519
rhynchosporium,svr_rbf,1.344640469,1.851360876013657
rhynchosporium,svr_rbf,1.342040205,1.8540121025376464
rhynchosporium,svr_rbf,1.342528747,1.8267192146007143
rhynchosporium,svr_rbf,1.346453976,1.7844061493479422
rhynchosporium,svr_rbf,1.345005202,2.2777674805768937
rhynchosporium,svr_rbf,1.344338755,1.8392600660539988
rhynchosporium,svr_rbf,3.329598578,1.7976686626039493
rhynchosporium,svr_rbf,1.343290102,1.8291434998096774
rhynchosporium,svr_rbf,1.345419789,1.819136526443285
rhynchosporium,svr_rbf,1.340082861,1.540388656907333
rhynchosporium,svr_rbf,1.343199505,2.0122162458920365
rhynchosporium,svr_rbf,1.308804498,1.7964566623889717
rhynchosporium,svr_rbf,1.308716982,1.758778526879349
rhynchosporium,svr_rbf,1.34599483,1.896520521670579
rhynchosporium,svr_rbf,1.413527402,1.9259049658106586
rhynchosporium,svr_rbf,1.418277421,1.812029684504927
rhynchosporium,svr_rbf,1.376770695,2.3413402077573973
rhynchosporium,svr_rbf,1.362765677,1.756170236973243
rhynchosporium,svr_rbf,1.358510891,1.7531003290343885
rhynchosporium,svr_rbf,1.308183347,1.8089029439805135
rhynchosporium,svr_rbf,2.324939367,2.060799542391074
rhynchosporium,svr_rbf,1.349505539,1.7419603775460264
rhynchosporium,svr_rbf,1.31638602,1.7333403670449785
rhynchosporium,svr_rbf,1.346685288,2.1042742107205634
rhynchosporium,svr_rbf,1.36845848,1.7322212374980017
rhynchosporium,svr_rbf,1.343213976,1.7540805639808799
rhynchosporium,svr_rbf,1.343199505,1.6475912890881466
rhynchosporium,svr_rbf,1.308662994,1.8079401488285733
rhynchosporium,svr_rbf,1.346689537,1.7446544031006652
rhynchosporium,svr_rbf,1.345419789,1.6142311246772318
rhynchosporium,svr_rbf,1.362108974,1.768687806213641
rhynchosporium,svr_rbf,1.34098313,1.6690266770105628
rhynchosporium,svr_rbf,1.346685288,1.9473527524226717
rhynchosporium,svr_rbf,1.349505539,1.7603843383596072
rhynchosporium,svr_rbf,1.342365499,1.6912811177327798
rhynchosporium,svr_rbf,1.358510891,1.7814981401067447
rhynchosporium,svr_rbf,1.348299515,1.8319947098615603
rhynchosporium,svr_rbf,1.361337796,1.7648916093872704
rhynchosporium,svr_rbf,1.330384449,1.6862077459973146
rhynchosporium,svr_rbf,1.254152301,1.7368013021995141
rhynchosporium,svr_rbf,1.344338755,1.8528402167229738
rhynchosporium,svr_rbf,1.345295665,1.8248411436223202
rhynchosporium,svr_rbf,1.345295665,1.7735736681874283
rhynchosporium,svr_rbf,1.358698169,1.8358910276805167
rhynchosporium,svr_rbf,1.345112701,1.8191073627584042
rhynchosporium,svr_rbf,1.347090622,1.946207636272102
rhynchosporium,svr_rbf,1.345295665,1.8211000225896545
rhynchosporium,svr_rbf,1.307591499,2.0631804721252434
rhynchosporium,svr_rbf,1.345112701,1.8099224073426414
rhynchosporium,svr_rbf,1.86754999,1.952710627709714
rhynchosporium,svr_rbf,1.344640469,1.8518677154727596
rhynchosporium,svr_rbf,1.370487668,1.86497538206214
rhynchosporium,svr_rbf,1.346664439,1.8750815604725048
rhynchosporium,svr_rbf,1.343521037,1.8871134324963557
rhynchosporium,svr_rbf,1.353220165,1.6191744530483017
rhynchosporium,svr_rbf,1.322837368,1.8039197079227094
rhynchosporium,svr_rbf,1.345010008,1.9407342475785228
rhynchosporium,svr_rbf,1.3471061,1.756279259626599
rhynchosporium,svr_rbf,1.347981651,1.8934884812532795
rhynchosporium,svr_rbf,1.34098313,1.7633652167465832
rhynchosporium,svr_rbf,1.360066546,1.8400715045351608
rhynchosporium,svr_rbf,1.34098313,1.8211639185850763
rhynchosporium,svr_rbf,1.34599483,1.7494407182943759
rhynchosporium,svr_rbf,1.345295665,1.8403127690399148
rhynchosporium,svr_rbf,1.345164609,1.7977210050408208
rhynchosporium,svr_rbf,1.343775605,1.8664023742999187
rhynchosporium,svr_rbf,1.353220165,1.7881755974578
rhynchosporium,svr_rbf,1.345548918,1.7756192612126536
rhynchosporium,svr_rbf,1.343884369,1.6896968764706177
rhynchosporium,svr_rbf,1.308720507,1.8489066177448084
rhynchosporium,svr_rbf,1.344630982,2.1139043652049185
rhynchosporium,svr_rbf,1.343894857,1.845279966328175
rhynchosporium,svr_rbf,1.301392636,1.7822452675895564
rhynchosporium,svr_rbf,1.353220165,1.8428872775115064
rhynchosporium,svr_rbf,1.343825587,1.91679798185086
rhynchosporium,svr_rbf,1.343661201,1.716029213267698
rhynchosporium,svr_rbf,1.336920793,1.858774470187878
rhynchosporium,svr_rbf,1.305544366,1.8485370511376071
rhynchosporium,svr_rbf,1.362765677,1.9029166950530967
rhynchosporium,svr_rbf,1.346685288,1.7576372515049228
rhynchosporium,svr_rbf,1.340363673,1.8087787355399971
rhynchosporium,svr_rbf,1.309444785,1.8058954132505636
rhynchosporium,svr_rbf,1.361658452,1.7851979512703688
rhynchosporium,svr_rbf,1.305675356,1.7493218159961486
rhynchosporium,svr_rbf,1.307959865,1.7827488401040834
rhynchosporium,svr_rbf,1.344630982,1.7956699396201792
rhynchosporium,svr_rbf,1.346448141,1.827252765010813
rhynchosporium,svr_rbf,1.348299515,1.7907159457484607
rhynchosporium,svr_rbf,1.343836725,1.7907053988757862
rhynchosporium,svr_rbf,1.326515081,1.7685082292172696
rhynchosporium,svr_rbf,1.298577029,1.8306879461220549
rhynchosporium,svr_rbf,1.347090622,2.0746243114074545
rhynchosporium,svr_rbf,1.343290102,2.0220060600430596
rhynchosporium,svr_rbf,1.330384449,1.7700245960341987
rhynchosporium,svr_rbf,1.344640469,1.7881530132930534
rhynchosporium,svr_rbf,1.360066546,2.0153167613226275
rhynchosporium,svr_rbf,1.358510891,1.7724415297336988
rhynchosporium,svr_rbf,1.344640469,1.6890017448944004
rhynchosporium,svr_rbf,1.345112701,1.8264431581245066
rhynchosporium,svr_rbf,1.362108974,1.7964177898731353
rhynchosporium,svr_rbf,1.345005202,1.8696961791858304
rhynchosporium,svr_rbf,1.372354411,1.8242537828533871
rhynchosporium,svr_rbf,1.343199505,1.8030953524754836
rhynchosporium,svr_rbf,1.3438632,1.780575421463563
rhynchosporium,svr_rbf,1.367836057,1.779377792243054
rhynchosporium,svr_rbf,1.346664439,1.6798766772383529
rhynchosporium,svr_rbf,1.349505539,1.819168521854524
rhynchosporium,svr_rbf,1.376770695,1.6139968708084003
rhynchosporium,svr_rbf,1.344630982,1.8641640149399852
rhynchosporium,svr_rbf,1.346685288,1.785842893497586
rhynchosporium,svr_rbf,1.346453976,1.7991876956686943
rhynchosporium,svr_rbf,1.348299515,1.7963895456070178
rhynchosporium,svr_rbf,1.348299515,1.8303493399127402
rhynchosporium,svr_rbf,1.3077768,1.8498964596670235
rhynchosporium,svr_rbf,1.418277421,1.7886290552423054
rhynchosporium,svr_rbf,1.342828272,1.7783482704708973
rhynchosporium,svr_rbf,1.308165434,1.7752570035985844
rhynchosporium,svr_rbf,1.346689537,1.7563613553107187
rhynchosporium,svr_rbf,1.346664439,1.8009072462201952
rhynchosporium,svr_rbf,1.301249564,1.8232688323129986
rhynchosporium,svr_rbf,1.344101569,1.76868326124691
rhynchosporium,svr_rbf,1.34529899,1.7832800573816159
rhynchosporium,svr_rbf,1.343775605,1.8624766483586628
rhynchosporium,svr_rbf,1.335189025,1.8942133408465345
rhynchosporium,svr_rbf,1.344101569,1.8399116046853474
rhynchosporium,svr_rbf,1.32933753,1.71172026861705
rhynchosporium,svr_rbf,1.298577029,1.759777769798848
rhynchosporium,svr_rbf,1.345295665,1.8742167315236862
rhynchosporium,svr_rbf,1.315406884,2.02845682741423
rhynchosporium,svr_rbf,1.349505539,1.8738467608994926
rhynchosporium,svr_rbf,1.34298733,1.8154058203586145
rhynchosporium,svr_rbf,1.346664439,1.9444787060203257
rhynchosporium,svr_rbf,1.3579537285,1.6819351033042962
rhynchosporium,svr_rbf,1.398346461,1.943305704126038
rhynchosporium,svr_rbf,1.339987066,1.9883200282110218
rhynchosporium,svr_rbf,1.343661201,2.1793017708301528
rhynchosporium,svr_rbf,1.345964928,1.895776723557974
rhynchosporium,svr_rbf,1.3471061,1.7927210044517328
rhynchosporium,svr_rbf,1.346448141,2.3775445539666404
rhynchosporium,svr_rbf,1.343836725,1.885372427461297
rhynchosporium,svr_rbf,1.346482527,1.8373260770863395
rhynchosporium,svr_rbf,1.360066546,1.8719754413981549
rhynchosporium,svr_rbf,1.345987229,1.8442471802981946
rhynchosporium,svr_rbf,1.346453976,2.0938226172124317
rhynchosporium,svr_rbf,1.308055837,1.8605614566509927
rhynchosporium,svr_rbf,1.34098313,1.8302123216817936
rhynchosporium,svr_rbf,1.361337796,1.750975922324963
rhynchosporium,svr_rbf,1.343661201,1.8466186230205852
rhynchosporium,svr_rbf,1.343521037,1.9026482418407509
rhynchosporium,svr_rbf,1.346685288,1.7521571875331245
rhynchosporium,svr_rbf,1.309197826,1.8272111826948225
rhynchosporium,svr_rbf,1.342040205,1.8074087959737843
rhynchosporium,svr_rbf,1.520433454,1.8021862477167674
rhynchosporium,svr_rbf,1.300671927,1.7970300490295803
rhynchosporium,svr_rbf,1.361337796,2.084015250421004
rhynchosporium,svr_rbf,1.361759762,1.819393654433695
rhynchosporium,svr_rbf,2.778129841,1.7660075065453418
rhynchosporium,svr_rbf,1.340363673,1.819819447595385
rhynchosporium,svr_rbf,1.343825587,1.719483496233674
rhynchosporium,svr_rbf,1.346453976,1.85881047553542
rhynchosporium,svr_rbf,1.358530138,1.8634788454079805
rhynchosporium,svr_rbf,1.372354411,1.7840776928191242
rhynchosporium,svr_rbf,1.30807905,1.796521534755374
rhynchosporium,svr_rbf,1.866814843,1.7821231546423522
rhynchosporium,svr_rbf,1.344003723,1.7214652090443052
rhynchosporium,svr_rbf,1.308054608,1.8095105986407551
rhynchosporium,svr_rbf,1.349505539,1.8024272980584704
rhynchosporium,svr_rbf,1.3438632,1.8350098296335229
rhynchosporium,svr_rbf,1.30780901,1.7964457774012432
rhynchosporium,svr_rbf,1.305640819,1.8184299912566237
rhynchosporium,svr_rbf,1.3094274,2.2215523500748584
rhynchosporium,svr_rbf,5.342723977,1.7784699421461259
rhynchosporium,svr_rbf,1.345008161,1.8295567472417997
rhynchosporium,svr_rbf,1.353220165,1.8227634160903783
rhynchosporium,svr_rbf,1.348299515,1.7579913101608322
rhynchosporium,svr_rbf,1.346689537,1.7327398225463715
rhynchosporium,svr_rbf,1.342040205,1.7632238414559658
rhynchosporium,svr_rbf,1.361337796,1.7456114714589885
rhynchosporium,svr_rbf,1.353220165,1.8117175066102218
rhynchosporium,svr_rbf,1.344003723,1.747825095623571
rhynchosporium,svr_rbf,1.343521037,1.7468478867175032
rhynchosporium,svr_rbf,1.307782504,1.7670592936684464
rhynchosporium,svr_rbf,1.344003723,1.8525492552597211
rhynchosporium,svr_rbf,1.273690741,1.8187572655813105
rhynchosporium,svr_rbf,1.347090622,1.7720674840383446
rhynchosporium,svr_rbf,1.345005202,1.7675613513774375
rhynchosporium,svr_rbf,1.358530138,1.7950064938056243
rhynchosporium,svr_rbf,1.347981651,1.839224033783593
rhynchosporium,svr_rbf,1.344116137,1.8270518904279758
rhynchosporium,svr_rbf,1.413527402,1.7802394812312061
rhynchosporium,svr_rbf,3.889058053,1.7871503775461806
rhynchosporium,svr_rbf,1.307550168,1.7117999311007805
rhynchosporium,svr_rbf,1.301544971,1.8144132214849076
rhynchosporium,svr_rbf,3.811587476,1.790617670957172
rhynchosporium,svr_rbf,1.34599483,1.8179958281086612
rhynchosporium,svr_rbf,1.272689828,1.7021080654280847
rhynchosporium,svr_rbf,1.274764257,1.8851516538101292
rhynchosporium,svr_rbf,1.340363673,1.8049259759943905
rhynchosporium,svr_rbf,1.34529899,1.8838955028880071
rhynchosporium,svr_rbf,1.342828272,1.894727650174355
rhynchosporium,svr_rbf,1.307278278,1.8148738992401119
rhynchosporium,svr_rbf,1.348299515,1.7217399985007775
rhynchosporium,svr_rbf,1.3239048,1.734934194493102
rhynchosporium,svr_rbf,1.307591499,1.8155506934021544
rhynchosporium,svr_rbf,1.345987229,1.8656725816434756
rhynchosporium,svr_rbf,1.831244023,2.051708965664639
rhynchosporium,svr_rbf,1.310157253,2.14862165748176
rhynchosporium,svr_rbf,1.311861531,2.7019203549084354
rhynchosporium,svr_rbf,1.358698169,1.7923394060046745
rhynchosporium,svr_rbf,1.298577029,1.7518778367386107
rhynchosporium,svr_rbf,1.342040205,2.152360419664168
rhynchosporium,svr_rbf,1.322963995,1.7105936934144668
rhynchosporium,svr_rbf,1.321444246,1.8744043411557385
rhynchosporium,svr_rbf,1.346448141,1.734758172948727
rhynchosporium,svr_rbf,1.308350204,1.696038824845647
rhynchosporium,svr_rbf,1.344195959,1.7408204650371246
rhynchosporium,svr_rbf,1.850124299,1.719839572571555
rhynchosporium,svr_rbf,1.361658452,1.7642090676522888
rhynchosporium,svr_rbf,1.321500144,1.8790696130947961
rhynchosporium,svr_rbf,1.307520684,1.8904646739550164
rhynchosporium,svr_rbf,1.370487668,1.6804590772773156
rhynchosporium,svr_rbf,1.340363673,1.844596421579032
rhynchosporium,svr_rbf,1.376770695,1.817119013803005
rhynchosporium,svr_rbf,1.346685288,1.826422755278577
rhynchosporium,svr_rbf,1.344338755,1.8364409995213067
rhynchosporium,svr_rbf,1.329438861,1.6665547012520778
rhynchosporium,svr_rbf,2.358510891,1.7407171724061796
rhynchosporium,svr_rbf,1.342528747,1.8117371555807
rhynchosporium,svr_rbf,1.413527402,1.6996569914075699
rhynchosporium,svr_rbf,1.346453976,1.7425995165598596
rhynchosporium,svr_rbf,1.360066546,1.799729939518129
rhynchosporium,svr_rbf,1.313352083,1.7475130438605573
rhynchosporium,svr_rbf,1.342528747,1.7963481118765645
rhynchosporium,svr_rbf,1.347981651,1.8138765405989115
rhynchosporium,svr_rbf,1.344893435,1.8033848627074098
rhynchosporium,svr_rbf,1.344195959,1.7941916214651565
rhynchosporium,svr_rbf,1.352646083,1.812875059957816
rhynchosporium,svr_rbf,1.308812035,1.801611726782788
rhynchosporium,svr_rbf,1.330384449,1.8299367339813217
rhynchosporium,svr_rbf,1.3471061,2.5685305119669124
rhynchosporium,svr_rbf,3.055161343,1.9137260505940503
rhynchosporium,svr_rbf,1.150956425,1.8745677267365095
rhynchosporium,svr_rbf,2.66439061,1.979347879327681
rhynchosporium,svr_rbf,2.797547908,1.5917925820164203
rhynchosporium,svr_rbf,1.166565902,1.6561615443067068
rhynchosporium,svr_rbf,1.800333172,2.0677945752814337
rhynchosporium,svr_rbf,1.226775092,1.7402069250466954
rhynchosporium,svr_rbf,1.0846278,1.684101928894894
rhynchosporium,svr_rbf,2.084627793,1.7250708534402333
rhynchosporium,svr_rbf,1.084627814,1.656648907912396
rhynchosporium,svr_rbf,3.677442262,1.8220908233760984
rhynchosporium,svr_rbf,1.777587867,2.0861123167075637
rhynchosporium,svr_rbf,1.926354636,2.120770515592247
rhynchosporium,svr_rbf,2.800333104,1.8309143359355387
rhynchosporium,svr_rbf,4.034188774,1.8584987634184214
rhynchosporium,svr_rbf,1.539934426,2.1385508548493894
rhynchosporium,svr_rbf,3.072987176,1.9077653175287113
rhynchosporium,svr_rbf,3.383829302,1.806039998555236
rhynchosporium,svr_rbf,1.800333181,2.0878815918301195
rhynchosporium,svr_rbf,5.942480457,2.1844142866086167
rhynchosporium,svr_rbf,2.548635579,2.0367049588831647
rhynchosporium,svr_rbf,3.910745141,1.815707308193852
rhynchosporium,svr_rbf,2.094565749,1.9750943695113659
rhynchosporium,svr_rbf,1.544284983,1.674662873146677
rhynchosporium,svr_rbf,4.806249044,1.7886713474784357
rhynchosporium,svr_rbf,5.937389355,1.7640812521221527
rhynchosporium,svr_rbf,4.719895978,2.646019023840005
rhynchosporium,svr_rbf,5.537376594,1.7412755674250635
rhynchosporium,svr_rbf,2.327165351,1.7736895482815225
rhynchosporium,svr_rbf,1.548527852,1.639925609052262
rhynchosporium,svr_rbf,1.516038609,1.8574052483538763
rhynchosporium,svr_rbf,4.077337742,1.9773310305537914
rhynchosporium,svr_rbf,4.717020916,1.9437028686299298
rhynchosporium,svr_rbf,3.81059953,1.6611124691811194
rhynchosporium,svr_rbf,1.022149746,1.709858467868882
rhynchosporium,svr_rbf,1.150956412,1.8460146013567489
rhynchosporium,svr_rbf,1.795364245,1.611037382839867
rhynchosporium,svr_rbf,2.10580294,1.6405400887885582
rhynchosporium,svr_rbf,2.521007582,1.6699214669627107
rhynchosporium,svr_rbf,3.428529944,2.265665774859366
rhynchosporium,svr_rbf,1.150956416,1.6208899975044693
rhynchosporium,svr_rbf,1.295372619,1.954864659971297
rhynchosporium,svr_rbf,3.393767268,1.8576086245366055
rhynchosporium,svr_rbf,3.525976592,2.583273302665787
rhynchosporium,svr_rbf,2.802384279,1.9602631233049803
rhynchosporium,svr_rbf,1.411127677,2.1783933241401487
rhynchosporium,svr_rbf,1.373891306,2.1519782016139626
rhynchosporium,svr_rbf,2.284113702,2.207599077129174
rhynchosporium,svr_rbf,3.962356462,1.8566352243689914
rhynchosporium,svr_rbf,1.793197301,1.8061082343989845
rhynchosporium,svr_rbf,1.535583863,1.7072255506455236
rhynchosporium,svr_rbf,1.368922381,2.441658645102009
rhynchosporium,svr_rbf,4.816695389,2.239494956627286
rhynchosporium,svr_rbf,5.039551927,2.0871921452057993
rhynchosporium,svr_rbf,3.437231032,2.461062522194481
rhynchosporium,svr_rbf,3.552396836,2.567364900484182
rhynchosporium,svr_rbf,5.162620829,1.8196844287716556
rhynchosporium,svr_rbf,4.717020954,1.7323286997191123
rhynchosporium,svr_rbf,6.424179376,1.8456276798670088
rhynchosporium,svr_rbf,4.432880485,1.8191121674548558
rhynchosporium,svr_rbf,3.231743977,2.6453445757403435
rhynchosporium,svr_rbf,3.810271171,1.4176792431678824
rhynchosporium,svr_rbf,2.399868753,2.308923820702436
rhynchosporium,svr_rbf,2.166565836,1.7427186036014848
rhynchosporium,svr_rbf,3.794990068,2.0241130224935513
rhynchosporium,svr_rbf,4.806249013,2.2456146246087743
rhynchosporium,svr_rbf,4.717020891,1.616489043882895
rhynchosporium,svr_rbf,1.29102209,1.8231516672198556
rhynchosporium,svr_rbf,2.037759198,1.4892057133103236
rhynchosporium,svr_rbf,3.820209121,1.8025112502565812
rhynchosporium,svr_rbf,1.368922386,1.9461449733288714
rhynchosporium,svr_rbf,4.104503709,1.8571208800593815
rhynchosporium,svr_rbf,3.677442243,1.625823141652163
rhynchosporium,svr_rbf,3.383829285,2.018845587881793
rhynchosporium,svr_rbf,3.437231044,1.758243502491291
rhynchosporium,svr_rbf,3.228091223,1.8135977390019207
rhynchosporium,svr_rbf,3.97028386,1.7483739474164728
rhynchosporium,svr_rbf,4.295628113,1.7862345918543046
rhynchosporium,svr_rbf,1.399868768,1.9700325852083362
rhynchosporium,svr_rbf,1.150956338,1.6495760840761087
rhynchosporium,svr_rbf,4.231960254,1.7778219384602063
rhynchosporium,svr_rbf,1.995121674,1.693443400040066
rhynchosporium,svr_rbf,4.050810802,1.5963045158069318
rhynchosporium,svr_rbf,6.236713047,1.722282290460231
rhynchosporium,svr_rbf,1.995121717,1.85079750014244
rhynchosporium,svr_rbf,2.795364243,1.694884213237335
rhynchosporium,svr_rbf,6.255551244,2.2199710384794225
rhynchosporium,svr_rbf,2.236713072,1.657700525124232
rhynchosporium,svr_rbf,2.378860355,1.6604315037962976
rhynchosporium,svr_rbf,3.281040107,2.4421044847613964
rhynchosporium,svr_rbf,2.673092864,2.8211484730558802
rhynchosporium,svr_rbf,4.002859751,1.9866360615830998
rhynchosporium,svr_rbf,6.077544384,1.789064911152481
rhynchosporium,svr_rbf,5.21484569,1.9602441596138052
rhynchosporium,svr_rbf,1.084627823,1.7466130492356051
rhynchosporium,svr_rbf,3.899916617,1.877335400098544
rhynchosporium,svr_rbf,3.613083774,2.329311754117511
rhynchosporium,svr_rbf,0.93751152,1.6586560226234037
rhynchosporium,svr_rbf,4.104503652,1.8310818718379234
rhynchosporium,svr_rbf,1.166565829,1.7810163463923026
rhynchosporium,svr_rbf,1.291022085,1.987301992311742
rhynchosporium,svr_rbf,1.373891358,1.9032585858029338
rhynchosporium,svr_rbf,1.653216896,1.8444551507769993
rhynchosporium,svr_rbf,2.226775035,1.8279261651327916
rhynchosporium,svr_rbf,4.673091663,1.7278565071220107
rhynchosporium,svr_rbf,1.216484133,1.6496515149069102
rhynchosporium,svr_rbf,4.166489864,1.7643169385015949
rhynchosporium,svr_rbf,0.937511537,1.6859111885667195
rhynchosporium,svr_rbf,2.521007596,1.9017324867846788
rhynchosporium,svr_rbf,1.673091741,1.8614223290628387
rhynchosporium,svr_rbf,1.216484222,1.9779819196790502
rhynchosporium,svr_rbf,4.246650991,1.6311490513334692
rhynchosporium,svr_rbf,4.530945561,1.8105914897569086
rhynchosporium,svr_rbf,1.101933942,1.7068107038684959
rhynchosporium,svr_rbf,2.150956438,1.683659661167562
rhynchosporium,svr_rbf,1.216484184,1.6582498357621642
rhynchosporium,svr_rbf,2.644430528,1.7630795339859064
rhynchosporium,svr_rbf,2.166565854,1.7785467109710975
rhynchosporium,svr_rbf,1.913302957,1.9749277347480243
rhynchosporium,svr_rbf,2.166565886,2.2051217916721915
rhynchosporium,svr_rbf,1.516038645,1.835058890274869
rhynchosporium,svr_rbf,2.363953405,1.714344969532907
rhynchosporium,svr_rbf,1.295372655,1.8290321409256993
rhynchosporium,svr_rbf,1.150956419,1.6312206851985405
rhynchosporium,svr_rbf,2.226775042,1.7615881996059188
rhynchosporium,svr_rbf,1.793197387,1.857763884730287
rhynchosporium,svr_rbf,3.535914538,1.852431082586935
rhynchosporium,svr_rbf,1.511069651,1.6761787927362821
rhynchosporium,svr_rbf,3.113541001,1.6263387772979003
rhynchosporium,svr_rbf,1.271062017,1.8914635090605425
rhynchosporium,svr_rbf,1.373891344,1.826878372868317
rhynchosporium,svr_rbf,2.42417935,1.8041298103003682
rhynchosporium,svr_rbf,2.236713022,2.022508572100907
rhynchosporium,svr_rbf,1.537724038,1.7459641521788871
rhynchosporium,svr_rbf,1.653217027,1.7839734141791865
rhynchosporium,svr_rbf,1.793197323,1.7102520851638119
rhynchosporium,svr_rbf,4.424179399,2.0939188527978096
rhynchosporium,svr_rbf,1.810271144,2.790397349847187
rhynchosporium,svr_rbf,1.677442321,1.7721738895003885
rhynchosporium,svr_rbf,1.433977626,1.5760092355971773
rhynchosporium,svr_rbf,1.27541261,1.6502274718207308
rhynchosporium,svr_rbf,1.415478246,1.640429389424225
rhynchosporium,svr_rbf,5.588214198,1.9653004875838813
rhynchosporium,svr_rbf,1.942480502,1.6742487774654489
rhynchosporium,svr_rbf,2.368922315,1.797649543113154
rhynchosporium,svr_rbf,0.937511542,1.721125395953448
rhynchosporium,svr_rbf,2.657482196,2.48220581764992
rhynchosporium,svr_rbf,2.002859784,1.878640492134112
rhynchosporium,svr_rbf,2.433977617,2.7148604798941633
rhynchosporium,svr_rbf,3.668123866,2.22022965792461
rhynchosporium,svr_rbf,1.795364238,1.736445337140761
rhynchosporium,svr_rbf,3.544284971,1.686346859515925
rhynchosporium,svr_rbf,1.593738644,1.6157346724648334
rhynchosporium,svr_rbf,2.05081083,1.7823611554070187
rhynchosporium,svr_rbf,1.653131708,1.5909614015060134
rhynchosporium,svr_rbf,0.937511517,1.805418236353629
rhynchosporium,svr_rbf,1.584627849,1.8378433945661168
rhynchosporium,svr_rbf,1.150956381,1.6830474211179198
rhynchosporium,svr_rbf,4.957387446,1.9893505709182144
rhynchosporium,svr_rbf,1.231744074,1.70352291430037
rhynchosporium,svr_rbf,2.286671477,1.8065311433246765
rhynchosporium,svr_rbf,0.937511531,1.6143094297610427
rhynchosporium,svr_rbf,1.221806126,1.7749227026056238
rhynchosporium,svr_rbf,1.022149651,1.8408926053853105
rhynchosporium,svr_rbf,1.658185947,1.7979396908505874
rhynchosporium,svr_rbf,1.648247976,1.6167687907485138
rhynchosporium,svr_rbf,1.037759191,1.6317717274773123
rhynchosporium,svr_rbf,1.511069661,1.6908424169879324
rhynchosporium,svr_rbf,1.234068626,1.6669997605816689
rhynchosporium,svr_rbf,1.084627801,1.554887774587951
rhynchosporium,svr_rbf,1.777587835,1.5508225578950086
rhynchosporium,svr_rbf,1.664390642,1.6297291374154903
rhynchosporium,svr_rbf,1.291022087,1.6070483471297954
rhynchosporium,svr_rbf,4.388798298,1.7312324464728597
rhynchosporium,svr_rbf,5.383829257,2.048648034309277
rhynchosporium,svr_rbf,4.408569952,1.5876802084235526
rhynchosporium,svr_rbf,2.026500251,1.8762868808773883
rhynchosporium,svr_rbf,2.4378466,1.8013545510564035
rhynchosporium,svr_rbf,1.539934439,2.0042959191088494
rhynchosporium,svr_rbf,1.166565894,1.793219253171456
rhynchosporium,svr_rbf,2.059511906,1.886772832674779
rhynchosporium,svr_rbf,1.917653563,1.5686145342313285
rhynchosporium,svr_rbf,1.221806052,1.7479715482628988
rhynchosporium,svr_rbf,1.404219315,1.8183072842379615
rhynchosporium,svr_rbf,2.516038625,1.835567530998913
rhynchosporium,svr_rbf,2.378860278,1.6567980213345654
rhynchosporium,svr_rbf,1.084627778,1.7510900349977954
rhynchosporium,svr_rbf,1.516038621,1.7711102896109359
rhynchosporium,svr_rbf,1.166565922,1.680821264502471
rhynchosporium,svr_rbf,3.712670323,1.8885775240053364
rhynchosporium,svr_rbf,1.226775087,1.9151263971452703
rhynchosporium,svr_rbf,1.037759156,1.4709428463843306
rhynchosporium,svr_rbf,1.373891335,1.5875993851125414
rhynchosporium,svr_rbf,2.797547878,1.5950558658769345
rhynchosporium,svr_rbf,2.077337735,1.7087919016833937
rhynchosporium,svr_rbf,2.506100645,1.7760794816244663
rhynchosporium,svr_rbf,1.079658796,1.7283746974318075
rhynchosporium,svr_rbf,1.552396851,1.5897526779522329
rhynchosporium,svr_rbf,1.777587867,1.7975951211038326
rhynchosporium,svr_rbf,1.800333178,1.7160982371044318
rhynchosporium,svr_rbf,1.079658812,1.513668479256841
rhynchosporium,svr_rbf,3.31277491,2.063375239520998
rhynchosporium,svr_rbf,5.304073726,1.7298230475871101
rhynchosporium,svr_rbf,2.037759125,1.7513420553568482
rhynchosporium,svr_rbf,4.673092846,1.8798802340679723
rhynchosporium,svr_rbf,4.468108579,2.174041433126898
rhynchosporium,svr_rbf,3.241682005,1.8308263278557186
rhynchosporium,svr_rbf,2.579856833,1.6221153226869331
rhynchosporium,svr_rbf,1.166565842,1.6542104358076712
rhynchosporium,svr_rbf,1.231744098,1.551223835795031
rhynchosporium,svr_rbf,1.884440496,1.798414815033908
rhynchosporium,svr_rbf,2.050810773,1.6817836875198675
rhynchosporium,svr_rbf,4.459407456,1.7982191714128153
rhynchosporium,svr_rbf,1.295372719,2.0734822705822835
rhynchosporium,svr_rbf,3.31277491,1.88415844100441
rhynchosporium,svr_rbf,1.286671536,1.7143611972784798
rhynchosporium,svr_rbf,1.64824796,1.7675129292471374
rhynchosporium,svr_rbf,1.441715643,1.6232342328997809
rhynchosporium,svr_rbf,1.942480444,1.5710552995337772
rhynchosporium,svr_rbf,2.084627779,1.642926466930363
rhynchosporium,svr_rbf,1.022149666,1.7023130495227146
rhynchosporium,svr_rbf,1.275412545,1.679799708345496
rhynchosporium,svr_rbf,1.146605826,1.7844007153729655
rhynchosporium,svr_rbf,2.666183394,2.161850400075682
rhynchosporium,svr_rbf,1.08462779,1.695944041983382
rhynchosporium,svr_rbf,1.942480489,1.9909606355184282
rhynchosporium,svr_rbf,2.445584667,2.1283505884669056
rhynchosporium,svr_rbf,1.535583834,1.811167987635435
rhynchosporium,svr_rbf,2.648781076,2.044996021182126
rhynchosporium,svr_rbf,4.219196206,1.7694754368077181
rhynchosporium,svr_rbf,1.084627748,1.6025756580407082
rhynchosporium,svr_rbf,1.399868734,1.6087850033253708
rhynchosporium,svr_rbf,1.231744032,1.7050992148093642
rhynchosporium,svr_rbf,2.524324925,1.8698664133958047
rhynchosporium,svr_rbf,1.648781119,1.6364357381618198
rhynchosporium,svr_rbf,2.037759174,1.6691765449993308
rhynchosporium,svr_rbf,1.942480508,1.7123433949679563
rhynchosporium,svr_rbf,0.937511521,1.9641446482191998
rhynchosporium,svr_rbf,3.428529935,1.891305978579573
rhynchosporium,svr_rbf,1.216484155,1.7670032930514932
rhynchosporium,svr_rbf,3.962356371,2.1209954615353364
rhynchosporium,svr_rbf,1.516038648,1.821131019237915
rhynchosporium,svr_rbf,1.908952426,1.8162487712178588
rhynchosporium,svr_rbf,4.269433029,1.6934845155166425
rhynchosporium,svr_rbf,1.279763171,1.7703438355876921
rhynchosporium,svr_rbf,1.810271154,1.6979998315197515
rhynchosporium,svr_rbf,2.445584659,1.8463813595149232
rhynchosporium,svr_rbf,2.087624947,1.6933380042341333
rhynchosporium,svr_rbf,2.084627862,1.803796916806268
rhynchosporium,svr_rbf,1.327165418,1.8170882307819096
rhynchosporium,svr_rbf,1.166565928,1.7752312370105392
rhynchosporium,svr_rbf,1.664390597,1.6728716197593623
rhynchosporium,svr_rbf,1.150956433,1.701453464120112
rhynchosporium,svr_rbf,3.52597656,1.756195442499036
rhynchosporium,svr_rbf,1.810271179,1.9196879441560681
rhynchosporium,svr_rbf,1.880571458,1.6810994907007002
rhynchosporium,svr_rbf,0.937511466,1.6939799917689577
rhynchosporium,svr_rbf,1.827165365,1.823275821363341
rhynchosporium,svr_rbf,1.079658813,1.758608713245314
rhynchosporium,svr_rbf,1.795364214,1.6009378364486009
rhynchosporium,svr_rbf,2.888309544,1.7494624892055688
rhynchosporium,svr_rbf,2.53993443,1.7067857918820588
rhynchosporium,svr_rbf,3.560134905,1.6895210749225793
rhynchosporium,svr_rbf,2.368922365,1.8235660515371408
rhynchosporium,svr_rbf,4.468108555,1.6302157950156908
rhynchosporium,svr_rbf,1.221806109,1.741337325052091
rhynchosporium,svr_rbf,3.338772488,2.1031557893550636
rhynchosporium,svr_rbf,1.653216924,1.611637339994052
rhynchosporium,svr_rbf,0.937511585,1.5705047356922703
rhynchosporium,svr_rbf,1.295372587,1.635711891019081
rhynchosporium,svr_rbf,1.275412609,1.671114603465191
rhynchosporium,svr_rbf,2.23196032,2.1663871612540713
rhynchosporium,svr_rbf,5.712670401,1.712994182168055
rhynchosporium,svr_rbf,3.235829364,1.8985867882695424
rhynchosporium,svr_rbf,2.663154846,1.6844827042923547
rhynchosporium,svr_rbf,1.884440493,2.045610445916928
rhynchosporium,svr_rbf,1.594565755,1.6008898229090505
rhynchosporium,svr_rbf,5.605345756,1.7816371433949352
rhynchosporium,svr_rbf,1.079658816,1.6202632113987219
rhynchosporium,svr_rbf,1.91765356,1.8830261518556908
rhynchosporium,svr_rbf,3.39376729,1.803269280836046
rhynchosporium,svr_rbf,3.91248631,1.8252510159098905
rhynchosporium,svr_rbf,1.291022115,1.7905483706100016
rhynchosporium,svr_rbf,3.051939641,1.8268933921294717
rhynchosporium,svr_rbf,4.806249012,2.1910369871490003
rhynchosporium,svr_rbf,4.246650957,1.8503044612535164
rhynchosporium,svr_rbf,1.212615116,1.741369027238095
rhynchosporium,svr_rbf,1.668741198,1.8872944795987094
