trait,model,y_true,y_pred_oof_outer
blumeria_graminis,decision_tree,1.607661268,1.4940550007073168
blumeria_graminis,decision_tree,1.282545663,1.5035128331851855
blumeria_graminis,decision_tree,1.824626108,2.8115210050909094
blumeria_graminis,decision_tree,3.557255932,1.6326445694509806
blumeria_graminis,decision_tree,1.422513744,1.5035128331851855
blumeria_graminis,decision_tree,2.118846253,2.8115210050909094
blumeria_graminis,decision_tree,1.658119077,1.4727649259054056
blumeria_graminis,decision_tree,2.280562163,1.9663420606129036
blumeria_graminis,decision_tree,1.399851787,1.6959502541203695
blumeria_graminis,decision_tree,3.163780342,3.350732652096774
blumeria_graminis,decision_tree,2.835312948,3.2188946119999997
blumeria_graminis,decision_tree,2.169725662,2.2863037058333338
blumeria_graminis,decision_tree,1.474720911,1.6326445694509806
blumeria_graminis,decision_tree,2.784311373,2.5203331369411766
blumeria_graminis,decision_tree,1.567611335,2.5203331369411766
blumeria_graminis,decision_tree,0.878362783,1.4940550007073168
blumeria_graminis,decision_tree,2.454749367,1.6959502541203695
blumeria_graminis,decision_tree,1.960430977,1.6959502541203695
blumeria_graminis,decision_tree,1.079959671,1.4940550007073168
blumeria_graminis,decision_tree,1.767445451,1.6959502541203695
blumeria_graminis,decision_tree,1.080969349,1.5035128331851855
blumeria_graminis,decision_tree,2.853356049,2.5203331369411766
blumeria_graminis,decision_tree,2.616380327,2.2863037058333338
blumeria_graminis,decision_tree,1.313348005,1.6326445694509806
blumeria_graminis,decision_tree,1.18198696,1.4940550007073168
blumeria_graminis,decision_tree,1.39162445,1.4727649259054056
blumeria_graminis,decision_tree,1.137216305,1.6959502541203695
blumeria_graminis,decision_tree,1.647907625,1.5035128331851855
blumeria_graminis,decision_tree,1.235201359,1.4940550007073168
blumeria_graminis,decision_tree,2.108077598,1.4727649259054056
blumeria_graminis,decision_tree,1.184409835,1.6326445694509806
blumeria_graminis,decision_tree,1.321922995,1.6326445694509806
blumeria_graminis,decision_tree,1.1200677,1.5035128331851855
blumeria_graminis,decision_tree,1.359683313,1.9663420606129036
blumeria_graminis,decision_tree,1.278845843,1.5035128331851855
blumeria_graminis,decision_tree,1.479149112,1.5035128331851855
blumeria_graminis,decision_tree,1.264224462,1.6959502541203695
blumeria_graminis,decision_tree,1.607518173,1.6959502541203695
blumeria_graminis,decision_tree,1.571836665,1.6959502541203695
blumeria_graminis,decision_tree,1.515752045,1.6326445694509806
blumeria_graminis,decision_tree,2.780634944,3.1781439988690474
blumeria_graminis,decision_tree,1.477580516,1.4940550007073168
blumeria_graminis,decision_tree,2.239054599,1.4940550007073168
blumeria_graminis,decision_tree,1.248313638,1.4940550007073168
blumeria_graminis,decision_tree,1.670556521,1.6326445694509806
blumeria_graminis,decision_tree,1.21224341,1.6959502541203695
blumeria_graminis,decision_tree,1.325912087,1.6959502541203695
blumeria_graminis,decision_tree,1.273001399,1.5035128331851855
blumeria_graminis,decision_tree,1.789160934,1.6959502541203695
blumeria_graminis,decision_tree,3.109295634,4.441769030254386
blumeria_graminis,decision_tree,1.199908391,1.6959502541203695
blumeria_graminis,decision_tree,1.312854167,1.6326445694509806
blumeria_graminis,decision_tree,1.177500001,2.5203331369411766
blumeria_graminis,decision_tree,1.957260414,1.6959502541203695
blumeria_graminis,decision_tree,1.431817791,1.6326445694509806
blumeria_graminis,decision_tree,1.344824841,1.4727649259054056
blumeria_graminis,decision_tree,1.19671147,1.6326445694509806
blumeria_graminis,decision_tree,1.09251436,1.4940550007073168
blumeria_graminis,decision_tree,1.245893872,3.3435806540714283
blumeria_graminis,decision_tree,1.195568981,1.6326445694509806
blumeria_graminis,decision_tree,1.075752275,1.4727649259054056
blumeria_graminis,decision_tree,1.457284446,1.4940550007073168
blumeria_graminis,decision_tree,2.890299499,1.9663420606129036
blumeria_graminis,decision_tree,1.924411354,3.2188946119999997
blumeria_graminis,decision_tree,1.180154129,1.5035128331851855
blumeria_graminis,decision_tree,1.607241022,1.4727649259054056
blumeria_graminis,decision_tree,2.275259506,1.6326445694509806
blumeria_graminis,decision_tree,1.33541314,1.6326445694509806
blumeria_graminis,decision_tree,1.296630445,2.2863037058333338
blumeria_graminis,decision_tree,1.682945121,1.4940550007073168
blumeria_graminis,decision_tree,1.230735091,1.6326445694509806
blumeria_graminis,decision_tree,1.298666677,1.9663420606129036
blumeria_graminis,decision_tree,1.516214308,1.4727649259054056
blumeria_graminis,decision_tree,1.276218294,2.2863037058333338
blumeria_graminis,decision_tree,1.384377824,1.4940550007073168
blumeria_graminis,decision_tree,2.38395236,1.4940550007073168
blumeria_graminis,decision_tree,2.112994033,1.6326445694509806
blumeria_graminis,decision_tree,1.739651179,1.9663420606129036
blumeria_graminis,decision_tree,1.309187342,1.6326445694509806
blumeria_graminis,decision_tree,3.393857949,2.2863037058333338
blumeria_graminis,decision_tree,1.504892337,1.5035128331851855
blumeria_graminis,decision_tree,1.23815383,1.4727649259054056
blumeria_graminis,decision_tree,1.425633541,1.9663420606129036
blumeria_graminis,decision_tree,1.451144803,1.6326445694509806
blumeria_graminis,decision_tree,1.468239282,1.4727649259054056
blumeria_graminis,decision_tree,1.611376461,1.8787387876923078
blumeria_graminis,decision_tree,1.18084023,1.6326445694509806
blumeria_graminis,decision_tree,2.007750502,1.8787387876923078
blumeria_graminis,decision_tree,1.268648611,1.6326445694509806
blumeria_graminis,decision_tree,1.910940074,1.4940550007073168
blumeria_graminis,decision_tree,2.735423773,1.4940550007073168
blumeria_graminis,decision_tree,1.488873596,1.5035128331851855
blumeria_graminis,decision_tree,1.483833804,1.4727649259054056
blumeria_graminis,decision_tree,1.502115379,1.4940550007073168
blumeria_graminis,decision_tree,2.45121835,1.4727649259054056
blumeria_graminis,decision_tree,1.194439857,1.5035128331851855
blumeria_graminis,decision_tree,1.424394868,1.6326445694509806
blumeria_graminis,decision_tree,1.323548827,1.4727649259054056
blumeria_graminis,decision_tree,1.199962683,1.5035128331851855
blumeria_graminis,decision_tree,1.266170724,1.4940550007073168
blumeria_graminis,decision_tree,1.385844234,1.6326445694509806
blumeria_graminis,decision_tree,1.594917668,1.6326445694509806
blumeria_graminis,decision_tree,1.188508207,1.6959502541203695
blumeria_graminis,decision_tree,1.416087092,1.6959502541203695
blumeria_graminis,decision_tree,1.450550884,1.4727649259054056
blumeria_graminis,decision_tree,1.253072067,1.6959502541203695
blumeria_graminis,decision_tree,1.431584064,1.4727649259054056
blumeria_graminis,decision_tree,1.364132813,1.6326445694509806
blumeria_graminis,decision_tree,1.235694489,1.4940550007073168
blumeria_graminis,decision_tree,1.834366315,1.6326445694509806
blumeria_graminis,decision_tree,1.278786368,1.4727649259054056
blumeria_graminis,decision_tree,2.019738746,1.6959502541203695
blumeria_graminis,decision_tree,1.883581975,1.5035128331851855
blumeria_graminis,decision_tree,1.513130744,1.6326445694509806
blumeria_graminis,decision_tree,1.17494921,1.4940550007073168
blumeria_graminis,decision_tree,1.234538962,1.6959502541203695
blumeria_graminis,decision_tree,2.146275561,1.4940550007073168
blumeria_graminis,decision_tree,2.548445612,1.4940550007073168
blumeria_graminis,decision_tree,2.91279473,1.9663420606129036
blumeria_graminis,decision_tree,1.192607622,1.6959502541203695
blumeria_graminis,decision_tree,2.18201933,1.9663420606129036
blumeria_graminis,decision_tree,1.621276748,1.5035128331851855
blumeria_graminis,decision_tree,1.218567799,1.6959502541203695
blumeria_graminis,decision_tree,1.569724829,1.6959502541203695
blumeria_graminis,decision_tree,1.571529128,1.6959502541203695
blumeria_graminis,decision_tree,1.183105356,2.2863037058333338
blumeria_graminis,decision_tree,1.760640182,1.4940550007073168
blumeria_graminis,decision_tree,1.235966649,1.6959502541203695
blumeria_graminis,decision_tree,4.564505948,3.893890447935109
blumeria_graminis,decision_tree,3.556418177,3.1781439988690474
blumeria_graminis,decision_tree,3.180000688,4.029432371869618
blumeria_graminis,decision_tree,6.589138619,3.4792175996344095
blumeria_graminis,decision_tree,4.276054141,3.4792175996344095
blumeria_graminis,decision_tree,2.534190253,3.4792175996344095
blumeria_graminis,decision_tree,3.019697482,3.7597585858446587
blumeria_graminis,decision_tree,2.411663088,3.350732652096774
blumeria_graminis,decision_tree,2.920814432,3.893890447935109
blumeria_graminis,decision_tree,2.287903953,3.350732652096774
blumeria_graminis,decision_tree,3.027663889,3.893890447935109
blumeria_graminis,decision_tree,4.157511268,3.893890447935109
blumeria_graminis,decision_tree,2.390854411,3.4792175996344095
blumeria_graminis,decision_tree,2.904034227,3.893890447935109
blumeria_graminis,decision_tree,2.791457945,3.83378464777551
blumeria_graminis,decision_tree,3.542664674,3.2090874688846154
blumeria_graminis,decision_tree,2.666662658,3.350732652096774
blumeria_graminis,decision_tree,3.418368958,3.350732652096774
blumeria_graminis,decision_tree,4.188001098,3.2090874688846154
blumeria_graminis,decision_tree,2.540939638,3.83378464777551
blumeria_graminis,decision_tree,2.930715273,3.4792175996344095
blumeria_graminis,decision_tree,2.699797776,3.2090874688846154
blumeria_graminis,decision_tree,4.493524122,3.83378464777551
blumeria_graminis,decision_tree,5.146678714,3.83378464777551
blumeria_graminis,decision_tree,2.410529842,3.2090874688846154
blumeria_graminis,decision_tree,4.008990408,3.4792175996344095
blumeria_graminis,decision_tree,4.008608582,3.83378464777551
blumeria_graminis,decision_tree,3.891826181,3.350732652096774
blumeria_graminis,decision_tree,2.979570497,3.893890447935109
blumeria_graminis,decision_tree,2.721315015,3.2090874688846154
blumeria_graminis,decision_tree,2.629762575,3.893890447935109
blumeria_graminis,decision_tree,2.860550558,3.7597585858446587
blumeria_graminis,decision_tree,4.062468799,3.2090874688846154
blumeria_graminis,decision_tree,4.848314026,3.1781439988690474
blumeria_graminis,decision_tree,4.112070774,3.2090874688846154
blumeria_graminis,decision_tree,3.246044365,4.365899350238708
blumeria_graminis,decision_tree,3.682047913,3.4792175996344095
blumeria_graminis,decision_tree,4.469646647,3.350732652096774
blumeria_graminis,decision_tree,3.447599585,4.029432371869618
blumeria_graminis,decision_tree,3.239698053,3.4792175996344095
blumeria_graminis,decision_tree,3.85304031,3.893890447935109
blumeria_graminis,decision_tree,3.069274663,1.4940550007073168
blumeria_graminis,decision_tree,2.872516237,3.1781439988690474
blumeria_graminis,decision_tree,3.543755695,3.2090874688846154
blumeria_graminis,decision_tree,2.85595884,4.365899350238708
blumeria_graminis,decision_tree,3.555119352,3.4792175996344095
blumeria_graminis,decision_tree,3.30976685,3.893890447935109
blumeria_graminis,decision_tree,3.043052785,3.83378464777551
blumeria_graminis,decision_tree,3.741443185,3.4792175996344095
blumeria_graminis,decision_tree,3.928411229,3.802292668031746
blumeria_graminis,decision_tree,4.590927718,3.893890447935109
blumeria_graminis,decision_tree,3.655174103,3.4792175996344095
blumeria_graminis,decision_tree,2.906454968,3.2090874688846154
blumeria_graminis,decision_tree,3.097001974,3.4792175996344095
blumeria_graminis,decision_tree,2.798874784,3.350732652096774
blumeria_graminis,decision_tree,4.406218731,3.2090874688846154
blumeria_graminis,decision_tree,3.433186966,3.3435806540714283
blumeria_graminis,decision_tree,3.684065586,3.4792175996344095
blumeria_graminis,decision_tree,2.975448722,3.2090874688846154
blumeria_graminis,decision_tree,4.145771488,4.029432371869618
blumeria_graminis,decision_tree,4.962126692,3.4792175996344095
blumeria_graminis,decision_tree,5.063516056,3.7597585858446587
blumeria_graminis,decision_tree,4.24409059,3.2090874688846154
blumeria_graminis,decision_tree,3.149025161,3.2090874688846154
blumeria_graminis,decision_tree,3.032712489,3.893890447935109
blumeria_graminis,decision_tree,3.889121027,3.4792175996344095
blumeria_graminis,decision_tree,4.028138475,4.035181042690069
blumeria_graminis,decision_tree,4.505033293,3.2090874688846154
blumeria_graminis,decision_tree,3.107990383,4.059056419857141
blumeria_graminis,decision_tree,3.428772966,3.2090874688846154
blumeria_graminis,decision_tree,3.160942868,3.893890447935109
blumeria_graminis,decision_tree,2.447616775,3.893890447935109
blumeria_graminis,decision_tree,3.004071277,4.029432371869618
blumeria_graminis,decision_tree,4.290238698,3.7597585858446587
blumeria_graminis,decision_tree,4.263476721,3.2090874688846154
blumeria_graminis,decision_tree,2.961706458,3.4792175996344095
blumeria_graminis,decision_tree,4.157007598,3.350732652096774
blumeria_graminis,decision_tree,3.442248818,3.7597585858446587
blumeria_graminis,decision_tree,4.295626453,3.1781439988690474
blumeria_graminis,decision_tree,4.521787881,3.2090874688846154
blumeria_graminis,decision_tree,1.980491283,3.893890447935109
blumeria_graminis,decision_tree,3.194400545,3.893890447935109
blumeria_graminis,decision_tree,3.903138775,3.893890447935109
blumeria_graminis,decision_tree,3.022576062,3.802292668031746
blumeria_graminis,decision_tree,4.367614723,3.4792175996344095
blumeria_graminis,decision_tree,3.472011705,4.059056419857141
blumeria_graminis,decision_tree,3.717066553,3.4792175996344095
blumeria_graminis,decision_tree,2.873965832,3.350732652096774
blumeria_graminis,decision_tree,3.279381497,3.7597585858446587
blumeria_graminis,decision_tree,2.661315957,3.1781439988690474
blumeria_graminis,decision_tree,3.150697043,3.893890447935109
blumeria_graminis,decision_tree,3.426235627,3.7597585858446587
blumeria_graminis,decision_tree,4.268562575,3.893890447935109
blumeria_graminis,decision_tree,3.540086341,3.350732652096774
blumeria_graminis,decision_tree,2.845898934,3.4792175996344095
blumeria_graminis,decision_tree,3.049252072,3.350732652096774
blumeria_graminis,decision_tree,3.400882727,3.7597585858446587
blumeria_graminis,decision_tree,3.683867214,3.83378464777551
blumeria_graminis,decision_tree,3.634671231,3.2090874688846154
blumeria_graminis,decision_tree,2.27943587,3.350732652096774
blumeria_graminis,decision_tree,2.704987972,3.4792175996344095
blumeria_graminis,decision_tree,3.416915262,3.83378464777551
blumeria_graminis,decision_tree,3.328202772,3.7597585858446587
blumeria_graminis,decision_tree,2.756426229,3.893890447935109
blumeria_graminis,decision_tree,3.637625031,3.7597585858446587
blumeria_graminis,decision_tree,3.429806456,3.7597585858446587
blumeria_graminis,decision_tree,3.545213946,3.4792175996344095
blumeria_graminis,decision_tree,3.184426594,3.350732652096774
blumeria_graminis,decision_tree,3.458869061,3.4792175996344095
blumeria_graminis,decision_tree,2.989321031,3.893890447935109
blumeria_graminis,decision_tree,3.658455994,4.059056419857141
blumeria_graminis,decision_tree,2.351764217,1.4727649259054056
blumeria_graminis,decision_tree,3.239734038,3.7597585858446587
blumeria_graminis,decision_tree,3.412612816,3.1781439988690474
blumeria_graminis,decision_tree,3.758961177,3.7597585858446587
blumeria_graminis,decision_tree,3.64693133,3.893890447935109
blumeria_graminis,decision_tree,4.425828633,4.059056419857141
blumeria_graminis,decision_tree,4.636268046,3.2090874688846154
blumeria_graminis,decision_tree,4.272345892,3.2090874688846154
blumeria_graminis,decision_tree,3.172735051,3.893890447935109
blumeria_graminis,decision_tree,3.949681236,4.059056419857141
blumeria_graminis,decision_tree,2.785514466,3.802292668031746
blumeria_graminis,decision_tree,2.553140951,3.350732652096774
blumeria_graminis,decision_tree,2.045791317,1.4940550007073168
blumeria_graminis,decision_tree,3.012701172,3.1781439988690474
blumeria_graminis,decision_tree,3.493796248,3.2090874688846154
blumeria_graminis,decision_tree,3.594167986,3.350732652096774
blumeria_graminis,decision_tree,4.135491211,3.2090874688846154
blumeria_graminis,decision_tree,3.785544967,3.893890447935109
blumeria_graminis,decision_tree,3.029052143,3.4792175996344095
blumeria_graminis,decision_tree,3.368255205,3.7597585858446587
blumeria_graminis,decision_tree,4.306653911,4.059056419857141
blumeria_graminis,decision_tree,3.785167304,3.350732652096774
blumeria_graminis,decision_tree,3.639007752,4.059056419857141
blumeria_graminis,decision_tree,3.456843562,3.2090874688846154
blumeria_graminis,decision_tree,4.147701114,3.2090874688846154
blumeria_graminis,decision_tree,2.446781946,1.4940550007073168
blumeria_graminis,decision_tree,2.909312189,3.893890447935109
blumeria_graminis,decision_tree,2.494668195,3.802292668031746
blumeria_graminis,decision_tree,4.053919174,3.1781439988690474
blumeria_graminis,decision_tree,4.641373898,3.2090874688846154
blumeria_graminis,decision_tree,4.233338983,3.7597585858446587
blumeria_graminis,decision_tree,2.681197233,3.893890447935109
blumeria_graminis,decision_tree,2.681340092,3.4792175996344095
blumeria_graminis,decision_tree,3.350652113,3.4792175996344095
blumeria_graminis,decision_tree,3.538647045,3.893890447935109
blumeria_graminis,decision_tree,2.862047713,3.4792175996344095
blumeria_graminis,decision_tree,3.946302219,3.893890447935109
blumeria_graminis,decision_tree,3.011278457,3.7597585858446587
blumeria_graminis,decision_tree,2.529239907,3.3435806540714283
blumeria_graminis,decision_tree,3.841334897,3.4792175996344095
blumeria_graminis,decision_tree,3.228487904,3.2090874688846154
blumeria_graminis,decision_tree,2.658916003,3.350732652096774
blumeria_graminis,decision_tree,3.151626716,4.059056419857141
blumeria_graminis,decision_tree,3.283427369,3.7597585858446587
blumeria_graminis,decision_tree,3.789334106,3.2090874688846154
blumeria_graminis,decision_tree,3.796669747,3.4792175996344095
blumeria_graminis,decision_tree,2.791675033,3.350732652096774
blumeria_graminis,decision_tree,3.014089299,4.516715947040403
blumeria_graminis,decision_tree,3.252486318,3.2090874688846154
blumeria_graminis,decision_tree,2.5721814,3.1781439988690474
blumeria_graminis,decision_tree,2.204087133,3.893890447935109
blumeria_graminis,decision_tree,2.672992823,3.350732652096774
blumeria_graminis,decision_tree,4.604826501,3.4792175996344095
blumeria_graminis,decision_tree,2.175609019,3.893890447935109
blumeria_graminis,decision_tree,2.606679475,3.2090874688846154
blumeria_graminis,decision_tree,2.480321934,3.350732652096774
blumeria_graminis,decision_tree,2.593974221,3.1781439988690474
blumeria_graminis,decision_tree,2.162478728,3.893890447935109
blumeria_graminis,decision_tree,3.227683402,3.2090874688846154
blumeria_graminis,decision_tree,5.257224227,3.893890447935109
blumeria_graminis,decision_tree,4.658690624,4.516715947040403
blumeria_graminis,decision_tree,5.058437263,4.786323440333334
blumeria_graminis,decision_tree,4.193726931,4.040961684535714
blumeria_graminis,decision_tree,3.83227834,4.786323440333334
blumeria_graminis,decision_tree,4.650309925,4.3760756668431355
blumeria_graminis,decision_tree,3.606162525,4.3760756668431355
blumeria_graminis,decision_tree,3.100924054,4.059056419857141
blumeria_graminis,decision_tree,3.31137996,4.059056419857141
blumeria_graminis,decision_tree,4.977813317,4.059056419857141
blumeria_graminis,decision_tree,4.427159955,4.516715947040403
blumeria_graminis,decision_tree,3.529045416,4.059056419857141
blumeria_graminis,decision_tree,3.783676765,4.059056419857141
blumeria_graminis,decision_tree,6.783789402,4.067028461650001
blumeria_graminis,decision_tree,1.72188989,1.9663420606129036
blumeria_graminis,decision_tree,3.043797092,3.6258112054615377
blumeria_graminis,decision_tree,3.722045809,2.8115210050909094
blumeria_graminis,decision_tree,4.23536422,4.4237510259583335
blumeria_graminis,decision_tree,4.290764957,4.365899350238708
blumeria_graminis,decision_tree,2.984318562,3.1781439988690474
blumeria_graminis,decision_tree,4.3866521,4.516715947040403
blumeria_graminis,decision_tree,5.337324402,3.3435806540714283
blumeria_graminis,decision_tree,3.87655913,4.040961684535714
blumeria_graminis,decision_tree,5.933277057,4.059056419857141
blumeria_graminis,decision_tree,5.89991457,4.630196733661538
blumeria_graminis,decision_tree,5.88349109,4.516715947040403
blumeria_graminis,decision_tree,4.385962468,4.365899350238708
blumeria_graminis,decision_tree,4.34240292,4.035181042690069
blumeria_graminis,decision_tree,4.675377199,4.365899350238708
blumeria_graminis,decision_tree,2.981498306,3.893890447935109
blumeria_graminis,decision_tree,3.846017812,3.3435806540714283
blumeria_graminis,decision_tree,4.896727372,4.426194256794595
blumeria_graminis,decision_tree,3.698828362,4.4237510259583335
blumeria_graminis,decision_tree,2.837618486,4.516715947040403
blumeria_graminis,decision_tree,3.140009536,3.893890447935109
blumeria_graminis,decision_tree,4.205556563,3.893890447935109
blumeria_graminis,decision_tree,4.110451642,3.893890447935109
blumeria_graminis,decision_tree,4.471026716,4.365899350238708
blumeria_graminis,decision_tree,4.398478495,3.893890447935109
blumeria_graminis,decision_tree,4.505945818,4.029432371869618
blumeria_graminis,decision_tree,2.77712455,4.0229701322484095
blumeria_graminis,decision_tree,5.472366993,4.4237510259583335
blumeria_graminis,decision_tree,2.426397308,4.0229701322484095
blumeria_graminis,decision_tree,4.002508029,4.040961684535714
blumeria_graminis,decision_tree,4.019140308,4.516715947040403
blumeria_graminis,decision_tree,5.015633914,4.4237510259583335
blumeria_graminis,decision_tree,3.059442559,4.059056419857141
blumeria_graminis,decision_tree,3.615430717,3.6258112054615377
blumeria_graminis,decision_tree,3.808117529,3.893890447935109
blumeria_graminis,decision_tree,4.220613878,4.029432371869618
blumeria_graminis,decision_tree,3.327399942,4.035181042690069
blumeria_graminis,decision_tree,4.438366136,4.3760756668431355
blumeria_graminis,decision_tree,3.423200647,4.426194256794595
blumeria_graminis,decision_tree,4.102691645,4.059056419857141
blumeria_graminis,decision_tree,4.262336389,4.059056419857141
blumeria_graminis,decision_tree,4.462897806,4.035181042690069
blumeria_graminis,decision_tree,4.50671033,4.059056419857141
blumeria_graminis,decision_tree,4.612852176,4.426194256794595
blumeria_graminis,decision_tree,4.223745685,4.067028461650001
blumeria_graminis,decision_tree,4.907772242,4.059056419857141
blumeria_graminis,decision_tree,4.521578663,4.4237510259583335
blumeria_graminis,decision_tree,3.108863115,3.7227598529130437
blumeria_graminis,decision_tree,4.127661936,4.067028461650001
blumeria_graminis,decision_tree,4.80815216,4.516715947040403
blumeria_graminis,decision_tree,4.547944294,4.426194256794595
blumeria_graminis,decision_tree,3.955554329,4.365899350238708
blumeria_graminis,decision_tree,4.14426247,4.035181042690069
blumeria_graminis,decision_tree,2.445808577,3.893890447935109
blumeria_graminis,decision_tree,4.035274245,4.067028461650001
blumeria_graminis,decision_tree,2.872589198,4.059056419857141
blumeria_graminis,decision_tree,4.808844585,4.067028461650001
blumeria_graminis,decision_tree,4.202214152,4.3760756668431355
blumeria_graminis,decision_tree,3.68544338,4.426194256794595
blumeria_graminis,decision_tree,3.206817275,4.059056419857141
blumeria_graminis,decision_tree,1.316526234,4.040961684535714
blumeria_graminis,decision_tree,5.32297995,4.4237510259583335
blumeria_graminis,decision_tree,4.790679092,4.630196733661538
blumeria_graminis,decision_tree,3.133040489,4.365899350238708
blumeria_graminis,decision_tree,2.589397338,4.4237510259583335
blumeria_graminis,decision_tree,3.809839372,4.516715947040403
blumeria_graminis,decision_tree,3.212470436,3.1781439988690474
blumeria_graminis,decision_tree,4.874351216,4.029432371869618
blumeria_graminis,decision_tree,4.825596813,3.893890447935109
blumeria_graminis,decision_tree,3.198514563,3.893890447935109
blumeria_graminis,decision_tree,5.421395854,4.067028461650001
blumeria_graminis,decision_tree,2.892750152,2.9646149962727275
blumeria_graminis,decision_tree,4.592522799,4.029432371869618
blumeria_graminis,decision_tree,3.84236037,4.4237510259583335
blumeria_graminis,decision_tree,2.684293347,4.029432371869618
blumeria_graminis,decision_tree,3.888140358,4.4237510259583335
blumeria_graminis,decision_tree,2.278679185,4.059056419857141
blumeria_graminis,decision_tree,4.111821098,4.426194256794595
blumeria_graminis,decision_tree,6.301205105,4.516715947040403
blumeria_graminis,decision_tree,4.910084379,4.4237510259583335
blumeria_graminis,decision_tree,3.659228408,4.029432371869618
blumeria_graminis,decision_tree,4.543352862,4.067028461650001
blumeria_graminis,decision_tree,3.172507983,4.441769030254386
blumeria_graminis,decision_tree,5.009628539,4.365899350238708
blumeria_graminis,decision_tree,4.850060637,4.038174750095238
blumeria_graminis,decision_tree,3.910036696,4.4237510259583335
blumeria_graminis,decision_tree,5.661886978,4.059056419857141
blumeria_graminis,decision_tree,3.836782413,3.6258112054615377
blumeria_graminis,decision_tree,4.050657305,4.3760756668431355
blumeria_graminis,decision_tree,3.187221607,3.1781439988690474
blumeria_graminis,decision_tree,3.651880155,4.029432371869618
blumeria_graminis,decision_tree,3.44469146,3.6258112054615377
blumeria_graminis,decision_tree,3.182503062,4.441769030254386
blumeria_graminis,decision_tree,5.409569142,3.893890447935109
blumeria_graminis,decision_tree,4.649484742,4.4237510259583335
blumeria_graminis,decision_tree,3.816267738,4.3760756668431355
blumeria_graminis,decision_tree,6.225613057,4.067028461650001
blumeria_graminis,decision_tree,3.291470209,3.893890447935109
blumeria_graminis,decision_tree,3.358712446,4.4237510259583335
blumeria_graminis,decision_tree,3.511842721,3.893890447935109
blumeria_graminis,decision_tree,3.267604963,2.9646149962727275
blumeria_graminis,decision_tree,5.618688592,4.441769030254386
blumeria_graminis,decision_tree,4.422295665,4.035181042690069
blumeria_graminis,decision_tree,2.473112519,1.6959502541203695
blumeria_graminis,decision_tree,4.376537544,4.067028461650001
blumeria_graminis,decision_tree,3.720439024,4.0229701322484095
blumeria_graminis,decision_tree,3.372753117,4.029432371869618
blumeria_graminis,decision_tree,3.96233861,4.3760756668431355
blumeria_graminis,decision_tree,4.735057511,3.7227598529130437
blumeria_graminis,decision_tree,3.983885653,4.040961684535714
blumeria_graminis,decision_tree,4.321173794,4.067028461650001
blumeria_graminis,decision_tree,4.770752699,4.516715947040403
blumeria_graminis,decision_tree,5.143586806,4.441769030254386
blumeria_graminis,decision_tree,4.530680852,4.516715947040403
blumeria_graminis,decision_tree,4.043679662,4.365899350238708
blumeria_graminis,decision_tree,3.489522481,4.059056419857141
blumeria_graminis,decision_tree,4.601631326,4.059056419857141
blumeria_graminis,decision_tree,4.024574639,4.516715947040403
blumeria_graminis,decision_tree,5.236225652,4.516715947040403
blumeria_graminis,decision_tree,2.522042127,4.365899350238708
blumeria_graminis,decision_tree,3.853910452,4.426194256794595
blumeria_graminis,decision_tree,3.558781016,3.893890447935109
blumeria_graminis,decision_tree,4.938299021,4.067028461650001
blumeria_graminis,decision_tree,4.125145135,4.426194256794595
blumeria_graminis,decision_tree,4.024236296,4.426194256794595
blumeria_graminis,decision_tree,4.073491322,4.040961684535714
blumeria_graminis,decision_tree,5.837107993,4.035181042690069
blumeria_graminis,decision_tree,4.778856643,4.059056419857141
blumeria_graminis,decision_tree,3.411237625,4.067028461650001
blumeria_graminis,decision_tree,3.665090276,4.029432371869618
blumeria_graminis,decision_tree,3.825702693,4.059056419857141
blumeria_graminis,decision_tree,3.91817307,4.3760756668431355
blumeria_graminis,decision_tree,4.242019861,4.365899350238708
blumeria_graminis,decision_tree,4.516213003,4.059056419857141
blumeria_graminis,decision_tree,4.226698287,4.038174750095238
blumeria_graminis,decision_tree,4.408071506,4.059056419857141
blumeria_graminis,decision_tree,5.237206111,4.426194256794595
blumeria_graminis,decision_tree,3.350073339,3.893890447935109
blumeria_graminis,decision_tree,5.10572123,4.365899350238708
blumeria_graminis,decision_tree,2.260962592,3.893890447935109
blumeria_graminis,decision_tree,4.110758686,4.035181042690069
blumeria_graminis,decision_tree,4.798073378,4.516715947040403
blumeria_graminis,decision_tree,4.959153868,4.067028461650001
blumeria_graminis,decision_tree,3.641454816,4.029432371869618
blumeria_graminis,decision_tree,4.141635804,4.365899350238708
blumeria_graminis,decision_tree,4.86279032,3.893890447935109
blumeria_graminis,decision_tree,4.216600178,4.516715947040403
blumeria_graminis,decision_tree,3.849773986,4.029432371869618
blumeria_graminis,decision_tree,4.956999528,4.029432371869618
blumeria_graminis,decision_tree,2.440978639,4.029432371869618
blumeria_graminis,decision_tree,4.702881793,4.426194256794595
blumeria_graminis,decision_tree,4.554219439,4.035181042690069
blumeria_graminis,decision_tree,3.253718608,4.059056419857141
blumeria_graminis,decision_tree,4.467081127,4.426194256794595
blumeria_graminis,decision_tree,3.569373326,4.4237510259583335
blumeria_graminis,decision_tree,6.097746394,3.893890447935109
blumeria_graminis,decision_tree,5.392107042,4.0229701322484095
blumeria_graminis,decision_tree,4.427849306,3.6258112054615377
blumeria_graminis,decision_tree,3.84279713,4.035181042690069
blumeria_graminis,decision_tree,3.260197683,4.029432371869618
blumeria_graminis,decision_tree,3.570921944,4.4237510259583335
blumeria_graminis,decision_tree,4.706338199,4.365899350238708
blumeria_graminis,decision_tree,4.133519633,4.029432371869618
blumeria_graminis,decision_tree,4.826196289,4.365899350238708
blumeria_graminis,decision_tree,4.355886165,4.035181042690069
blumeria_graminis,decision_tree,3.956880334,3.893890447935109
blumeria_graminis,decision_tree,5.260171874,4.059056419857141
blumeria_graminis,decision_tree,3.644976323,3.893890447935109
blumeria_graminis,decision_tree,5.675513712,4.3760756668431355
blumeria_graminis,decision_tree,5.53101205,4.426194256794595
blumeria_graminis,decision_tree,4.393923556,4.516715947040403
blumeria_graminis,decision_tree,4.355963781,4.067028461650001
blumeria_graminis,decision_tree,2.538144792,4.4237510259583335
blumeria_graminis,decision_tree,4.815350645,4.365899350238708
blumeria_graminis,decision_tree,4.449596248,4.426194256794595
blumeria_graminis,decision_tree,4.179388227,4.0229701322484095
blumeria_graminis,decision_tree,4.167315222,4.035181042690069
blumeria_graminis,decision_tree,5.372524213,4.040961684535714
blumeria_graminis,decision_tree,4.231502172,4.059056419857141
blumeria_graminis,decision_tree,4.90477488,4.365899350238708
blumeria_graminis,decision_tree,4.845521707,4.4237510259583335
blumeria_graminis,decision_tree,4.026336417,3.893890447935109
blumeria_graminis,decision_tree,2.660645523,4.0229701322484095
blumeria_graminis,decision_tree,3.346839531,4.038174750095238
blumeria_graminis,decision_tree,4.220619255,4.4237510259583335
blumeria_graminis,decision_tree,4.716208531,4.059056419857141
blumeria_graminis,decision_tree,4.630099604,4.067028461650001
blumeria_graminis,decision_tree,3.426240215,4.067028461650001
blumeria_graminis,decision_tree,2.81102902,4.365899350238708
blumeria_graminis,decision_tree,3.50149357,3.893890447935109
blumeria_graminis,decision_tree,4.348562936,3.7597585858446587
blumeria_graminis,decision_tree,3.646960045,4.040961684535714
blumeria_graminis,decision_tree,2.448063444,3.893890447935109
blumeria_graminis,decision_tree,5.300520045,4.029432371869618
blumeria_graminis,decision_tree,3.986582557,4.059056419857141
blumeria_graminis,decision_tree,3.893447874,4.059056419857141
blumeria_graminis,decision_tree,4.336290184,4.029432371869618
blumeria_graminis,decision_tree,4.317294748,4.029432371869618
blumeria_graminis,decision_tree,4.557154459,3.1781439988690474
blumeria_graminis,decision_tree,3.233179976,3.6258112054615377
blumeria_graminis,decision_tree,3.142372722,4.067028461650001
blumeria_graminis,decision_tree,3.234102553,3.6512057902499997
blumeria_graminis,decision_tree,4.449691489,4.516715947040403
blumeria_graminis,decision_tree,3.867291291,4.3760756668431355
blumeria_graminis,decision_tree,2.79413729,4.0229701322484095
blumeria_graminis,decision_tree,4.40435114,4.035181042690069
blumeria_graminis,decision_tree,3.271024069,2.2863037058333338
blumeria_graminis,decision_tree,4.201435819,4.426194256794595
blumeria_graminis,decision_tree,4.80463112,4.029432371869618
blumeria_graminis,decision_tree,3.532907492,4.365899350238708
blumeria_graminis,decision_tree,3.631286016,3.802292668031746
blumeria_graminis,decision_tree,2.477673493,3.3435806540714283
blumeria_graminis,decision_tree,4.13546807,4.4237510259583335
blumeria_graminis,decision_tree,3.772246592,3.893890447935109
blumeria_graminis,decision_tree,3.050776096,3.802292668031746
blumeria_graminis,decision_tree,5.534791148,4.059056419857141
blumeria_graminis,decision_tree,4.451547648,4.516715947040403
blumeria_graminis,decision_tree,3.997291665,3.893890447935109
blumeria_graminis,decision_tree,3.32836914,4.059056419857141
blumeria_graminis,decision_tree,4.478395922,3.3435806540714283
blumeria_graminis,decision_tree,4.754708489,4.059056419857141
blumeria_graminis,decision_tree,1.70233291,4.426194256794595
blumeria_graminis,decision_tree,4.137604427,3.3435806540714283
blumeria_graminis,decision_tree,4.392161166,3.893890447935109
blumeria_graminis,decision_tree,1.955866093,4.426194256794595
blumeria_graminis,decision_tree,4.722269459,4.035181042690069
blumeria_graminis,decision_tree,2.734304778,3.3435806540714283
blumeria_graminis,decision_tree,2.949331181,4.059056419857141
blumeria_graminis,decision_tree,5.688562708,4.029432371869618
blumeria_graminis,decision_tree,4.851811167,5.957334295750001
blumeria_graminis,decision_tree,4.569751205,4.059056419857141
blumeria_graminis,decision_tree,2.949877825,4.516715947040403
blumeria_graminis,decision_tree,3.101476517,4.067028461650001
blumeria_graminis,decision_tree,4.177878372,4.067028461650001
blumeria_graminis,decision_tree,2.875922437,4.029432371869618
blumeria_graminis,decision_tree,4.122794964,4.067028461650001
blumeria_graminis,decision_tree,4.616040819,3.893890447935109
blumeria_graminis,decision_tree,2.891870258,1.6326445694509806
blumeria_graminis,decision_tree,2.111914299,2.897371464272727
blumeria_graminis,decision_tree,2.692208952,1.9663420606129036
blumeria_graminis,decision_tree,3.181936661,1.9663420606129036
blumeria_graminis,decision_tree,6.382031613,4.029432371869618
blumeria_graminis,decision_tree,4.282237152,4.067028461650001
blumeria_graminis,decision_tree,3.714908705,4.029432371869618
blumeria_graminis,decision_tree,4.415496498,4.4237510259583335
blumeria_graminis,decision_tree,3.768961456,4.059056419857141
blumeria_graminis,decision_tree,3.737782353,4.059056419857141
blumeria_graminis,decision_tree,4.15173181,4.365899350238708
blumeria_graminis,decision_tree,3.693106282,3.7227598529130437
blumeria_graminis,decision_tree,2.688979987,4.067028461650001
blumeria_graminis,decision_tree,3.992654485,4.4237510259583335
blumeria_graminis,decision_tree,2.8549377,3.1781439988690474
blumeria_graminis,decision_tree,1.378409492,4.029432371869618
blumeria_graminis,decision_tree,5.122061688,4.029432371869618
blumeria_graminis,decision_tree,5.155437394,4.426194256794595
blumeria_graminis,decision_tree,3.720142706,4.365899350238708
blumeria_graminis,decision_tree,5.874003613,3.893890447935109
blumeria_graminis,decision_tree,3.978383705,4.3760756668431355
blumeria_graminis,decision_tree,5.310099244,4.0229701322484095
blumeria_graminis,decision_tree,4.225593161,4.035181042690069
blumeria_graminis,decision_tree,4.588819157,4.441769030254386
blumeria_graminis,decision_tree,3.307801401,4.029432371869618
blumeria_graminis,decision_tree,5.274935231,4.029432371869618
blumeria_graminis,decision_tree,4.581761662,4.365899350238708
blumeria_graminis,decision_tree,3.784649858,4.067028461650001
blumeria_graminis,decision_tree,2.75391404,4.029432371869618
blumeria_graminis,decision_tree,4.400475554,4.038174750095238
blumeria_graminis,decision_tree,3.451219525,4.035181042690069
blumeria_graminis,decision_tree,2.99784099,4.038174750095238
blumeria_graminis,decision_tree,2.901250076,4.059056419857141
blumeria_graminis,decision_tree,3.546352625,4.426194256794595
blumeria_graminis,decision_tree,4.167944505,3.802292668031746
blumeria_graminis,decision_tree,4.845170757,4.059056419857141
blumeria_graminis,decision_tree,4.269036478,4.059056419857141
blumeria_graminis,decision_tree,4.662446828,4.630196733661538
blumeria_graminis,decision_tree,2.941978655,4.059056419857141
blumeria_graminis,decision_tree,3.855978145,4.059056419857141
blumeria_graminis,decision_tree,4.103741363,4.516715947040403
blumeria_graminis,decision_tree,3.927403393,4.059056419857141
blumeria_graminis,decision_tree,3.488888168,4.059056419857141
blumeria_graminis,decision_tree,5.264730973,4.029432371869618
blumeria_graminis,decision_tree,4.146731987,3.802292668031746
blumeria_graminis,decision_tree,4.415234402,4.516715947040403
blumeria_graminis,decision_tree,5.227753998,4.067028461650001
blumeria_graminis,decision_tree,4.951180855,4.516715947040403
blumeria_graminis,decision_tree,3.242313383,4.426194256794595
blumeria_graminis,decision_tree,3.581391962,4.786323440333334
blumeria_graminis,decision_tree,4.779757073,4.059056419857141
blumeria_graminis,decision_tree,3.789186141,4.029432371869618
blumeria_graminis,decision_tree,3.452819481,4.059056419857141
blumeria_graminis,decision_tree,3.822506018,4.786323440333334
blumeria_graminis,decision_tree,4.48963065,4.040961684535714
blumeria_graminis,decision_tree,1.764133912,3.893890447935109
blumeria_graminis,decision_tree,4.166039527,4.059056419857141
blumeria_graminis,decision_tree,5.456378574,4.630196733661538
blumeria_graminis,decision_tree,1.511216651,1.8787387876923078
blumeria_graminis,decision_tree,3.274252656,4.035181042690069
blumeria_graminis,decision_tree,2.948178444,4.035181042690069
blumeria_graminis,decision_tree,4.152561375,4.630196733661538
blumeria_graminis,decision_tree,4.644183662,4.0229701322484095
blumeria_graminis,decision_tree,4.754428706,4.029432371869618
blumeria_graminis,decision_tree,4.460732122,3.893890447935109
blumeria_graminis,decision_tree,3.783403222,3.7227598529130437
blumeria_graminis,decision_tree,4.78870537,4.441769030254386
blumeria_graminis,decision_tree,4.235566032,4.426194256794595
blumeria_graminis,decision_tree,2.506675145,4.059056419857141
blumeria_graminis,decision_tree,3.895082023,3.350732652096774
blumeria_graminis,decision_tree,3.648182618,4.029432371869618
blumeria_graminis,decision_tree,5.195142192,4.059056419857141
blumeria_graminis,decision_tree,5.857579768,4.516715947040403
blumeria_graminis,decision_tree,4.712397423,4.0229701322484095
blumeria_graminis,decision_tree,3.58122687,4.035181042690069
blumeria_graminis,decision_tree,3.36186509,3.1781439988690474
blumeria_graminis,decision_tree,3.152762989,4.040961684535714
blumeria_graminis,decision_tree,3.27484881,3.6512057902499997
blumeria_graminis,decision_tree,4.613429446,4.029432371869618
blumeria_graminis,decision_tree,3.302955327,3.893890447935109
blumeria_graminis,decision_tree,4.040670396,4.426194256794595
blumeria_graminis,decision_tree,4.612095765,4.426194256794595
blumeria_graminis,decision_tree,3.977859626,4.426194256794595
blumeria_graminis,decision_tree,4.13605548,4.4237510259583335
blumeria_graminis,decision_tree,3.942556938,4.365899350238708
blumeria_graminis,decision_tree,4.190644421,4.441769030254386
blumeria_graminis,decision_tree,4.599376755,4.3760756668431355
blumeria_graminis,decision_tree,4.019428768,4.0229701322484095
blumeria_graminis,decision_tree,2.376037436,4.4237510259583335
blumeria_graminis,decision_tree,3.656548376,4.040961684535714
blumeria_graminis,decision_tree,4.239869618,4.4237510259583335
blumeria_graminis,decision_tree,2.950422709,4.035181042690069
blumeria_graminis,decision_tree,4.41929205,2.5203331369411766
blumeria_graminis,decision_tree,3.613731844,4.4237510259583335
blumeria_graminis,decision_tree,3.948674204,4.0229701322484095
blumeria_graminis,decision_tree,3.267134764,2.8115210050909094
blumeria_graminis,decision_tree,3.730007541,4.4237510259583335
blumeria_graminis,decision_tree,4.253975037,3.1781439988690474
blumeria_graminis,decision_tree,3.623478316,4.4237510259583335
blumeria_graminis,decision_tree,3.885879862,4.029432371869618
blumeria_graminis,decision_tree,3.794351277,3.3435806540714283
blumeria_graminis,decision_tree,3.618311066,4.516715947040403
blumeria_graminis,decision_tree,2.420042814,4.035181042690069
blumeria_graminis,decision_tree,3.53487142,4.426194256794595
blumeria_graminis,decision_tree,4.713959622,4.3760756668431355
blumeria_graminis,decision_tree,4.127095218,4.4237510259583335
blumeria_graminis,decision_tree,3.3767252,4.035181042690069
blumeria_graminis,decision_tree,3.65911629,4.3760756668431355
blumeria_graminis,decision_tree,3.915426952,3.893890447935109
blumeria_graminis,decision_tree,5.953092094,4.630196733661538
blumeria_graminis,decision_tree,3.211985757,4.035181042690069
blumeria_graminis,decision_tree,4.359206162,4.067028461650001
blumeria_graminis,decision_tree,4.268787503,4.059056419857141
blumeria_graminis,decision_tree,4.348575639,4.035181042690069
blumeria_graminis,decision_tree,4.739567057,4.4237510259583335
blumeria_graminis,decision_tree,5.348289052,4.040961684535714
blumeria_graminis,decision_tree,4.569255449,4.0229701322484095
blumeria_graminis,decision_tree,5.016286424,4.0229701322484095
blumeria_graminis,decision_tree,4.261425807,3.893890447935109
blumeria_graminis,decision_tree,3.82509917,3.3435806540714283
blumeria_graminis,decision_tree,3.48173721,2.897371464272727
blumeria_graminis,decision_tree,4.181554228,4.0229701322484095
blumeria_graminis,decision_tree,3.931179341,3.1781439988690474
blumeria_graminis,decision_tree,3.52939646,4.035181042690069
blumeria_graminis,decision_tree,4.797323453,5.957334295750001
blumeria_graminis,decision_tree,2.674061693,4.426194256794595
blumeria_graminis,decision_tree,4.695344887,4.038174750095238
blumeria_graminis,decision_tree,5.106326175,4.4237510259583335
blumeria_graminis,decision_tree,4.539577153,4.426194256794595
blumeria_graminis,decision_tree,5.094612275,4.365899350238708
blumeria_graminis,decision_tree,3.459095167,4.059056419857141
blumeria_graminis,decision_tree,3.958834789,4.035181042690069
blumeria_graminis,decision_tree,3.965129928,4.4237510259583335
blumeria_graminis,decision_tree,4.046867252,4.516715947040403
blumeria_graminis,decision_tree,3.498437063,4.4237510259583335
blumeria_graminis,decision_tree,3.024222557,3.6258112054615377
blumeria_graminis,decision_tree,3.752366795,4.035181042690069
blumeria_graminis,decision_tree,3.136303836,4.029432371869618
blumeria_graminis,decision_tree,3.66246826,4.035181042690069
blumeria_graminis,decision_tree,4.565214057,4.365899350238708
blumeria_graminis,decision_tree,4.429721865,3.4792175996344095
blumeria_graminis,decision_tree,3.339296547,4.4237510259583335
blumeria_graminis,decision_tree,4.657620487,4.4237510259583335
blumeria_graminis,decision_tree,4.335747748,4.059056419857141
blumeria_graminis,decision_tree,3.725854383,3.893890447935109
blumeria_graminis,decision_tree,4.620832885,3.7227598529130437
blumeria_graminis,decision_tree,3.307611388,2.9646149962727275
blumeria_graminis,decision_tree,3.385584274,3.3435806540714283
blumeria_graminis,decision_tree,2.534156227,4.035181042690069
blumeria_graminis,decision_tree,2.433592295,4.4237510259583335
blumeria_graminis,decision_tree,4.629395457,4.029432371869618
blumeria_graminis,decision_tree,2.904299111,3.3435806540714283
blumeria_graminis,decision_tree,2.957852412,4.059056419857141
blumeria_graminis,decision_tree,3.159131947,3.1781439988690474
blumeria_graminis,decision_tree,3.727728353,3.893890447935109
blumeria_graminis,decision_tree,4.010426504,4.059056419857141
blumeria_graminis,decision_tree,3.461613888,3.6258112054615377
blumeria_graminis,decision_tree,4.714572886,4.441769030254386
blumeria_graminis,decision_tree,2.206160689,4.426194256794595
blumeria_graminis,decision_tree,4.693752103,4.067028461650001
blumeria_graminis,decision_tree,4.160382043,4.4237510259583335
blumeria_graminis,decision_tree,1.790936211,3.6258112054615377
blumeria_graminis,decision_tree,3.26668967,4.067028461650001
blumeria_graminis,decision_tree,4.5139563,4.067028461650001
blumeria_graminis,decision_tree,4.131965295,4.426194256794595
blumeria_graminis,decision_tree,4.082535373500001,4.059056419857141
blumeria_graminis,decision_tree,4.348059065,4.035181042690069
blumeria_graminis,decision_tree,3.725885131,4.516715947040403
blumeria_graminis,decision_tree,5.797693712,4.365899350238708
blumeria_graminis,decision_tree,3.684156528,3.893890447935109
blumeria_graminis,decision_tree,4.866508045,4.029432371869618
blumeria_graminis,decision_tree,5.128023287,4.365899350238708
blumeria_graminis,decision_tree,4.777572048,3.893890447935109
blumeria_graminis,decision_tree,3.362793162,4.516715947040403
blumeria_graminis,decision_tree,3.889438785,4.067028461650001
blumeria_graminis,decision_tree,5.174623051,4.059056419857141
blumeria_graminis,decision_tree,4.65571882,4.029432371869618
blumeria_graminis,decision_tree,4.342266519,4.067028461650001
blumeria_graminis,decision_tree,4.792492405,4.029432371869618
blumeria_graminis,decision_tree,5.555649379,3.893890447935109
blumeria_graminis,decision_tree,3.441252136,4.4237510259583335
blumeria_graminis,decision_tree,2.973322991,3.893890447935109
blumeria_graminis,decision_tree,3.432769832,2.897371464272727
blumeria_graminis,decision_tree,2.255119591,4.0229701322484095
blumeria_graminis,decision_tree,3.225686049,4.4237510259583335
blumeria_graminis,decision_tree,5.450875302,4.516715947040403
blumeria_graminis,decision_tree,2.392445537,3.1781439988690474
blumeria_graminis,decision_tree,3.745437591,4.059056419857141
blumeria_graminis,decision_tree,4.170079739,3.893890447935109
blumeria_graminis,decision_tree,3.702604009,3.1781439988690474
blumeria_graminis,decision_tree,4.322449994,4.0229701322484095
blumeria_graminis,decision_tree,5.007408434,3.893890447935109
blumeria_graminis,decision_tree,4.364947911,4.059056419857141
blumeria_graminis,decision_tree,4.412701705,4.4237510259583335
blumeria_graminis,decision_tree,3.821028807,3.802292668031746
blumeria_graminis,decision_tree,4.007265884,4.029432371869618
blumeria_graminis,decision_tree,4.39254388,4.365899350238708
blumeria_graminis,decision_tree,4.315922431,4.0229701322484095
blumeria_graminis,decision_tree,4.077058671,4.029432371869618
blumeria_graminis,decision_tree,4.243993794,4.029432371869618
blumeria_graminis,decision_tree,3.623043876,4.035181042690069
blumeria_graminis,decision_tree,1.969898414,3.893890447935109
blumeria_graminis,decision_tree,4.023721533,4.035181042690069
blumeria_graminis,decision_tree,5.557457464,4.059056419857141
blumeria_graminis,decision_tree,5.687791969,4.059056419857141
blumeria_graminis,decision_tree,4.937622169,4.426194256794595
blumeria_graminis,decision_tree,4.362381287,4.3760756668431355
blumeria_graminis,decision_tree,3.694930707,4.441769030254386
blumeria_graminis,decision_tree,4.508605869,4.067028461650001
blumeria_graminis,decision_tree,4.80386177,3.3435806540714283
blumeria_graminis,decision_tree,4.776355444,4.441769030254386
blumeria_graminis,decision_tree,4.745946577,3.6258112054615377
blumeria_graminis,decision_tree,4.589738825,3.3435806540714283
blumeria_graminis,decision_tree,4.866184672,4.067028461650001
blumeria_graminis,decision_tree,6.098758416,4.029432371869618
blumeria_graminis,decision_tree,3.844397407,4.038174750095238
blumeria_graminis,decision_tree,4.941602747,4.035181042690069
blumeria_graminis,decision_tree,4.49473368,4.4237510259583335
blumeria_graminis,decision_tree,4.241755514,3.3435806540714283
blumeria_graminis,decision_tree,4.554658226,4.4237510259583335
blumeria_graminis,decision_tree,5.857153654,4.4237510259583335
blumeria_graminis,decision_tree,4.036618343,4.035181042690069
blumeria_graminis,decision_tree,5.78820279,4.059056419857141
blumeria_graminis,decision_tree,4.418298767,3.893890447935109
blumeria_graminis,decision_tree,3.046046877,4.059056419857141
blumeria_graminis,decision_tree,4.842009433,3.893890447935109
blumeria_graminis,decision_tree,4.223465711,4.029432371869618
blumeria_graminis,decision_tree,3.098072475,4.029432371869618
blumeria_graminis,decision_tree,1.877312667,4.067028461650001
blumeria_graminis,decision_tree,4.447964912,4.035181042690069
blumeria_graminis,decision_tree,4.888873012,4.029432371869618
blumeria_graminis,decision_tree,3.840150002,4.067028461650001
blumeria_graminis,decision_tree,4.876265944,4.059056419857141
blumeria_graminis,decision_tree,4.668610372,3.893890447935109
blumeria_graminis,decision_tree,2.570698487,1.6326445694509806
blumeria_graminis,decision_tree,2.026248771,1.9663420606129036
blumeria_graminis,decision_tree,4.427801555,4.059056419857141
blumeria_graminis,decision_tree,3.723106649,3.893890447935109
blumeria_graminis,decision_tree,5.250758366,4.067028461650001
blumeria_graminis,decision_tree,3.855764302,4.441769030254386
blumeria_graminis,decision_tree,2.773607313,4.426194256794595
blumeria_graminis,decision_tree,3.925818128,4.516715947040403
blumeria_graminis,decision_tree,2.733244932,4.029432371869618
blumeria_graminis,decision_tree,3.297534651,4.441769030254386
blumeria_graminis,decision_tree,3.563464841,4.040961684535714
blumeria_graminis,decision_tree,3.175064717,4.029432371869618
blumeria_graminis,decision_tree,4.345459161,4.029432371869618
blumeria_graminis,decision_tree,3.04092758,3.6258112054615377
blumeria_graminis,decision_tree,4.420581109,4.4237510259583335
blumeria_graminis,decision_tree,3.060804964,3.3435806540714283
blumeria_graminis,decision_tree,3.288843157,4.067028461650001
blumeria_graminis,decision_tree,3.21282406,2.8115210050909094
blumeria_graminis,decision_tree,2.358034469,3.893890447935109
blumeria_graminis,decision_tree,4.512703249,3.893890447935109
blumeria_graminis,decision_tree,3.665361328,4.040961684535714
blumeria_graminis,decision_tree,2.144039734,3.1781439988690474
blumeria_graminis,decision_tree,4.402121924,4.4237510259583335
blumeria_graminis,decision_tree,3.939246135,4.4237510259583335
blumeria_graminis,decision_tree,4.851357272,4.0229701322484095
blumeria_graminis,decision_tree,4.311405507,4.0229701322484095
blumeria_graminis,decision_tree,4.082999544,4.3760756668431355
blumeria_graminis,decision_tree,4.281794473,4.067028461650001
blumeria_graminis,decision_tree,4.062606785,4.067028461650001
blumeria_graminis,decision_tree,3.651404518,3.6512057902499997
blumeria_graminis,decision_tree,2.282709652,1.9663420606129036
blumeria_graminis,decision_tree,3.744211802,4.067028461650001
blumeria_graminis,decision_tree,4.411132487,4.4237510259583335
blumeria_graminis,decision_tree,6.172727679,4.040961684535714
blumeria_graminis,decision_tree,3.936373147,4.035181042690069
blumeria_graminis,decision_tree,3.41468884,4.4237510259583335
blumeria_graminis,decision_tree,4.648151062,4.3760756668431355
blumeria_graminis,decision_tree,4.724743907,4.516715947040403
blumeria_graminis,decision_tree,3.021462403,4.516715947040403
blumeria_graminis,decision_tree,5.766695548,4.441769030254386
blumeria_graminis,decision_tree,4.32755469,4.035181042690069
blumeria_graminis,decision_tree,3.010948132,4.035181042690069
blumeria_graminis,decision_tree,6.3601382,3.4792175996344095
blumeria_graminis,decision_tree,4.803031515,3.1781439988690474
blumeria_graminis,decision_tree,3.641216199,4.0229701322484095
blumeria_graminis,decision_tree,2.456815349,4.035181042690069
blumeria_graminis,decision_tree,2.485620465,4.029432371869618
blumeria_graminis,decision_tree,3.364029543,4.426194256794595
blumeria_graminis,decision_tree,4.386838456,4.029432371869618
blumeria_graminis,decision_tree,5.826977965,4.059056419857141
blumeria_graminis,decision_tree,3.884278773,3.893890447935109
blumeria_graminis,decision_tree,4.070743586,4.3760756668431355
blumeria_graminis,decision_tree,3.424166895,4.3760756668431355
blumeria_graminis,decision_tree,3.852326036,4.630196733661538
blumeria_graminis,decision_tree,3.042276193,4.0229701322484095
blumeria_graminis,decision_tree,4.666907596,4.029432371869618
blumeria_graminis,decision_tree,5.888885877,4.4237510259583335
blumeria_graminis,decision_tree,5.463727666,4.029432371869618
blumeria_graminis,decision_tree,3.766301702,3.893890447935109
blumeria_graminis,decision_tree,3.823955062,4.067028461650001
blumeria_graminis,decision_tree,3.611106167,4.0229701322484095
blumeria_graminis,decision_tree,5.081185259,4.630196733661538
blumeria_graminis,decision_tree,2.580224227,4.059056419857141
blumeria_graminis,decision_tree,4.128899115,2.9646149962727275
blumeria_graminis,decision_tree,3.258512065,3.6258112054615377
blumeria_graminis,decision_tree,3.884615229,4.067028461650001
blumeria_graminis,decision_tree,3.932823283,4.040961684535714
blumeria_graminis,decision_tree,3.988067723,3.893890447935109
blumeria_graminis,decision_tree,3.68683076,3.893890447935109
blumeria_graminis,decision_tree,3.425015442,4.059056419857141
blumeria_graminis,decision_tree,4.607816555,4.067028461650001
blumeria_graminis,decision_tree,3.53549884,4.029432371869618
blumeria_graminis,decision_tree,4.244624555,3.4792175996344095
blumeria_graminis,decision_tree,3.052348367,3.1781439988690474
blumeria_graminis,decision_tree,3.911863786,4.029432371869618
blumeria_graminis,decision_tree,2.901501571,4.035181042690069
blumeria_graminis,decision_tree,4.069394407,3.893890447935109
blumeria_graminis,decision_tree,3.234024335,4.029432371869618
blumeria_graminis,decision_tree,3.290464113,4.3760756668431355
blumeria_graminis,decision_tree,4.144107518,4.059056419857141
blumeria_graminis,decision_tree,3.112065223,4.029432371869618
blumeria_graminis,decision_tree,2.510927184,4.059056419857141
blumeria_graminis,decision_tree,4.329741234,3.893890447935109
blumeria_graminis,decision_tree,4.049932024,4.059056419857141
blumeria_graminis,decision_tree,4.045512278,4.035181042690069
blumeria_graminis,decision_tree,3.494770087,4.035181042690069
blumeria_graminis,decision_tree,4.051084833,4.3760756668431355
blumeria_graminis,decision_tree,5.223061008,4.029432371869618
blumeria_graminis,decision_tree,2.951040552,4.029432371869618
blumeria_graminis,decision_tree,5.713243311,4.059056419857141
blumeria_graminis,decision_tree,4.820251819,4.067028461650001
blumeria_graminis,decision_tree,3.498137346,4.3760756668431355
blumeria_graminis,decision_tree,3.83511316,4.426194256794595
blumeria_graminis,decision_tree,3.420138707,4.067028461650001
blumeria_graminis,decision_tree,4.087289868,4.035181042690069
blumeria_graminis,decision_tree,5.194994024,4.029432371869618
blumeria_graminis,decision_tree,3.489111676,4.426194256794595
blumeria_graminis,decision_tree,4.333511054,4.067028461650001
blumeria_graminis,decision_tree,5.32589699,4.059056419857141
blumeria_graminis,decision_tree,4.112591304,4.059056419857141
blumeria_graminis,decision_tree,3.422256833,4.0229701322484095
blumeria_graminis,decision_tree,5.102243633,3.893890447935109
blumeria_graminis,decision_tree,5.363367843,3.893890447935109
blumeria_graminis,decision_tree,3.118180244,4.059056419857141
blumeria_graminis,decision_tree,4.306991685,3.893890447935109
blumeria_graminis,decision_tree,4.905010905,4.059056419857141
blumeria_graminis,decision_tree,3.447851063,4.035181042690069
blumeria_graminis,decision_tree,3.039462401,4.426194256794595
blumeria_graminis,decision_tree,4.344656587,4.4237510259583335
blumeria_graminis,decision_tree,4.791354078,4.035181042690069
blumeria_graminis,decision_tree,5.353286713,4.059056419857141
blumeria_graminis,decision_tree,3.449194794,4.516715947040403
blumeria_graminis,decision_tree,3.596370585,4.035181042690069
blumeria_graminis,decision_tree,3.644534121,4.365899350238708
blumeria_graminis,decision_tree,4.132706701,4.4237510259583335
blumeria_graminis,decision_tree,3.779201223,4.035181042690069
blumeria_graminis,decision_tree,3.644064607,3.1781439988690474
blumeria_graminis,decision_tree,4.623903306,4.035181042690069
blumeria_graminis,decision_tree,4.264716331,3.802292668031746
blumeria_graminis,decision_tree,6.601650002,4.0229701322484095
blumeria_graminis,decision_tree,4.121764333,4.059056419857141
blumeria_graminis,decision_tree,2.562255233,4.035181042690069
blumeria_graminis,decision_tree,4.562694555,4.3760756668431355
blumeria_graminis,decision_tree,5.755098796,4.029432371869618
blumeria_graminis,decision_tree,2.726201313,4.0229701322484095
blumeria_graminis,decision_tree,3.483857419,4.3760756668431355
blumeria_graminis,decision_tree,5.71951145,4.059056419857141
blumeria_graminis,decision_tree,4.241817266,4.035181042690069
blumeria_graminis,decision_tree,4.310806373,4.067028461650001
blumeria_graminis,decision_tree,2.995633811,4.067028461650001
blumeria_graminis,decision_tree,6.274280972,4.067028461650001
blumeria_graminis,decision_tree,4.98352765,4.035181042690069
blumeria_graminis,decision_tree,4.942027411,4.3760756668431355
blumeria_graminis,decision_tree,4.028113979,4.029432371869618
blumeria_graminis,decision_tree,7.045269922,4.426194256794595
blumeria_graminis,decision_tree,4.414160861,3.83378464777551
blumeria_graminis,decision_tree,2.88826956,3.893890447935109
blumeria_graminis,decision_tree,4.50693053,4.067028461650001
blumeria_graminis,decision_tree,5.271819541,4.3760756668431355
blumeria_graminis,decision_tree,3.80335948,4.0229701322484095
blumeria_graminis,decision_tree,6.295343551,4.067028461650001
blumeria_graminis,decision_tree,5.577365676,4.0229701322484095
blumeria_graminis,decision_tree,5.357602189,4.029432371869618
blumeria_graminis,decision_tree,3.858937745,3.893890447935109
blumeria_graminis,decision_tree,3.925779013,3.893890447935109
blumeria_graminis,decision_tree,4.844510298,4.029432371869618
blumeria_graminis,decision_tree,4.93960012,3.7597585858446587
blumeria_graminis,decision_tree,4.32274593,3.893890447935109
blumeria_graminis,decision_tree,4.76935941,4.426194256794595
blumeria_graminis,decision_tree,4.687145544,4.426194256794595
blumeria_graminis,decision_tree,3.415324308,4.0229701322484095
blumeria_graminis,decision_tree,3.676010591,4.630196733661538
blumeria_graminis,decision_tree,4.438202184,3.893890447935109
blumeria_graminis,decision_tree,3.151711333,4.059056419857141
blumeria_graminis,decision_tree,2.841005688,4.035181042690069
blumeria_graminis,decision_tree,5.120684545,4.035181042690069
blumeria_graminis,decision_tree,3.455268423,4.426194256794595
blumeria_graminis,decision_tree,5.143047969,4.035181042690069
blumeria_graminis,decision_tree,5.842858453,4.516715947040403
blumeria_graminis,decision_tree,5.593598927,4.029432371869618
blumeria_graminis,decision_tree,3.983459251,3.7597585858446587
blumeria_graminis,decision_tree,4.884947286,4.035181042690069
blumeria_graminis,decision_tree,5.075748326,3.893890447935109
blumeria_graminis,decision_tree,5.386486796,4.035181042690069
blumeria_graminis,decision_tree,5.077611856,4.0229701322484095
blumeria_graminis,decision_tree,4.258859206,4.035181042690069
blumeria_graminis,decision_tree,5.915001805,4.035181042690069
blumeria_graminis,decision_tree,3.832313726,3.893890447935109
blumeria_graminis,decision_tree,4.476779927,4.426194256794595
blumeria_graminis,decision_tree,4.051685465,4.029432371869618
blumeria_graminis,decision_tree,4.74856398,4.365899350238708
blumeria_graminis,decision_tree,5.203742243,4.630196733661538
blumeria_graminis,decision_tree,3.729312197,4.029432371869618
blumeria_graminis,decision_tree,5.290949055,4.059056419857141
blumeria_graminis,decision_tree,3.05774086,4.029432371869618
blumeria_graminis,decision_tree,3.763917625,4.059056419857141
blumeria_graminis,decision_tree,4.206176855,4.067028461650001
blumeria_graminis,decision_tree,7.367902685,4.029432371869618
blumeria_graminis,decision_tree,4.11805602,3.83378464777551
blumeria_graminis,decision_tree,3.827531616,4.059056419857141
blumeria_graminis,decision_tree,2.919077938,3.7597585858446587
blumeria_graminis,decision_tree,3.361623953,4.067028461650001
blumeria_graminis,decision_tree,3.854420187,3.893890447935109
blumeria_graminis,decision_tree,5.007677852,4.029432371869618
blumeria_graminis,decision_tree,3.059464217,4.426194256794595
blumeria_graminis,decision_tree,4.323858621,4.3760756668431355
blumeria_graminis,decision_tree,4.408261382,4.035181042690069
blumeria_graminis,decision_tree,3.847954647,4.035181042690069
blumeria_graminis,decision_tree,4.86168591,4.516715947040403
blumeria_graminis,decision_tree,2.958379991,3.893890447935109
blumeria_graminis,decision_tree,3.890829373,4.0229701322484095
blumeria_graminis,decision_tree,4.556828462,3.893890447935109
blumeria_graminis,decision_tree,3.661268719,4.029432371869618
blumeria_graminis,decision_tree,3.216419892,3.802292668031746
blumeria_graminis,decision_tree,3.254023818,3.893890447935109
blumeria_graminis,decision_tree,2.875059855,4.426194256794595
blumeria_graminis,decision_tree,3.202230973,4.059056419857141
blumeria_graminis,decision_tree,3.522500023,4.067028461650001
blumeria_graminis,decision_tree,4.317768397,4.029432371869618
blumeria_graminis,decision_tree,3.880151944,3.893890447935109
blumeria_graminis,decision_tree,3.980199533,4.0229701322484095
blumeria_graminis,decision_tree,4.304798499,3.893890447935109
blumeria_graminis,decision_tree,3.449398715,4.035181042690069
blumeria_graminis,decision_tree,4.42140744,4.029432371869618
blumeria_graminis,decision_tree,3.680221,4.0229701322484095
blumeria_graminis,decision_tree,3.736067207,4.0229701322484095
blumeria_graminis,decision_tree,4.233890202,4.059056419857141
blumeria_graminis,decision_tree,5.645865214,3.893890447935109
blumeria_graminis,decision_tree,3.914856434,3.802292668031746
blumeria_graminis,decision_tree,3.309342994,3.802292668031746
blumeria_graminis,decision_tree,3.132563743,4.035181042690069
blumeria_graminis,decision_tree,3.314284363,3.4792175996344095
blumeria_graminis,decision_tree,3.954499738,4.029432371869618
blumeria_graminis,decision_tree,2.939447818,4.035181042690069
blumeria_graminis,decision_tree,3.277083069,4.035181042690069
blumeria_graminis,decision_tree,4.407024808,3.893890447935109
blumeria_graminis,decision_tree,6.462666059,4.365899350238708
blumeria_graminis,decision_tree,6.27866152,4.630196733661538
blumeria_graminis,decision_tree,4.345764747,3.893890447935109
blumeria_graminis,decision_tree,3.139996195,4.059056419857141
blumeria_graminis,decision_tree,5.171766017,4.441769030254386
blumeria_graminis,decision_tree,4.055661641,4.029432371869618
blumeria_graminis,decision_tree,3.505944876,4.029432371869618
blumeria_graminis,decision_tree,3.303869395,4.0229701322484095
blumeria_graminis,decision_tree,5.761093556,3.893890447935109
blumeria_graminis,decision_tree,3.424469094,4.035181042690069
blumeria_graminis,decision_tree,3.592222443,4.0229701322484095
blumeria_graminis,decision_tree,4.731835723,3.4792175996344095
blumeria_graminis,decision_tree,5.951877601,4.516715947040403
blumeria_graminis,decision_tree,4.739879741,4.029432371869618
blumeria_graminis,decision_tree,4.675856061,4.3760756668431355
blumeria_graminis,decision_tree,2.804158176,4.441769030254386
blumeria_graminis,decision_tree,3.337396083,4.059056419857141
blumeria_graminis,decision_tree,5.377339574,3.7597585858446587
blumeria_graminis,decision_tree,4.717434255,3.7597585858446587
blumeria_graminis,decision_tree,4.079367259,3.7597585858446587
blumeria_graminis,decision_tree,4.777049307,3.802292668031746
blumeria_graminis,decision_tree,4.409615648,4.3760756668431355
blumeria_graminis,decision_tree,4.93304891,4.029432371869618
blumeria_graminis,decision_tree,4.118544071,4.035181042690069
blumeria_graminis,decision_tree,4.71622497,4.426194256794595
blumeria_graminis,decision_tree,3.031923651,4.040961684535714
blumeria_graminis,decision_tree,3.831736869,4.029432371869618
blumeria_graminis,decision_tree,4.01794567,4.426194256794595
blumeria_graminis,decision_tree,3.840184727,4.029432371869618
blumeria_graminis,decision_tree,3.970041501,4.029432371869618
blumeria_graminis,decision_tree,4.109412736,3.893890447935109
blumeria_graminis,decision_tree,4.526617298,4.0229701322484095
blumeria_graminis,decision_tree,5.500806716,3.802292668031746
blumeria_graminis,decision_tree,3.465675722,4.3760756668431355
blumeria_graminis,decision_tree,3.350238434,4.059056419857141
blumeria_graminis,decision_tree,5.311917403,4.441769030254386
blumeria_graminis,decision_tree,6.046298011,4.426194256794595
blumeria_graminis,decision_tree,3.8828188,4.059056419857141
blumeria_graminis,decision_tree,5.550213465,3.7597585858446587
blumeria_graminis,decision_tree,3.577912445,4.0229701322484095
blumeria_graminis,decision_tree,3.875260667,4.0229701322484095
blumeria_graminis,decision_tree,3.439395028,3.893890447935109
blumeria_graminis,decision_tree,3.463714469,3.83378464777551
blumeria_graminis,decision_tree,3.676053063,4.067028461650001
blumeria_graminis,decision_tree,3.023053077,4.059056419857141
blumeria_graminis,decision_tree,3.705512582,4.029432371869618
blumeria_graminis,decision_tree,6.492195503,4.3760756668431355
blumeria_graminis,decision_tree,3.900652406,4.035181042690069
blumeria_graminis,decision_tree,3.980031361,4.426194256794595
blumeria_graminis,decision_tree,2.363758168,4.029432371869618
blumeria_graminis,decision_tree,4.13764132,4.029432371869618
blumeria_graminis,decision_tree,4.255842967,4.630196733661538
blumeria_graminis,decision_tree,4.172107942,4.441769030254386
blumeria_graminis,decision_tree,5.003801249,4.035181042690069
blumeria_graminis,decision_tree,4.144007976,4.365899350238708
blumeria_graminis,decision_tree,4.817876475,3.802292668031746
blumeria_graminis,decision_tree,4.604081846,4.035181042690069
blumeria_graminis,decision_tree,4.182938065,4.0229701322484095
blumeria_graminis,decision_tree,4.087904741,4.365899350238708
blumeria_graminis,decision_tree,4.951483433,3.7597585858446587
blumeria_graminis,decision_tree,4.038775542,3.4792175996344095
blumeria_graminis,decision_tree,4.344543688,4.3760756668431355
blumeria_graminis,decision_tree,3.117907827,3.893890447935109
blumeria_graminis,decision_tree,3.691132033,4.067028461650001
blumeria_graminis,decision_tree,5.946405794,4.067028461650001
blumeria_graminis,decision_tree,5.580476655,4.038174750095238
blumeria_graminis,decision_tree,3.811018503,4.426194256794595
blumeria_graminis,decision_tree,4.469634478,4.3760756668431355
blumeria_graminis,decision_tree,3.260598705,4.035181042690069
blumeria_graminis,decision_tree,6.738081004,4.426194256794595
blumeria_graminis,decision_tree,5.273991438,4.0229701322484095
blumeria_graminis,decision_tree,5.134796482,4.038174750095238
blumeria_graminis,decision_tree,5.341249653,4.067028461650001
blumeria_graminis,decision_tree,5.611389683,4.426194256794595
blumeria_graminis,decision_tree,4.663330017,4.038174750095238
blumeria_graminis,decision_tree,3.785479449,3.893890447935109
blumeria_graminis,decision_tree,6.151572524,4.0229701322484095
blumeria_graminis,decision_tree,5.407008158,4.067028461650001
blumeria_graminis,decision_tree,5.652743525,3.893890447935109
blumeria_graminis,decision_tree,3.892962363,3.893890447935109
blumeria_graminis,decision_tree,4.881089926,4.035181042690069
blumeria_graminis,decision_tree,4.385639631,4.3760756668431355
blumeria_graminis,decision_tree,3.749660727,4.426194256794595
blumeria_graminis,decision_tree,4.581438856,4.029432371869618
blumeria_graminis,decision_tree,3.845938485,4.029432371869618
blumeria_graminis,decision_tree,4.030012579,4.029432371869618
blumeria_graminis,decision_tree,3.650255614,4.029432371869618
blumeria_graminis,decision_tree,5.641643936,4.040961684535714
blumeria_graminis,decision_tree,5.348934939,4.035181042690069
blumeria_graminis,decision_tree,5.227686383,4.059056419857141
blumeria_graminis,decision_tree,3.715270042,4.0229701322484095
blumeria_graminis,decision_tree,4.526383009,3.83378464777551
blumeria_graminis,decision_tree,3.439913788,4.059056419857141
blumeria_graminis,decision_tree,4.55612287,4.035181042690069
blumeria_graminis,decision_tree,5.594145091,4.035181042690069
blumeria_graminis,decision_tree,2.957821288,4.035181042690069
blumeria_graminis,decision_tree,6.469365954,4.029432371869618
blumeria_graminis,decision_tree,3.746454486,4.029432371869618
blumeria_graminis,decision_tree,5.775658755,4.029432371869618
blumeria_graminis,decision_tree,4.839184537,3.893890447935109
blumeria_graminis,decision_tree,3.533469605,3.893890447935109
blumeria_graminis,decision_tree,3.980012624,3.893890447935109
blumeria_graminis,decision_tree,4.84687311,4.035181042690069
blumeria_graminis,decision_tree,2.563567656,4.4237510259583335
blumeria_graminis,decision_tree,2.660903612,3.893890447935109
blumeria_graminis,decision_tree,3.168452551,4.029432371869618
blumeria_graminis,decision_tree,3.757404726,4.067028461650001
blumeria_graminis,decision_tree,3.39893887,4.059056419857141
blumeria_graminis,decision_tree,3.306779363,4.441769030254386
blumeria_graminis,decision_tree,4.483502784,4.3760756668431355
blumeria_graminis,decision_tree,3.880089506,4.067028461650001
heading_date,decision_tree,75.67916931,75.14790272330572
heading_date,decision_tree,75.29405435,72.23685099080645
heading_date,decision_tree,76.15450935,78.18159446835438
heading_date,decision_tree,78.74180339,76.77399928492959
heading_date,decision_tree,75.35020872,75.43584862894123
heading_date,decision_tree,75.02600135,78.18159446835438
heading_date,decision_tree,74.69349411,78.18159446835438
heading_date,decision_tree,74.32422301,78.18159446835438
heading_date,decision_tree,72.6810561,79.44367803945121
heading_date,decision_tree,79.32702336,135.39358827272727
heading_date,decision_tree,74.01429377,76.77399928492959
heading_date,decision_tree,75.10918952,75.14790272330572
heading_date,decision_tree,74.94637814,76.77399928492959
heading_date,decision_tree,75.4032268,75.43584862894123
heading_date,decision_tree,73.78958335,75.43584862894123
heading_date,decision_tree,72.73418788,75.14790272330572
heading_date,decision_tree,75.11893545,79.44367803945121
heading_date,decision_tree,73.10220177,79.44367803945121
heading_date,decision_tree,77.23696363,75.14790272330572
heading_date,decision_tree,75.96346417,79.44367803945121
heading_date,decision_tree,75.38643743,81.03944469388237
heading_date,decision_tree,76.65991366,72.23685099080645
heading_date,decision_tree,73.5852581,75.14790272330572
heading_date,decision_tree,73.00903639,76.77399928492959
heading_date,decision_tree,74.80874627,75.14790272330572
heading_date,decision_tree,75.13345237,78.18159446835438
heading_date,decision_tree,74.52581487,79.44367803945121
heading_date,decision_tree,74.60090386,72.23685099080645
heading_date,decision_tree,75.75141573,75.14790272330572
heading_date,decision_tree,73.53510243,78.18159446835438
heading_date,decision_tree,73.09571265,76.77399928492959
heading_date,decision_tree,74.35005069,76.77399928492959
heading_date,decision_tree,73.25311668,81.03944469388237
heading_date,decision_tree,74.96491833,78.18159446835438
heading_date,decision_tree,74.66385948,75.43584862894123
heading_date,decision_tree,76.72861862,75.43584862894123
heading_date,decision_tree,75.18036716,79.44367803945121
heading_date,decision_tree,75.9391834,79.44367803945121
heading_date,decision_tree,74.52030249,79.44367803945121
heading_date,decision_tree,74.27092162,76.77399928492959
heading_date,decision_tree,73.64991022,81.03944469388237
heading_date,decision_tree,75.30980072,75.14790272330572
heading_date,decision_tree,72.99722065,75.14790272330572
heading_date,decision_tree,74.02335325,75.14790272330572
heading_date,decision_tree,75.88067906,76.77399928492959
heading_date,decision_tree,73.08927607,79.44367803945121
heading_date,decision_tree,71.59574442,79.44367803945121
heading_date,decision_tree,73.74820576,81.03944469388237
heading_date,decision_tree,73.16066365,79.44367803945121
heading_date,decision_tree,74.05744508,76.77399928492959
heading_date,decision_tree,75.75463446,79.44367803945121
heading_date,decision_tree,76.22230961,76.77399928492959
heading_date,decision_tree,72.57108914,81.03944469388237
heading_date,decision_tree,75.43364166,79.44367803945121
heading_date,decision_tree,74.42938267,76.77399928492959
heading_date,decision_tree,74.32418062,78.18159446835438
heading_date,decision_tree,73.80976625,76.77399928492959
heading_date,decision_tree,74.65786618,75.14790272330572
heading_date,decision_tree,75.36658952,76.77399928492959
heading_date,decision_tree,75.13578424,76.77399928492959
heading_date,decision_tree,75.04116906,78.18159446835438
heading_date,decision_tree,75.71106568,75.14790272330572
heading_date,decision_tree,75.58610618,78.18159446835438
heading_date,decision_tree,74.08581651,76.77399928492959
heading_date,decision_tree,72.35424717,75.43584862894123
heading_date,decision_tree,74.57644518,78.18159446835438
heading_date,decision_tree,75.25810132,76.77399928492959
heading_date,decision_tree,75.17774582,76.77399928492959
heading_date,decision_tree,75.85870722,75.14790272330572
heading_date,decision_tree,74.22923613,75.14790272330572
heading_date,decision_tree,73.70079766,76.77399928492959
heading_date,decision_tree,73.58132839,78.18159446835438
heading_date,decision_tree,75.16020615,78.18159446835438
heading_date,decision_tree,71.97539302,75.14790272330572
heading_date,decision_tree,75.1642079,75.14790272330572
heading_date,decision_tree,74.98726692,75.14790272330572
heading_date,decision_tree,75.77679606,76.77399928492959
heading_date,decision_tree,74.33197782,78.18159446835438
heading_date,decision_tree,73.90186089,76.77399928492959
heading_date,decision_tree,73.92699353,75.14790272330572
heading_date,decision_tree,74.81343126,81.03944469388237
heading_date,decision_tree,72.71326872,78.18159446835438
heading_date,decision_tree,76.0409586,78.18159446835438
heading_date,decision_tree,75.08983042,76.77399928492959
heading_date,decision_tree,76.1960331,78.18159446835438
heading_date,decision_tree,77.44673833,75.43584862894123
heading_date,decision_tree,74.9930519,76.77399928492959
heading_date,decision_tree,75.92181628,75.43584862894123
heading_date,decision_tree,75.94611088,76.77399928492959
heading_date,decision_tree,73.88439348,75.14790272330572
heading_date,decision_tree,76.83170901,75.14790272330572
heading_date,decision_tree,75.08141948,75.43584862894123
heading_date,decision_tree,74.06711509,78.18159446835438
heading_date,decision_tree,76.12021396,75.14790272330572
heading_date,decision_tree,72.41689945,78.18159446835438
heading_date,decision_tree,76.58638152,75.43584862894123
heading_date,decision_tree,72.60844048,76.77399928492959
heading_date,decision_tree,74.3730758,78.18159446835438
heading_date,decision_tree,73.13103335,81.03944469388237
heading_date,decision_tree,76.58618595,72.84601982698113
heading_date,decision_tree,75.23716387,76.77399928492959
heading_date,decision_tree,75.86126429,76.77399928492959
heading_date,decision_tree,76.11249358,79.44367803945121
heading_date,decision_tree,75.55148283,79.44367803945121
heading_date,decision_tree,75.71551632,78.18159446835438
heading_date,decision_tree,75.21772616,79.44367803945121
heading_date,decision_tree,75.16248262,78.18159446835438
heading_date,decision_tree,74.82156949,76.77399928492959
heading_date,decision_tree,73.91778997,75.14790272330572
heading_date,decision_tree,72.52733191,76.77399928492959
heading_date,decision_tree,74.35037983,78.18159446835438
heading_date,decision_tree,75.11641679,79.44367803945121
heading_date,decision_tree,73.7740987,75.43584862894123
heading_date,decision_tree,74.03305159,76.77399928492959
heading_date,decision_tree,75.72395776,75.14790272330572
heading_date,decision_tree,72.55620236,79.44367803945121
heading_date,decision_tree,73.76532309,75.14790272330572
heading_date,decision_tree,74.88633875,75.14790272330572
heading_date,decision_tree,74.46048551,78.18159446835438
heading_date,decision_tree,74.02121369,79.44367803945121
heading_date,decision_tree,74.34277488,78.18159446835438
heading_date,decision_tree,76.05605801,75.43584862894123
heading_date,decision_tree,75.09481433,79.44367803945121
heading_date,decision_tree,74.67341088,79.44367803945121
heading_date,decision_tree,75.70398307,79.44367803945121
heading_date,decision_tree,73.96729083,75.14790272330572
heading_date,decision_tree,73.05731399,75.14790272330572
heading_date,decision_tree,73.07685103,79.44367803945121
heading_date,decision_tree,133.0219709,134.50224219111112
heading_date,decision_tree,134.9013462,135.12200885879517
heading_date,decision_tree,136.1465929,135.12200885879517
heading_date,decision_tree,132.9253747,129.9820633669145
heading_date,decision_tree,136.7376634,129.9820633669145
heading_date,decision_tree,136.0725179,129.9820633669145
heading_date,decision_tree,136.903772,135.12200885879517
heading_date,decision_tree,134.3494122,135.39358827272727
heading_date,decision_tree,133.8387036,134.50224219111112
heading_date,decision_tree,136.2058824,135.39358827272727
heading_date,decision_tree,136.0230069,134.50224219111112
heading_date,decision_tree,134.2329673,134.19998808000003
heading_date,decision_tree,137.991287,129.9820633669145
heading_date,decision_tree,135.1382179,134.50224219111112
heading_date,decision_tree,136.3559203,134.2959005803382
heading_date,decision_tree,135.0799603,134.2959005803382
heading_date,decision_tree,137.1742865,135.39358827272727
heading_date,decision_tree,135.9205646,135.39358827272727
heading_date,decision_tree,131.9034001,134.2959005803382
heading_date,decision_tree,140.6794111,134.2959005803382
heading_date,decision_tree,135.6492299,129.9820633669145
heading_date,decision_tree,135.7561817,134.2959005803382
heading_date,decision_tree,132.583591,134.2959005803382
heading_date,decision_tree,133.9694768,134.2959005803382
heading_date,decision_tree,135.4305068,134.2959005803382
heading_date,decision_tree,137.9388582,129.9820633669145
heading_date,decision_tree,133.2323751,134.2959005803382
heading_date,decision_tree,140.0069685,135.39358827272727
heading_date,decision_tree,137.4899617,102.65619805741936
heading_date,decision_tree,133.4797268,134.2959005803382
heading_date,decision_tree,135.8185389,136.34041071882356
heading_date,decision_tree,139.2384612,135.12200885879517
heading_date,decision_tree,135.5115719,134.2959005803382
heading_date,decision_tree,133.0887701,135.12200885879517
heading_date,decision_tree,133.5292959,134.2959005803382
heading_date,decision_tree,134.4272701,129.9820633669145
heading_date,decision_tree,137.0681871,129.9820633669145
heading_date,decision_tree,135.753503,135.39358827272727
heading_date,decision_tree,135.7930556,135.12200885879517
heading_date,decision_tree,136.4586786,129.9820633669145
heading_date,decision_tree,134.5776597,134.50224219111112
heading_date,decision_tree,137.5169901,75.14790272330572
heading_date,decision_tree,137.0498982,135.12200885879517
heading_date,decision_tree,133.4969524,134.2959005803382
heading_date,decision_tree,135.0756661,129.9820633669145
heading_date,decision_tree,134.5265713,129.9820633669145
heading_date,decision_tree,135.2396962,136.34041071882356
heading_date,decision_tree,131.777985,134.2959005803382
heading_date,decision_tree,134.4633636,129.9820633669145
heading_date,decision_tree,133.4749321,135.39358827272727
heading_date,decision_tree,133.367927,134.50224219111112
heading_date,decision_tree,132.9269191,129.9820633669145
heading_date,decision_tree,134.0146375,134.2959005803382
heading_date,decision_tree,131.6049891,129.9820633669145
heading_date,decision_tree,133.6938462,135.39358827272727
heading_date,decision_tree,132.8776968,134.2959005803382
heading_date,decision_tree,138.0828644,76.77399928492959
heading_date,decision_tree,135.1415918,129.9820633669145
heading_date,decision_tree,137.1118155,134.2959005803382
heading_date,decision_tree,137.6541025,135.12200885879517
heading_date,decision_tree,135.9369659,129.9820633669145
heading_date,decision_tree,134.7790973,135.12200885879517
heading_date,decision_tree,135.9727168,134.2959005803382
heading_date,decision_tree,137.1700398,134.2959005803382
heading_date,decision_tree,136.8322641,102.65619805741936
heading_date,decision_tree,135.2412176,133.76948963333334
heading_date,decision_tree,136.8133036,134.2959005803382
heading_date,decision_tree,136.7705731,134.2959005803382
heading_date,decision_tree,134.1099746,135.39358827272727
heading_date,decision_tree,132.9515832,134.2959005803382
heading_date,decision_tree,134.9710516,134.50224219111112
heading_date,decision_tree,133.9659042,136.34041071882356
heading_date,decision_tree,137.4441804,135.12200885879517
heading_date,decision_tree,133.8969129,135.12200885879517
heading_date,decision_tree,133.3137514,134.2959005803382
heading_date,decision_tree,134.5876808,129.9820633669145
heading_date,decision_tree,134.7944269,135.39358827272727
heading_date,decision_tree,136.5346921,135.12200885879517
heading_date,decision_tree,138.5780371,135.12200885879517
heading_date,decision_tree,134.4786529,134.2959005803382
heading_date,decision_tree,134.558552,134.50224219111112
heading_date,decision_tree,138.0511128,134.50224219111112
heading_date,decision_tree,133.2394328,134.50224219111112
heading_date,decision_tree,137.6547702,135.39358827272727
heading_date,decision_tree,137.7144331,129.9820633669145
heading_date,decision_tree,133.3896039,135.39358827272727
heading_date,decision_tree,135.8131638,129.9820633669145
heading_date,decision_tree,134.969904,135.39358827272727
heading_date,decision_tree,137.3768367,135.12200885879517
heading_date,decision_tree,133.9752213,135.12200885879517
heading_date,decision_tree,137.6601493,136.34041071882356
heading_date,decision_tree,136.5705359,135.12200885879517
heading_date,decision_tree,137.6351966,136.34041071882356
heading_date,decision_tree,134.8303287,135.39358827272727
heading_date,decision_tree,136.3882918,129.9820633669145
heading_date,decision_tree,135.350966,135.39358827272727
heading_date,decision_tree,132.8974047,135.12200885879517
heading_date,decision_tree,136.8465646,134.2959005803382
heading_date,decision_tree,135.8784814,134.2959005803382
heading_date,decision_tree,136.9299785,135.39358827272727
heading_date,decision_tree,137.3841104,129.9820633669145
heading_date,decision_tree,136.9740398,134.2959005803382
heading_date,decision_tree,134.7245815,135.12200885879517
heading_date,decision_tree,134.2586032,134.50224219111112
heading_date,decision_tree,135.1528062,135.12200885879517
heading_date,decision_tree,135.6971826,135.12200885879517
heading_date,decision_tree,135.2127783,129.9820633669145
heading_date,decision_tree,134.4294672,135.39358827272727
heading_date,decision_tree,134.7693113,129.9820633669145
heading_date,decision_tree,135.8459618,136.34041071882356
heading_date,decision_tree,133.4322078,130.54407901963404
heading_date,decision_tree,134.0834126,78.18159446835438
heading_date,decision_tree,138.9198469,135.12200885879517
heading_date,decision_tree,136.6915265,135.12200885879517
heading_date,decision_tree,136.8366907,135.12200885879517
heading_date,decision_tree,135.0377264,134.19998808000003
heading_date,decision_tree,137.0851979,130.54407901963404
heading_date,decision_tree,135.2575871,134.2959005803382
heading_date,decision_tree,134.2863357,134.2959005803382
heading_date,decision_tree,136.7068569,136.34041071882356
heading_date,decision_tree,133.3652813,135.39358827272727
heading_date,decision_tree,135.1702797,135.39358827272727
heading_date,decision_tree,137.4954138,135.39358827272727
heading_date,decision_tree,134.9085803,75.14790272330572
heading_date,decision_tree,133.9943849,135.12200885879517
heading_date,decision_tree,133.2717786,134.2959005803382
heading_date,decision_tree,137.6519396,135.39358827272727
heading_date,decision_tree,132.8097401,134.2959005803382
heading_date,decision_tree,136.0490954,136.34041071882356
heading_date,decision_tree,137.2875868,129.9820633669145
heading_date,decision_tree,134.4081749,135.12200885879517
heading_date,decision_tree,137.7029616,130.54407901963404
heading_date,decision_tree,133.7246545,135.39358827272727
heading_date,decision_tree,134.7778105,135.39358827272727
heading_date,decision_tree,135.6756687,134.2959005803382
heading_date,decision_tree,135.4103712,134.2959005803382
heading_date,decision_tree,133.1164445,75.14790272330572
heading_date,decision_tree,133.9098585,134.50224219111112
heading_date,decision_tree,132.5767523,135.39358827272727
heading_date,decision_tree,136.9376694,135.12200885879517
heading_date,decision_tree,136.5193347,134.2959005803382
heading_date,decision_tree,134.4355115,135.12200885879517
heading_date,decision_tree,136.5909431,136.34041071882356
heading_date,decision_tree,136.6953807,129.9820633669145
heading_date,decision_tree,136.6904744,133.76948963333334
heading_date,decision_tree,135.4367871,136.34041071882356
heading_date,decision_tree,135.6411631,133.76948963333334
heading_date,decision_tree,136.621046,134.50224219111112
heading_date,decision_tree,135.5813673,135.12200885879517
heading_date,decision_tree,135.2475413,136.34041071882356
heading_date,decision_tree,135.8789302,129.9820633669145
heading_date,decision_tree,137.4948795,134.2959005803382
heading_date,decision_tree,133.2937355,135.39358827272727
heading_date,decision_tree,135.9623029,130.54407901963404
heading_date,decision_tree,134.5887208,135.12200885879517
heading_date,decision_tree,132.5680096,134.2959005803382
heading_date,decision_tree,135.5547842,129.9820633669145
heading_date,decision_tree,133.238328,135.39358827272727
heading_date,decision_tree,134.7381612,134.50224219111112
heading_date,decision_tree,135.2919834,134.2959005803382
heading_date,decision_tree,138.7615454,135.12200885879517
heading_date,decision_tree,134.0676652,134.19998808000003
heading_date,decision_tree,137.5420887,135.39358827272727
heading_date,decision_tree,130.4657158,129.9820633669145
heading_date,decision_tree,131.671828,134.19998808000003
heading_date,decision_tree,133.8293377,134.2959005803382
heading_date,decision_tree,138.18741,135.39358827272727
heading_date,decision_tree,138.4685061,135.12200885879517
heading_date,decision_tree,135.4182353,134.50224219111112
heading_date,decision_tree,132.6351968,134.2959005803382
heading_date,decision_tree,65.80483587,102.65619805741936
heading_date,decision_tree,67.99335074,102.65619805741936
heading_date,decision_tree,66.34102396,74.14128763967743
heading_date,decision_tree,68.92989212,79.44367803945121
heading_date,decision_tree,67.27478923,74.14128763967743
heading_date,decision_tree,71.70182585,79.44367803945121
heading_date,decision_tree,73.9339786,90.6248997106818
heading_date,decision_tree,70.56032842,69.39551959444447
heading_date,decision_tree,66.13391866,69.97661134014709
heading_date,decision_tree,66.6308974,69.97661134014709
heading_date,decision_tree,65.64868539,69.83630311412699
heading_date,decision_tree,72.00056619,115.39892187321429
heading_date,decision_tree,69.20584669,115.39892187321429
heading_date,decision_tree,65.46986244,77.61489425147057
heading_date,decision_tree,73.34465507,78.18159446835438
heading_date,decision_tree,74.61072714,79.44367803945121
heading_date,decision_tree,70.54568289,78.18159446835438
heading_date,decision_tree,69.3251707,69.69136750525425
heading_date,decision_tree,72.59908247,72.84601982698113
heading_date,decision_tree,68.43493141,75.43584862894123
heading_date,decision_tree,70.13052349,69.83630311412699
heading_date,decision_tree,69.27305296,71.52774848559324
heading_date,decision_tree,70.60288008,79.44367803945121
heading_date,decision_tree,70.45455858,69.97661134014709
heading_date,decision_tree,70.32061905,79.44367803945121
heading_date,decision_tree,74.55627336,69.83630311412699
heading_date,decision_tree,69.66066513,74.14128763967743
heading_date,decision_tree,73.17262525,83.14499005111111
heading_date,decision_tree,70.21243008,74.14128763967743
heading_date,decision_tree,71.80141332,68.44974008555556
heading_date,decision_tree,71.97025614,71.52774848559324
heading_date,decision_tree,75.45236549,91.892928500625
heading_date,decision_tree,77.30227709,92.78640970586204
heading_date,decision_tree,74.5216702,69.83630311412699
heading_date,decision_tree,70.50972665,71.52774848559324
heading_date,decision_tree,64.84513695,94.40668708
heading_date,decision_tree,74.57133721,131.15077567999998
heading_date,decision_tree,66.90897709,77.61489425147057
heading_date,decision_tree,67.30300987,94.40668708
heading_date,decision_tree,65.80627173,81.03944469388237
heading_date,decision_tree,66.94256104,72.84601982698113
heading_date,decision_tree,71.02360101,69.69136750525425
heading_date,decision_tree,75.26806721,75.14790272330572
heading_date,decision_tree,65.94060762,79.44367803945121
heading_date,decision_tree,67.28218471,69.83630311412699
heading_date,decision_tree,66.13197454,69.69136750525425
heading_date,decision_tree,73.89873854,97.64080638444446
heading_date,decision_tree,72.16237461,83.14499005111111
heading_date,decision_tree,78.18746362,95.02948177466666
heading_date,decision_tree,66.92302977,132.93050659619053
heading_date,decision_tree,65.7458736,69.90573653340908
heading_date,decision_tree,69.31481322,79.44367803945121
heading_date,decision_tree,63.7916767,80.09634964400001
heading_date,decision_tree,75.48986964,115.39892187321429
heading_date,decision_tree,67.94195682,69.39551959444447
heading_date,decision_tree,76.16601095,68.62032309861112
heading_date,decision_tree,69.5881565,69.97661134014709
heading_date,decision_tree,69.37799717,93.940037096
heading_date,decision_tree,68.86964375,92.28741782448276
heading_date,decision_tree,69.26810828,115.39892187321429
heading_date,decision_tree,71.67877714,119.57940441629637
heading_date,decision_tree,74.67537548,77.09007390833334
heading_date,decision_tree,65.56403994,73.47965967305555
heading_date,decision_tree,72.2204256,102.65619805741936
heading_date,decision_tree,73.74644535,84.48653183135134
heading_date,decision_tree,72.58852546,129.9820633669145
heading_date,decision_tree,70.48045292,71.89584873826922
heading_date,decision_tree,67.47003236,94.40668708
heading_date,decision_tree,68.34424418,77.61489425147057
heading_date,decision_tree,70.88705845,69.88853404692307
heading_date,decision_tree,65.16802566,92.28741782448276
heading_date,decision_tree,71.48402054,79.44367803945121
heading_date,decision_tree,71.25980554,115.39892187321429
heading_date,decision_tree,72.88600289,69.88853404692307
heading_date,decision_tree,69.19923325,93.18778489500001
heading_date,decision_tree,72.48344516,86.54915590235294
heading_date,decision_tree,65.27963284,69.90573653340908
heading_date,decision_tree,70.16911615,129.9820633669145
heading_date,decision_tree,67.5617562,69.69136750525425
heading_date,decision_tree,68.11919304,69.83630311412699
heading_date,decision_tree,75.5047331,81.03944469388237
heading_date,decision_tree,66.18211032,69.36843147214284
heading_date,decision_tree,66.49480747,68.44974008555556
heading_date,decision_tree,71.21513779,102.65619805741936
heading_date,decision_tree,70.97716018,96.92990476775282
heading_date,decision_tree,71.07285001,72.84601982698113
heading_date,decision_tree,69.68894246,71.09689615016951
heading_date,decision_tree,68.52389578,81.03944469388237
heading_date,decision_tree,74.74759693,132.93050659619053
heading_date,decision_tree,78.26296807,81.03944469388237
heading_date,decision_tree,75.48535816,69.88853404692307
heading_date,decision_tree,71.29569348,115.39892187321429
heading_date,decision_tree,64.96164625,69.83630311412699
heading_date,decision_tree,69.41099454,69.69136750525425
heading_date,decision_tree,70.24288346,75.43584862894123
heading_date,decision_tree,68.63507333,92.28741782448276
heading_date,decision_tree,71.77422188,101.57347848057142
heading_date,decision_tree,73.25910454,96.92990476775282
heading_date,decision_tree,70.48754829,72.84601982698113
heading_date,decision_tree,72.49846683,71.09689615016951
heading_date,decision_tree,71.42897318,69.88853404692307
heading_date,decision_tree,73.90681593,79.44367803945121
heading_date,decision_tree,75.0763434,79.44367803945121
heading_date,decision_tree,73.29046622,84.74554481625002
heading_date,decision_tree,72.84834209,84.74554481625002
heading_date,decision_tree,73.03059289,79.44367803945121
heading_date,decision_tree,74.81303221,84.57954475446968
heading_date,decision_tree,69.87624574,71.52774848559324
heading_date,decision_tree,70.01806104,71.09689615016951
heading_date,decision_tree,71.33815823,79.44367803945121
heading_date,decision_tree,70.5636743,73.47965967305555
heading_date,decision_tree,73.89859722,134.50224219111112
heading_date,decision_tree,66.45445872,119.57940441629637
heading_date,decision_tree,64.34095747,68.44974008555556
heading_date,decision_tree,74.15193902,75.14790272330572
heading_date,decision_tree,66.90326977,84.57954475446968
heading_date,decision_tree,78.19537158,93.18778489500001
heading_date,decision_tree,73.02781027,93.18778489500001
heading_date,decision_tree,72.96219599,74.14128763967743
heading_date,decision_tree,80.18677465,129.9820633669145
heading_date,decision_tree,70.20291568,81.03944469388237
heading_date,decision_tree,68.99896855,73.69925017199999
heading_date,decision_tree,68.80222537,69.83630311412699
heading_date,decision_tree,72.06416894,79.44367803945121
heading_date,decision_tree,69.64686076,77.61489425147057
heading_date,decision_tree,67.43635668,69.83630311412699
heading_date,decision_tree,69.74451908,69.83630311412699
heading_date,decision_tree,70.11836606,69.83630311412699
heading_date,decision_tree,73.05881477,74.14128763967743
heading_date,decision_tree,71.47835468,97.64080638444446
heading_date,decision_tree,68.28504321,69.97661134014709
heading_date,decision_tree,74.02237023,69.83630311412699
heading_date,decision_tree,69.77775012,102.65619805741936
heading_date,decision_tree,70.25188418,74.14128763967743
heading_date,decision_tree,67.52991314,78.18159446835438
heading_date,decision_tree,66.17220103,68.44974008555556
heading_date,decision_tree,66.76791783,73.47965967305555
heading_date,decision_tree,73.62141608,84.48653183135134
heading_date,decision_tree,76.34517081,69.97661134014709
heading_date,decision_tree,72.94854897,83.14499005111111
heading_date,decision_tree,65.85205183,79.44367803945121
heading_date,decision_tree,71.71104647,130.54407901963404
heading_date,decision_tree,70.99697782,91.94287069894737
heading_date,decision_tree,70.45273437,104.39259976000001
heading_date,decision_tree,74.39071969,71.17805907846154
heading_date,decision_tree,66.85864453,79.44367803945121
heading_date,decision_tree,64.71684734,91.94287069894737
heading_date,decision_tree,70.62405409,78.18159446835438
heading_date,decision_tree,73.86051066,70.41909057863636
heading_date,decision_tree,73.08667753,114.52480439066669
heading_date,decision_tree,66.88384025,84.48653183135134
heading_date,decision_tree,66.86742594,68.44974008555556
heading_date,decision_tree,69.41512041,74.14128763967743
heading_date,decision_tree,66.16265597,102.65619805741936
heading_date,decision_tree,70.69853541,79.44367803945121
heading_date,decision_tree,72.56203757,69.83630311412699
heading_date,decision_tree,67.34999015,73.47965967305555
heading_date,decision_tree,70.07040908,72.23685099080645
heading_date,decision_tree,69.937545,129.9820633669145
heading_date,decision_tree,65.84904188,77.99600287000001
heading_date,decision_tree,67.2799696,69.83630311412699
heading_date,decision_tree,70.11400845,69.69136750525425
heading_date,decision_tree,63.84659883,92.78640970586204
heading_date,decision_tree,69.25919539,78.6807789263793
heading_date,decision_tree,71.25587222,84.48653183135134
heading_date,decision_tree,69.22726685,68.62032309861112
heading_date,decision_tree,70.60567069,69.97661134014709
heading_date,decision_tree,72.15576955,78.18159446835438
heading_date,decision_tree,75.47829556,78.6807789263793
heading_date,decision_tree,69.02323276,84.57954475446968
heading_date,decision_tree,68.90974081,72.84601982698113
heading_date,decision_tree,75.69213077,79.44367803945121
heading_date,decision_tree,66.02107783,79.44367803945121
heading_date,decision_tree,73.40545811,81.60984441000001
heading_date,decision_tree,76.11240967,78.6807789263793
heading_date,decision_tree,71.16120997,74.14128763967743
heading_date,decision_tree,70.77944106,135.12200885879517
heading_date,decision_tree,69.63841101,96.92990476775282
heading_date,decision_tree,66.8033324,79.44367803945121
heading_date,decision_tree,76.24116334,136.34041071882356
heading_date,decision_tree,65.3672869,69.97661134014709
heading_date,decision_tree,70.58184502,82.31066124
heading_date,decision_tree,70.06940976,79.44367803945121
heading_date,decision_tree,68.80476808,69.97661134014709
heading_date,decision_tree,69.03168267,69.83630311412699
heading_date,decision_tree,65.91869265,92.28741782448276
heading_date,decision_tree,68.04330573,72.23685099080645
heading_date,decision_tree,70.20751618,77.61489425147057
heading_date,decision_tree,69.44380651,84.48653183135134
heading_date,decision_tree,66.75509277,72.84601982698113
heading_date,decision_tree,66.35955136,79.44367803945121
heading_date,decision_tree,70.38516689,83.14499005111111
heading_date,decision_tree,71.89335576,97.64080638444446
heading_date,decision_tree,71.12237666,74.14128763967743
heading_date,decision_tree,66.84042767,69.69136750525425
heading_date,decision_tree,71.34862675,68.44974008555556
heading_date,decision_tree,76.04175339,75.14790272330572
heading_date,decision_tree,72.31816082,96.92990476775282
heading_date,decision_tree,70.9479367,78.6807789263793
heading_date,decision_tree,70.8148652,69.88853404692307
heading_date,decision_tree,70.98241149,83.186654015
heading_date,decision_tree,65.64308604,74.14128763967743
heading_date,decision_tree,72.47605013,74.14128763967743
heading_date,decision_tree,73.37557025,82.31066124
heading_date,decision_tree,70.78020229,78.6807789263793
heading_date,decision_tree,74.97162863,83.14499005111111
heading_date,decision_tree,70.72763568,71.52774848559324
heading_date,decision_tree,66.59723738,69.36843147214284
heading_date,decision_tree,68.41493803,69.88853404692307
heading_date,decision_tree,73.15376871,78.18159446835438
heading_date,decision_tree,73.71375899,99.63611089416666
heading_date,decision_tree,67.72264716,113.75596795916668
heading_date,decision_tree,72.49313335,75.43584862894123
heading_date,decision_tree,75.15278351,79.44367803945121
heading_date,decision_tree,70.35854659,123.97379039
heading_date,decision_tree,72.10827256,78.18159446835438
heading_date,decision_tree,70.95737641,102.65619805741936
heading_date,decision_tree,68.69884136,79.44367803945121
heading_date,decision_tree,73.29227928,72.84601982698113
heading_date,decision_tree,70.50191917,134.2959005803382
heading_date,decision_tree,75.51062035,72.84601982698113
heading_date,decision_tree,76.01535063,84.48653183135134
heading_date,decision_tree,74.96161981,78.6807789263793
heading_date,decision_tree,65.95291119,72.84601982698113
heading_date,decision_tree,71.47202269,130.54407901963404
heading_date,decision_tree,75.88829881,76.77399928492959
heading_date,decision_tree,68.99770678,78.6807789263793
heading_date,decision_tree,72.41193951,68.44974008555556
heading_date,decision_tree,76.13441076,78.18159446835438
heading_date,decision_tree,66.32248551,69.97661134014709
heading_date,decision_tree,71.65864155,77.99600287000001
heading_date,decision_tree,71.0872356,68.44974008555556
heading_date,decision_tree,67.98054011,93.940037096
heading_date,decision_tree,68.45763256,71.52774848559324
heading_date,decision_tree,68.74370561,69.97661134014709
heading_date,decision_tree,73.661783,78.18159446835438
heading_date,decision_tree,72.47748564,71.52774848559324
heading_date,decision_tree,69.17359096,68.44974008555556
heading_date,decision_tree,70.52540696,115.39892187321429
heading_date,decision_tree,69.57811645,99.42887845277778
heading_date,decision_tree,74.06753412,76.77399928492959
heading_date,decision_tree,76.08233525,78.18159446835438
heading_date,decision_tree,66.89485452,74.32567724999998
heading_date,decision_tree,66.47290116,84.57954475446968
heading_date,decision_tree,66.10037516,69.97661134014709
heading_date,decision_tree,71.24383736,123.01609117671872
heading_date,decision_tree,73.73619032,92.28741782448276
heading_date,decision_tree,69.09121195,77.61489425147057
heading_date,decision_tree,74.84314052,71.09689615016951
heading_date,decision_tree,73.84519396,136.40010890384613
heading_date,decision_tree,66.93723576,71.52774848559324
heading_date,decision_tree,74.58257326,76.77399928492959
heading_date,decision_tree,74.44195046,79.44367803945121
heading_date,decision_tree,73.30522901,78.18159446835438
heading_date,decision_tree,75.49738119,78.18159446835438
heading_date,decision_tree,66.43667858,81.60984441000001
heading_date,decision_tree,68.85407314,96.92990476775282
heading_date,decision_tree,65.51496639,78.6807789263793
heading_date,decision_tree,65.23113022,69.69136750525425
heading_date,decision_tree,75.19488328,137.29246221904765
heading_date,decision_tree,68.65996046,69.97661134014709
heading_date,decision_tree,69.32183845,74.14128763967743
heading_date,decision_tree,71.47390865,77.09007390833334
heading_date,decision_tree,63.60653189,74.14128763967743
heading_date,decision_tree,71.6814977,78.6807789263793
heading_date,decision_tree,75.47961513,84.74554481625002
heading_date,decision_tree,71.49905543,75.43584862894123
heading_date,decision_tree,68.40154143,135.12200885879517
heading_date,decision_tree,71.47454821,84.48653183135134
heading_date,decision_tree,75.41440662,72.84601982698113
heading_date,decision_tree,73.53232282,123.01609117671872
heading_date,decision_tree,73.38787846,79.44367803945121
heading_date,decision_tree,71.14925478,92.28741782448276
heading_date,decision_tree,65.95455457,79.44367803945121
heading_date,decision_tree,72.88953837,123.01609117671872
heading_date,decision_tree,76.44161435,75.43584862894123
heading_date,decision_tree,70.27463073,71.09689615016951
heading_date,decision_tree,72.2394546,74.14128763967743
heading_date,decision_tree,70.41476261,77.61489425147057
heading_date,decision_tree,73.88433532,81.03944469388237
heading_date,decision_tree,70.40496905,72.84601982698113
heading_date,decision_tree,73.84329904,79.44367803945121
heading_date,decision_tree,73.32306067,83.186654015
heading_date,decision_tree,77.88167969,115.39892187321429
heading_date,decision_tree,75.36142987,84.48653183135134
heading_date,decision_tree,67.1766843,97.64080638444446
heading_date,decision_tree,72.68712084,78.18159446835438
heading_date,decision_tree,72.24724216,78.18159446835438
heading_date,decision_tree,69.86431728,68.62032309861112
heading_date,decision_tree,71.59961536,69.88853404692307
heading_date,decision_tree,72.12272676,69.97661134014709
heading_date,decision_tree,71.39521691,123.01609117671872
heading_date,decision_tree,72.92330733,69.88853404692307
heading_date,decision_tree,64.77806944,69.88853404692307
heading_date,decision_tree,70.2972185,81.03944469388237
heading_date,decision_tree,73.18887687,78.18159446835438
heading_date,decision_tree,66.03170016,84.57954475446968
heading_date,decision_tree,66.57897461,74.14128763967743
heading_date,decision_tree,68.03193931,102.65619805741936
heading_date,decision_tree,66.00954055,96.2325401430769
heading_date,decision_tree,72.67306315,119.65520775857144
heading_date,decision_tree,69.92228344,69.97661134014709
heading_date,decision_tree,68.72075796,84.74554481625002
heading_date,decision_tree,77.22752805,78.18159446835438
heading_date,decision_tree,65.63955967,74.14128763967743
heading_date,decision_tree,68.09084766,83.14499005111111
heading_date,decision_tree,74.34608236,76.77399928492959
heading_date,decision_tree,73.87774779,78.18159446835438
heading_date,decision_tree,68.85229399,69.90573653340908
heading_date,decision_tree,74.64033401,75.43584862894123
heading_date,decision_tree,75.31887766,125.26274228439026
heading_date,decision_tree,75.86668472,83.14499005111111
heading_date,decision_tree,72.93319662,69.90573653340908
heading_date,decision_tree,66.66699329,96.92990476775282
heading_date,decision_tree,67.97779268,69.36843147214284
heading_date,decision_tree,70.1364937,102.65619805741936
heading_date,decision_tree,76.57938336,77.09007390833334
heading_date,decision_tree,70.55262868,101.57347848057142
heading_date,decision_tree,71.1110076,78.18159446835438
heading_date,decision_tree,74.83589779,69.88853404692307
heading_date,decision_tree,76.51973791,97.64080638444446
heading_date,decision_tree,76.29784896,81.03944469388237
heading_date,decision_tree,70.74393525,69.97661134014709
heading_date,decision_tree,68.13099532,69.83630311412699
heading_date,decision_tree,68.12169332,83.186654015
heading_date,decision_tree,73.10569573,83.14499005111111
heading_date,decision_tree,71.86954572,71.09689615016951
heading_date,decision_tree,77.05671031,83.14499005111111
heading_date,decision_tree,75.28967282,78.18159446835438
heading_date,decision_tree,69.90700066,84.729364549
heading_date,decision_tree,76.88103588,82.31066124
heading_date,decision_tree,74.08328467,91.892928500625
heading_date,decision_tree,68.89564055,91.892928500625
heading_date,decision_tree,73.56021564,91.892928500625
heading_date,decision_tree,73.5808855,69.69136750525425
heading_date,decision_tree,70.31119991,96.92990476775282
heading_date,decision_tree,72.16224226,101.57347848057142
heading_date,decision_tree,72.05557631,138.5849836
heading_date,decision_tree,71.32553595,129.9820633669145
heading_date,decision_tree,77.70641607,81.03944469388237
heading_date,decision_tree,73.47383902,83.14499005111111
heading_date,decision_tree,73.60813506,71.09689615016951
heading_date,decision_tree,67.08958845,79.44367803945121
heading_date,decision_tree,74.77027119,84.74554481625002
heading_date,decision_tree,75.32193801,69.69136750525425
heading_date,decision_tree,73.43810176,72.84601982698113
heading_date,decision_tree,71.45203421,78.18159446835438
heading_date,decision_tree,71.56721859,72.23685099080645
heading_date,decision_tree,73.05006146,84.74554481625002
heading_date,decision_tree,73.23809874,69.69136750525425
heading_date,decision_tree,70.7905393,71.09689615016951
heading_date,decision_tree,74.96498688,71.52774848559324
heading_date,decision_tree,74.45265722,95.02948177466666
heading_date,decision_tree,77.83211711,79.44367803945121
heading_date,decision_tree,70.25976192,115.39892187321429
heading_date,decision_tree,72.59543156,79.44367803945121
heading_date,decision_tree,69.87004508,86.54915590235294
heading_date,decision_tree,67.35990526,68.62032309861112
heading_date,decision_tree,70.53892868,79.44367803945121
heading_date,decision_tree,69.65381816,95.02948177466666
heading_date,decision_tree,64.79137899,79.44367803945121
heading_date,decision_tree,70.55581706,68.62032309861112
heading_date,decision_tree,71.69392732,96.92990476775282
heading_date,decision_tree,71.15600193,69.97661134014709
heading_date,decision_tree,68.50321935,79.44367803945121
heading_date,decision_tree,71.8439335,119.57940441629637
heading_date,decision_tree,72.03574691,79.44367803945121
heading_date,decision_tree,74.13524586,129.9820633669145
heading_date,decision_tree,73.25621539,72.84601982698113
heading_date,decision_tree,71.17979877,68.44974008555556
heading_date,decision_tree,79.43995387,76.77399928492959
heading_date,decision_tree,73.95401072,71.89584873826922
heading_date,decision_tree,70.40511568,96.92990476775282
heading_date,decision_tree,72.60609784,71.09689615016951
heading_date,decision_tree,69.50185485,68.62032309861112
heading_date,decision_tree,66.20056607,77.99600287000001
heading_date,decision_tree,72.41292025,91.892928500625
heading_date,decision_tree,71.01321896,96.92990476775282
heading_date,decision_tree,71.4227622,101.78863373571428
heading_date,decision_tree,64.1620208,69.39551959444447
heading_date,decision_tree,69.49922466,74.14128763967743
heading_date,decision_tree,69.32396011,69.97661134014709
heading_date,decision_tree,68.8462765,69.90573653340908
heading_date,decision_tree,70.32972131,119.57940441629637
heading_date,decision_tree,70.1299142,69.83630311412699
heading_date,decision_tree,68.74930527,92.78640970586204
heading_date,decision_tree,70.17365081,71.89584873826922
heading_date,decision_tree,66.0978734,71.89584873826922
heading_date,decision_tree,74.72194686,104.39259976000001
heading_date,decision_tree,73.23503031,79.44367803945121
heading_date,decision_tree,70.41579451,74.14128763967743
heading_date,decision_tree,69.98064762,77.61489425147057
heading_date,decision_tree,71.79630868,78.6807789263793
heading_date,decision_tree,71.29354425,119.57940441629637
heading_date,decision_tree,67.49763499,69.88853404692307
heading_date,decision_tree,73.39298905,71.52774848559324
heading_date,decision_tree,67.21585775,84.57954475446968
heading_date,decision_tree,77.89114616,72.84601982698113
heading_date,decision_tree,71.70051615,71.52774848559324
heading_date,decision_tree,70.80899456,69.90573653340908
heading_date,decision_tree,69.57346631,99.63611089416666
heading_date,decision_tree,74.65867956,119.57940441629637
heading_date,decision_tree,74.40344875,71.52774848559324
heading_date,decision_tree,73.34151876,78.18159446835438
heading_date,decision_tree,72.67549667,84.74554481625002
heading_date,decision_tree,72.00874397,71.52774848559324
heading_date,decision_tree,70.24671324,137.29246221904765
heading_date,decision_tree,70.34895685,79.44367803945121
heading_date,decision_tree,71.14708344,123.01609117671872
heading_date,decision_tree,77.85087289,78.18159446835438
heading_date,decision_tree,69.86009609,77.61489425147057
heading_date,decision_tree,67.0700819,69.69136750525425
heading_date,decision_tree,70.22088521,83.14499005111111
heading_date,decision_tree,69.26721347,73.47965967305555
heading_date,decision_tree,70.33919103,77.61489425147057
heading_date,decision_tree,68.72731007,78.18159446835438
heading_date,decision_tree,65.345322435,78.18159446835438
heading_date,decision_tree,70.73256258,79.44367803945121
heading_date,decision_tree,68.36744232,123.01609117671872
heading_date,decision_tree,65.89015858,91.94287069894737
heading_date,decision_tree,66.05264166,84.57954475446968
heading_date,decision_tree,71.6055494,113.75596795916668
heading_date,decision_tree,65.70822977,77.61489425147057
heading_date,decision_tree,63.68768235,84.57954475446968
heading_date,decision_tree,69.32214361,95.02948177466666
heading_date,decision_tree,63.93969362,73.47965967305555
heading_date,decision_tree,66.86712059,69.88853404692307
heading_date,decision_tree,65.35246628,84.729364549
heading_date,decision_tree,71.38976714,77.61489425147057
heading_date,decision_tree,65.65626114,71.09689615016951
heading_date,decision_tree,70.00919458,102.65619805741936
heading_date,decision_tree,75.60384423,92.78640970586204
heading_date,decision_tree,68.46201352,84.57954475446968
heading_date,decision_tree,73.10082123,71.89584873826922
heading_date,decision_tree,76.356754,75.14790272330572
heading_date,decision_tree,70.6456504,74.32567724999998
heading_date,decision_tree,71.7316861,69.83630311412699
heading_date,decision_tree,75.1142689,99.63611089416666
heading_date,decision_tree,71.93597037,78.18159446835438
heading_date,decision_tree,73.10390928,84.57954475446968
heading_date,decision_tree,75.45138162,71.09689615016951
heading_date,decision_tree,69.12878797,94.90951303499999
heading_date,decision_tree,68.44705577,84.57954475446968
heading_date,decision_tree,73.80793907,97.64080638444446
heading_date,decision_tree,69.96800607,69.69136750525425
heading_date,decision_tree,76.21083683,78.18159446835438
heading_date,decision_tree,68.1511504,69.36843147214284
heading_date,decision_tree,66.35890322,74.14128763967743
heading_date,decision_tree,72.84233623,96.92990476775282
heading_date,decision_tree,69.69312002,69.36843147214284
heading_date,decision_tree,67.18052391,69.36843147214284
heading_date,decision_tree,69.86090994,68.62032309861112
heading_date,decision_tree,76.0816442,93.14238771600003
heading_date,decision_tree,69.91428023,68.62032309861112
heading_date,decision_tree,66.78096121,69.39551959444447
heading_date,decision_tree,65.95061099,69.39551959444447
heading_date,decision_tree,72.473336,115.39892187321429
heading_date,decision_tree,76.83008918,79.44367803945121
heading_date,decision_tree,71.67358103,72.15078354285714
heading_date,decision_tree,69.916653,96.92990476775282
heading_date,decision_tree,68.83440229,71.52774848559324
heading_date,decision_tree,73.40337589,84.57954475446968
heading_date,decision_tree,69.72753808,69.90573653340908
heading_date,decision_tree,73.64268186,71.52774848559324
heading_date,decision_tree,70.34605298,96.92990476775282
heading_date,decision_tree,70.71476569,99.63611089416666
heading_date,decision_tree,71.34776186,70.41909057863636
heading_date,decision_tree,68.04398239,69.90573653340908
heading_date,decision_tree,69.90992187,71.09689615016951
heading_date,decision_tree,69.49890944,71.52774848559324
heading_date,decision_tree,69.7891648,81.03944469388237
heading_date,decision_tree,71.61136297,69.69136750525425
heading_date,decision_tree,74.72511563,83.14499005111111
heading_date,decision_tree,71.11973783,69.39551959444447
heading_date,decision_tree,66.83063971,68.44974008555556
heading_date,decision_tree,67.26308671,69.39551959444447
heading_date,decision_tree,68.196063,94.40668708
heading_date,decision_tree,69.13499905,69.36843147214284
heading_date,decision_tree,68.05007939,78.6807789263793
heading_date,decision_tree,64.39479985,74.14128763967743
heading_date,decision_tree,75.43039886,68.62032309861112
heading_date,decision_tree,70.71278575,81.60984441000001
heading_date,decision_tree,65.70530213,73.47965967305555
heading_date,decision_tree,69.01161839,91.892928500625
heading_date,decision_tree,68.09290189,69.83630311412699
heading_date,decision_tree,74.12225962,76.77399928492959
heading_date,decision_tree,74.16746489,78.18159446835438
heading_date,decision_tree,69.57076912,69.97661134014709
heading_date,decision_tree,66.30653296,68.44974008555556
heading_date,decision_tree,65.21326658,74.14128763967743
heading_date,decision_tree,65.80157103,102.65619805741936
heading_date,decision_tree,65.84069511,130.54407901963404
heading_date,decision_tree,72.96050881,77.99600287000001
heading_date,decision_tree,71.10671963,71.09689615016951
heading_date,decision_tree,65.79428981,84.57954475446968
heading_date,decision_tree,72.64786489,90.6248997106818
heading_date,decision_tree,74.88924313,119.57940441629637
heading_date,decision_tree,68.51305027,101.78863373571428
heading_date,decision_tree,75.70286332,134.2959005803382
heading_date,decision_tree,71.36798435,78.6807789263793
heading_date,decision_tree,76.79945152,76.77399928492959
heading_date,decision_tree,74.05047899,96.92990476775282
heading_date,decision_tree,70.15245605,69.88853404692307
heading_date,decision_tree,70.21139135,84.57954475446968
heading_date,decision_tree,74.83238292,123.01609117671872
heading_date,decision_tree,74.90889667,83.14499005111111
heading_date,decision_tree,77.77169813,84.74554481625002
heading_date,decision_tree,73.20269395,69.69136750525425
heading_date,decision_tree,70.33837877,69.69136750525425
heading_date,decision_tree,71.90487538,129.9820633669145
heading_date,decision_tree,71.70476953,94.90951303499999
heading_date,decision_tree,67.17324806,99.42887845277778
heading_date,decision_tree,67.81119546,92.28741782448276
heading_date,decision_tree,67.29786665,77.61489425147057
heading_date,decision_tree,76.0255848,78.18159446835438
heading_date,decision_tree,76.41919117,78.18159446835438
heading_date,decision_tree,74.5923255,77.61489425147057
heading_date,decision_tree,73.24052531,69.69136750525425
heading_date,decision_tree,66.56854857,79.44367803945121
heading_date,decision_tree,65.59403766,71.89584873826922
heading_date,decision_tree,75.23821327,86.54915590235294
heading_date,decision_tree,73.37352334,90.6248997106818
heading_date,decision_tree,68.31242523,69.83630311412699
heading_date,decision_tree,70.18988702,102.65619805741936
heading_date,decision_tree,135.0124977,101.57347848057142
heading_date,decision_tree,131.1376018,83.14499005111111
heading_date,decision_tree,127.4952925,79.44367803945121
heading_date,decision_tree,132.9185581,129.9820633669145
heading_date,decision_tree,135.5122478,135.12200885879517
heading_date,decision_tree,136.708832,129.9820633669145
heading_date,decision_tree,138.1521257,90.6248997106818
heading_date,decision_tree,133.6229181,131.1965602315625
heading_date,decision_tree,142.5172946,137.29246221904765
heading_date,decision_tree,133.1346108,131.1965602315625
heading_date,decision_tree,128.2808634,84.48653183135134
heading_date,decision_tree,131.4490245,123.01609117671872
heading_date,decision_tree,130.1225762,134.77054748782612
heading_date,decision_tree,140.329899,79.44367803945121
heading_date,decision_tree,129.5939866,116.98141051277779
heading_date,decision_tree,137.3372998,129.9820633669145
heading_date,decision_tree,133.9333111,132.93050659619053
heading_date,decision_tree,139.658972,119.57940441629637
heading_date,decision_tree,133.875129,135.12200885879517
heading_date,decision_tree,128.4178839,123.01609117671872
heading_date,decision_tree,132.7842797,129.9820633669145
heading_date,decision_tree,133.2090608,129.9820633669145
heading_date,decision_tree,130.8903962,116.98141051277779
heading_date,decision_tree,134.12579,114.73097312812503
heading_date,decision_tree,133.9805901,75.14790272330572
heading_date,decision_tree,135.8769503,90.6248997106818
heading_date,decision_tree,130.8627045,73.47965967305555
heading_date,decision_tree,137.6324379,71.89584873826922
heading_date,decision_tree,135.6980028,123.01609117671872
heading_date,decision_tree,132.5179743,77.99600287000001
heading_date,decision_tree,137.786505,115.39892187321429
heading_date,decision_tree,134.9355974,129.9820633669145
heading_date,decision_tree,135.5590088,92.78640970586204
heading_date,decision_tree,139.7923564,129.9820633669145
heading_date,decision_tree,134.8275248,75.43584862894123
heading_date,decision_tree,137.4435432,119.57940441629637
heading_date,decision_tree,136.4458612,134.2959005803382
heading_date,decision_tree,138.1860589,134.50224219111112
heading_date,decision_tree,132.4494121,131.1965602315625
heading_date,decision_tree,134.1848786,116.98141051277779
heading_date,decision_tree,134.1127859,135.39358827272727
heading_date,decision_tree,132.6606136,119.57940441629637
heading_date,decision_tree,131.5267898,137.29246221904765
heading_date,decision_tree,135.1331239,131.15077567999998
heading_date,decision_tree,131.9704949,137.29246221904765
heading_date,decision_tree,129.0285291,125.26274228439026
heading_date,decision_tree,129.6938329,134.77054748782612
heading_date,decision_tree,134.4295035,134.2959005803382
heading_date,decision_tree,128.5273442,99.63611089416666
heading_date,decision_tree,139.4167345,119.57940441629637
heading_date,decision_tree,135.9682749,135.39358827272727
heading_date,decision_tree,132.4074653,96.92990476775282
heading_date,decision_tree,129.0138553,68.62032309861112
heading_date,decision_tree,139.002867,96.2325401430769
heading_date,decision_tree,131.232896,96.92990476775282
heading_date,decision_tree,131.2749892,99.42887845277778
heading_date,decision_tree,129.9801436,78.6807789263793
heading_date,decision_tree,132.3355948,80.09634964400001
heading_date,decision_tree,127.6646855,73.47965967305555
heading_date,decision_tree,130.372926,69.97661134014709
heading_date,decision_tree,124.6588773,130.54407901963404
heading_date,decision_tree,130.604193,96.92990476775282
heading_date,decision_tree,130.8283306,102.65619805741936
heading_date,decision_tree,141.729227,123.01609117671872
heading_date,decision_tree,137.8176787,69.39551959444447
heading_date,decision_tree,131.281506,77.99600287000001
heading_date,decision_tree,125.7384657,69.88853404692307
heading_date,decision_tree,131.9882392,134.2959005803382
heading_date,decision_tree,138.5408884,130.54407901963404
heading_date,decision_tree,138.1311221,78.6807789263793
heading_date,decision_tree,142.4949325,83.14499005111111
heading_date,decision_tree,137.1695845,78.18159446835438
heading_date,decision_tree,139.7680022,77.99600287000001
heading_date,decision_tree,138.8299962,83.14499005111111
heading_date,decision_tree,138.8265307,74.14128763967743
heading_date,decision_tree,140.1420899,81.03944469388237
heading_date,decision_tree,138.5309748,79.44367803945121
heading_date,decision_tree,133.5885158,81.03944469388237
heading_date,decision_tree,137.688565,83.14499005111111
heading_date,decision_tree,142.6567569,130.54407901963404
heading_date,decision_tree,138.8864808,129.9820633669145
heading_date,decision_tree,144.7717432,78.18159446835438
heading_date,decision_tree,137.1934361,125.26274228439026
heading_date,decision_tree,137.2712069,79.44367803945121
heading_date,decision_tree,139.5023062,78.6807789263793
heading_date,decision_tree,134.1392296,136.40010890384613
heading_date,decision_tree,125.9265837,99.42887845277778
heading_date,decision_tree,134.1863729,135.39358827272727
heading_date,decision_tree,137.5206775,134.2959005803382
heading_date,decision_tree,133.8219732,96.92990476775282
heading_date,decision_tree,137.4739844,96.92990476775282
heading_date,decision_tree,129.180234,96.92990476775282
heading_date,decision_tree,126.560584,71.89584873826922
heading_date,decision_tree,142.6777739,79.44367803945121
heading_date,decision_tree,138.8260235,113.75596795916668
heading_date,decision_tree,132.7598533,78.18159446835438
heading_date,decision_tree,133.6671655,99.42887845277778
heading_date,decision_tree,132.3802859,136.34041071882356
heading_date,decision_tree,141.9584089,96.92990476775282
heading_date,decision_tree,137.2961454,79.44367803945121
heading_date,decision_tree,138.0104867,96.92990476775282
heading_date,decision_tree,140.9308021,96.92990476775282
heading_date,decision_tree,137.3267537,123.97379039
heading_date,decision_tree,137.5703576,113.75596795916668
heading_date,decision_tree,137.5391761,134.19998808000003
heading_date,decision_tree,135.2826812,136.34041071882356
heading_date,decision_tree,127.6581182,99.63611089416666
heading_date,decision_tree,136.3724187,132.93050659619053
heading_date,decision_tree,140.3018932,136.34041071882356
heading_date,decision_tree,138.9132929,115.39892187321429
heading_date,decision_tree,132.5338815,137.29246221904765
heading_date,decision_tree,136.2670827,74.14128763967743
heading_date,decision_tree,134.4168437,79.44367803945121
heading_date,decision_tree,139.5018265,136.34041071882356
heading_date,decision_tree,136.6966077,135.39358827272727
heading_date,decision_tree,139.2046267,125.26274228439026
heading_date,decision_tree,139.5328422,79.44367803945121
heading_date,decision_tree,139.5568279,115.39892187321429
heading_date,decision_tree,133.419942,116.98141051277779
heading_date,decision_tree,142.1277933,84.57954475446968
heading_date,decision_tree,133.289293,132.93050659619053
heading_date,decision_tree,138.2303584,119.57940441629637
heading_date,decision_tree,135.3760747,93.18778489500001
heading_date,decision_tree,135.4289193,123.01609117671872
heading_date,decision_tree,136.0103199,134.2959005803382
heading_date,decision_tree,136.3843709,129.9820633669145
heading_date,decision_tree,127.5878797,79.44367803945121
heading_date,decision_tree,135.4825109,134.2959005803382
heading_date,decision_tree,135.6400614,123.01609117671872
heading_date,decision_tree,135.0667128,115.39892187321429
heading_date,decision_tree,134.2585613,78.6807789263793
heading_date,decision_tree,130.1923437,129.9820633669145
heading_date,decision_tree,138.1207407,79.44367803945121
heading_date,decision_tree,135.5829359,135.12200885879517
heading_date,decision_tree,137.567537,115.39892187321429
heading_date,decision_tree,136.8892699,131.1965602315625
heading_date,decision_tree,136.4341031,130.54407901963404
heading_date,decision_tree,133.8149685,129.9820633669145
heading_date,decision_tree,137.1670643,119.57940441629637
heading_date,decision_tree,135.8769162,134.2959005803382
heading_date,decision_tree,137.0656528,114.73097312812503
heading_date,decision_tree,136.9844925,135.12200885879517
heading_date,decision_tree,127.2012288,74.14128763967743
heading_date,decision_tree,136.0725267,123.01609117671872
heading_date,decision_tree,136.0865759,132.93050659619053
heading_date,decision_tree,137.9369893,115.39892187321429
heading_date,decision_tree,137.274842,79.44367803945121
heading_date,decision_tree,132.7043471,125.26274228439026
heading_date,decision_tree,137.2478415,134.2959005803382
heading_date,decision_tree,137.2427613,102.65619805741936
heading_date,decision_tree,132.7352285,136.34041071882356
heading_date,decision_tree,132.3494267,129.9820633669145
heading_date,decision_tree,138.4349052,136.34041071882356
heading_date,decision_tree,137.8602773,135.12200885879517
heading_date,decision_tree,134.5827086,135.39358827272727
heading_date,decision_tree,147.2995825,123.01609117671872
heading_date,decision_tree,143.2762998,115.39892187321429
heading_date,decision_tree,136.3281237,135.39358827272727
heading_date,decision_tree,135.3488419,74.14128763967743
heading_date,decision_tree,136.5309641,131.1965602315625
heading_date,decision_tree,140.0179642,123.01609117671872
heading_date,decision_tree,138.2297729,129.9820633669145
heading_date,decision_tree,137.3292465,123.01609117671872
heading_date,decision_tree,135.7116789,125.26274228439026
heading_date,decision_tree,142.2021781,135.12200885879517
heading_date,decision_tree,131.2541635,129.9820633669145
heading_date,decision_tree,136.1333373,96.92990476775282
heading_date,decision_tree,144.9484596,130.54407901963404
heading_date,decision_tree,141.1257137,123.01609117671872
heading_date,decision_tree,132.5056467,135.39358827272727
heading_date,decision_tree,136.3393475,135.39358827272727
heading_date,decision_tree,136.0473209,134.2959005803382
heading_date,decision_tree,130.7922896,129.9820633669145
heading_date,decision_tree,134.4381523,75.43584862894123
heading_date,decision_tree,137.1228511,125.26274228439026
heading_date,decision_tree,136.0061576,125.26274228439026
heading_date,decision_tree,133.9543172,136.34041071882356
heading_date,decision_tree,137.7701297,92.28741782448276
heading_date,decision_tree,137.6326115,79.44367803945121
heading_date,decision_tree,131.1816109,123.01609117671872
heading_date,decision_tree,148.009344,69.88853404692307
heading_date,decision_tree,139.9671981,123.01609117671872
heading_date,decision_tree,142.0799892,119.57940441629637
heading_date,decision_tree,136.9659509,104.39259976000001
heading_date,decision_tree,146.9063677,92.28741782448276
heading_date,decision_tree,137.7331428,123.01609117671872
heading_date,decision_tree,142.1866771,79.44367803945121
heading_date,decision_tree,132.203008,123.97379039
heading_date,decision_tree,135.8051786,129.9820633669145
heading_date,decision_tree,132.4734016,123.01609117671872
heading_date,decision_tree,134.1501118,132.93050659619053
heading_date,decision_tree,141.9748227,93.18778489500001
heading_date,decision_tree,134.4129753,123.01609117671872
heading_date,decision_tree,136.0469073,135.39358827272727
heading_date,decision_tree,131.8178343,135.12200885879517
heading_date,decision_tree,140.2483705,78.6807789263793
heading_date,decision_tree,137.1906833,135.84650818
heading_date,decision_tree,137.5477175,135.39358827272727
heading_date,decision_tree,134.932367,79.44367803945121
heading_date,decision_tree,140.0229539,119.57940441629637
heading_date,decision_tree,136.6995063,125.26274228439026
heading_date,decision_tree,139.3233338,96.2325401430769
heading_date,decision_tree,133.806829,68.62032309861112
heading_date,decision_tree,144.8853647,135.12200885879517
heading_date,decision_tree,130.7195337,93.940037096
heading_date,decision_tree,132.9521219,120.83190392600002
heading_date,decision_tree,140.5833506,119.57940441629637
heading_date,decision_tree,132.9469242,136.34041071882356
heading_date,decision_tree,137.894999,129.9820633669145
heading_date,decision_tree,138.0837962,135.39358827272727
heading_date,decision_tree,142.3090935,90.6248997106818
heading_date,decision_tree,135.8272429,130.54407901963404
heading_date,decision_tree,136.5147156,69.83630311412699
heading_date,decision_tree,140.3571793,84.48653183135134
heading_date,decision_tree,135.7120763,115.39892187321429
heading_date,decision_tree,134.7976425,135.12200885879517
heading_date,decision_tree,140.4601646,129.9820633669145
heading_date,decision_tree,135.0964616,129.9820633669145
heading_date,decision_tree,137.9825587,136.34041071882356
heading_date,decision_tree,139.0650279,125.26274228439026
heading_date,decision_tree,142.4398586,136.40010890384613
heading_date,decision_tree,132.707686,130.54407901963404
heading_date,decision_tree,138.6626667,135.12200885879517
heading_date,decision_tree,137.7864379,134.77054748782612
heading_date,decision_tree,134.8522889,125.26274228439026
heading_date,decision_tree,134.8720955,115.39892187321429
heading_date,decision_tree,131.2259749,135.12200885879517
heading_date,decision_tree,132.2150325,119.57940441629637
heading_date,decision_tree,132.9847901,134.77054748782612
heading_date,decision_tree,137.0717572,101.57347848057142
heading_date,decision_tree,132.4746996,134.2959005803382
heading_date,decision_tree,135.5408098,129.9820633669145
heading_date,decision_tree,134.1517945,69.88853404692307
heading_date,decision_tree,139.5071789,71.89584873826922
heading_date,decision_tree,135.2343139,129.9820633669145
heading_date,decision_tree,139.4998594,129.9820633669145
heading_date,decision_tree,142.211522,119.57940441629637
heading_date,decision_tree,138.0249307,123.97379039
heading_date,decision_tree,141.7401619,79.44367803945121
heading_date,decision_tree,134.6946846,123.01609117671872
heading_date,decision_tree,133.7162425,96.92990476775282
heading_date,decision_tree,137.8476631,96.92990476775282
heading_date,decision_tree,135.1377472,96.92990476775282
heading_date,decision_tree,141.6554593,84.48653183135134
heading_date,decision_tree,135.6852196,134.77054748782612
heading_date,decision_tree,138.5267729,71.89584873826922
heading_date,decision_tree,140.5689081,115.39892187321429
heading_date,decision_tree,135.6119781,92.28741782448276
heading_date,decision_tree,138.3260143,77.61489425147057
heading_date,decision_tree,134.4735789,96.92990476775282
heading_date,decision_tree,143.1625163,84.48653183135134
heading_date,decision_tree,135.8281407,129.9820633669145
heading_date,decision_tree,138.5601171,123.01609117671872
heading_date,decision_tree,135.6353811,96.92990476775282
heading_date,decision_tree,136.8042019,129.9820633669145
heading_date,decision_tree,133.5868267,123.01609117671872
heading_date,decision_tree,142.2942098,68.44974008555556
heading_date,decision_tree,139.850888,93.18778489500001
heading_date,decision_tree,138.9752432,134.77054748782612
heading_date,decision_tree,137.7451895,130.54407901963404
heading_date,decision_tree,146.9884934,119.57940441629637
heading_date,decision_tree,133.4227444,113.75596795916668
heading_date,decision_tree,139.345096,135.12200885879517
heading_date,decision_tree,125.6506941,132.93050659619053
heading_date,decision_tree,141.5605411,109.81413948
heading_date,decision_tree,139.675944,73.69925017199999
heading_date,decision_tree,135.6584289,130.54407901963404
heading_date,decision_tree,135.2312701,129.9820633669145
heading_date,decision_tree,136.3833726,134.2959005803382
heading_date,decision_tree,134.8069279,130.54407901963404
heading_date,decision_tree,137.9885548,134.2959005803382
heading_date,decision_tree,132.2602137,134.77054748782612
heading_date,decision_tree,129.6272054,69.90573653340908
heading_date,decision_tree,130.1739431,84.729364549
heading_date,decision_tree,138.0208657,135.12200885879517
heading_date,decision_tree,139.6305963,119.57940441629637
heading_date,decision_tree,132.9542458,136.34041071882356
heading_date,decision_tree,133.8095452,77.99600287000001
heading_date,decision_tree,137.8854529,123.01609117671872
heading_date,decision_tree,134.2877325,79.44367803945121
heading_date,decision_tree,142.228753,86.54915590235294
heading_date,decision_tree,141.6299267,101.57347848057142
heading_date,decision_tree,134.0759735,92.78640970586204
heading_date,decision_tree,128.0650606,96.92990476775282
heading_date,decision_tree,131.7831402,130.54407901963404
heading_date,decision_tree,133.9285765,95.02948177466666
heading_date,decision_tree,136.6396674,134.77054748782612
heading_date,decision_tree,137.3865059,129.9820633669145
lodging,decision_tree,2.174896356,1.7409110921428572
lodging,decision_tree,1.644474162,1.739537928290323
lodging,decision_tree,1.324642932,2.719620558
lodging,decision_tree,1.593071519,1.5685395550681815
lodging,decision_tree,1.54400155,1.739537928290323
lodging,decision_tree,1.346724921,2.719620558
lodging,decision_tree,1.160769774,1.6928945726599203
lodging,decision_tree,1.740891513,1.6928945726599203
lodging,decision_tree,1.588899886,1.7051791467362218
lodging,decision_tree,1.657603308,1.6928945726599203
lodging,decision_tree,2.442546063,1.6433090817142857
lodging,decision_tree,1.498489697,1.7409110921428572
lodging,decision_tree,1.784790868,1.5685395550681815
lodging,decision_tree,1.636561435,1.739537928290323
lodging,decision_tree,1.399702272,1.739537928290323
lodging,decision_tree,1.560870412,1.7409110921428572
lodging,decision_tree,1.772587931,1.7051791467362218
lodging,decision_tree,2.03978502,1.7051791467362218
lodging,decision_tree,1.431336858,1.6244648230777774
lodging,decision_tree,1.269377908,1.7051791467362218
lodging,decision_tree,1.990377116,1.739537928290323
lodging,decision_tree,1.627762666,1.739537928290323
lodging,decision_tree,1.382168736,1.7409110921428572
lodging,decision_tree,2.200916425,2.7707950447333336
lodging,decision_tree,1.410106875,1.7409110921428572
lodging,decision_tree,1.86656083,1.6928945726599203
lodging,decision_tree,1.602000897,3.9904053821829266
lodging,decision_tree,2.193294571,1.739537928290323
lodging,decision_tree,1.481490118,1.6244648230777774
lodging,decision_tree,1.86339624,1.6928945726599203
lodging,decision_tree,1.429558742,1.738393384085365
lodging,decision_tree,2.042719308,1.738393384085365
lodging,decision_tree,2.075744924,1.739537928290323
lodging,decision_tree,1.240136442,1.6928945726599203
lodging,decision_tree,2.297266405,1.739537928290323
lodging,decision_tree,1.746838412,1.739537928290323
lodging,decision_tree,1.756920627,1.7051791467362218
lodging,decision_tree,1.750614066,1.7051791467362218
lodging,decision_tree,1.773587349,1.7051791467362218
lodging,decision_tree,1.681479531,1.738393384085365
lodging,decision_tree,2.266559292,1.739537928290323
lodging,decision_tree,2.066713065,1.6244648230777774
lodging,decision_tree,1.820676161,1.7409110921428572
lodging,decision_tree,1.354843064,1.7409110921428572
lodging,decision_tree,1.975439353,1.738393384085365
lodging,decision_tree,1.836534779,1.7051791467362218
lodging,decision_tree,1.672623341,1.7051791467362218
lodging,decision_tree,1.454333973,1.739537928290323
lodging,decision_tree,1.173183446,1.7051791467362218
lodging,decision_tree,1.771514459,1.738393384085365
lodging,decision_tree,1.340578989,1.7051791467362218
lodging,decision_tree,1.289758323,1.738393384085365
lodging,decision_tree,1.744585964,1.739537928290323
lodging,decision_tree,2.084199041,1.7051791467362218
lodging,decision_tree,1.493996936,1.738393384085365
lodging,decision_tree,1.975708308,1.6928945726599203
lodging,decision_tree,1.580723645,1.738393384085365
lodging,decision_tree,1.867533803,1.6244648230777774
lodging,decision_tree,1.405880024,1.5685395550681815
lodging,decision_tree,1.620924956,1.5685395550681815
lodging,decision_tree,1.958262078,1.6928945726599203
lodging,decision_tree,1.585077248,1.7409110921428572
lodging,decision_tree,1.585669207,1.6928945726599203
lodging,decision_tree,1.910482094,1.9561772437142857
lodging,decision_tree,1.278928394,1.739537928290323
lodging,decision_tree,1.644734721,1.6928945726599203
lodging,decision_tree,1.367993778,1.738393384085365
lodging,decision_tree,1.819732899,1.738393384085365
lodging,decision_tree,1.922282156,1.7409110921428572
lodging,decision_tree,1.614082805,1.3539164953529412
lodging,decision_tree,1.317918266,1.5685395550681815
lodging,decision_tree,1.838037822,1.6928945726599203
lodging,decision_tree,1.717080721,1.6928945726599203
lodging,decision_tree,1.691805224,1.7409110921428572
lodging,decision_tree,1.907767787,1.7409110921428572
lodging,decision_tree,1.525371576,1.7409110921428572
lodging,decision_tree,2.100521689,1.738393384085365
lodging,decision_tree,1.522756314,1.6928945726599203
lodging,decision_tree,2.127461912,1.738393384085365
lodging,decision_tree,1.652993328,1.6244648230777774
lodging,decision_tree,1.865713234,1.739537928290323
lodging,decision_tree,2.351763054,1.6928945726599203
lodging,decision_tree,1.33176336,1.6928945726599203
lodging,decision_tree,2.2234094,1.738393384085365
lodging,decision_tree,1.965940807,1.6928945726599203
lodging,decision_tree,2.189899205,1.739537928290323
lodging,decision_tree,1.54378452,1.5685395550681815
lodging,decision_tree,1.588521812,1.739537928290323
lodging,decision_tree,1.752836155,1.738393384085365
lodging,decision_tree,1.67650173,1.7409110921428572
lodging,decision_tree,1.505694386,1.6244648230777774
lodging,decision_tree,1.424562669,1.739537928290323
lodging,decision_tree,1.638292774,1.6928945726599203
lodging,decision_tree,1.76320614,1.6244648230777774
lodging,decision_tree,1.750860556,1.6928945726599203
lodging,decision_tree,1.131848318,1.739537928290323
lodging,decision_tree,1.354444006,1.738393384085365
lodging,decision_tree,1.851463536,1.6928945726599203
lodging,decision_tree,1.531464952,1.739537928290323
lodging,decision_tree,1.413676502,1.6244648230777774
lodging,decision_tree,1.3127499,1.738393384085365
lodging,decision_tree,1.872652005,1.5685395550681815
lodging,decision_tree,1.440529343,1.7051791467362218
lodging,decision_tree,2.186423213,1.7051791467362218
lodging,decision_tree,1.601519151,1.6928945726599203
lodging,decision_tree,1.734423343,1.7051791467362218
lodging,decision_tree,1.467271582,1.6928945726599203
lodging,decision_tree,1.26778,1.738393384085365
lodging,decision_tree,1.379054586,1.7409110921428572
lodging,decision_tree,2.105580046,1.738393384085365
lodging,decision_tree,1.94242448,1.6928945726599203
lodging,decision_tree,2.177710329,1.7051791467362218
lodging,decision_tree,1.721316019,1.739537928290323
lodging,decision_tree,1.409414026,1.5685395550681815
lodging,decision_tree,1.365175223,1.7409110921428572
lodging,decision_tree,1.323500978,1.7051791467362218
lodging,decision_tree,1.948810123,1.7409110921428572
lodging,decision_tree,1.722424615,1.7409110921428572
lodging,decision_tree,1.580923969,2.719620558
lodging,decision_tree,2.004633761,1.7051791467362218
lodging,decision_tree,1.493726908,1.6928945726599203
lodging,decision_tree,1.756751832,1.739537928290323
lodging,decision_tree,1.482967417,1.7051791467362218
lodging,decision_tree,1.591733276,1.7051791467362218
lodging,decision_tree,1.731077463,1.7051791467362218
lodging,decision_tree,2.06681345,1.7409110921428572
lodging,decision_tree,1.872419174,1.6244648230777774
lodging,decision_tree,2.007996102,1.7051791467362218
lodging,decision_tree,1.940916602,1.5685395550681815
lodging,decision_tree,1.365806212,1.739537928290323
lodging,decision_tree,1.510106607,1.739537928290323
lodging,decision_tree,1.74642917,1.6432821058125002
lodging,decision_tree,1.487665602,1.6244648230777774
lodging,decision_tree,1.959194849,1.6244648230777774
lodging,decision_tree,2.134539728,1.739537928290323
lodging,decision_tree,1.827586585,1.6928945726599203
lodging,decision_tree,1.818257974,1.5685395550681815
lodging,decision_tree,1.817372322,1.6928945726599203
lodging,decision_tree,1.439763956,1.5685395550681815
lodging,decision_tree,1.500180074,1.6740283981250001
lodging,decision_tree,1.49342233,1.6244648230777774
lodging,decision_tree,1.676955457,1.5685395550681815
lodging,decision_tree,1.867121101,4.149011560485714
lodging,decision_tree,1.85428206,1.7051791467362218
lodging,decision_tree,1.148898128,1.6928945726599203
lodging,decision_tree,2.175295528,1.6928945726599203
lodging,decision_tree,1.878915658,1.7051791467362218
lodging,decision_tree,1.790424296,1.7051791467362218
lodging,decision_tree,1.61560033,1.559323037730769
lodging,decision_tree,1.750917127,1.7051791467362218
lodging,decision_tree,1.385366839,1.7051791467362218
lodging,decision_tree,1.633425128,1.7051791467362218
lodging,decision_tree,1.206546691,1.7051791467362218
lodging,decision_tree,1.275022063,2.430005030307692
lodging,decision_tree,1.427953313,1.7051791467362218
lodging,decision_tree,1.180846017,1.6928945726599203
lodging,decision_tree,1.549151256,2.7707950447333336
lodging,decision_tree,1.393761863,1.7051791467362218
lodging,decision_tree,1.834635834,1.5685395550681815
lodging,decision_tree,1.486786007,3.9905388975
lodging,decision_tree,1.862558477,1.7051791467362218
lodging,decision_tree,1.836323398,1.739537928290323
lodging,decision_tree,0.975118276,1.7051791467362218
lodging,decision_tree,1.72295041,2.1492355709999997
lodging,decision_tree,1.439642856,2.430005030307692
lodging,decision_tree,1.391685624,1.6928945726599203
lodging,decision_tree,1.468916923,1.739537928290323
lodging,decision_tree,1.147871917,1.6432821058125002
lodging,decision_tree,1.509668018,1.5685395550681815
lodging,decision_tree,1.331044049,1.7409110921428572
lodging,decision_tree,1.773679045,2.737534353038461
lodging,decision_tree,1.547875173,1.7051791467362218
lodging,decision_tree,1.357375044,4.838461399473684
lodging,decision_tree,1.17337958,1.6244648230777774
lodging,decision_tree,1.449338201,1.5685395550681815
lodging,decision_tree,1.445600358,1.7051791467362218
lodging,decision_tree,1.229873803,1.6244648230777774
lodging,decision_tree,1.743754915,1.6928945726599203
lodging,decision_tree,1.706855006,1.5685395550681815
lodging,decision_tree,1.325813255,1.6244648230777774
lodging,decision_tree,1.297201345,1.7051791467362218
lodging,decision_tree,2.233143456,1.3539164953529412
lodging,decision_tree,1.350200107,1.6928945726599203
lodging,decision_tree,1.660671858,1.7051791467362218
lodging,decision_tree,1.760077093,1.5685395550681815
lodging,decision_tree,1.743612369,1.6244648230777774
lodging,decision_tree,1.297346298,1.7051791467362218
lodging,decision_tree,1.223807024,1.739537928290323
lodging,decision_tree,2.456640793,1.6244648230777774
lodging,decision_tree,1.161127788,1.739537928290323
lodging,decision_tree,1.294585295,1.7051791467362218
lodging,decision_tree,1.135960307,1.7051791467362218
lodging,decision_tree,1.299666628,2.7707950447333336
lodging,decision_tree,1.905735591,2.0320068678333336
lodging,decision_tree,1.423816209,1.7051791467362218
lodging,decision_tree,1.582496151,1.7051791467362218
lodging,decision_tree,1.599451965,2.952761464422681
lodging,decision_tree,1.496044981,1.7051791467362218
lodging,decision_tree,1.482371964,1.5685395550681815
lodging,decision_tree,2.159505115,1.5685395550681815
lodging,decision_tree,2.039812074,1.739537928290323
lodging,decision_tree,1.246098725,1.739537928290323
lodging,decision_tree,1.600795917,1.7051791467362218
lodging,decision_tree,1.378768069,1.6244648230777774
lodging,decision_tree,2.323874331,1.6928945726599203
lodging,decision_tree,1.0543539,1.739537928290323
lodging,decision_tree,1.924530472,1.739537928290323
lodging,decision_tree,1.966952627,1.7051791467362218
lodging,decision_tree,1.722567445,1.6740283981250001
lodging,decision_tree,1.87565572,1.5685395550681815
lodging,decision_tree,1.592225204,1.5685395550681815
lodging,decision_tree,1.662921211,1.6928945726599203
lodging,decision_tree,1.377220248,1.6244648230777774
lodging,decision_tree,1.785156319,2.952761464422681
lodging,decision_tree,1.079310903,1.6432821058125002
lodging,decision_tree,1.038879417,1.6928945726599203
lodging,decision_tree,1.8557847,1.739537928290323
lodging,decision_tree,1.797969229,1.739537928290323
lodging,decision_tree,1.21462199,1.5685395550681815
lodging,decision_tree,1.411882382,1.739537928290323
lodging,decision_tree,1.419515321,1.5685395550681815
lodging,decision_tree,1.690417119,1.6928945726599203
lodging,decision_tree,2.317425756,1.6244648230777774
lodging,decision_tree,1.468285063,1.6928945726599203
lodging,decision_tree,1.445874967,1.739537928290323
lodging,decision_tree,1.354035318,3.252737598222222
lodging,decision_tree,1.608738995,1.7051791467362218
lodging,decision_tree,2.020943696,1.6928945726599203
lodging,decision_tree,1.484247432,1.3539164953529412
lodging,decision_tree,1.870095018,1.7051791467362218
lodging,decision_tree,1.857689791,1.739537928290323
lodging,decision_tree,1.882448973,1.5685395550681815
lodging,decision_tree,1.736660911,1.739537928290323
lodging,decision_tree,2.195606986,1.739537928290323
lodging,decision_tree,1.596590086,1.6244648230777774
lodging,decision_tree,1.733215486,1.6928945726599203
lodging,decision_tree,1.112061113,1.559323037730769
lodging,decision_tree,1.587140357,1.5685395550681815
lodging,decision_tree,1.634174041,2.952761464422681
lodging,decision_tree,2.178916808,1.6928945726599203
lodging,decision_tree,2.851628346,1.739537928290323
lodging,decision_tree,1.478683648,1.739537928290323
lodging,decision_tree,1.153062717,1.739537928290323
lodging,decision_tree,2.156623307,1.5685395550681815
lodging,decision_tree,1.054599367,2.952761464422681
lodging,decision_tree,1.593133632,1.7051791467362218
lodging,decision_tree,1.491709489,1.7051791467362218
lodging,decision_tree,1.598084436,1.5685395550681815
lodging,decision_tree,1.920316984,1.6928945726599203
lodging,decision_tree,1.243463149,1.6928945726599203
lodging,decision_tree,1.319433809,1.6928945726599203
lodging,decision_tree,1.383527401,1.7409110921428572
lodging,decision_tree,1.222146923,1.739537928290323
lodging,decision_tree,1.608250487,1.7051791467362218
lodging,decision_tree,1.110620479,1.6928945726599203
lodging,decision_tree,1.62727473,1.7051791467362218
lodging,decision_tree,1.738210719,1.6740283981250001
lodging,decision_tree,1.716117969,1.3539164953529412
lodging,decision_tree,1.782518052,1.739537928290323
lodging,decision_tree,1.151720715,2.952761464422681
lodging,decision_tree,1.651606099,1.6928945726599203
lodging,decision_tree,1.419185588,1.6928945726599203
lodging,decision_tree,1.794645353,1.7051791467362218
lodging,decision_tree,1.413626487,1.7051791467362218
lodging,decision_tree,1.325395468,1.7409110921428572
lodging,decision_tree,1.463975309,1.5685395550681815
lodging,decision_tree,1.576546262,1.6928945726599203
lodging,decision_tree,1.35987865,1.739537928290323
lodging,decision_tree,1.862132485,1.7051791467362218
lodging,decision_tree,1.711342035,1.739537928290323
lodging,decision_tree,1.059401865,1.5685395550681815
lodging,decision_tree,1.223158561,1.6244648230777774
lodging,decision_tree,1.260028983,1.6244648230777774
lodging,decision_tree,1.5207664,1.6740283981250001
lodging,decision_tree,1.249210593,1.6244648230777774
lodging,decision_tree,1.373474829,1.5685395550681815
lodging,decision_tree,1.836985563,1.739537928290323
lodging,decision_tree,1.533551389,1.5685395550681815
lodging,decision_tree,2.011879363,1.6432821058125002
lodging,decision_tree,1.462697538,1.7051791467362218
lodging,decision_tree,1.471198088,1.6928945726599203
lodging,decision_tree,1.711186507,2.952761464422681
lodging,decision_tree,1.48378685,1.739537928290323
lodging,decision_tree,1.573657384,1.7051791467362218
lodging,decision_tree,1.210990067,2.0320068678333336
lodging,decision_tree,1.29375366,1.6928945726599203
lodging,decision_tree,1.931993009,1.5685395550681815
lodging,decision_tree,1.819677164,1.7051791467362218
lodging,decision_tree,1.109247072,1.739537928290323
lodging,decision_tree,0.993583408,1.5685395550681815
lodging,decision_tree,1.069824135,1.6928945726599203
lodging,decision_tree,2.198843485,1.6432821058125002
lodging,decision_tree,2.557028666,1.5685395550681815
lodging,decision_tree,1.786834572,1.7051791467362218
lodging,decision_tree,1.961614156,1.6928945726599203
lodging,decision_tree,1.73854534,1.739537928290323
lodging,decision_tree,1.295389302,1.5685395550681815
lodging,decision_tree,1.934289976,1.7051791467362218
lodging,decision_tree,3.896026468,4.97108106485263
lodging,decision_tree,4.439651189,4.97108106485263
lodging,decision_tree,5.974704929,4.934864874076923
lodging,decision_tree,4.311404441,4.930000774148148
lodging,decision_tree,3.898448097,4.9200614202777775
lodging,decision_tree,2.4005268,3.5206665086333326
lodging,decision_tree,4.196809061,4.773055246172953
lodging,decision_tree,6.44889985,5.625571601588235
lodging,decision_tree,3.680472446,4.977108797552083
lodging,decision_tree,3.472293262,5.097183760769231
lodging,decision_tree,6.006310038,4.97108106485263
lodging,decision_tree,4.378330103,3.489016619892858
lodging,decision_tree,5.301541467,2.952761464422681
lodging,decision_tree,4.018198831,4.585593364
lodging,decision_tree,2.150761618,2.719620558
lodging,decision_tree,1.846990422,4.149011560485714
lodging,decision_tree,1.847541835,2.952761464422681
lodging,decision_tree,3.712477994,3.418719202817072
lodging,decision_tree,2.279279412,4.098547186714286
lodging,decision_tree,2.893861478,1.739537928290323
lodging,decision_tree,6.137386548,4.97108106485263
lodging,decision_tree,5.903995471,4.97108106485263
lodging,decision_tree,4.158545464,4.773055246172953
lodging,decision_tree,2.428033965,4.031722880975002
lodging,decision_tree,2.025134393,3.5206665086333326
lodging,decision_tree,3.833975178,2.7707950447333336
lodging,decision_tree,3.464739305,4.203295069916667
lodging,decision_tree,4.557754879,3.9904053821829266
lodging,decision_tree,1.732260846,4.003596595714287
lodging,decision_tree,5.610611737,4.97108106485263
lodging,decision_tree,4.631430006,4.383516945037036
lodging,decision_tree,4.221243337,4.3176355891379306
lodging,decision_tree,4.210396535,4.71049876991262
lodging,decision_tree,1.331475989,3.884232620857142
lodging,decision_tree,5.924395753,4.97108106485263
lodging,decision_tree,5.49059074,4.495763425666666
lodging,decision_tree,5.26166452,4.495763425666666
lodging,decision_tree,6.10153495,4.838461399473684
lodging,decision_tree,4.189357017,4.439038968125
lodging,decision_tree,1.713467512,3.8861446677272724
lodging,decision_tree,2.705356573,5.149249354666668
lodging,decision_tree,4.436597337,3.418719202817072
lodging,decision_tree,2.370132372,3.062364280823529
lodging,decision_tree,4.238393343,4.773055246172953
lodging,decision_tree,4.955320324,3.884232620857142
lodging,decision_tree,4.632944782,4.71049876991262
lodging,decision_tree,4.191054133,5.097183760769231
lodging,decision_tree,2.634229973,2.4075964691875003
lodging,decision_tree,5.832377079,3.4704335109473687
lodging,decision_tree,5.420327517,5.090228661853261
lodging,decision_tree,5.191522928,4.773055246172953
lodging,decision_tree,3.937127999,4.149011560485714
lodging,decision_tree,3.114429781,4.1543425258026305
lodging,decision_tree,4.758328879,5.097183760769231
lodging,decision_tree,6.045625336,5.625571601588235
lodging,decision_tree,5.428073661,6.009679383999999
lodging,decision_tree,4.273195052,4.977108797552083
lodging,decision_tree,5.144325785,4.3176355891379306
lodging,decision_tree,4.634576879,5.4379047742500015
lodging,decision_tree,5.581716746,4.977108797552083
lodging,decision_tree,5.508295105,4.666535213339286
lodging,decision_tree,2.175288427,3.884232620857142
lodging,decision_tree,4.931298096,5.4379047742500015
lodging,decision_tree,5.344920372,5.99478834563158
lodging,decision_tree,3.347708844,4.496140475567566
lodging,decision_tree,4.471667602,4.838461399473684
lodging,decision_tree,4.994937047,4.180264035918605
lodging,decision_tree,1.584022955,3.5085614329999997
lodging,decision_tree,5.178256765,5.4379047742500015
lodging,decision_tree,5.766552709,5.491782944
lodging,decision_tree,3.812042281,3.9568034005624995
lodging,decision_tree,5.374889783,4.773055246172953
lodging,decision_tree,4.347813791,4.496140475567566
lodging,decision_tree,4.4116959,4.496140475567566
lodging,decision_tree,1.892882879,2.558233750153846
lodging,decision_tree,3.757816039,4.71049876991262
lodging,decision_tree,2.742599792,4.773055246172953
lodging,decision_tree,5.171269919,4.838461399473684
lodging,decision_tree,5.823737514,4.71049876991262
lodging,decision_tree,6.167182902,4.479544778735714
lodging,decision_tree,1.9551186,1.739537928290323
lodging,decision_tree,6.169369642,5.723069104410255
lodging,decision_tree,6.50915752,5.99478834563158
lodging,decision_tree,5.956223423,5.99478834563158
lodging,decision_tree,5.197338785,4.835327740181818
lodging,decision_tree,3.165873735,2.430005030307692
lodging,decision_tree,5.360932478,5.723069104410255
lodging,decision_tree,4.880555925,4.71049876991262
lodging,decision_tree,5.382606735,4.1580059525
lodging,decision_tree,5.693121072,4.71049876991262
lodging,decision_tree,3.854758677,4.496140475567566
lodging,decision_tree,5.185357021,2.952761464422681
lodging,decision_tree,4.614984133,4.479544778735714
lodging,decision_tree,5.30333718,4.71049876991262
lodging,decision_tree,5.526014976,5.090228661853261
lodging,decision_tree,5.33831448,3.882148095
lodging,decision_tree,5.486231915,3.4704335109473687
lodging,decision_tree,2.846304125,4.098547186714286
lodging,decision_tree,5.790824839,5.52083771175
lodging,decision_tree,6.552538765,4.666535213339286
lodging,decision_tree,5.668091246,4.496140475567566
lodging,decision_tree,5.086837394,4.149011560485714
lodging,decision_tree,4.054663338,4.773055246172953
lodging,decision_tree,3.809711512,3.8861446677272724
lodging,decision_tree,4.451206295,3.8861446677272724
lodging,decision_tree,4.890316246,3.9904053821829266
lodging,decision_tree,5.83940246,4.97108106485263
lodging,decision_tree,4.57481975,4.97108106485263
lodging,decision_tree,4.707641308,5.090228661853261
lodging,decision_tree,5.915845941,5.001140602896552
lodging,decision_tree,5.317733602,5.623868497307693
lodging,decision_tree,3.007658952,2.1737826264000004
lodging,decision_tree,5.480262428,3.418719202817072
lodging,decision_tree,3.878657473,4.97108106485263
lodging,decision_tree,4.215039594,2.4274218172857145
lodging,decision_tree,4.272317156,4.479544778735714
lodging,decision_tree,4.597023333,4.773055246172953
lodging,decision_tree,2.495991323,2.4075964691875003
lodging,decision_tree,6.606384456,4.9200614202777775
lodging,decision_tree,3.117780187,3.5491266326470585
lodging,decision_tree,6.725461894,6.1527887857
lodging,decision_tree,2.838225815,2.558233750153846
lodging,decision_tree,2.339632572,2.7707950447333336
lodging,decision_tree,4.777638937,3.252737598222222
lodging,decision_tree,4.556355841,4.245511231357144
lodging,decision_tree,5.945419876,3.884232620857142
lodging,decision_tree,4.050493657,2.7707950447333336
lodging,decision_tree,5.302868522,3.884232620857142
lodging,decision_tree,2.729445786,1.9157840310000003
lodging,decision_tree,3.232630847,2.952761464422681
lodging,decision_tree,3.549975133,4.977108797552083
lodging,decision_tree,2.455953587,2.7707950447333336
lodging,decision_tree,3.972741721,5.99478834563158
lodging,decision_tree,2.477956886,2.49435724
lodging,decision_tree,4.650354068,5.097183760769231
lodging,decision_tree,3.348766365,4.97108106485263
lodging,decision_tree,6.292982436,4.388703508500002
lodging,decision_tree,4.243202869,4.496140475567566
lodging,decision_tree,2.60421781,2.952761464422681
lodging,decision_tree,5.071410865,3.9904053821829266
lodging,decision_tree,2.352486133,4.149011560485714
lodging,decision_tree,3.216436666,4.0817622125
lodging,decision_tree,4.899199554,4.934864874076923
lodging,decision_tree,4.658669506,5.090228661853261
lodging,decision_tree,3.590791647,2.952761464422681
lodging,decision_tree,3.534490455,4.149011560485714
lodging,decision_tree,3.895758578,4.003596595714287
lodging,decision_tree,6.264105977,5.097183760769231
lodging,decision_tree,4.898612672,5.52083771175
lodging,decision_tree,4.832225047,5.625571601588235
lodging,decision_tree,3.103622643,4.496140475567566
lodging,decision_tree,5.850636111,4.97108106485263
lodging,decision_tree,3.006257964,3.383038019888889
lodging,decision_tree,4.260302407,4.97108106485263
lodging,decision_tree,5.526556033,4.773055246172953
lodging,decision_tree,3.194702075,2.7707950447333336
lodging,decision_tree,5.683728864,4.3496319569
lodging,decision_tree,4.633772031,6.1527887857
lodging,decision_tree,4.245684852,4.838461399473684
lodging,decision_tree,5.475448767,5.99478834563158
lodging,decision_tree,4.37683697,4.479544778735714
lodging,decision_tree,2.696504545,5.090228661853261
lodging,decision_tree,4.02266556,4.690585593333334
lodging,decision_tree,5.111301742,4.71049876991262
lodging,decision_tree,5.539852746,4.496140475567566
lodging,decision_tree,6.872117552,5.835151442434782
lodging,decision_tree,4.183703762,5.097183760769231
lodging,decision_tree,5.181903053,4.977108797552083
lodging,decision_tree,3.775652065,4.666535213339286
lodging,decision_tree,5.821299645,4.383516945037036
lodging,decision_tree,4.327894254,5.111712437583333
lodging,decision_tree,3.582551394,3.9904053821829266
lodging,decision_tree,4.351011006,4.773055246172953
lodging,decision_tree,4.872841609,4.71049876991262
lodging,decision_tree,3.978956337,3.2916299165714284
lodging,decision_tree,3.620595705,3.383038019888889
lodging,decision_tree,4.329065778,3.6248373044444446
lodging,decision_tree,4.806399323,4.466608575142857
lodging,decision_tree,4.707846935,4.773055246172953
lodging,decision_tree,3.498895966,3.9469604341999998
lodging,decision_tree,5.523333581,5.097183760769231
lodging,decision_tree,4.719864731,4.479544778735714
lodging,decision_tree,5.361344724,4.180264035918605
lodging,decision_tree,5.562203652,4.977108797552083
lodging,decision_tree,4.915984247,3.884232620857142
lodging,decision_tree,5.253851879,4.519222688571429
lodging,decision_tree,5.059527271,2.737534353038461
lodging,decision_tree,5.135112082,4.838461399473684
lodging,decision_tree,5.512279283,4.496140475567566
lodging,decision_tree,2.521316042,4.087527321666666
lodging,decision_tree,5.124428232,4.773055246172953
lodging,decision_tree,3.749274042,2.558233750153846
lodging,decision_tree,3.658866437,3.7604319053750004
lodging,decision_tree,3.919528269,4.203295069916667
lodging,decision_tree,3.926984468,4.71049876991262
lodging,decision_tree,4.397955464,4.97108106485263
lodging,decision_tree,1.652942521,1.7409110921428572
lodging,decision_tree,4.969980074,5.111712437583333
lodging,decision_tree,4.649858969,4.666535213339286
lodging,decision_tree,3.790861055,4.496140475567566
lodging,decision_tree,4.594024351,4.031176276666667
lodging,decision_tree,4.990780311,4.388703508500002
lodging,decision_tree,4.620565627,5.928070189666666
lodging,decision_tree,4.652114054,4.383516945037036
lodging,decision_tree,4.321070989,3.418719202817072
lodging,decision_tree,4.162164063,3.9904053821829266
lodging,decision_tree,4.702770328,4.383516945037036
lodging,decision_tree,6.234887724,5.723069104410255
lodging,decision_tree,4.538992816,4.496140475567566
lodging,decision_tree,5.463588289,4.1543425258026305
lodging,decision_tree,4.69526536,4.666535213339286
lodging,decision_tree,3.297521063,4.5458530637391314
lodging,decision_tree,2.929538509,1.739537928290323
lodging,decision_tree,4.656969351,4.149011560485714
lodging,decision_tree,5.020231095,5.4379047742500015
lodging,decision_tree,5.114981399,3.489016619892858
lodging,decision_tree,5.650842925,4.962955249999999
lodging,decision_tree,3.061165849,4.773055246172953
lodging,decision_tree,3.816660847,3.902223343
lodging,decision_tree,1.76315568,1.7051791467362218
lodging,decision_tree,4.461376421,1.6853347968749999
lodging,decision_tree,3.897087598,4.496140475567566
lodging,decision_tree,4.227437727,3.418719202817072
lodging,decision_tree,3.739869741,4.2476250900000005
lodging,decision_tree,3.05781295,1.6928945726599203
lodging,decision_tree,2.123951455,2.1845083428
lodging,decision_tree,4.668373287,4.666535213339286
lodging,decision_tree,4.856869571,5.99478834563158
lodging,decision_tree,2.846266292,2.719620558
lodging,decision_tree,4.712003608,5.097183760769231
lodging,decision_tree,3.362131662,3.884232620857142
lodging,decision_tree,7.622874823,4.962955249999999
lodging,decision_tree,4.497894012,4.977108797552083
lodging,decision_tree,4.399029059,4.97108106485263
lodging,decision_tree,4.357475075,4.031722880975002
lodging,decision_tree,4.084908202,4.977108797552083
lodging,decision_tree,2.931079574,4.383516945037036
lodging,decision_tree,5.118345116,5.99478834563158
lodging,decision_tree,5.227534284,4.3176355891379306
lodging,decision_tree,4.760308786,3.4437733488333335
lodging,decision_tree,4.961383238,4.97108106485263
lodging,decision_tree,2.987004774,2.952761464422681
lodging,decision_tree,3.94705695,4.71049876991262
lodging,decision_tree,4.084518834,4.97108106485263
lodging,decision_tree,3.385490985,4.977108797552083
lodging,decision_tree,3.332437308,4.97108106485263
lodging,decision_tree,4.092816532,4.835327740181818
lodging,decision_tree,5.750686866,4.519222688571429
lodging,decision_tree,4.046082841,1.739537928290323
lodging,decision_tree,3.911884515,6.1701213424
lodging,decision_tree,3.032681467,4.383516945037036
lodging,decision_tree,1.842241512,2.378306752230769
lodging,decision_tree,1.521855278,4.180264035918605
lodging,decision_tree,1.852497718,2.719620558
lodging,decision_tree,1.991830975,2.719620558
lodging,decision_tree,3.25416796,3.911368317181818
lodging,decision_tree,5.861620171,4.9200614202777775
lodging,decision_tree,3.973206476,4.690585593333334
lodging,decision_tree,3.855542112,4.71049876991262
lodging,decision_tree,4.415043957,4.496140475567566
lodging,decision_tree,4.788720722,5.097183760769231
lodging,decision_tree,5.27621314,3.903289115875
lodging,decision_tree,3.12442764,3.884232620857142
lodging,decision_tree,4.916196659,4.388703508500002
lodging,decision_tree,4.174916025,3.418719202817072
lodging,decision_tree,3.018373684,2.737534353038461
lodging,decision_tree,3.654144662,4.730782212
lodging,decision_tree,4.788902379,4.5458530637391314
lodging,decision_tree,5.345048071,4.496140475567566
lodging,decision_tree,3.797265608,4.838461399473684
lodging,decision_tree,4.226098546,4.383516945037036
lodging,decision_tree,4.726022542,5.835151442434782
lodging,decision_tree,4.347589164,2.198410939
lodging,decision_tree,4.388137225,4.773055246172953
lodging,decision_tree,5.520380141,4.383516945037036
lodging,decision_tree,5.151347886,4.71049876991262
lodging,decision_tree,6.547075227,5.723069104410255
lodging,decision_tree,2.006057878,3.903289115875
lodging,decision_tree,4.467419511,4.519222688571429
lodging,decision_tree,2.109106784,3.8861446677272724
lodging,decision_tree,4.432711994,5.52083771175
lodging,decision_tree,5.334823806,4.773055246172953
lodging,decision_tree,4.351484117,5.111712437583333
lodging,decision_tree,2.8356063,3.489016619892858
lodging,decision_tree,4.656178745,4.496140475567566
lodging,decision_tree,2.226618446,3.489016619892858
lodging,decision_tree,5.115806316,4.977108797552083
lodging,decision_tree,4.717028951,4.1543425258026305
lodging,decision_tree,5.230518033,5.835151442434782
lodging,decision_tree,4.4583204,4.496140475567566
lodging,decision_tree,3.184280556,4.031722880975002
lodging,decision_tree,4.02314869,2.7707950447333336
lodging,decision_tree,5.469011821,3.489016619892858
lodging,decision_tree,4.292328015,4.3176355891379306
lodging,decision_tree,4.941436323,6.1527887857
lodging,decision_tree,4.656513771,3.489016619892858
lodging,decision_tree,5.129638566,4.479544778735714
lodging,decision_tree,4.364490175,5.623868497307693
lodging,decision_tree,6.398037925,4.97108106485263
lodging,decision_tree,5.898260402,4.977108797552083
lodging,decision_tree,6.445446333,6.1701213424
lodging,decision_tree,4.485682849,4.031722880975002
lodging,decision_tree,4.104672636,2.737534353038461
lodging,decision_tree,4.343036868,3.489016619892858
lodging,decision_tree,4.721548166,6.1701213424
lodging,decision_tree,2.721797518,2.558233750153846
lodging,decision_tree,3.927073481,4.97108106485263
lodging,decision_tree,3.897246117,2.952761464422681
lodging,decision_tree,1.959922517,3.5206665086333326
lodging,decision_tree,1.345335356,1.739537928290323
lodging,decision_tree,2.483123379,3.430176967529412
lodging,decision_tree,3.535152614,3.9904053821829266
lodging,decision_tree,3.905811507,3.5206665086333326
lodging,decision_tree,4.792873996,5.149249354666668
lodging,decision_tree,5.422952208,5.6650924328
lodging,decision_tree,5.858145806,4.962955249999999
lodging,decision_tree,2.714066514,3.884232620857142
lodging,decision_tree,3.557785783,4.383516945037036
lodging,decision_tree,4.239419192,4.977108797552083
lodging,decision_tree,4.879896412,4.496140475567566
lodging,decision_tree,2.199258873,2.719620558
lodging,decision_tree,4.310518118,4.666535213339286
lodging,decision_tree,3.458677396,2.952761464422681
lodging,decision_tree,5.126184026,3.884232620857142
lodging,decision_tree,3.157951198,3.296020189
lodging,decision_tree,2.495654859,4.930000774148148
lodging,decision_tree,3.17187251,3.418719202817072
lodging,decision_tree,4.231189011,3.9904053821829266
lodging,decision_tree,2.839871118,3.489016619892858
lodging,decision_tree,6.114884823,5.090228661853261
lodging,decision_tree,4.519585972,4.383516945037036
lodging,decision_tree,2.836531508,4.496140475567566
lodging,decision_tree,4.280409351,4.496140475567566
lodging,decision_tree,3.302575963,4.496140475567566
lodging,decision_tree,2.762068049,3.418719202817072
lodging,decision_tree,4.277552963,3.6053420092307698
lodging,decision_tree,4.740483969,4.97108106485263
lodging,decision_tree,4.78344071,4.149011560485714
lodging,decision_tree,3.3086576,3.062364280823529
lodging,decision_tree,4.420136557,3.8861446677272724
lodging,decision_tree,4.228182347,3.9904053821829266
lodging,decision_tree,3.622257198,3.418719202817072
lodging,decision_tree,3.800183974,4.773055246172953
lodging,decision_tree,3.077478694,2.737534353038461
lodging,decision_tree,3.80419515,3.418719202817072
lodging,decision_tree,4.554386761,3.902223343
lodging,decision_tree,2.944961573,2.719620558
lodging,decision_tree,2.766499021,2.9963174411052633
lodging,decision_tree,4.423300721,3.8861446677272724
lodging,decision_tree,4.616495526,3.418719202817072
lodging,decision_tree,5.078188354,3.8861446677272724
lodging,decision_tree,4.921836463,3.3683385372258066
lodging,decision_tree,6.354450241,3.884232620857142
lodging,decision_tree,4.164241775,4.773055246172953
lodging,decision_tree,4.622479531,4.031722880975002
lodging,decision_tree,4.32803416,4.180264035918605
lodging,decision_tree,4.888426596,4.71049876991262
lodging,decision_tree,5.130013638,6.009679383999999
lodging,decision_tree,4.912231624,4.149011560485714
lodging,decision_tree,5.313829485,3.884232620857142
lodging,decision_tree,2.910019696,4.773055246172953
lodging,decision_tree,5.949283225,6.009679383999999
lodging,decision_tree,6.213324731,6.23318702975
lodging,decision_tree,3.582525186,4.031722880975002
lodging,decision_tree,5.718219152,3.9921817337272727
lodging,decision_tree,4.784482872,4.666535213339286
lodging,decision_tree,3.20561382,3.9921817337272727
lodging,decision_tree,2.157534855,2.914098219
lodging,decision_tree,4.569913543,5.111712437583333
lodging,decision_tree,6.429281313,5.99478834563158
lodging,decision_tree,2.272441004,3.3683385372258066
lodging,decision_tree,1.684594722,2.4075964691875003
lodging,decision_tree,5.351767574,4.701081088916667
lodging,decision_tree,3.461243287,3.8861446677272724
lodging,decision_tree,5.951598285,6.009679383999999
lodging,decision_tree,4.775419338,4.97108106485263
lodging,decision_tree,5.594345263,4.496140475567566
lodging,decision_tree,4.647939538,5.149249354666668
lodging,decision_tree,4.384931256,4.666535213339286
lodging,decision_tree,5.867212696,2.952761464422681
lodging,decision_tree,6.433244562,4.838461399473684
lodging,decision_tree,2.975325383,4.031722880975002
lodging,decision_tree,5.535560789,4.773055246172953
lodging,decision_tree,5.374501518,4.666535213339286
lodging,decision_tree,3.412517888,2.7707950447333336
lodging,decision_tree,5.007931087,4.71049876991262
lodging,decision_tree,2.824084032,2.4075964691875003
lodging,decision_tree,5.461442303,4.773055246172953
lodging,decision_tree,2.221533451,4.1580059525
lodging,decision_tree,5.339080212,4.773055246172953
lodging,decision_tree,3.00941801,3.6053420092307698
lodging,decision_tree,4.050293724,3.0695537355
lodging,decision_tree,4.828747404,3.418719202817072
lodging,decision_tree,3.471794706,4.666535213339286
lodging,decision_tree,4.276882324,4.496140475567566
lodging,decision_tree,5.712272697,4.383516945037036
lodging,decision_tree,2.75195233,2.5682947302857144
lodging,decision_tree,4.425545405,4.581688506272728
lodging,decision_tree,5.035453277,4.383516945037036
lodging,decision_tree,5.833932351,5.001140602896552
lodging,decision_tree,5.796110096,5.723069104410255
lodging,decision_tree,4.947919417,4.666535213339286
lodging,decision_tree,5.107548571,4.383516945037036
lodging,decision_tree,3.61060408,4.1543425258026305
lodging,decision_tree,3.019364291,2.737534353038461
lodging,decision_tree,6.251530686,4.383516945037036
lodging,decision_tree,4.414177121,4.031722880975002
lodging,decision_tree,4.220568237,3.9921817337272727
lodging,decision_tree,4.262197652,4.383516945037036
lodging,decision_tree,2.256176744,2.952761464422681
lodging,decision_tree,5.504238808,3.9568034005624995
lodging,decision_tree,5.349120378,5.090228661853261
lodging,decision_tree,1.948802947,2.558233750153846
lodging,decision_tree,5.045576705,4.245511231357144
lodging,decision_tree,4.45909478,4.519222688571429
lodging,decision_tree,3.115109204,5.097183760769231
lodging,decision_tree,3.2519328535,5.097183760769231
lodging,decision_tree,4.586131284,4.773055246172953
lodging,decision_tree,7.573818309,4.97108106485263
lodging,decision_tree,4.784326574,4.003596595714287
lodging,decision_tree,5.317745894,4.479544778735714
lodging,decision_tree,4.944483525,4.690585593333334
lodging,decision_tree,4.416832099,4.838461399473684
lodging,decision_tree,4.566377849,4.479544778735714
lodging,decision_tree,6.13393837,4.97108106485263
lodging,decision_tree,4.161002275,4.245511231357144
lodging,decision_tree,4.077029973,4.3176355891379306
lodging,decision_tree,2.911577251,4.690585593333334
lodging,decision_tree,5.047151684,5.4379047742500015
lodging,decision_tree,4.786826873,4.71049876991262
lodging,decision_tree,6.139518626,4.962955249999999
lodging,decision_tree,4.919173356,5.090228661853261
lodging,decision_tree,4.476460842,4.479544778735714
lodging,decision_tree,1.812338882,2.4075964691875003
lodging,decision_tree,1.602527523,3.902223343
lodging,decision_tree,6.467910165,5.090228661853261
lodging,decision_tree,3.796933208,3.884232620857142
lodging,decision_tree,2.847636652,2.1450848193749996
lodging,decision_tree,2.801179323,4.1543425258026305
lodging,decision_tree,4.503331147,4.383516945037036
lodging,decision_tree,4.697404464,3.8861446677272724
lodging,decision_tree,3.452804531,3.902223343
lodging,decision_tree,4.473978076,4.220891802600001
lodging,decision_tree,5.179140491,2.719620558
lodging,decision_tree,4.023612906,3.418719202817072
lodging,decision_tree,3.431845789,2.719620558
lodging,decision_tree,5.740444128,5.723069104410255
lodging,decision_tree,6.868828198,6.509151826500001
lodging,decision_tree,5.104171755,4.701081088916667
lodging,decision_tree,4.76863407,5.723069104410255
lodging,decision_tree,6.751134334,5.723069104410255
lodging,decision_tree,5.439629806,3.9904053821829266
lodging,decision_tree,4.672937649,4.97108106485263
lodging,decision_tree,6.787596732,6.009679383999999
lodging,decision_tree,5.475898943,2.952761464422681
lodging,decision_tree,7.265955874,5.625571601588235
lodging,decision_tree,4.872031548,4.496140475567566
lodging,decision_tree,3.382035541,4.180264035918605
lodging,decision_tree,4.525669767,4.383516945037036
lodging,decision_tree,4.623861384,4.835327740181818
lodging,decision_tree,6.223058511,4.97108106485263
lodging,decision_tree,4.37548774,4.479544778735714
lodging,decision_tree,4.499155652,4.773055246172953
lodging,decision_tree,6.104600126,4.97108106485263
lodging,decision_tree,5.053382437,4.835327740181818
lodging,decision_tree,3.63390081,5.723069104410255
lodging,decision_tree,6.115412217,5.442857516714285
lodging,decision_tree,6.058013171,4.773055246172953
lodging,decision_tree,6.000484175,5.090228661853261
lodging,decision_tree,6.014842728,4.383516945037036
lodging,decision_tree,5.01647163,4.71049876991262
lodging,decision_tree,3.953235103,3.418719202817072
lodging,decision_tree,4.179331082,3.9904053821829266
lodging,decision_tree,4.392127321,5.625571601588235
lodging,decision_tree,6.763826753,5.99478834563158
lodging,decision_tree,6.779607827,5.625571601588235
lodging,decision_tree,6.703613377,5.99478834563158
lodging,decision_tree,5.396830176,5.723069104410255
lodging,decision_tree,5.868403779,4.71049876991262
lodging,decision_tree,5.421888563,4.388703508500002
lodging,decision_tree,3.411879072,3.9904053821829266
lodging,decision_tree,5.160703488,3.418719202817072
lodging,decision_tree,4.366121199,4.245511231357144
lodging,decision_tree,3.544802343,4.977108797552083
lodging,decision_tree,5.557012284,4.97108106485263
lodging,decision_tree,1.680536011,1.6433090817142857
lodging,decision_tree,1.778381997,2.719620558
lodging,decision_tree,5.68494121,4.977108797552083
lodging,decision_tree,3.856466636,4.97108106485263
lodging,decision_tree,3.117689596,4.519222688571429
lodging,decision_tree,5.119732307,4.479544778735714
lodging,decision_tree,3.862444722,4.1543425258026305
lodging,decision_tree,3.301610727,4.220891802600001
lodging,decision_tree,3.299030754,4.71049876991262
lodging,decision_tree,4.638951363,4.97108106485263
lodging,decision_tree,4.015279224,2.4075964691875003
lodging,decision_tree,4.576371766,3.418719202817072
lodging,decision_tree,4.371463961,4.666535213339286
lodging,decision_tree,3.347167778,2.4075964691875003
lodging,decision_tree,3.853084511,4.666535213339286
lodging,decision_tree,1.337708735,1.738393384085365
lodging,decision_tree,4.092336223,6.115123552333333
lodging,decision_tree,4.584704065,4.496140475567566
lodging,decision_tree,4.641198522,4.97108106485263
lodging,decision_tree,4.043323334,4.383516945037036
lodging,decision_tree,4.364560795,3.9904053821829266
lodging,decision_tree,0.893707226,2.737534353038461
lodging,decision_tree,3.875339844,3.418719202817072
lodging,decision_tree,3.396556025,3.418719202817072
lodging,decision_tree,4.28998733,2.430005030307692
lodging,decision_tree,3.860008033,3.902223343
lodging,decision_tree,7.067088669,4.930000774148148
lodging,decision_tree,4.740083449,4.519222688571429
lodging,decision_tree,4.834950951,3.9568034005624995
lodging,decision_tree,1.218162723,3.489016619892858
lodging,decision_tree,1.248560567,1.6928945726599203
lodging,decision_tree,4.320385706,4.388703508500002
lodging,decision_tree,3.989236797,3.418719202817072
lodging,decision_tree,1.964620369,3.5206665086333326
lodging,decision_tree,3.764629335,2.558233750153846
lodging,decision_tree,4.772437166,4.71049876991262
lodging,decision_tree,4.55920976,4.773055246172953
lodging,decision_tree,4.829363796,4.97108106485263
lodging,decision_tree,5.22506268,4.97108106485263
lodging,decision_tree,5.505694965,4.97108106485263
lodging,decision_tree,4.327852354,3.9904053821829266
lodging,decision_tree,5.197882276,4.773055246172953
lodging,decision_tree,1.632720397,2.1492355709999997
lodging,decision_tree,1.54784709,1.739537928290323
lodging,decision_tree,5.004945045,3.867596579375
lodging,decision_tree,5.146490773,4.773055246172953
lodging,decision_tree,2.508978419,2.9963174411052633
lodging,decision_tree,3.584736855,5.491782944
lodging,decision_tree,2.064772446,1.739537928290323
lodging,decision_tree,3.919152409,4.977108797552083
lodging,decision_tree,4.657951759,4.479544778735714
lodging,decision_tree,5.649148764,4.773055246172953
lodging,decision_tree,3.841546978,5.001140602896552
lodging,decision_tree,5.385630271,4.773055246172953
lodging,decision_tree,5.039232182,4.143046777388889
lodging,decision_tree,3.760815206,4.5458530637391314
lodging,decision_tree,5.346277948,3.8861446677272724
lodging,decision_tree,4.266503751,5.090228661853261
lodging,decision_tree,6.566555523,4.479544778735714
lodging,decision_tree,4.531366111,6.298644038333333
lodging,decision_tree,3.914885439,4.652114330000001
lodging,decision_tree,5.150057616,4.773055246172953
lodging,decision_tree,1.801756288,2.952761464422681
lodging,decision_tree,2.432197243,2.6909187122
lodging,decision_tree,1.99320788,2.4075964691875003
lodging,decision_tree,6.504567262,5.4379047742500015
lodging,decision_tree,2.301614905,2.558233750153846
lodging,decision_tree,5.071310959,4.383516945037036
lodging,decision_tree,1.969593308,1.738393384085365
lodging,decision_tree,5.476465658,5.097183760769231
lodging,decision_tree,4.099072818,5.4379047742500015
lodging,decision_tree,3.89988251,5.090228661853261
lodging,decision_tree,1.741193104,2.337824097375
lodging,decision_tree,2.559948281,1.739537928290323
lodging,decision_tree,4.479070022,4.71049876991262
lodging,decision_tree,1.101869328,1.7051791467362218
lodging,decision_tree,1.809142825,1.6740283981250001
lodging,decision_tree,2.325586512,1.739537928290323
lodging,decision_tree,6.022132232,4.773055246172953
lodging,decision_tree,2.403801113,1.6928945726599203
lodging,decision_tree,5.19670088,5.090228661853261
lodging,decision_tree,3.304496575,4.1543425258026305
lodging,decision_tree,3.882299353,4.495763425666666
lodging,decision_tree,4.321430004,4.1543425258026305
lodging,decision_tree,5.117319238,4.773055246172953
lodging,decision_tree,4.199238013,4.773055246172953
lodging,decision_tree,3.94259445,4.930000774148148
lodging,decision_tree,6.144647904,4.71049876991262
lodging,decision_tree,4.65571242,3.8861446677272724
lodging,decision_tree,3.019690362,1.6928945726599203
lodging,decision_tree,4.672617719,3.9568034005624995
lodging,decision_tree,4.74200161,4.149011560485714
lodging,decision_tree,4.906033452,5.5042170118
lodging,decision_tree,3.707176796,4.9200614202777775
lodging,decision_tree,4.104879749,4.930000774148148
lodging,decision_tree,5.307473856,5.090228661853261
lodging,decision_tree,4.838346722,4.1543425258026305
lodging,decision_tree,6.991458199,4.245511231357144
lodging,decision_tree,4.463347296,5.097183760769231
lodging,decision_tree,4.298862098,3.816396122818182
lodging,decision_tree,6.975004619,5.149249354666668
lodging,decision_tree,5.241783201,4.97108106485263
lodging,decision_tree,4.88884554,4.383516945037036
lodging,decision_tree,5.622153822,4.977108797552083
lodging,decision_tree,6.112798407,5.99478834563158
lodging,decision_tree,5.784897284,4.3176355891379306
lodging,decision_tree,3.625195196,3.9921817337272727
lodging,decision_tree,2.394888765,4.3176355891379306
lodging,decision_tree,3.660392061,3.2916299165714284
lodging,decision_tree,3.853187623,3.9904053821829266
lodging,decision_tree,4.167079841,4.1543425258026305
lodging,decision_tree,1.844759632,3.884232620857142
lodging,decision_tree,3.641194674,3.9904053821829266
lodging,decision_tree,2.896456547,3.903289115875
lodging,decision_tree,4.053443693,3.418719202817072
lodging,decision_tree,5.453390512,4.149011560485714
lodging,decision_tree,3.839919072,3.8861446677272724
lodging,decision_tree,5.075445612,3.9904053821829266
lodging,decision_tree,3.063298141,3.489016619892858
lodging,decision_tree,4.939951446,3.9359773199999992
lodging,decision_tree,1.892332919,3.489016619892858
lodging,decision_tree,3.493881131,3.9904053821829266
lodging,decision_tree,5.191209619,4.773055246172953
lodging,decision_tree,4.379345952,3.418719202817072
lodging,decision_tree,3.971284143,4.276402107857143
lodging,decision_tree,4.296070344,4.149011560485714
lodging,decision_tree,2.213588334,2.952761464422681
lodging,decision_tree,1.477866342,3.430176967529412
lodging,decision_tree,3.291478704,4.9200614202777775
lodging,decision_tree,4.098301531,4.3496319569
lodging,decision_tree,2.593418654,3.9568034005624995
lodging,decision_tree,3.840692807,4.773055246172953
lodging,decision_tree,2.559092228,4.773055246172953
lodging,decision_tree,2.228494701,4.5458530637391314
lodging,decision_tree,6.122793352,5.097183760769231
lodging,decision_tree,3.897611651,3.4437733488333335
lodging,decision_tree,4.089283519,3.9469604341999998
lodging,decision_tree,3.935390208,4.835327740181818
lodging,decision_tree,5.471261277,4.773055246172953
lodging,decision_tree,4.773921412,3.9359773199999992
lodging,decision_tree,4.448736192,4.835327740181818
lodging,decision_tree,4.480610067,3.5539115432000004
lodging,decision_tree,4.678029094,3.6248373044444446
lodging,decision_tree,4.478901922,4.383516945037036
lodging,decision_tree,2.979226226,3.9469604341999998
lodging,decision_tree,3.145577394,3.418719202817072
lodging,decision_tree,3.287340025,1.739537928290323
lodging,decision_tree,2.896896744,3.1944618985999997
lodging,decision_tree,4.654163806,4.496140475567566
lodging,decision_tree,2.13623792,4.031722880975002
lodging,decision_tree,2.522362427,3.9359773199999992
lodging,decision_tree,4.550783543,3.9921817337272727
lodging,decision_tree,3.508206028,3.1944618985999997
lodging,decision_tree,2.440079575,2.952761464422681
lodging,decision_tree,2.770383488,3.430176967529412
lodging,decision_tree,6.145358316,4.773055246172953
lodging,decision_tree,5.021682448,4.3176355891379306
lodging,decision_tree,5.658259837,4.180264035918605
lodging,decision_tree,5.185553415,4.479544778735714
lodging,decision_tree,3.851277592,3.418719202817072
lodging,decision_tree,3.425438489,4.1580059525
lodging,decision_tree,4.301141772,3.9904053821829266
lodging,decision_tree,5.2022527,4.383516945037036
lodging,decision_tree,4.491685657,3.9904053821829266
lodging,decision_tree,4.978795668,3.6277627470000002
lodging,decision_tree,3.655321858,4.773055246172953
lodging,decision_tree,4.201783085,3.5872633571666666
lodging,decision_tree,5.01590734,4.383516945037036
lodging,decision_tree,4.085441218,4.496140475567566
lodging,decision_tree,3.335592615,3.418719202817072
lodging,decision_tree,4.677931074,4.838461399473684
lodging,decision_tree,4.005514319,3.5206665086333326
lodging,decision_tree,4.069880307,3.8861446677272724
lodging,decision_tree,1.93872088,4.031722880975002
lodging,decision_tree,3.063977908,1.739537928290323
lodging,decision_tree,6.184711275,4.977108797552083
lodging,decision_tree,5.238867392,5.4379047742500015
lodging,decision_tree,2.939160487,2.737534353038461
lodging,decision_tree,1.975639885,1.7051791467362218
lodging,decision_tree,4.465176718,4.031722880975002
lodging,decision_tree,1.649528363,4.5458530637391314
lodging,decision_tree,6.533970428,4.9200614202777775
lodging,decision_tree,1.626141594,4.383516945037036
lodging,decision_tree,3.23236706,4.61014448088889
lodging,decision_tree,3.635696551,4.496140475567566
lodging,decision_tree,7.046709444,4.180264035918605
lodging,decision_tree,3.2595745,3.9904053821829266
lodging,decision_tree,5.275306215,5.835151442434782
lodging,decision_tree,4.770455151,4.479544778735714
lodging,decision_tree,3.101062896,2.1737826264000004
lodging,decision_tree,5.448852153,3.6277627470000002
lodging,decision_tree,2.268932395,3.1944618985999997
lodging,decision_tree,3.292886999,4.5458530637391314
lodging,decision_tree,2.589895923,4.0817622125
lodging,decision_tree,3.220548623,4.383516945037036
lodging,decision_tree,3.693989962,5.491782944
lodging,decision_tree,4.823767638,4.1543425258026305
lodging,decision_tree,7.120885983,5.376017233
lodging,decision_tree,2.21593201,3.271911311857143
lodging,decision_tree,4.15241155,4.479544778735714
lodging,decision_tree,2.228217887,3.062364280823529
lodging,decision_tree,2.517946235,4.383516945037036
lodging,decision_tree,3.353558237,4.180264035918605
lodging,decision_tree,4.067579367,3.6248373044444446
lodging,decision_tree,2.555535004,2.337824097375
lodging,decision_tree,4.043781643,2.337824097375
lodging,decision_tree,2.841172485,5.625571601588235
lodging,decision_tree,1.714144661,3.3683385372258066
lodging,decision_tree,2.776561476,1.6928945726599203
lodging,decision_tree,2.082461683,1.6928945726599203
lodging,decision_tree,2.166396948,1.7051791467362218
lodging,decision_tree,1.951992416,2.337824097375
lodging,decision_tree,5.113659853,3.271911311857143
lodging,decision_tree,2.338540393,3.9904053821829266
lodging,decision_tree,4.094321262,3.9904053821829266
lodging,decision_tree,5.065734276,3.1944618985999997
lodging,decision_tree,3.970811604,4.466608575142857
lodging,decision_tree,2.764819695,4.180264035918605
lodging,decision_tree,3.25990035,4.383516945037036
lodging,decision_tree,2.10433678,5.491782944
lodging,decision_tree,3.934116573,4.383516945037036
lodging,decision_tree,3.592001336,4.71049876991262
lodging,decision_tree,2.937346268,3.6248373044444446
lodging,decision_tree,4.100097883,3.867596579375
lodging,decision_tree,3.179139799,4.383516945037036
lodging,decision_tree,4.922221525,4.180264035918605
lodging,decision_tree,4.752816507,3.9359773199999992
lodging,decision_tree,1.699062358,2.337824097375
lodging,decision_tree,3.710430428,3.884232620857142
lodging,decision_tree,5.206733713,3.418719202817072
lodging,decision_tree,4.740848426,3.9904053821829266
lodging,decision_tree,4.575616763,4.479544778735714
lodging,decision_tree,4.658890847,4.1543425258026305
lodging,decision_tree,3.370972835,4.5458530637391314
lodging,decision_tree,1.655833443,3.8861446677272724
lodging,decision_tree,4.071623016,2.737534353038461
lodging,decision_tree,2.850522506,1.6928945726599203
lodging,decision_tree,4.904154521,4.149011560485714
lodging,decision_tree,5.128696682,4.730782212
lodging,decision_tree,2.714575671,3.9904053821829266
lodging,decision_tree,6.619358192,3.7033706673749998
lodging,decision_tree,6.682052132,5.835151442434782
lodging,decision_tree,3.424358949,3.6248373044444446
lodging,decision_tree,5.435596619,4.3176355891379306
lodging,decision_tree,4.649489391,4.71049876991262
lodging,decision_tree,3.78364287,4.5458530637391314
lodging,decision_tree,2.886957236,3.9469604341999998
lodging,decision_tree,3.013890058,3.062364280823529
lodging,decision_tree,3.998086448,4.0817622125
lodging,decision_tree,3.281364759,4.180264035918605
lodging,decision_tree,5.290636593,2.952761464422681
lodging,decision_tree,4.340169102,3.884232620857142
lodging,decision_tree,3.733036173,4.496140475567566
lodging,decision_tree,5.34012693,4.031722880975002
lodging,decision_tree,4.838967055,3.6248373044444446
lodging,decision_tree,4.433693233,3.5491266326470585
lodging,decision_tree,2.50922651,2.914098219
lodging,decision_tree,2.95930357,1.5685395550681815
lodging,decision_tree,4.029511883,3.430176967529412
lodging,decision_tree,2.908271205,4.245511231357144
lodging,decision_tree,5.270220734,4.1543425258026305
lodging,decision_tree,3.674294241,3.8861446677272724
lodging,decision_tree,2.527545919,4.180264035918605
lodging,decision_tree,5.040342662,4.180264035918605
lodging,decision_tree,3.190825378,4.496140475567566
lodging,decision_tree,4.964198949,4.71049876991262
lodging,decision_tree,6.010167046,4.5458530637391314
lodging,decision_tree,5.488039634,4.180264035918605
lodging,decision_tree,4.81630653,3.4704335109473687
lodging,decision_tree,2.824581554,3.252737598222222
lodging,decision_tree,4.604293052,4.838461399473684
lodging,decision_tree,3.407849723,3.489016619892858
lodging,decision_tree,3.832855444,3.9904053821829266
lodging,decision_tree,3.775659337,3.062364280823529
lodging,decision_tree,5.041832854,4.838461399473684
lodging,decision_tree,3.053894606,1.739537928290323
lodging,decision_tree,4.472557711,4.276402107857143
lodging,decision_tree,5.367492761,3.9921817337272727
lodging,decision_tree,5.377026626,4.97108106485263
lodging,decision_tree,4.973949939,6.23318702975
lodging,decision_tree,3.391987873,4.9200614202777775
lodging,decision_tree,4.386450984,4.701081088916667
lodging,decision_tree,4.59991347,4.977108797552083
lodging,decision_tree,5.646128936,4.180264035918605
lodging,decision_tree,4.745899951,3.9904053821829266
lodging,decision_tree,4.699786608,4.496140475567566
lodging,decision_tree,4.512807754,4.664155514999999
lodging,decision_tree,3.279521909,5.149249354666668
lodging,decision_tree,5.252116469,4.835327740181818
lodging,decision_tree,4.415609183,4.496140475567566
lodging,decision_tree,2.91278604,3.867596579375
lodging,decision_tree,4.632283408,4.383516945037036
lodging,decision_tree,4.568497404,3.9359773199999992
lodging,decision_tree,4.305513966,4.519222688571429
lodging,decision_tree,4.990581624,4.383516945037036
lodging,decision_tree,2.331689427,3.3683385372258066
lodging,decision_tree,4.507277735,3.9904053821829266
lodging,decision_tree,4.540685481,3.9904053821829266
lodging,decision_tree,3.026729048,1.6928945726599203
lodging,decision_tree,1.83496115,4.61014448088889
lodging,decision_tree,3.58208097,2.9963174411052633
lodging,decision_tree,2.273316558,1.739537928290323
lodging,decision_tree,3.106137155,4.71049876991262
lodging,decision_tree,4.643834597,5.835151442434782
lodging,decision_tree,1.591202136,3.9904053821829266
lodging,decision_tree,5.317955963,4.977108797552083
lodging,decision_tree,2.698977413,2.0320068678333336
lodging,decision_tree,2.462774602,4.180264035918605
lodging,decision_tree,5.111591289,4.0817622125
lodging,decision_tree,2.046054587,3.430176967529412
lodging,decision_tree,6.30724436,4.773055246172953
lodging,decision_tree,5.671323962,4.773055246172953
lodging,decision_tree,5.437253231,4.690585593333334
lodging,decision_tree,3.453043868,3.9905388975
lodging,decision_tree,5.304788893,3.6248373044444446
lodging,decision_tree,2.179415141,1.5685395550681815
lodging,decision_tree,5.375732395,4.383516945037036
lodging,decision_tree,2.797350437,4.383516945037036
lodging,decision_tree,5.044807382,4.773055246172953
lodging,decision_tree,3.876511978,4.71049876991262
lodging,decision_tree,5.02322295,4.383516945037036
lodging,decision_tree,4.940800869,4.71049876991262
lodging,decision_tree,4.777156571,3.9568034005624995
lodging,decision_tree,5.477913353,4.977108797552083
lodging,decision_tree,4.261307129,4.383516945037036
lodging,decision_tree,4.973536271,4.180264035918605
lodging,decision_tree,3.114161643,5.4379047742500015
plant_height,decision_tree,75.67769594,79.01594892000001
plant_height,decision_tree,84.55449674,79.61629687860467
plant_height,decision_tree,73.03060308,83.50916809081085
plant_height,decision_tree,83.591326,79.65824533263157
plant_height,decision_tree,84.01965112,82.24537518819675
plant_height,decision_tree,80.04021115,83.50916809081085
plant_height,decision_tree,81.69455686,80.34155249800001
plant_height,decision_tree,81.5700258,83.50916809081085
plant_height,decision_tree,77.22669886,81.39484841126763
plant_height,decision_tree,82.92253771,104.3422591067742
plant_height,decision_tree,80.77550615,79.65824533263157
plant_height,decision_tree,84.37134405,82.34530844597406
plant_height,decision_tree,84.27392326,79.65824533263157
plant_height,decision_tree,82.73914471,82.24537518819675
plant_height,decision_tree,81.77065709,82.24537518819675
plant_height,decision_tree,82.87641502,78.31704425285716
plant_height,decision_tree,83.7984174,85.59370266809525
plant_height,decision_tree,84.68236134,77.671197272
plant_height,decision_tree,86.95854211,82.34530844597406
plant_height,decision_tree,73.64524526,81.39484841126763
plant_height,decision_tree,83.18163398,82.24537518819675
plant_height,decision_tree,81.79162537,82.24537518819675
plant_height,decision_tree,84.19010671,82.34530844597406
plant_height,decision_tree,91.23067919,94.50751967068965
plant_height,decision_tree,79.58098299,82.34530844597406
plant_height,decision_tree,86.53196357,80.34155249800001
plant_height,decision_tree,87.60935176,81.82040952727272
plant_height,decision_tree,85.26875092,79.61629687860467
plant_height,decision_tree,84.79656269,82.34530844597406
plant_height,decision_tree,81.65845898,83.50916809081085
plant_height,decision_tree,79.19504919,81.13568452885714
plant_height,decision_tree,77.22195544,79.65824533263157
plant_height,decision_tree,78.80499912,79.61629687860467
plant_height,decision_tree,90.69975005,80.65293802916666
plant_height,decision_tree,78.58061471,82.24537518819675
plant_height,decision_tree,78.4224302,79.61629687860467
plant_height,decision_tree,83.05011296,81.39484841126763
plant_height,decision_tree,80.60449466,81.39484841126763
plant_height,decision_tree,85.87863387,81.39484841126763
plant_height,decision_tree,82.10460558,81.13568452885714
plant_height,decision_tree,84.47748544,94.01742053
plant_height,decision_tree,80.99994393,78.31704425285716
plant_height,decision_tree,76.9130623,79.01594892000001
plant_height,decision_tree,84.99348103,78.31704425285716
plant_height,decision_tree,80.1499059,81.13568452885714
plant_height,decision_tree,79.43039047,81.39484841126763
plant_height,decision_tree,75.25906779,81.39484841126763
plant_height,decision_tree,81.7058996,79.61629687860467
plant_height,decision_tree,84.66399821,81.39484841126763
plant_height,decision_tree,72.08291102,81.13568452885714
plant_height,decision_tree,80.49454892,81.39484841126763
plant_height,decision_tree,78.0534873,81.13568452885714
plant_height,decision_tree,83.14791631,82.24537518819675
plant_height,decision_tree,80.71921434,81.39484841126763
plant_height,decision_tree,82.02358175,81.13568452885714
plant_height,decision_tree,80.71873988,80.65293802916666
plant_height,decision_tree,81.01173788,79.65824533263157
plant_height,decision_tree,82.57606969,78.31704425285716
plant_height,decision_tree,84.54075078,94.50751967068965
plant_height,decision_tree,80.25869303,79.65824533263157
plant_height,decision_tree,79.02601328,77.29670195909091
plant_height,decision_tree,73.52007095,78.31704425285716
plant_height,decision_tree,81.13481848,83.50916809081085
plant_height,decision_tree,89.05232152,98.69832094868613
plant_height,decision_tree,73.74680528,82.24537518819675
plant_height,decision_tree,76.46907607,77.29670195909091
plant_height,decision_tree,84.27503345,81.13568452885714
plant_height,decision_tree,85.42685187,81.13568452885714
plant_height,decision_tree,88.13248437,82.34530844597406
plant_height,decision_tree,75.6804869,82.34530844597406
plant_height,decision_tree,80.57622999,79.65824533263157
plant_height,decision_tree,88.48635068,87.42234932142857
plant_height,decision_tree,79.09958284,80.65293802916666
plant_height,decision_tree,73.75944618,82.34530844597406
plant_height,decision_tree,78.63114062,79.01594892000001
plant_height,decision_tree,79.27130673,82.34530844597406
plant_height,decision_tree,80.26252419,83.80505852719998
plant_height,decision_tree,78.81578703,87.42234932142857
plant_height,decision_tree,79.29505914,81.13568452885714
plant_height,decision_tree,77.28224185,82.34530844597406
plant_height,decision_tree,86.97534513,82.24537518819675
plant_height,decision_tree,75.45900069,80.65293802916666
plant_height,decision_tree,76.79553268,80.65293802916666
plant_height,decision_tree,80.8613035,81.13568452885714
plant_height,decision_tree,79.13978463,77.29670195909091
plant_height,decision_tree,82.51456253,82.24537518819675
plant_height,decision_tree,75.31281983,79.65824533263157
plant_height,decision_tree,82.02537275,85.76877534454545
plant_height,decision_tree,82.76665597,81.13568452885714
plant_height,decision_tree,80.29783312,82.34530844597406
plant_height,decision_tree,80.48778323,82.34530844597406
plant_height,decision_tree,84.46987751,82.24537518819675
plant_height,decision_tree,80.59116622,77.29670195909091
plant_height,decision_tree,78.49164353,82.34530844597406
plant_height,decision_tree,84.0483785,80.65293802916666
plant_height,decision_tree,83.2423667,82.24537518819675
plant_height,decision_tree,85.2154447,81.13568452885714
plant_height,decision_tree,79.46970653,80.65293802916666
plant_height,decision_tree,81.25849712,79.61629687860467
plant_height,decision_tree,88.49311104,82.34530844597406
plant_height,decision_tree,84.24077708,81.13568452885714
plant_height,decision_tree,76.46679904,81.13568452885714
plant_height,decision_tree,79.80926236,81.39484841126763
plant_height,decision_tree,86.17282795,81.39484841126763
plant_height,decision_tree,73.67137912,80.65293802916666
plant_height,decision_tree,85.95560233,81.39484841126763
plant_height,decision_tree,87.69108092,80.65293802916666
plant_height,decision_tree,76.92458344,81.13568452885714
plant_height,decision_tree,79.91594751,79.01594892000001
plant_height,decision_tree,79.78638915,79.65824533263157
plant_height,decision_tree,80.5121691,77.29670195909091
plant_height,decision_tree,84.34711009,81.39484841126763
plant_height,decision_tree,85.18601784,82.24537518819675
plant_height,decision_tree,80.19722132,79.65824533263157
plant_height,decision_tree,85.48879873,79.01594892000001
plant_height,decision_tree,80.56804861,81.39484841126763
plant_height,decision_tree,86.38292335,82.34530844597406
plant_height,decision_tree,80.54354941,82.34530844597406
plant_height,decision_tree,82.31942524,83.50916809081085
plant_height,decision_tree,76.66361372,81.39484841126763
plant_height,decision_tree,84.10942349,83.50916809081085
plant_height,decision_tree,82.40398891,82.24537518819675
plant_height,decision_tree,77.45356743,81.39484841126763
plant_height,decision_tree,79.20619546,85.59370266809525
plant_height,decision_tree,82.62154378,85.59370266809525
plant_height,decision_tree,90.64790242,82.34530844597406
plant_height,decision_tree,81.66368003,82.34530844597406
plant_height,decision_tree,82.4413102,77.671197272
plant_height,decision_tree,104.791498,105.84114541264155
plant_height,decision_tree,99.20515494,101.18679482775865
plant_height,decision_tree,98.78307495,101.18679482775865
plant_height,decision_tree,103.3252682,106.6189045099
plant_height,decision_tree,103.9044492,106.6189045099
plant_height,decision_tree,116.3946672,106.6189045099
plant_height,decision_tree,112.5064244,108.75548673333333
plant_height,decision_tree,102.1124159,97.67492060369051
plant_height,decision_tree,102.1741851,105.84114541264155
plant_height,decision_tree,94.03272203,97.67492060369051
plant_height,decision_tree,104.246231,105.84114541264155
plant_height,decision_tree,106.7733509,105.84114541264155
plant_height,decision_tree,94.32760749,99.802566835
plant_height,decision_tree,104.7526378,105.84114541264155
plant_height,decision_tree,102.0692666,119.11652658785708
plant_height,decision_tree,105.0106756,107.21005505429689
plant_height,decision_tree,110.0003506,105.47918811819048
plant_height,decision_tree,96.99404335,104.3422591067742
plant_height,decision_tree,96.09480052,107.21005505429689
plant_height,decision_tree,99.5696815,107.21005505429689
plant_height,decision_tree,101.7519867,99.802566835
plant_height,decision_tree,109.024991,100.69458823258275
plant_height,decision_tree,103.980509,107.21005505429689
plant_height,decision_tree,104.6206106,107.21005505429689
plant_height,decision_tree,94.24850069,100.69458823258275
plant_height,decision_tree,104.4195437,99.802566835
plant_height,decision_tree,104.0304646,107.21005505429689
plant_height,decision_tree,97.59420792,97.67492060369051
plant_height,decision_tree,96.81429649,98.69832094868613
plant_height,decision_tree,99.11287444,100.69458823258275
plant_height,decision_tree,96.32051368,98.69832094868613
plant_height,decision_tree,108.3237741,118.40806350409089
plant_height,decision_tree,96.61128006,100.69458823258275
plant_height,decision_tree,94.70584238,104.96707130999998
plant_height,decision_tree,104.2868666,107.21005505429689
plant_height,decision_tree,103.8891834,106.6189045099
plant_height,decision_tree,96.55054534,99.802566835
plant_height,decision_tree,108.4903826,105.47918811819048
plant_height,decision_tree,101.4465517,94.99290875363636
plant_height,decision_tree,98.30788836,99.802566835
plant_height,decision_tree,105.2792598,105.84114541264155
plant_height,decision_tree,90.83806671,82.34530844597406
plant_height,decision_tree,103.5988195,101.18679482775865
plant_height,decision_tree,110.3599232,107.21005505429689
plant_height,decision_tree,109.3947486,106.6189045099
plant_height,decision_tree,96.90966801,99.802566835
plant_height,decision_tree,103.6874679,98.69832094868613
plant_height,decision_tree,106.7925269,107.21005505429689
plant_height,decision_tree,98.05793894,106.6189045099
plant_height,decision_tree,99.5416485,109.96405687057694
plant_height,decision_tree,100.0177059,105.84114541264155
plant_height,decision_tree,97.23551854,106.6189045099
plant_height,decision_tree,92.75667519,100.69458823258275
plant_height,decision_tree,98.8143873,106.6189045099
plant_height,decision_tree,96.53566874,97.67492060369051
plant_height,decision_tree,101.970682,107.21005505429689
plant_height,decision_tree,109.7277137,98.69832094868613
plant_height,decision_tree,106.4612861,106.6189045099
plant_height,decision_tree,104.146509,100.69458823258275
plant_height,decision_tree,97.19875513,94.99290875363636
plant_height,decision_tree,114.170941,106.6189045099
plant_height,decision_tree,103.8896708,108.75548673333333
plant_height,decision_tree,100.5953734,107.21005505429689
plant_height,decision_tree,106.7774917,100.69458823258275
plant_height,decision_tree,91.14937633,98.69832094868613
plant_height,decision_tree,104.4515707,106.6189045099
plant_height,decision_tree,101.752935,100.69458823258275
plant_height,decision_tree,100.8114874,100.69458823258275
plant_height,decision_tree,116.8216544,109.96405687057694
plant_height,decision_tree,105.3134495,107.21005505429689
plant_height,decision_tree,109.4322557,105.84114541264155
plant_height,decision_tree,100.299066,98.69832094868613
plant_height,decision_tree,98.60864638,101.18679482775865
plant_height,decision_tree,100.928808,102.79770865799999
plant_height,decision_tree,108.3167101,107.21005505429689
plant_height,decision_tree,102.8735597,106.6189045099
plant_height,decision_tree,103.1319352,105.47918811819048
plant_height,decision_tree,111.5330853,105.72195916466666
plant_height,decision_tree,97.75735645,101.18679482775865
plant_height,decision_tree,110.0622273,107.21005505429689
plant_height,decision_tree,112.7413188,105.84114541264155
plant_height,decision_tree,110.9119601,105.84114541264155
plant_height,decision_tree,95.20452448,105.84114541264155
plant_height,decision_tree,104.330075,105.47918811819048
plant_height,decision_tree,105.5206968,106.6189045099
plant_height,decision_tree,108.7834547,109.96405687057694
plant_height,decision_tree,109.3727733,106.6189045099
plant_height,decision_tree,105.9322173,104.3422591067742
plant_height,decision_tree,108.9360538,109.008344682
plant_height,decision_tree,103.7742883,101.18679482775865
plant_height,decision_tree,98.74725919,98.69832094868613
plant_height,decision_tree,104.7375295,108.75548673333333
plant_height,decision_tree,103.6692247,98.69832094868613
plant_height,decision_tree,110.5487373,105.47918811819048
plant_height,decision_tree,105.1393866,106.6189045099
plant_height,decision_tree,106.667641,105.47918811819048
plant_height,decision_tree,106.501074,104.96707130999998
plant_height,decision_tree,104.9363333,107.21005505429689
plant_height,decision_tree,100.1005164,100.69458823258275
plant_height,decision_tree,101.235131,97.67492060369051
plant_height,decision_tree,107.4743003,99.802566835
plant_height,decision_tree,110.2426237,107.21005505429689
plant_height,decision_tree,108.9027117,104.96707130999998
plant_height,decision_tree,120.4452243,103.57253139384615
plant_height,decision_tree,107.6675622,109.008344682
plant_height,decision_tree,113.7609905,109.008344682
plant_height,decision_tree,111.1100484,106.6189045099
plant_height,decision_tree,108.5208902,105.47918811819048
plant_height,decision_tree,104.0465541,99.802566835
plant_height,decision_tree,95.90703063,98.69832094868613
plant_height,decision_tree,94.39482296,104.3422591067742
plant_height,decision_tree,80.77938497,83.50916809081085
plant_height,decision_tree,106.0164131,108.75548673333333
plant_height,decision_tree,97.57521687,101.18679482775865
plant_height,decision_tree,101.1178121,104.96707130999998
plant_height,decision_tree,105.8691642,105.84114541264155
plant_height,decision_tree,95.1190889,97.67492060369051
plant_height,decision_tree,102.9203889,107.21005505429689
plant_height,decision_tree,108.0935143,107.21005505429689
plant_height,decision_tree,103.1544626,98.69832094868613
plant_height,decision_tree,116.8681285,105.47918811819048
plant_height,decision_tree,108.4804085,105.47918811819048
plant_height,decision_tree,110.8602885,97.67492060369051
plant_height,decision_tree,85.68837231,82.34530844597406
plant_height,decision_tree,100.1621169,101.18679482775865
plant_height,decision_tree,98.03175529,107.21005505429689
plant_height,decision_tree,111.7053923,105.47918811819048
plant_height,decision_tree,106.5930212,107.21005505429689
plant_height,decision_tree,99.21238619,98.69832094868613
plant_height,decision_tree,102.7849337,99.802566835
plant_height,decision_tree,109.5134214,108.75548673333333
plant_height,decision_tree,89.78788889,97.67492060369051
plant_height,decision_tree,99.12037382,97.67492060369051
plant_height,decision_tree,100.2821818,105.47918811819048
plant_height,decision_tree,94.03898944,100.69458823258275
plant_height,decision_tree,109.1602251,107.21005505429689
plant_height,decision_tree,73.73313728,82.34530844597406
plant_height,decision_tree,113.298086,105.84114541264155
plant_height,decision_tree,112.889645,105.47918811819048
plant_height,decision_tree,101.4950246,101.18679482775865
plant_height,decision_tree,105.1080631,107.21005505429689
plant_height,decision_tree,104.6973589,104.96707130999998
plant_height,decision_tree,96.27874363,98.69832094868613
plant_height,decision_tree,111.0084496,106.6189045099
plant_height,decision_tree,107.0314671,106.6189045099
plant_height,decision_tree,98.16360098,98.69832094868613
plant_height,decision_tree,118.9339867,106.6189045099
plant_height,decision_tree,111.3384583,105.84114541264155
plant_height,decision_tree,105.7811473,109.008344682
plant_height,decision_tree,100.3572381,98.69832094868613
plant_height,decision_tree,99.38865715,99.802566835
plant_height,decision_tree,103.8241276,107.21005505429689
plant_height,decision_tree,99.66216213,104.3422591067742
plant_height,decision_tree,98.92377445,97.67492060369051
plant_height,decision_tree,109.4109648,109.008344682
plant_height,decision_tree,102.8439996,107.21005505429689
plant_height,decision_tree,109.1208799,106.6189045099
plant_height,decision_tree,94.9364603,97.67492060369051
plant_height,decision_tree,93.92980373,105.84114541264155
plant_height,decision_tree,108.5189343,107.21005505429689
plant_height,decision_tree,96.66033913,101.18679482775865
plant_height,decision_tree,100.0459788,98.69832094868613
plant_height,decision_tree,101.7688817,97.67492060369051
plant_height,decision_tree,105.801013,115.1494086882222
plant_height,decision_tree,98.04811998,105.84114541264155
plant_height,decision_tree,105.5450639,107.21005505429689
plant_height,decision_tree,104.3853684,104.3422591067742
plant_height,decision_tree,99.00841826,101.18679482775865
plant_height,decision_tree,102.0987762,105.84114541264155
plant_height,decision_tree,107.6273416,107.21005505429689
plant_height,decision_tree,83.86573033,83.35997410125
plant_height,decision_tree,82.36976729,83.35997410125
plant_height,decision_tree,83.00407693,92.52139244495098
plant_height,decision_tree,79.61730782,105.57754856941177
plant_height,decision_tree,83.07234736,92.52139244495098
plant_height,decision_tree,99.9663455,107.21005505429689
plant_height,decision_tree,110.325811,98.88616451999998
plant_height,decision_tree,85.62237777,93.96870655363637
plant_height,decision_tree,74.22363819,83.74428423818182
plant_height,decision_tree,89.78247485,91.88703154714284
plant_height,decision_tree,88.15031468,94.51139114875001
plant_height,decision_tree,107.8062342,122.6350622822973
plant_height,decision_tree,93.69927225,98.66206546260867
plant_height,decision_tree,72.03673557,90.01496797357143
plant_height,decision_tree,92.68431785,87.42234932142857
plant_height,decision_tree,81.77488455,100.69458823258275
plant_height,decision_tree,84.4806443,104.3422591067742
plant_height,decision_tree,95.21317445,98.94048271681817
plant_height,decision_tree,93.26990043,85.93874608666668
plant_height,decision_tree,102.0967015,94.01742053
plant_height,decision_tree,92.46136525,82.41136686333333
plant_height,decision_tree,82.74160158,91.33451256326089
plant_height,decision_tree,92.84373657,98.88616451999998
plant_height,decision_tree,109.0753435,116.85475250461539
plant_height,decision_tree,108.1507133,107.21005505429689
plant_height,decision_tree,110.0759924,115.94985883525719
plant_height,decision_tree,98.06478855,104.18033460903227
plant_height,decision_tree,107.1791835,100.69458823258275
plant_height,decision_tree,89.93535703,98.62014247103446
plant_height,decision_tree,96.27733681,91.33451256326089
plant_height,decision_tree,92.58562559,91.33451256326089
plant_height,decision_tree,103.6429528,96.65339798476191
plant_height,decision_tree,101.931634,113.68089972583334
plant_height,decision_tree,79.45165828,94.51139114875001
plant_height,decision_tree,89.33985941,91.33451256326089
plant_height,decision_tree,91.21761717,91.33451256326089
plant_height,decision_tree,87.92114871,98.69832094868613
plant_height,decision_tree,88.68702545,92.52139244495098
plant_height,decision_tree,92.18943817,94.50751967068965
plant_height,decision_tree,81.57909749,98.160174386
plant_height,decision_tree,91.20890632,107.52505585377779
plant_height,decision_tree,99.73852339,104.609971807
plant_height,decision_tree,81.05885781,99.802566835
plant_height,decision_tree,84.98866213,96.33917697068178
plant_height,decision_tree,97.79142946,94.51139114875001
plant_height,decision_tree,71.40652934,90.75649812846154
plant_height,decision_tree,93.18502842,91.88703154714284
plant_height,decision_tree,102.7504563,100.69458823258275
plant_height,decision_tree,96.67936805,94.51139114875001
plant_height,decision_tree,99.92336829,106.47118835299997
plant_height,decision_tree,91.56739166,91.45124417247426
plant_height,decision_tree,93.83657478,100.69458823258275
plant_height,decision_tree,83.5764621,95.92063243923079
plant_height,decision_tree,90.61648175,98.66206546260867
plant_height,decision_tree,91.14447172,93.96870655363637
plant_height,decision_tree,89.59623822,87.3840480509091
plant_height,decision_tree,88.74276627,91.88703154714284
plant_height,decision_tree,93.21460078,110.72372180058821
plant_height,decision_tree,95.80578738,120.83988191
plant_height,decision_tree,96.08150115,98.66206546260867
plant_height,decision_tree,90.83744163,99.18806748647059
plant_height,decision_tree,95.63735365,103.57253139384615
plant_height,decision_tree,98.08150426,120.83988191
plant_height,decision_tree,81.61785554,99.71695735142858
plant_height,decision_tree,66.3101114,106.62983941812499
plant_height,decision_tree,102.6807941,106.6189045099
plant_height,decision_tree,94.26519986,100.69458823258275
plant_height,decision_tree,73.16132585,98.69832094868613
plant_height,decision_tree,97.20543927,92.63659286636363
plant_height,decision_tree,88.86433788,90.93828716099998
plant_height,decision_tree,96.2041398,99.802566835
plant_height,decision_tree,93.54042754,111.82217078534882
plant_height,decision_tree,94.11657605,122.6350622822973
plant_height,decision_tree,88.50475551,97.67492060369051
plant_height,decision_tree,88.35105943,88.72453808607143
plant_height,decision_tree,93.12664668,102.85223742888888
plant_height,decision_tree,85.85433889,96.33917697068178
plant_height,decision_tree,108.1045859,106.6189045099
plant_height,decision_tree,86.15823439,90.75649812846154
plant_height,decision_tree,85.77189621,94.51139114875001
plant_height,decision_tree,74.2605139,94.01742053
plant_height,decision_tree,88.27665912,85.25552340473685
plant_height,decision_tree,84.19708766,82.3725091357143
plant_height,decision_tree,86.61799263,82.3725091357143
plant_height,decision_tree,89.61881575,92.52139244495098
plant_height,decision_tree,99.8265961,95.35376591083333
plant_height,decision_tree,82.16621302,89.52834673333332
plant_height,decision_tree,91.82146772,97.57946048363637
plant_height,decision_tree,88.02095063,111.35102064249998
plant_height,decision_tree,102.2708998,97.57946048363637
plant_height,decision_tree,116.6076322,104.3422591067742
plant_height,decision_tree,111.6093318,122.6350622822973
plant_height,decision_tree,80.96116487,94.51139114875001
plant_height,decision_tree,94.95110589,90.75649812846154
plant_height,decision_tree,83.28304574,86.23386592666664
plant_height,decision_tree,89.89586377,92.63659286636363
plant_height,decision_tree,93.68048662,98.46223722999999
plant_height,decision_tree,104.7569813,107.52505585377779
plant_height,decision_tree,93.07734934,99.802566835
plant_height,decision_tree,91.0950076,87.66078983035716
plant_height,decision_tree,90.12732613,90.93828716099998
plant_height,decision_tree,98.22980571,100.69458823258275
plant_height,decision_tree,97.78471971,94.68387084437501
plant_height,decision_tree,107.5955002,105.19138803074074
plant_height,decision_tree,108.0754297,96.68508472541664
plant_height,decision_tree,104.4255443,91.45124417247426
plant_height,decision_tree,90.51806291,98.69832094868613
plant_height,decision_tree,83.65178452,91.33451256326089
plant_height,decision_tree,87.05285265,87.66078983035716
plant_height,decision_tree,104.3698783,102.695657065
plant_height,decision_tree,85.45195539,85.12462296413044
plant_height,decision_tree,96.96682828,115.94985883525719
plant_height,decision_tree,97.34539586,87.65927375818181
plant_height,decision_tree,83.58577129,83.35997410125
plant_height,decision_tree,98.54539476,90.28608966000002
plant_height,decision_tree,79.51210903,98.69832094868613
plant_height,decision_tree,105.7817781,96.33917697068178
plant_height,decision_tree,90.26525573,91.45124417247426
plant_height,decision_tree,92.99528625,99.802566835
plant_height,decision_tree,109.6810866,99.802566835
plant_height,decision_tree,90.03838849,89.70313818636363
plant_height,decision_tree,89.87602392,100.61007623411764
plant_height,decision_tree,105.1500541,103.57253139384615
plant_height,decision_tree,108.8844434,96.33917697068178
plant_height,decision_tree,90.3855594,99.92945286979166
plant_height,decision_tree,93.93749025,94.51139114875001
plant_height,decision_tree,100.975592,105.84114541264155
plant_height,decision_tree,110.2157095,105.84114541264155
plant_height,decision_tree,99.62432681,104.18033460903227
plant_height,decision_tree,104.3883324,105.47918811819048
plant_height,decision_tree,92.83016437,91.88703154714284
plant_height,decision_tree,92.9545496,105.84114541264155
plant_height,decision_tree,79.76125308,98.00740612146342
plant_height,decision_tree,92.90133233,107.52505585377779
plant_height,decision_tree,88.44499286,97.67492060369051
plant_height,decision_tree,79.50375766,83.35997410125
plant_height,decision_tree,82.95021912,85.12462296413044
plant_height,decision_tree,107.0200314,106.62983941812499
plant_height,decision_tree,104.3274562,105.47918811819048
plant_height,decision_tree,103.5610738,100.61007623411764
plant_height,decision_tree,90.55282543,96.33917697068178
plant_height,decision_tree,97.45717879,122.6350622822973
plant_height,decision_tree,95.01354398,98.62014247103446
plant_height,decision_tree,99.33351585,94.68885216125
plant_height,decision_tree,107.9939957,97.79159553999999
plant_height,decision_tree,107.6610272,107.21005505429689
plant_height,decision_tree,99.70262913,92.52139244495098
plant_height,decision_tree,90.14015096,88.83958068125001
plant_height,decision_tree,92.35472025,92.52139244495098
plant_height,decision_tree,90.53223812,104.3422591067742
plant_height,decision_tree,92.25907558,106.62983941812499
plant_height,decision_tree,89.99475165,99.71695735142858
plant_height,decision_tree,101.2149781,104.18033460903227
plant_height,decision_tree,88.41866461,83.35997410125
plant_height,decision_tree,101.4455263,81.96223516392857
plant_height,decision_tree,103.2295644,105.84114541264155
plant_height,decision_tree,82.49330603,92.52139244495098
plant_height,decision_tree,86.98784999,83.64489595083334
plant_height,decision_tree,97.91399361,119.93814684895348
plant_height,decision_tree,90.85053973,91.33451256326089
plant_height,decision_tree,97.86645237,105.84114541264155
plant_height,decision_tree,92.06027526,94.68885216125
plant_height,decision_tree,86.87349,98.45611749533333
plant_height,decision_tree,80.01782359,86.23386592666664
plant_height,decision_tree,94.78277458,96.65339798476191
plant_height,decision_tree,91.63196399,91.45124417247426
plant_height,decision_tree,98.27207117,98.66206546260867
plant_height,decision_tree,93.9112139,97.67492060369051
plant_height,decision_tree,101.8603085,91.49016127545454
plant_height,decision_tree,100.3548018,98.69832094868613
plant_height,decision_tree,102.3658083,92.52139244495098
plant_height,decision_tree,105.7532843,100.69458823258275
plant_height,decision_tree,80.9252771,87.3840480509091
plant_height,decision_tree,83.24132617,101.737473337
plant_height,decision_tree,99.30898653,98.94048271681817
plant_height,decision_tree,106.986275,104.18033460903227
plant_height,decision_tree,99.85758039,118.40806350409089
plant_height,decision_tree,94.11243585,115.1494086882222
plant_height,decision_tree,86.16494672,88.72453808607143
plant_height,decision_tree,94.5381267,115.94985883525719
plant_height,decision_tree,90.87429799,91.88703154714284
plant_height,decision_tree,94.17872961,128.27003820000002
plant_height,decision_tree,97.49081831,119.11652658785708
plant_height,decision_tree,87.52455273,83.74428423818182
plant_height,decision_tree,101.5743995,94.51139114875001
plant_height,decision_tree,81.07266711,119.93814684895348
plant_height,decision_tree,94.88799048,89.52834673333332
plant_height,decision_tree,95.3048723,92.52139244495098
plant_height,decision_tree,102.2000116,96.65339798476191
plant_height,decision_tree,80.28901523,99.802566835
plant_height,decision_tree,92.65211123,91.45124417247426
plant_height,decision_tree,100.6380351,100.61007623411764
plant_height,decision_tree,93.09491006,104.3422591067742
plant_height,decision_tree,101.2780417,120.83988191
plant_height,decision_tree,72.93520903,94.68885216125
plant_height,decision_tree,87.40570658,99.71695735142858
plant_height,decision_tree,91.63098253,99.802566835
plant_height,decision_tree,112.8696856,107.52505585377779
plant_height,decision_tree,101.5124057,91.49016127545454
plant_height,decision_tree,102.8302531,97.67492060369051
plant_height,decision_tree,90.40487933,92.52139244495098
plant_height,decision_tree,82.66104785,85.12462296413044
plant_height,decision_tree,80.8029244,85.12462296413044
plant_height,decision_tree,112.4304997,105.84114541264155
plant_height,decision_tree,100.8328358,113.99246163000002
plant_height,decision_tree,102.4329582,100.69458823258275
plant_height,decision_tree,108.3203668,98.00740612146342
plant_height,decision_tree,78.36013371,85.25552340473685
plant_height,decision_tree,106.2872517,90.93828716099998
plant_height,decision_tree,110.8625699,104.3422591067742
plant_height,decision_tree,107.2225892,105.19138803074074
plant_height,decision_tree,86.80831265,108.73740522727272
plant_height,decision_tree,87.19512563,94.01742053
plant_height,decision_tree,91.48452389,92.2966054385
plant_height,decision_tree,91.66918297,119.93814684895348
plant_height,decision_tree,101.2045466,87.42234932142857
plant_height,decision_tree,83.7734547,99.71695735142858
plant_height,decision_tree,82.11459949,91.45124417247426
plant_height,decision_tree,101.8103868,107.52505585377779
plant_height,decision_tree,82.13611393,107.21005505429689
plant_height,decision_tree,98.20337607,82.34530844597406
plant_height,decision_tree,96.89248171,106.62983941812499
plant_height,decision_tree,109.6950841,98.94048271681817
plant_height,decision_tree,86.51905437,85.12462296413044
plant_height,decision_tree,84.44738245,104.3422591067742
plant_height,decision_tree,94.59613288,94.50751967068965
plant_height,decision_tree,104.6365623,91.49016127545454
plant_height,decision_tree,98.53764568,91.33451256326089
plant_height,decision_tree,102.287211,97.67492060369051
plant_height,decision_tree,85.88911154,91.88703154714284
plant_height,decision_tree,110.5770655,98.69832094868613
plant_height,decision_tree,85.00402025,91.33451256326089
plant_height,decision_tree,94.12568464,98.66206546260867
plant_height,decision_tree,85.6865942,91.33451256326089
plant_height,decision_tree,101.2763783,91.88703154714284
plant_height,decision_tree,100.9214867,97.67492060369051
plant_height,decision_tree,98.96481792,98.00740612146342
plant_height,decision_tree,76.44910994,98.00740612146342
plant_height,decision_tree,96.74038545,96.65339798476191
plant_height,decision_tree,91.76990655,91.45124417247426
plant_height,decision_tree,96.15003032,91.33451256326089
plant_height,decision_tree,106.7884072,97.67492060369051
plant_height,decision_tree,86.9773999,102.79770865799999
plant_height,decision_tree,88.44902954,83.35997410125
plant_height,decision_tree,94.71098097,91.88703154714284
plant_height,decision_tree,90.57164215,94.51139114875001
plant_height,decision_tree,110.7999823,104.18033460903227
plant_height,decision_tree,85.77532328,92.63659286636363
plant_height,decision_tree,95.00876793,98.45611749533333
plant_height,decision_tree,103.6494551,106.6189045099
plant_height,decision_tree,93.95843198,98.69832094868613
plant_height,decision_tree,89.80174646,98.00740612146342
plant_height,decision_tree,79.05109541,77.671197272
plant_height,decision_tree,81.70231687,87.42234932142857
plant_height,decision_tree,85.62724103,87.42234932142857
plant_height,decision_tree,75.96277283,86.23386592666664
plant_height,decision_tree,93.68379802,103.08081316333335
plant_height,decision_tree,90.84451163,98.45611749533333
plant_height,decision_tree,78.45068352,91.49016127545454
plant_height,decision_tree,115.9595296,122.6350622822973
plant_height,decision_tree,112.8265909,91.88703154714284
plant_height,decision_tree,95.09269706,98.62014247103446
plant_height,decision_tree,91.51174405,103.57253139384615
plant_height,decision_tree,76.46784831,85.12462296413044
plant_height,decision_tree,108.9166387,104.609971807
plant_height,decision_tree,92.39500219,82.24537518819675
plant_height,decision_tree,103.0688764,96.68508472541664
plant_height,decision_tree,89.37668701,121.61253987631581
plant_height,decision_tree,95.98489621,106.62983941812499
plant_height,decision_tree,106.4278214,92.52139244495098
plant_height,decision_tree,87.98510007,115.94985883525719
plant_height,decision_tree,90.01750134,91.45124417247426
plant_height,decision_tree,105.9284186,99.92945286979166
plant_height,decision_tree,83.63759729,87.3840480509091
plant_height,decision_tree,98.5510901,107.19512934481482
plant_height,decision_tree,99.15920035,98.45611749533333
plant_height,decision_tree,82.97079929,89.52834673333332
plant_height,decision_tree,108.1953586,106.6189045099
plant_height,decision_tree,95.11626001,120.83988191
plant_height,decision_tree,102.2555453,98.160174386
plant_height,decision_tree,81.55850266,92.52139244495098
plant_height,decision_tree,105.6584417,91.45124417247426
plant_height,decision_tree,111.7417001,107.52505585377779
plant_height,decision_tree,106.8264418,122.6350622822973
plant_height,decision_tree,110.7216595,106.62983941812499
plant_height,decision_tree,94.64988014,104.3422591067742
plant_height,decision_tree,90.25444912,97.67492060369051
plant_height,decision_tree,101.9885565,97.67492060369051
plant_height,decision_tree,93.02744592,91.45124417247426
plant_height,decision_tree,109.8373751,104.3422591067742
plant_height,decision_tree,91.32702914,98.66206546260867
plant_height,decision_tree,100.8570212,103.57253139384615
plant_height,decision_tree,92.83593233,90.93828716099998
plant_height,decision_tree,73.93123592,88.83958068125001
plant_height,decision_tree,76.56268311,83.64489595083334
plant_height,decision_tree,105.9722022,97.67492060369051
plant_height,decision_tree,75.78023632,98.69832094868613
plant_height,decision_tree,99.58922651,92.52139244495098
plant_height,decision_tree,78.39382498,91.33451256326089
plant_height,decision_tree,81.27816945,97.67492060369051
plant_height,decision_tree,89.98158156,92.52139244495098
plant_height,decision_tree,116.3783949,116.85475250461539
plant_height,decision_tree,97.19902174,87.65927375818181
plant_height,decision_tree,101.925029,97.67492060369051
plant_height,decision_tree,82.64115506,92.63659286636363
plant_height,decision_tree,98.13064022,100.61007623411764
plant_height,decision_tree,109.2997446,91.33451256326089
plant_height,decision_tree,106.1721755,88.83958068125001
plant_height,decision_tree,95.26236224,97.623415998
plant_height,decision_tree,86.77441825,82.24537518819675
plant_height,decision_tree,104.5038944,119.11652658785708
plant_height,decision_tree,107.7563274,100.69458823258275
plant_height,decision_tree,110.0923634,97.623415998
plant_height,decision_tree,99.39564722,92.52139244495098
plant_height,decision_tree,94.01223372,98.45611749533333
plant_height,decision_tree,90.41461351,98.00740612146342
plant_height,decision_tree,99.29713955,103.57253139384615
plant_height,decision_tree,98.4596998,105.84114541264155
plant_height,decision_tree,90.59218977,97.67492060369051
plant_height,decision_tree,94.25892661,104.3422591067742
plant_height,decision_tree,97.09351122,104.3422591067742
plant_height,decision_tree,96.82532137,96.68508472541664
plant_height,decision_tree,107.4388482,105.47918811819048
plant_height,decision_tree,96.60746906,94.51139114875001
plant_height,decision_tree,103.5389344,107.52505585377779
plant_height,decision_tree,114.3082585,91.45124417247426
plant_height,decision_tree,92.84728508,87.65927375818181
plant_height,decision_tree,103.7590678,100.61007623411764
plant_height,decision_tree,91.50745685,104.3422591067742
plant_height,decision_tree,86.52266266,101.737473337
plant_height,decision_tree,96.93154962,103.57253139384615
plant_height,decision_tree,97.57174041,96.65339798476191
plant_height,decision_tree,106.3146747,106.62983941812499
plant_height,decision_tree,96.2139742,96.65339798476191
plant_height,decision_tree,104.9498695,98.94048271681817
plant_height,decision_tree,100.621356,112.28257758000002
plant_height,decision_tree,86.41832977,98.46223722999999
plant_height,decision_tree,94.00058218,102.695657065
plant_height,decision_tree,104.298222,119.93814684895348
plant_height,decision_tree,106.4852336,98.160174386
plant_height,decision_tree,117.2249163,100.69458823258275
plant_height,decision_tree,100.5336269,87.66078983035716
plant_height,decision_tree,88.28695041,87.3840480509091
plant_height,decision_tree,90.71549651,82.24537518819675
plant_height,decision_tree,97.52299,98.94048271681817
plant_height,decision_tree,110.6560574,107.52505585377779
plant_height,decision_tree,99.14900562,87.42234932142857
plant_height,decision_tree,96.43698067,89.52834673333332
plant_height,decision_tree,93.6597647,105.19138803074074
plant_height,decision_tree,118.5807341,98.94048271681817
plant_height,decision_tree,116.2383174,105.19138803074074
plant_height,decision_tree,99.83281363,98.69832094868613
plant_height,decision_tree,92.42178259,94.51139114875001
plant_height,decision_tree,113.6730373,91.45124417247426
plant_height,decision_tree,99.50510007,109.96405687057694
plant_height,decision_tree,93.90072001,100.61007623411764
plant_height,decision_tree,94.73467444,102.85223742888888
plant_height,decision_tree,95.92147277,87.3840480509091
plant_height,decision_tree,96.23719726,83.14342747500002
plant_height,decision_tree,96.30577138,103.57253139384615
plant_height,decision_tree,82.03007582,91.45124417247426
plant_height,decision_tree,89.49573497,87.3840480509091
plant_height,decision_tree,99.09666009,103.08081316333335
plant_height,decision_tree,107.7439345,116.85475250461539
plant_height,decision_tree,98.63883955,100.69458823258275
plant_height,decision_tree,98.11511886,102.85223742888888
plant_height,decision_tree,105.2054305,107.21005505429689
plant_height,decision_tree,87.45087081,99.802566835
plant_height,decision_tree,108.0192496,107.52505585377779
plant_height,decision_tree,89.15822067,91.33451256326089
plant_height,decision_tree,81.28465509,98.69832094868613
plant_height,decision_tree,86.87653964,100.69458823258275
plant_height,decision_tree,94.03620962,119.93814684895348
plant_height,decision_tree,111.9612001,105.19138803074074
plant_height,decision_tree,91.78888738,87.3840480509091
plant_height,decision_tree,80.8133772,98.00740612146342
plant_height,decision_tree,98.02511523,96.65339798476191
plant_height,decision_tree,96.49555734,99.92945286979166
plant_height,decision_tree,91.66075449,96.930433547
plant_height,decision_tree,85.36639794,104.3422591067742
plant_height,decision_tree,85.79261859,92.52139244495098
plant_height,decision_tree,92.50055045,91.88703154714284
plant_height,decision_tree,86.40597445,91.45124417247426
plant_height,decision_tree,103.5484041,99.18806748647059
plant_height,decision_tree,105.1569546,94.51139114875001
plant_height,decision_tree,90.59187755,91.49016127545454
plant_height,decision_tree,89.73079159,100.69458823258275
plant_height,decision_tree,91.35865629,96.33917697068178
plant_height,decision_tree,95.786828,94.68885216125
plant_height,decision_tree,98.61811595,91.45124417247426
plant_height,decision_tree,105.869282,104.18033460903227
plant_height,decision_tree,103.4061452,99.92945286979166
plant_height,decision_tree,102.1304711,113.99246163000002
plant_height,decision_tree,96.58935449,109.008344682
plant_height,decision_tree,91.46092881,82.50784338818184
plant_height,decision_tree,94.30556025,98.00740612146342
plant_height,decision_tree,96.67775241,98.69832094868613
plant_height,decision_tree,101.3874801,82.34530844597406
plant_height,decision_tree,85.27013815,91.33451256326089
plant_height,decision_tree,95.56395762,92.2966054385
plant_height,decision_tree,92.4486877,87.66078983035716
plant_height,decision_tree,103.4177386,98.160174386
plant_height,decision_tree,96.30511339,98.00740612146342
plant_height,decision_tree,96.82598333,104.3422591067742
plant_height,decision_tree,110.9122038,96.68508472541664
plant_height,decision_tree,100.1733929,98.00740612146342
plant_height,decision_tree,111.0307751,116.85475250461539
plant_height,decision_tree,97.5423318,94.68387084437501
plant_height,decision_tree,103.7662347,115.94985883525719
plant_height,decision_tree,87.55878109,104.3422591067742
plant_height,decision_tree,96.1133149,99.802566835
plant_height,decision_tree,89.32349401,94.68885216125
plant_height,decision_tree,79.24470152,91.45124417247426
plant_height,decision_tree,88.78641202,92.52139244495098
plant_height,decision_tree,94.22291177,98.62014247103446
plant_height,decision_tree,85.11079492,97.67492060369051
plant_height,decision_tree,84.263067895,97.67492060369051
plant_height,decision_tree,108.0760429,96.33917697068178
plant_height,decision_tree,86.29826806,98.46223722999999
plant_height,decision_tree,90.81127497,92.52139244495098
plant_height,decision_tree,91.29930062,91.33451256326089
plant_height,decision_tree,93.33444071,98.45611749533333
plant_height,decision_tree,88.63747531,92.52139244495098
plant_height,decision_tree,88.8422075,91.33451256326089
plant_height,decision_tree,101.9399793,94.51139114875001
plant_height,decision_tree,83.37382318,92.52139244495098
plant_height,decision_tree,85.58533965,82.50784338818184
plant_height,decision_tree,93.67960902,91.83785482181817
plant_height,decision_tree,93.98356301,98.62014247103446
plant_height,decision_tree,81.97423357,86.23386592666664
plant_height,decision_tree,94.75637695,82.3725091357143
plant_height,decision_tree,96.04735603,113.68089972583334
plant_height,decision_tree,96.17489811,91.33451256326089
plant_height,decision_tree,82.63456552,91.45124417247426
plant_height,decision_tree,82.8799028,95.35376591083333
plant_height,decision_tree,97.12279726,94.68885216125
plant_height,decision_tree,111.5737383,115.94985883525719
plant_height,decision_tree,94.15870671,87.65927375818181
plant_height,decision_tree,96.652988,88.83958068125001
plant_height,decision_tree,93.45888835,98.00740612146342
plant_height,decision_tree,94.66963915,96.68508472541664
plant_height,decision_tree,86.97685492,107.52505585377779
plant_height,decision_tree,92.27208101,94.50751967068965
plant_height,decision_tree,103.7810771,104.3422591067742
plant_height,decision_tree,97.40294272,98.94048271681817
plant_height,decision_tree,103.5172017,104.3422591067742
plant_height,decision_tree,80.38038345,85.25552340473685
plant_height,decision_tree,84.77291061,85.12462296413044
plant_height,decision_tree,95.39830176,99.92945286979166
plant_height,decision_tree,79.71883683,85.25552340473685
plant_height,decision_tree,85.20871113,85.25552340473685
plant_height,decision_tree,92.04978041,81.96223516392857
plant_height,decision_tree,99.81277816,107.19512934481482
plant_height,decision_tree,78.98586831,81.96223516392857
plant_height,decision_tree,71.07498529,95.92063243923079
plant_height,decision_tree,73.83890661,82.50784338818184
plant_height,decision_tree,101.1261014,122.6350622822973
plant_height,decision_tree,110.2101014,119.11652658785708
plant_height,decision_tree,90.59281627,98.46223722999999
plant_height,decision_tree,91.09275144,92.52139244495098
plant_height,decision_tree,85.89483973,91.33451256326089
plant_height,decision_tree,83.54492948,98.69832094868613
plant_height,decision_tree,86.82978865,91.45124417247426
plant_height,decision_tree,91.13618964,91.33451256326089
plant_height,decision_tree,91.70707738,92.52139244495098
plant_height,decision_tree,77.0593542,89.52834673333332
plant_height,decision_tree,87.60550923,85.12462296413044
plant_height,decision_tree,84.45001434,91.45124417247426
plant_height,decision_tree,91.56391085,87.66078983035716
plant_height,decision_tree,82.80771585,91.33451256326089
plant_height,decision_tree,91.2889956,97.57946048363637
plant_height,decision_tree,98.8608462,113.81701709090909
plant_height,decision_tree,104.9375769,100.69458823258275
plant_height,decision_tree,96.07172926,82.50784338818184
plant_height,decision_tree,88.52620989,82.3725091357143
plant_height,decision_tree,79.33157179,82.50784338818184
plant_height,decision_tree,83.99232838,82.3725091357143
plant_height,decision_tree,87.09385846,85.25552340473685
plant_height,decision_tree,84.27006224,94.99290875363636
plant_height,decision_tree,82.06431585,92.52139244495098
plant_height,decision_tree,93.31959778,92.2966054385
plant_height,decision_tree,89.38528502,98.45611749533333
plant_height,decision_tree,85.69767975,92.52139244495098
plant_height,decision_tree,84.6587866,105.47918811819048
plant_height,decision_tree,87.83242622,115.94985883525719
plant_height,decision_tree,85.11824993,81.13568452885714
plant_height,decision_tree,84.26109346,87.42234932142857
plant_height,decision_tree,90.09862518,91.88703154714284
plant_height,decision_tree,72.6890734,92.34973585124999
plant_height,decision_tree,82.88512467,85.12462296413044
plant_height,decision_tree,88.97181625,91.33451256326089
plant_height,decision_tree,99.37217035,97.79159553999999
plant_height,decision_tree,111.9805724,98.00740612146342
plant_height,decision_tree,108.0467308,98.45611749533333
plant_height,decision_tree,95.43058289,91.33451256326089
plant_height,decision_tree,107.4834911,100.69458823258275
plant_height,decision_tree,96.79084992,113.81701709090909
plant_height,decision_tree,87.94720623,105.72195916466666
plant_height,decision_tree,92.91195053,100.69458823258275
plant_height,decision_tree,99.21646783,98.160174386
plant_height,decision_tree,87.84583949,81.13568452885714
plant_height,decision_tree,96.71215559,92.52139244495098
plant_height,decision_tree,85.01668747,90.93828716099998
plant_height,decision_tree,91.97563125,91.33451256326089
plant_height,decision_tree,93.90439132,115.94985883525719
plant_height,decision_tree,101.963723,100.61007623411764
plant_height,decision_tree,88.72164229,87.65927375818181
plant_height,decision_tree,100.2086967,96.930433547
plant_height,decision_tree,107.3659081,98.94048271681817
plant_height,decision_tree,100.3724687,115.1494086882222
plant_height,decision_tree,105.3077727,95.35376591083333
plant_height,decision_tree,93.03038061,105.57754856941177
plant_height,decision_tree,97.12731776,98.62014247103446
plant_height,decision_tree,99.51496059,90.01496797357143
plant_height,decision_tree,88.15851674,87.42234932142857
plant_height,decision_tree,83.89901146,83.50916809081085
plant_height,decision_tree,97.30154832,99.92945286979166
plant_height,decision_tree,103.4501222,98.94048271681817
plant_height,decision_tree,82.80045056,107.21005505429689
plant_height,decision_tree,81.84742999,91.45124417247426
plant_height,decision_tree,93.7413237,102.85223742888888
plant_height,decision_tree,114.6078129,98.88616451999998
plant_height,decision_tree,81.63241141,82.41136686333333
plant_height,decision_tree,92.24217789,99.71695735142858
plant_height,decision_tree,112.9856187,115.94985883525719
plant_height,decision_tree,111.0592254,119.11652658785708
plant_height,decision_tree,117.6815014,115.870392737
plant_height,decision_tree,100.8863322,99.802566835
plant_height,decision_tree,104.3176497,101.18679482775865
plant_height,decision_tree,115.0017166,105.57555206900004
plant_height,decision_tree,134.2032372,115.870392737
plant_height,decision_tree,104.7756389,117.31767319999999
plant_height,decision_tree,120.0037493,122.6350622822973
plant_height,decision_tree,111.9928546,111.35102064249998
plant_height,decision_tree,98.13518877,98.66206546260867
plant_height,decision_tree,113.2057444,115.94985883525719
plant_height,decision_tree,119.8767512,119.11652658785708
plant_height,decision_tree,128.8262383,91.58461196272728
plant_height,decision_tree,103.9651263,96.33917697068178
plant_height,decision_tree,123.3284954,119.93814684895348
plant_height,decision_tree,114.6641715,121.61253987631581
plant_height,decision_tree,119.7987061,102.85223742888888
plant_height,decision_tree,117.1596799,99.31778249277778
plant_height,decision_tree,110.943086,115.94985883525719
plant_height,decision_tree,124.6985306,119.93814684895348
plant_height,decision_tree,120.7892784,119.93814684895348
plant_height,decision_tree,104.1902739,115.870392737
plant_height,decision_tree,109.7854309,104.3422591067742
plant_height,decision_tree,103.7636031,95.35376591083333
plant_height,decision_tree,92.97204184,100.69458823258275
plant_height,decision_tree,107.9267938,120.83988191
plant_height,decision_tree,89.98129009,100.61007623411764
plant_height,decision_tree,117.9460621,115.94985883525719
plant_height,decision_tree,119.4864733,98.69832094868613
plant_height,decision_tree,118.9143735,98.66206546260867
plant_height,decision_tree,131.0093086,120.83988191
plant_height,decision_tree,124.4575767,126.11561546
plant_height,decision_tree,113.832301,115.1494086882222
plant_height,decision_tree,107.6234853,94.01742053
plant_height,decision_tree,121.5593403,103.51336137000001
plant_height,decision_tree,107.2437435,100.69458823258275
plant_height,decision_tree,103.2290453,115.94985883525719
plant_height,decision_tree,107.8473284,108.73740522727272
plant_height,decision_tree,120.0981307,111.82217078534882
plant_height,decision_tree,99.65769757,109.96405687057694
plant_height,decision_tree,122.5409639,119.65616979181819
plant_height,decision_tree,119.9971094,112.03869914999999
plant_height,decision_tree,116.3721885,98.00740612146342
plant_height,decision_tree,129.8039584,116.85475250461539
plant_height,decision_tree,110.1851792,119.11652658785708
plant_height,decision_tree,116.9036982,111.82217078534882
plant_height,decision_tree,120.9437699,119.11652658785708
plant_height,decision_tree,107.9376623,101.737473337
plant_height,decision_tree,122.2950428,119.65616979181819
plant_height,decision_tree,117.057289,109.96405687057694
plant_height,decision_tree,120.9205654,103.08081316333335
plant_height,decision_tree,110.3116322,100.69458823258275
plant_height,decision_tree,96.11443676,97.67492060369051
plant_height,decision_tree,104.8526051,103.08081316333335
plant_height,decision_tree,105.5795579,105.57754856941177
plant_height,decision_tree,111.4781726,94.01742053
plant_height,decision_tree,112.8974152,95.92063243923079
plant_height,decision_tree,106.2794595,92.52139244495098
plant_height,decision_tree,108.8342622,91.88703154714284
plant_height,decision_tree,100.4415968,97.67492060369051
plant_height,decision_tree,109.8410857,92.52139244495098
plant_height,decision_tree,111.5325127,99.71695735142858
plant_height,decision_tree,123.1449085,115.94985883525719
plant_height,decision_tree,106.9502258,95.92063243923079
plant_height,decision_tree,106.3775416,91.33451256326089
plant_height,decision_tree,99.85621683,82.50784338818184
plant_height,decision_tree,110.4937157,107.21005505429689
plant_height,decision_tree,113.5789047,122.6350622822973
plant_height,decision_tree,124.2590065,98.94048271681817
plant_height,decision_tree,127.1060947,100.69458823258275
plant_height,decision_tree,123.222434,104.3422591067742
plant_height,decision_tree,101.7823413,108.3083918817143
plant_height,decision_tree,123.5673197,100.69458823258275
plant_height,decision_tree,112.1456235,106.6189045099
plant_height,decision_tree,118.6357679,113.99246163000002
plant_height,decision_tree,121.1457073,100.69458823258275
plant_height,decision_tree,128.7756457,98.160174386
plant_height,decision_tree,127.8431057,100.69458823258275
plant_height,decision_tree,131.1735789,122.6350622822973
plant_height,decision_tree,121.4925814,115.1494086882222
plant_height,decision_tree,111.2514026,104.3422591067742
plant_height,decision_tree,115.8479139,91.45124417247426
plant_height,decision_tree,100.9397008,88.72453808607143
plant_height,decision_tree,132.5448914,104.609971807
plant_height,decision_tree,124.2067106,106.6189045099
plant_height,decision_tree,100.4364716,100.69458823258275
plant_height,decision_tree,106.0942215,97.79159553999999
plant_height,decision_tree,101.6131454,100.69458823258275
plant_height,decision_tree,99.88740211,103.08081316333335
plant_height,decision_tree,121.4822652,103.08081316333335
plant_height,decision_tree,92.05281075,92.52139244495098
plant_height,decision_tree,100.2304319,91.45124417247426
plant_height,decision_tree,92.36898962,98.88616451999998
plant_height,decision_tree,131.4877533,118.40806350409089
plant_height,decision_tree,96.52340573,88.83958068125001
plant_height,decision_tree,108.0248674,105.57754856941177
plant_height,decision_tree,117.3514622,115.94985883525719
plant_height,decision_tree,114.6001764,92.52139244495098
plant_height,decision_tree,114.0998233,88.72453808607143
plant_height,decision_tree,125.9711733,105.57555206900004
plant_height,decision_tree,116.329911,92.52139244495098
plant_height,decision_tree,116.7333687,106.6189045099
plant_height,decision_tree,134.1641679,121.61253987631581
plant_height,decision_tree,102.159687,115.94985883525719
plant_height,decision_tree,104.9180994,115.94985883525719
plant_height,decision_tree,107.4827731,87.66078983035716
plant_height,decision_tree,127.1523107,111.35102064249998
plant_height,decision_tree,119.6107411,115.94985883525719
plant_height,decision_tree,121.4267711,109.96405687057694
plant_height,decision_tree,113.6376429,116.85475250461539
plant_height,decision_tree,107.5984431,92.52139244495098
plant_height,decision_tree,126.0761084,107.21005505429689
plant_height,decision_tree,122.7039175,115.94985883525719
plant_height,decision_tree,115.4979735,97.79159553999999
plant_height,decision_tree,119.965915,119.11652658785708
plant_height,decision_tree,114.7913446,96.33917697068178
plant_height,decision_tree,120.546945,96.65339798476191
plant_height,decision_tree,120.1732907,111.82217078534882
plant_height,decision_tree,108.255772,91.33451256326089
plant_height,decision_tree,118.1172453,104.609971807
plant_height,decision_tree,134.0601499,111.35102064249998
plant_height,decision_tree,124.5093919,119.11652658785708
plant_height,decision_tree,124.5675657,115.94985883525719
plant_height,decision_tree,118.5242,119.11652658785708
plant_height,decision_tree,128.9837841,106.6189045099
plant_height,decision_tree,103.9559692,96.33917697068178
plant_height,decision_tree,117.5632389,111.82217078534882
plant_height,decision_tree,129.198765,115.94985883525719
plant_height,decision_tree,108.3414896,109.96405687057694
plant_height,decision_tree,134.792114,113.81701709090909
plant_height,decision_tree,124.1292222,120.83988191
plant_height,decision_tree,121.3359072,111.82217078534882
plant_height,decision_tree,111.0551308,111.35102064249998
plant_height,decision_tree,111.4538046,116.85475250461539
plant_height,decision_tree,118.2068554,108.73740522727272
plant_height,decision_tree,106.1752828,97.67492060369051
plant_height,decision_tree,113.0290573,119.93814684895348
plant_height,decision_tree,121.3036825,113.81701709090909
plant_height,decision_tree,112.1755482,107.21005505429689
plant_height,decision_tree,128.5293717,116.85475250461539
plant_height,decision_tree,112.6047348,121.61253987631581
plant_height,decision_tree,96.48112943,92.52139244495098
plant_height,decision_tree,123.8850126,103.57253139384615
plant_height,decision_tree,118.3442201,117.31767319999999
plant_height,decision_tree,128.7420327,109.96405687057694
plant_height,decision_tree,101.0732787,100.69458823258275
plant_height,decision_tree,125.0581682,111.82217078534882
plant_height,decision_tree,113.6957067,105.57754856941177
plant_height,decision_tree,96.73207526,91.33451256326089
plant_height,decision_tree,113.6029867,115.94985883525719
plant_height,decision_tree,121.5157387,106.6189045099
plant_height,decision_tree,113.1422743,115.94985883525719
plant_height,decision_tree,114.9461614,121.61253987631581
plant_height,decision_tree,116.2453591,122.6350622822973
plant_height,decision_tree,123.2389691,115.94985883525719
plant_height,decision_tree,122.7038643,110.72372180058821
plant_height,decision_tree,119.0875068,122.6350622822973
plant_height,decision_tree,113.0776477,92.52139244495098
plant_height,decision_tree,109.0012811,117.31767319999999
plant_height,decision_tree,116.8389657,115.94985883525719
plant_height,decision_tree,118.8033249,119.93814684895348
plant_height,decision_tree,122.9353699,115.94985883525719
plant_height,decision_tree,105.9639661,119.11652658785708
plant_height,decision_tree,121.1614896,118.40806350409089
plant_height,decision_tree,125.4899128,105.57555206900004
plant_height,decision_tree,112.9204173,115.1494086882222
plant_height,decision_tree,136.4899649,109.96405687057694
plant_height,decision_tree,126.2951438,115.94985883525719
plant_height,decision_tree,103.7261679,97.79159553999999
plant_height,decision_tree,111.4762383,109.96405687057694
plant_height,decision_tree,107.7206036,100.69458823258275
plant_height,decision_tree,115.4693022,115.1494086882222
plant_height,decision_tree,108.7609985,87.66078983035716
plant_height,decision_tree,106.1624157,119.11652658785708
plant_height,decision_tree,116.1540014,91.45124417247426
plant_height,decision_tree,128.8110556,115.94985883525719
plant_height,decision_tree,116.6905255,120.83988191
plant_height,decision_tree,112.3455719,111.82217078534882
plant_height,decision_tree,119.4079634,128.27003820000002
plant_height,decision_tree,105.4857894,97.67492060369051
plant_height,decision_tree,128.8412042,107.19512934481482
plant_height,decision_tree,121.1790246,118.36422293722222
plant_height,decision_tree,108.7023681,108.75548673333333
plant_height,decision_tree,107.3247625,119.93814684895348
plant_height,decision_tree,120.4673523,115.94985883525719
plant_height,decision_tree,123.1473043,119.11652658785708
plant_height,decision_tree,121.0450272,105.57555206900004
plant_height,decision_tree,127.1053566,105.57555206900004
plant_height,decision_tree,110.4228253,115.94985883525719
plant_height,decision_tree,122.6781527,118.36422293722222
plant_height,decision_tree,127.6582223,119.11652658785708
plant_height,decision_tree,127.7041339,107.19512934481482
plant_height,decision_tree,123.2301247,122.6350622822973
plant_height,decision_tree,116.2204672,118.40806350409089
plant_height,decision_tree,146.069066,111.35102064249998
plant_height,decision_tree,127.1685311,119.65616979181819
plant_height,decision_tree,130.6183339,122.6350622822973
plant_height,decision_tree,124.9086073,107.21005505429689
plant_height,decision_tree,122.6643701,111.35102064249998
plant_height,decision_tree,122.1227675,119.11652658785708
plant_height,decision_tree,105.7065746,97.67492060369051
plant_height,decision_tree,103.7348078,105.57754856941177
plant_height,decision_tree,120.769991,118.40806350409089
plant_height,decision_tree,90.66226899,90.93828716099998
plant_height,decision_tree,117.4531979,99.31778249277778
plant_height,decision_tree,125.9418267,104.609971807
plant_height,decision_tree,122.9698614,115.94985883525719
plant_height,decision_tree,130.4924975,119.93814684895348
plant_height,decision_tree,115.9380008,122.6350622822973
plant_height,decision_tree,136.6347445,119.11652658785708
plant_height,decision_tree,123.3448183,109.96405687057694
plant_height,decision_tree,119.6957499,105.84114541264155
plant_height,decision_tree,113.7035045,106.62983941812499
plant_height,decision_tree,120.8808453,122.6350622822973
plant_height,decision_tree,118.3564356,118.40806350409089
plant_height,decision_tree,128.846156,119.93814684895348
plant_height,decision_tree,115.6154636,119.93814684895348
plant_height,decision_tree,116.9716221,115.94985883525719
plant_height,decision_tree,123.3686299,119.11652658785708
plant_height,decision_tree,117.250566,119.93814684895348
plant_height,decision_tree,113.1441259,122.6350622822973
plant_height,decision_tree,118.7915277,117.31767319999999
plant_height,decision_tree,120.2736169,119.11652658785708
plant_height,decision_tree,124.8702481,119.11652658785708
plant_height,decision_tree,118.5874503,106.62983941812499
plant_height,decision_tree,111.3179896,99.31778249277778
plant_height,decision_tree,120.2774982,121.61253987631581
plant_height,decision_tree,116.4943304,111.82217078534882
plant_height,decision_tree,123.7604556,98.46223722999999
plant_height,decision_tree,119.9605898,107.21005505429689
plant_height,decision_tree,125.2551565,119.93814684895348
plant_height,decision_tree,117.936323,104.3422591067742
plant_height,decision_tree,129.5564533,119.11652658785708
plant_height,decision_tree,128.0826243,119.93814684895348
plant_height,decision_tree,126.482528,119.93814684895348
plant_height,decision_tree,126.7914052,126.11561546
plant_height,decision_tree,119.9671751,105.57555206900004
plant_height,decision_tree,131.3403719,111.82217078534882
plant_height,decision_tree,127.8967911,115.94985883525719
plant_height,decision_tree,110.4340489,103.08081316333335
plant_height,decision_tree,108.4366725,99.92945286979166
plant_height,decision_tree,113.072724,99.92945286979166
plant_height,decision_tree,107.9040514,107.51470114727273
plant_height,decision_tree,121.1457828,119.11652658785708
plant_height,decision_tree,140.5558154,119.11652658785708
plant_height,decision_tree,122.334033,96.65339798476191
plant_height,decision_tree,129.8368486,119.93814684895348
plant_height,decision_tree,121.2942359,99.92945286979166
plant_height,decision_tree,122.8885492,92.52139244495098
plant_height,decision_tree,120.4771385,96.65339798476191
plant_height,decision_tree,117.680709,115.1494086882222
plant_height,decision_tree,126.7330912,115.94985883525719
plant_height,decision_tree,123.9806073,115.1494086882222
plant_height,decision_tree,112.4696835,104.18033460903227
plant_height,decision_tree,120.3251529,115.94985883525719
plant_height,decision_tree,116.709175,98.69832094868613
plant_height,decision_tree,127.0856392,111.82217078534882
plant_height,decision_tree,126.1563203,119.11652658785708
plant_height,decision_tree,122.2539265,109.96405687057694
plant_height,decision_tree,104.3796509,102.79770865799999
plant_height,decision_tree,109.1061281,121.61253987631581
plant_height,decision_tree,115.905697,110.70918872299998
plant_height,decision_tree,97.46148845,118.36422293722222
plant_height,decision_tree,104.7726078,105.57754856941177
plant_height,decision_tree,111.902964,100.61007623411764
plant_height,decision_tree,110.3634195,107.51470114727273
plant_height,decision_tree,119.1098221,106.6189045099
plant_height,decision_tree,124.6855763,119.11652658785708
plant_height,decision_tree,123.4609767,122.6350622822973
plant_height,decision_tree,109.4556853,111.82217078534882
plant_height,decision_tree,118.4901227,119.11652658785708
plant_height,decision_tree,111.1233027,91.45124417247426
plant_height,decision_tree,113.1904993,98.45611749533333
plant_height,decision_tree,128.3876327,111.35102064249998
plant_height,decision_tree,129.2049453,117.31767319999999
plant_height,decision_tree,97.74058152,105.84114541264155
plant_height,decision_tree,111.3507427,91.33451256326089
plant_height,decision_tree,112.0007882,115.94985883525719
plant_height,decision_tree,128.7050068,96.33917697068178
plant_height,decision_tree,136.0994915,102.85223742888888
plant_height,decision_tree,138.383599,115.94985883525719
plant_height,decision_tree,132.9095952,113.68089972583334
plant_height,decision_tree,96.87507935,103.08081316333335
plant_height,decision_tree,107.4392418,97.67492060369051
plant_height,decision_tree,120.7834278,105.84114541264155
plant_height,decision_tree,132.678896,119.11652658785708
plant_height,decision_tree,120.4586215,98.62014247103446
puccinia_hordei,decision_tree,3.277472024,3.142157540073771
puccinia_hordei,decision_tree,2.704659937,3.178523371960896
puccinia_hordei,decision_tree,3.987689749,3.189608250347595
puccinia_hordei,decision_tree,2.936407423,3.6807911639333337
puccinia_hordei,decision_tree,2.339840503,3.178523371960896
puccinia_hordei,decision_tree,2.23818106,3.189608250347595
puccinia_hordei,decision_tree,2.36839872,3.189608250347595
puccinia_hordei,decision_tree,2.435159827,3.189608250347595
puccinia_hordei,decision_tree,4.285290114,3.1245574752419367
puccinia_hordei,decision_tree,3.013334901,3.189608250347595
puccinia_hordei,decision_tree,3.180363224,4.536681871035714
puccinia_hordei,decision_tree,2.559396466,3.142157540073771
puccinia_hordei,decision_tree,3.227694049,3.6807911639333337
puccinia_hordei,decision_tree,3.653139978,4.096534402785715
puccinia_hordei,decision_tree,2.151695764,3.178523371960896
puccinia_hordei,decision_tree,3.586529899,3.142157540073771
puccinia_hordei,decision_tree,2.575955544,3.1245574752419367
puccinia_hordei,decision_tree,3.29189463,3.1245574752419367
puccinia_hordei,decision_tree,3.122467129,3.142157540073771
puccinia_hordei,decision_tree,3.681231306,3.1245574752419367
puccinia_hordei,decision_tree,3.419676527,3.178523371960896
puccinia_hordei,decision_tree,2.50903281,3.178523371960896
puccinia_hordei,decision_tree,2.755863966,3.142157540073771
puccinia_hordei,decision_tree,3.030632551,4.236063553259258
puccinia_hordei,decision_tree,3.544363585,3.142157540073771
puccinia_hordei,decision_tree,3.452074517,3.189608250347595
puccinia_hordei,decision_tree,3.212672784,3.1245574752419367
puccinia_hordei,decision_tree,3.613287387,3.178523371960896
puccinia_hordei,decision_tree,3.327161818,3.142157540073771
puccinia_hordei,decision_tree,1.694911443,3.189608250347595
puccinia_hordei,decision_tree,3.642335315,3.0809749545384615
puccinia_hordei,decision_tree,2.850409116,3.6807911639333337
puccinia_hordei,decision_tree,2.127103216,3.178523371960896
puccinia_hordei,decision_tree,3.069837308,3.189608250347595
puccinia_hordei,decision_tree,2.582454207,3.178523371960896
puccinia_hordei,decision_tree,3.481789567,3.178523371960896
puccinia_hordei,decision_tree,3.503111504,3.1245574752419367
puccinia_hordei,decision_tree,3.655794005,3.1245574752419367
puccinia_hordei,decision_tree,3.215957119,3.1245574752419367
puccinia_hordei,decision_tree,1.934419049,3.0809749545384615
puccinia_hordei,decision_tree,3.245047476,3.178523371960896
puccinia_hordei,decision_tree,2.330782329,3.142157540073771
puccinia_hordei,decision_tree,2.692185626,3.142157540073771
puccinia_hordei,decision_tree,3.259357504,3.142157540073771
puccinia_hordei,decision_tree,3.668898241,3.0809749545384615
puccinia_hordei,decision_tree,3.722300922,3.1245574752419367
puccinia_hordei,decision_tree,3.485160564,3.1245574752419367
puccinia_hordei,decision_tree,3.101516215,3.178523371960896
puccinia_hordei,decision_tree,2.52351814,3.1245574752419367
puccinia_hordei,decision_tree,3.455529152,3.0809749545384615
puccinia_hordei,decision_tree,2.491589388,3.1245574752419367
puccinia_hordei,decision_tree,2.747696887,3.0809749545384615
puccinia_hordei,decision_tree,3.539816433,3.178523371960896
puccinia_hordei,decision_tree,3.156730065,3.1245574752419367
puccinia_hordei,decision_tree,2.251752855,3.0809749545384615
puccinia_hordei,decision_tree,3.224428432,3.189608250347595
puccinia_hordei,decision_tree,3.298355298,3.6807911639333337
puccinia_hordei,decision_tree,2.485937804,3.142157540073771
puccinia_hordei,decision_tree,3.201214853,3.0809749545384615
puccinia_hordei,decision_tree,3.534294529,3.0809749545384615
puccinia_hordei,decision_tree,3.870549068,3.189608250347595
puccinia_hordei,decision_tree,3.435513967,3.142157540073771
puccinia_hordei,decision_tree,2.187329704,3.189608250347595
puccinia_hordei,decision_tree,2.847834612,3.0809749545384615
puccinia_hordei,decision_tree,4.14361593,3.178523371960896
puccinia_hordei,decision_tree,2.415050198,3.189608250347595
puccinia_hordei,decision_tree,1.887397576,3.0809749545384615
puccinia_hordei,decision_tree,4.241806878,3.0809749545384615
puccinia_hordei,decision_tree,3.040840407,3.142157540073771
puccinia_hordei,decision_tree,3.152653976,3.142157540073771
puccinia_hordei,decision_tree,3.094822419,3.6807911639333337
puccinia_hordei,decision_tree,2.840948973,3.189608250347595
puccinia_hordei,decision_tree,3.423078891,3.189608250347595
puccinia_hordei,decision_tree,3.56963414,3.142157540073771
puccinia_hordei,decision_tree,2.900417363,3.142157540073771
puccinia_hordei,decision_tree,3.490592946,3.142157540073771
puccinia_hordei,decision_tree,2.655641478,3.0809749545384615
puccinia_hordei,decision_tree,4.196592221,3.189608250347595
puccinia_hordei,decision_tree,3.654297906,3.0809749545384615
puccinia_hordei,decision_tree,1.897279566,3.142157540073771
puccinia_hordei,decision_tree,2.843900985,3.178523371960896
puccinia_hordei,decision_tree,4.104650059,3.189608250347595
puccinia_hordei,decision_tree,2.75148623,3.189608250347595
puccinia_hordei,decision_tree,3.515686406,3.0809749545384615
puccinia_hordei,decision_tree,2.422133949,3.189608250347595
puccinia_hordei,decision_tree,2.453013617,3.178523371960896
puccinia_hordei,decision_tree,2.439909945,3.6807911639333337
puccinia_hordei,decision_tree,2.337096095,3.178523371960896
puccinia_hordei,decision_tree,3.301891917,3.0809749545384615
puccinia_hordei,decision_tree,2.684202513,3.142157540073771
puccinia_hordei,decision_tree,2.992472873,3.142157540073771
puccinia_hordei,decision_tree,2.843604603,3.178523371960896
puccinia_hordei,decision_tree,2.824497168,3.189608250347595
puccinia_hordei,decision_tree,3.311040749,3.142157540073771
puccinia_hordei,decision_tree,3.663168131,3.189608250347595
puccinia_hordei,decision_tree,2.917100952,3.178523371960896
puccinia_hordei,decision_tree,2.688501234,3.0809749545384615
puccinia_hordei,decision_tree,3.507935788,3.189608250347595
puccinia_hordei,decision_tree,3.577773861,3.178523371960896
puccinia_hordei,decision_tree,4.392170107,3.142157540073771
puccinia_hordei,decision_tree,2.939003143,3.0809749545384615
puccinia_hordei,decision_tree,3.375402593,3.0809749545384615
puccinia_hordei,decision_tree,3.378501294,3.1245574752419367
puccinia_hordei,decision_tree,2.532428429,3.1245574752419367
puccinia_hordei,decision_tree,2.311449485,3.189608250347595
puccinia_hordei,decision_tree,3.52203928,3.1245574752419367
puccinia_hordei,decision_tree,3.545318486,3.189608250347595
puccinia_hordei,decision_tree,3.621145305,3.0809749545384615
puccinia_hordei,decision_tree,3.553013262,3.142157540073771
puccinia_hordei,decision_tree,4.246663348,3.6807911639333337
puccinia_hordei,decision_tree,3.126109544,3.189608250347595
puccinia_hordei,decision_tree,3.89029475,3.1245574752419367
puccinia_hordei,decision_tree,2.606335367,3.178523371960896
puccinia_hordei,decision_tree,2.735197398,3.6807911639333337
puccinia_hordei,decision_tree,2.651647807,3.142157540073771
puccinia_hordei,decision_tree,3.503593726,3.1245574752419367
puccinia_hordei,decision_tree,3.026223848,3.142157540073771
puccinia_hordei,decision_tree,3.045311468,3.142157540073771
puccinia_hordei,decision_tree,2.389406597,3.189608250347595
puccinia_hordei,decision_tree,3.911573142,3.1245574752419367
puccinia_hordei,decision_tree,2.020286019,3.189608250347595
puccinia_hordei,decision_tree,3.682322422,3.178523371960896
puccinia_hordei,decision_tree,3.258138848,3.1245574752419367
puccinia_hordei,decision_tree,4.321117532,3.1245574752419367
puccinia_hordei,decision_tree,3.112914363,3.1245574752419367
puccinia_hordei,decision_tree,2.157948781,3.142157540073771
puccinia_hordei,decision_tree,3.259205402,3.142157540073771
puccinia_hordei,decision_tree,2.474510058,3.1245574752419367
puccinia_hordei,decision_tree,4.704376164,3.6807911639333337
puccinia_hordei,decision_tree,2.996081601,3.178523371960896
puccinia_hordei,decision_tree,3.078000571,4.334272622704375
puccinia_hordei,decision_tree,3.724975859,3.96556904457738
puccinia_hordei,decision_tree,3.800702182,3.96556904457738
puccinia_hordei,decision_tree,4.153108705,3.94063909872973
puccinia_hordei,decision_tree,3.316778808,3.939438713584158
puccinia_hordei,decision_tree,2.244565353,3.189608250347595
puccinia_hordei,decision_tree,5.660555098,3.6807911639333337
puccinia_hordei,decision_tree,3.363905464,3.189608250347595
puccinia_hordei,decision_tree,4.834584662,3.6807911639333337
puccinia_hordei,decision_tree,3.183891717,3.6807911639333337
puccinia_hordei,decision_tree,2.777285482,2.951231078589285
puccinia_hordei,decision_tree,5.033953443,3.6807911639333337
puccinia_hordei,decision_tree,4.955517329,4.44213674031579
puccinia_hordei,decision_tree,3.935124328,3.854303425116667
puccinia_hordei,decision_tree,4.278917309,3.890261674512498
puccinia_hordei,decision_tree,3.390786197,3.189608250347595
puccinia_hordei,decision_tree,3.96995203,3.854303425116667
puccinia_hordei,decision_tree,4.035830004,2.9742726060454543
puccinia_hordei,decision_tree,3.292926101,2.951231078589285
puccinia_hordei,decision_tree,2.850452156,2.9742726060454543
puccinia_hordei,decision_tree,3.492930467,3.4580203958461544
puccinia_hordei,decision_tree,4.853022147,3.854303425116667
puccinia_hordei,decision_tree,2.625468412,2.9742726060454543
puccinia_hordei,decision_tree,2.485006993,3.853763843961538
puccinia_hordei,decision_tree,3.435232216,3.854303425116667
puccinia_hordei,decision_tree,2.394827239,3.189608250347595
puccinia_hordei,decision_tree,2.201137565,3.6807911639333337
puccinia_hordei,decision_tree,3.15448517,2.9742726060454543
puccinia_hordei,decision_tree,2.822002793,3.0809749545384615
puccinia_hordei,decision_tree,3.895829864,4.679419063863636
puccinia_hordei,decision_tree,3.367690134,2.9742726060454543
puccinia_hordei,decision_tree,3.545386202,3.178523371960896
puccinia_hordei,decision_tree,4.335581173,3.854303425116667
puccinia_hordei,decision_tree,3.733577503,3.94063909872973
puccinia_hordei,decision_tree,2.70743914,3.853763843961538
puccinia_hordei,decision_tree,4.482906013,3.890261674512498
puccinia_hordei,decision_tree,2.318754641,4.334272622704375
puccinia_hordei,decision_tree,2.433929439,2.951231078589285
puccinia_hordei,decision_tree,3.801690551,3.6807911639333337
puccinia_hordei,decision_tree,4.365719835,3.142157540073771
puccinia_hordei,decision_tree,2.740921654,3.178523371960896
puccinia_hordei,decision_tree,4.075720076,3.854303425116667
puccinia_hordei,decision_tree,2.98485908,4.5258713999
puccinia_hordei,decision_tree,3.189461862,2.951231078589285
puccinia_hordei,decision_tree,3.016803459,3.0809749545384615
puccinia_hordei,decision_tree,5.546862832,3.4580203958461544
puccinia_hordei,decision_tree,3.754008315,3.94063909872973
puccinia_hordei,decision_tree,5.233900646,3.189608250347595
puccinia_hordei,decision_tree,3.425608465,3.6807911639333337
puccinia_hordei,decision_tree,4.759420795,3.94063909872973
puccinia_hordei,decision_tree,2.435437232,2.9742726060454543
puccinia_hordei,decision_tree,3.527622595,3.96556904457738
puccinia_hordei,decision_tree,3.694697124,3.189608250347595
puccinia_hordei,decision_tree,4.883169536,3.854303425116667
puccinia_hordei,decision_tree,1.950576409,3.0809749545384615
puccinia_hordei,decision_tree,2.608922607,3.94063909872973
puccinia_hordei,decision_tree,2.637789542,2.9742726060454543
puccinia_hordei,decision_tree,2.5668081,4.334272622704375
puccinia_hordei,decision_tree,4.51785379,3.94063909872973
puccinia_hordei,decision_tree,3.29845433,3.939438713584158
puccinia_hordei,decision_tree,3.580885016,3.854303425116667
puccinia_hordei,decision_tree,2.359486864,2.9742726060454543
puccinia_hordei,decision_tree,2.302934061,4.236063553259258
puccinia_hordei,decision_tree,3.431809402,3.94063909872973
puccinia_hordei,decision_tree,4.425092876,2.9742726060454543
puccinia_hordei,decision_tree,2.38644984,2.9742726060454543
puccinia_hordei,decision_tree,3.259365758,4.706341786255999
puccinia_hordei,decision_tree,4.543606227,3.854303425116667
puccinia_hordei,decision_tree,4.437109031,3.6807911639333337
puccinia_hordei,decision_tree,6.732138521,3.0809749545384615
puccinia_hordei,decision_tree,2.286749536,4.334272622704375
puccinia_hordei,decision_tree,3.586890105,3.939438713584158
puccinia_hordei,decision_tree,3.847656786,3.854303425116667
puccinia_hordei,decision_tree,4.511306501,3.94063909872973
puccinia_hordei,decision_tree,3.297578566,3.890261674512498
puccinia_hordei,decision_tree,3.210091574,3.939438713584158
puccinia_hordei,decision_tree,3.084104415,3.178523371960896
puccinia_hordei,decision_tree,3.240887432,3.854303425116667
puccinia_hordei,decision_tree,4.369050314,4.8868134040666655
puccinia_hordei,decision_tree,3.602862624,3.6807911639333337
puccinia_hordei,decision_tree,4.05174367,3.6807911639333337
puccinia_hordei,decision_tree,4.617894444,3.890261674512498
puccinia_hordei,decision_tree,4.493664086,3.96556904457738
puccinia_hordei,decision_tree,3.941010324,5.8983184613
puccinia_hordei,decision_tree,3.207944726,3.94063909872973
puccinia_hordei,decision_tree,2.987776782,3.189608250347595
puccinia_hordei,decision_tree,4.220586142,3.939438713584158
puccinia_hordei,decision_tree,5.139909598,3.178523371960896
puccinia_hordei,decision_tree,2.292733071,3.0809749545384615
puccinia_hordei,decision_tree,3.98105119,3.939438713584158
puccinia_hordei,decision_tree,2.434904658,3.0809749545384615
puccinia_hordei,decision_tree,3.499322479,3.890261674512498
puccinia_hordei,decision_tree,3.409550091,3.96556904457738
puccinia_hordei,decision_tree,3.190417333,3.890261674512498
puccinia_hordei,decision_tree,3.894144759,3.939438713584158
puccinia_hordei,decision_tree,3.301038624,4.44213674031579
puccinia_hordei,decision_tree,3.006552355,2.9742726060454543
puccinia_hordei,decision_tree,2.416579566,3.189608250347595
puccinia_hordei,decision_tree,2.216430104,2.951231078589285
puccinia_hordei,decision_tree,3.890102553,3.4580203958461544
puccinia_hordei,decision_tree,4.067255282,3.939438713584158
puccinia_hordei,decision_tree,4.384195279,3.6807911639333337
puccinia_hordei,decision_tree,3.87921308,3.939438713584158
puccinia_hordei,decision_tree,2.902092619,3.939438713584158
puccinia_hordei,decision_tree,3.820092496,3.94063909872973
puccinia_hordei,decision_tree,3.025008995,3.890261674512498
puccinia_hordei,decision_tree,3.225244892,2.951231078589285
puccinia_hordei,decision_tree,2.382297749,3.0809749545384615
puccinia_hordei,decision_tree,3.491801679,3.0285657993333333
puccinia_hordei,decision_tree,4.752133911,3.189608250347595
puccinia_hordei,decision_tree,3.038948346,3.939438713584158
puccinia_hordei,decision_tree,2.061989595,3.178523371960896
puccinia_hordei,decision_tree,4.865424415,3.939438713584158
puccinia_hordei,decision_tree,4.054610666,3.6807911639333337
puccinia_hordei,decision_tree,2.997159288,3.0285657993333333
puccinia_hordei,decision_tree,4.167600868,3.854303425116667
puccinia_hordei,decision_tree,5.206443538,3.854303425116667
puccinia_hordei,decision_tree,2.536685187,3.0809749545384615
puccinia_hordei,decision_tree,3.422121213,3.890261674512498
puccinia_hordei,decision_tree,2.672359935,3.890261674512498
puccinia_hordei,decision_tree,2.291861143,3.189608250347595
puccinia_hordei,decision_tree,4.252229468,3.142157540073771
puccinia_hordei,decision_tree,2.36968538,3.178523371960896
puccinia_hordei,decision_tree,3.019232724,3.854303425116667
puccinia_hordei,decision_tree,3.422231878,3.890261674512498
puccinia_hordei,decision_tree,4.012427564,3.854303425116667
puccinia_hordei,decision_tree,3.544412291,4.236063553259258
puccinia_hordei,decision_tree,2.352113465,2.951231078589285
puccinia_hordei,decision_tree,3.996819878,3.939438713584158
puccinia_hordei,decision_tree,2.129006955,3.0285657993333333
puccinia_hordei,decision_tree,2.635985504,3.189608250347595
puccinia_hordei,decision_tree,4.824819093,3.890261674512498
puccinia_hordei,decision_tree,3.005197388,2.9742726060454543
puccinia_hordei,decision_tree,3.283135611,3.4580203958461544
puccinia_hordei,decision_tree,3.213854989,3.142157540073771
puccinia_hordei,decision_tree,2.904180983,3.6807911639333337
puccinia_hordei,decision_tree,3.990675395,3.890261674512498
puccinia_hordei,decision_tree,3.178215111,3.178523371960896
puccinia_hordei,decision_tree,4.208782789,3.854303425116667
puccinia_hordei,decision_tree,4.209667083,3.939438713584158
puccinia_hordei,decision_tree,3.021880704,3.0809749545384615
puccinia_hordei,decision_tree,2.997767347,3.94063909872973
puccinia_hordei,decision_tree,3.929371235,3.94063909872973
puccinia_hordei,decision_tree,3.823862364,4.236063553259258
puccinia_hordei,decision_tree,3.458364316,3.96556904457738
puccinia_hordei,decision_tree,3.554952507,3.6807911639333337
puccinia_hordei,decision_tree,4.495270668,3.939438713584158
puccinia_hordei,decision_tree,3.753172901,3.0809749545384615
puccinia_hordei,decision_tree,2.230148973,2.951231078589285
puccinia_hordei,decision_tree,2.489197525,3.854303425116667
puccinia_hordei,decision_tree,5.14920616,3.189608250347595
puccinia_hordei,decision_tree,2.725553038,3.0285657993333333
puccinia_hordei,decision_tree,3.208613182,3.939438713584158
puccinia_hordei,decision_tree,4.288239778,3.854303425116667
puccinia_hordei,decision_tree,3.805014659,3.94063909872973
puccinia_hordei,decision_tree,3.296138908,3.189608250347595
puccinia_hordei,decision_tree,3.736892102,3.6807911639333337
puccinia_hordei,decision_tree,3.924627931,3.854303425116667
puccinia_hordei,decision_tree,3.042942123,3.178523371960896
puccinia_hordei,decision_tree,2.79359558,3.0809749545384615
puccinia_hordei,decision_tree,2.630860408,3.189608250347595
puccinia_hordei,decision_tree,3.934773756,3.96556904457738
puccinia_hordei,decision_tree,3.178047993,3.6807911639333337
puccinia_hordei,decision_tree,3.080001886,3.854303425116667
puccinia_hordei,decision_tree,3.298762807,3.189608250347595
puccinia_hordei,decision_tree,2.037578347,3.178523371960896
puccinia_hordei,decision_tree,4.302396377,3.6807911639333337
puccinia_hordei,decision_tree,4.871193964,3.854303425116667
puccinia_hordei,decision_tree,6.159276674,5.390831813504719
puccinia_hordei,decision_tree,5.545036274,5.390831813504719
puccinia_hordei,decision_tree,6.617436693,5.602031429299999
puccinia_hordei,decision_tree,5.974325564,6.200696597375
puccinia_hordei,decision_tree,6.390596062,5.602031429299999
puccinia_hordei,decision_tree,4.5597863,5.015487308656717
puccinia_hordei,decision_tree,2.926005732,3.8378731055076916
puccinia_hordei,decision_tree,4.866128898,5.71133584966
puccinia_hordei,decision_tree,5.942990037,4.019123148612613
puccinia_hordei,decision_tree,4.551163469,4.80309906648
puccinia_hordei,decision_tree,4.67386539,4.236063553259258
puccinia_hordei,decision_tree,3.650349529,4.450147372133333
puccinia_hordei,decision_tree,5.516817921,5.4813164226
puccinia_hordei,decision_tree,4.188099474,3.94063909872973
puccinia_hordei,decision_tree,3.722916558,3.189608250347595
puccinia_hordei,decision_tree,2.291571549,4.04520391574648
puccinia_hordei,decision_tree,4.884865343,4.706341786255999
puccinia_hordei,decision_tree,4.252943974,4.334272622704375
puccinia_hordei,decision_tree,2.98566495,5.709279892421054
puccinia_hordei,decision_tree,2.058572759,3.178523371960896
puccinia_hordei,decision_tree,3.659636669,4.236063553259258
puccinia_hordei,decision_tree,4.894147838,4.8868134040666655
puccinia_hordei,decision_tree,3.617064811,4.6394287095365865
puccinia_hordei,decision_tree,5.27885052,4.924884673526314
puccinia_hordei,decision_tree,4.726271006,4.750242606746479
puccinia_hordei,decision_tree,4.712618739,4.8868134040666655
puccinia_hordei,decision_tree,5.365833824,4.716951463531645
puccinia_hordei,decision_tree,4.350912703,4.44213674031579
puccinia_hordei,decision_tree,6.199935744,4.574510328554217
puccinia_hordei,decision_tree,4.65316017,5.390831813504719
puccinia_hordei,decision_tree,4.090260303,4.8868134040666655
puccinia_hordei,decision_tree,3.616646348,4.019123148612613
puccinia_hordei,decision_tree,4.579586246,4.334272622704375
puccinia_hordei,decision_tree,3.398025096,4.8868134040666655
puccinia_hordei,decision_tree,4.174465326,4.8868134040666655
puccinia_hordei,decision_tree,6.01474557,6.371445249606061
puccinia_hordei,decision_tree,3.992743152,6.371445249606061
puccinia_hordei,decision_tree,4.900736251,4.574510328554217
puccinia_hordei,decision_tree,4.997227105,5.390831813504719
puccinia_hordei,decision_tree,4.901974511,4.334272622704375
puccinia_hordei,decision_tree,5.075318654,4.574510328554217
puccinia_hordei,decision_tree,4.455145629,4.946421172545454
puccinia_hordei,decision_tree,2.481614469,4.749371548969231
puccinia_hordei,decision_tree,4.719276822,4.750242606746479
puccinia_hordei,decision_tree,4.899075576,4.236063553259258
puccinia_hordei,decision_tree,4.271300291,4.334272622704375
puccinia_hordei,decision_tree,3.449587438,4.019123148612613
puccinia_hordei,decision_tree,3.94621894,4.44213674031579
puccinia_hordei,decision_tree,3.249016218,4.236063553259258
puccinia_hordei,decision_tree,4.870237253,5.851685139924107
puccinia_hordei,decision_tree,5.391160985,5.209700636049018
puccinia_hordei,decision_tree,5.807178616,5.209700636049018
puccinia_hordei,decision_tree,5.667100245,5.510682469
puccinia_hordei,decision_tree,3.849916634,4.019123148612613
puccinia_hordei,decision_tree,5.999044022,5.71133584966
puccinia_hordei,decision_tree,5.922888009,5.455826625361111
puccinia_hordei,decision_tree,3.364563149,4.019123148612613
puccinia_hordei,decision_tree,4.344678804,4.019123148612613
puccinia_hordei,decision_tree,3.844594026,4.749371548969231
puccinia_hordei,decision_tree,3.11067437,4.019123148612613
puccinia_hordei,decision_tree,5.16892617,4.334272622704375
puccinia_hordei,decision_tree,4.295867062,4.236063553259258
puccinia_hordei,decision_tree,3.811055463,4.749371548969231
puccinia_hordei,decision_tree,6.300599924,5.390831813504719
puccinia_hordei,decision_tree,3.603779553,4.526097933131578
puccinia_hordei,decision_tree,5.107347502,5.709279892421054
puccinia_hordei,decision_tree,3.892149974,3.8378731055076916
puccinia_hordei,decision_tree,6.037754899,6.371445249606061
puccinia_hordei,decision_tree,2.986500288,3.96556904457738
puccinia_hordei,decision_tree,5.085301335,4.706341786255999
puccinia_hordei,decision_tree,3.75953967,5.323445842431816
puccinia_hordei,decision_tree,3.867121615,5.209700636049018
puccinia_hordei,decision_tree,4.934474187,4.526097933131578
puccinia_hordei,decision_tree,3.557623393,4.706341786255999
puccinia_hordei,decision_tree,3.694606242,2.9742726060454543
puccinia_hordei,decision_tree,3.743767297,4.334272622704375
puccinia_hordei,decision_tree,4.811330702,4.750242606746479
puccinia_hordei,decision_tree,5.48575449,5.709279892421054
puccinia_hordei,decision_tree,3.439067514,4.334272622704375
puccinia_hordei,decision_tree,4.79729568,4.236063553259258
puccinia_hordei,decision_tree,3.15352416,3.178523371960896
puccinia_hordei,decision_tree,5.882034504,5.851685139924107
puccinia_hordei,decision_tree,5.863594491,5.390831813504719
puccinia_hordei,decision_tree,5.769068013,5.390831813504719
puccinia_hordei,decision_tree,5.597621919,3.8585155280000003
puccinia_hordei,decision_tree,4.087469778,4.6280144831
puccinia_hordei,decision_tree,5.297600796,4.946421172545454
puccinia_hordei,decision_tree,5.694146769,4.946421172545454
puccinia_hordei,decision_tree,4.916357531,4.334272622704375
puccinia_hordei,decision_tree,4.013740811,4.946421172545454
puccinia_hordei,decision_tree,3.264362148,4.706341786255999
puccinia_hordei,decision_tree,5.186607252,4.706341786255999
puccinia_hordei,decision_tree,5.305322064,4.236063553259258
puccinia_hordei,decision_tree,4.034457326,4.334272622704375
puccinia_hordei,decision_tree,5.370473982,4.951950564299999
puccinia_hordei,decision_tree,3.665065449,3.8585155280000003
puccinia_hordei,decision_tree,3.904151627,4.8868134040666655
puccinia_hordei,decision_tree,3.465693914,4.574510328554217
puccinia_hordei,decision_tree,4.739315934,3.96556904457738
puccinia_hordei,decision_tree,4.677228227,4.946421172545454
puccinia_hordei,decision_tree,4.906338264,4.706341786255999
puccinia_hordei,decision_tree,4.245558176,4.04520391574648
puccinia_hordei,decision_tree,4.059026695,5.209700636049018
puccinia_hordei,decision_tree,3.76358415,4.096534402785715
puccinia_hordei,decision_tree,4.184214872,4.334272622704375
puccinia_hordei,decision_tree,5.058798432,4.04520391574648
puccinia_hordei,decision_tree,4.008280335,4.8868134040666655
puccinia_hordei,decision_tree,5.643715611,4.8868134040666655
puccinia_hordei,decision_tree,5.239935078,4.946421172545454
puccinia_hordei,decision_tree,3.080240091,4.04520391574648
puccinia_hordei,decision_tree,3.779871727,5.323445842431816
puccinia_hordei,decision_tree,2.103124196,3.6807911639333337
puccinia_hordei,decision_tree,3.148806516,4.334272622704375
puccinia_hordei,decision_tree,5.663335825,5.390831813504719
puccinia_hordei,decision_tree,3.33456567,3.142157540073771
puccinia_hordei,decision_tree,5.059118732,6.371445249606061
puccinia_hordei,decision_tree,2.91762368,4.59788936524359
puccinia_hordei,decision_tree,3.717596471,4.04520391574648
puccinia_hordei,decision_tree,3.569822237,4.716951463531645
puccinia_hordei,decision_tree,3.002257017,3.853763843961538
puccinia_hordei,decision_tree,6.497600366,5.851685139924107
puccinia_hordei,decision_tree,5.538474763,4.59788936524359
puccinia_hordei,decision_tree,5.852271628,3.6807911639333337
puccinia_hordei,decision_tree,5.637326704,4.6394287095365865
puccinia_hordei,decision_tree,4.083270138,4.574510328554217
puccinia_hordei,decision_tree,5.093261544,4.236063553259258
puccinia_hordei,decision_tree,4.848950102,3.6807911639333337
puccinia_hordei,decision_tree,4.86946176,4.8868134040666655
puccinia_hordei,decision_tree,4.583306968,4.716951463531645
puccinia_hordei,decision_tree,4.545383864,4.924884673526314
puccinia_hordei,decision_tree,4.701328131,4.80309906648
puccinia_hordei,decision_tree,4.861684252,4.8868134040666655
puccinia_hordei,decision_tree,6.000967952,5.390831813504719
puccinia_hordei,decision_tree,5.47049407,4.716951463531645
puccinia_hordei,decision_tree,6.004139063,5.510682469
puccinia_hordei,decision_tree,2.90591926,5.390831813504719
puccinia_hordei,decision_tree,3.595792888,3.96556904457738
puccinia_hordei,decision_tree,3.742547336,4.706341786255999
puccinia_hordei,decision_tree,3.926045157,4.924884673526314
puccinia_hordei,decision_tree,4.10638058,4.44213674031579
puccinia_hordei,decision_tree,5.819141386,4.59788936524359
puccinia_hordei,decision_tree,3.852033452,4.45565175367347
puccinia_hordei,decision_tree,3.466896958,3.96556904457738
puccinia_hordei,decision_tree,3.121519459,4.334272622704375
puccinia_hordei,decision_tree,2.626746852,4.526097933131578
puccinia_hordei,decision_tree,5.524248201,5.015487308656717
puccinia_hordei,decision_tree,5.653535504,5.709279892421054
puccinia_hordei,decision_tree,5.375965049,5.8983184613
puccinia_hordei,decision_tree,5.463966235,5.21898506477778
puccinia_hordei,decision_tree,4.934323666,7.240172370636364
puccinia_hordei,decision_tree,5.856312,4.526097933131578
puccinia_hordei,decision_tree,5.074007487,5.390831813504719
puccinia_hordei,decision_tree,4.800183115,4.716951463531645
puccinia_hordei,decision_tree,4.848370155,5.390831813504719
puccinia_hordei,decision_tree,5.71047576,5.455826625361111
puccinia_hordei,decision_tree,5.087022338,4.8868134040666655
puccinia_hordei,decision_tree,4.127803289,3.96556904457738
puccinia_hordei,decision_tree,4.922041341,4.951950564299999
puccinia_hordei,decision_tree,4.82250767,4.5258713999
puccinia_hordei,decision_tree,5.326418857,5.390831813504719
puccinia_hordei,decision_tree,5.656986911,4.8868134040666655
puccinia_hordei,decision_tree,5.602496487,4.334272622704375
puccinia_hordei,decision_tree,5.720915105,5.851685139924107
puccinia_hordei,decision_tree,5.050148355,4.951950564299999
puccinia_hordei,decision_tree,4.6183157,4.526097933131578
puccinia_hordei,decision_tree,6.028429495,4.973094548743589
puccinia_hordei,decision_tree,4.043158845,4.019123148612613
puccinia_hordei,decision_tree,5.538998703,4.924884673526314
puccinia_hordei,decision_tree,3.386979033,4.334272622704375
puccinia_hordei,decision_tree,3.921671116,4.236063553259258
puccinia_hordei,decision_tree,3.857271585,4.574510328554217
puccinia_hordei,decision_tree,3.435175658,4.04520391574648
puccinia_hordei,decision_tree,4.965261045,5.455826625361111
puccinia_hordei,decision_tree,4.223525895,5.851685139924107
puccinia_hordei,decision_tree,3.455699374,4.334272622704375
puccinia_hordei,decision_tree,5.647607553,4.716951463531645
puccinia_hordei,decision_tree,4.703847485,4.679419063863636
puccinia_hordei,decision_tree,4.19960416,4.5258713999
puccinia_hordei,decision_tree,4.751856953,4.750242606746479
puccinia_hordei,decision_tree,3.904698802,4.8868134040666655
puccinia_hordei,decision_tree,4.969817642,4.80309906648
puccinia_hordei,decision_tree,3.625439002,4.8868134040666655
puccinia_hordei,decision_tree,4.669522589,4.04520391574648
puccinia_hordei,decision_tree,4.134243211,4.019123148612613
puccinia_hordei,decision_tree,5.12332523,4.8868134040666655
puccinia_hordei,decision_tree,3.986774417,3.96556904457738
puccinia_hordei,decision_tree,5.174359391,4.951950564299999
puccinia_hordei,decision_tree,4.530805269,4.574510328554217
puccinia_hordei,decision_tree,4.531428282,4.526097933131578
puccinia_hordei,decision_tree,4.852406174,5.323445842431816
puccinia_hordei,decision_tree,4.489280749,4.59788936524359
puccinia_hordei,decision_tree,4.633206945,3.8378731055076916
puccinia_hordei,decision_tree,4.455678871,3.189608250347595
puccinia_hordei,decision_tree,5.41148054,4.716951463531645
puccinia_hordei,decision_tree,4.535905114,4.334272622704375
puccinia_hordei,decision_tree,4.549321502,5.390831813504719
puccinia_hordei,decision_tree,3.607289483,2.951231078589285
puccinia_hordei,decision_tree,3.907498686,4.574510328554217
puccinia_hordei,decision_tree,3.958437643,4.334272622704375
puccinia_hordei,decision_tree,5.106923718,4.706341786255999
puccinia_hordei,decision_tree,5.377003654,4.716951463531645
puccinia_hordei,decision_tree,4.568067401,5.602031429299999
puccinia_hordei,decision_tree,6.09178368,5.602031429299999
puccinia_hordei,decision_tree,4.082630528,4.8868134040666655
puccinia_hordei,decision_tree,4.438538148,3.939438713584158
puccinia_hordei,decision_tree,4.385093768,4.44213674031579
puccinia_hordei,decision_tree,3.692774327,4.8868134040666655
puccinia_hordei,decision_tree,5.679074842,5.851685139924107
puccinia_hordei,decision_tree,4.647541678,4.526097933131578
puccinia_hordei,decision_tree,3.846789238,4.706341786255999
puccinia_hordei,decision_tree,4.346915323,4.334272622704375
puccinia_hordei,decision_tree,5.207567498,4.334272622704375
puccinia_hordei,decision_tree,3.362645237,3.178523371960896
puccinia_hordei,decision_tree,4.313143032,4.59788936524359
puccinia_hordei,decision_tree,2.521830956,4.716951463531645
puccinia_hordei,decision_tree,4.672090341,3.189608250347595
puccinia_hordei,decision_tree,5.510220644,5.390831813504719
puccinia_hordei,decision_tree,4.992737536,4.44213674031579
puccinia_hordei,decision_tree,5.571061885,4.574510328554217
puccinia_hordei,decision_tree,4.839797396,2.9742726060454543
puccinia_hordei,decision_tree,3.586721187,3.142157540073771
puccinia_hordei,decision_tree,4.094695229,4.526097933131578
puccinia_hordei,decision_tree,2.948983953,4.334272622704375
puccinia_hordei,decision_tree,5.739080027,5.709279892421054
puccinia_hordei,decision_tree,4.525223178,3.189608250347595
puccinia_hordei,decision_tree,3.430325804,3.0809749545384615
puccinia_hordei,decision_tree,4.825098332,4.334272622704375
puccinia_hordei,decision_tree,4.941104162,5.390831813504719
puccinia_hordei,decision_tree,3.102552644,3.189608250347595
puccinia_hordei,decision_tree,5.041372359,4.80309906648
puccinia_hordei,decision_tree,4.978419346,4.236063553259258
puccinia_hordei,decision_tree,5.419200692,5.390831813504719
puccinia_hordei,decision_tree,3.410690058,4.019123148612613
puccinia_hordei,decision_tree,5.160131284,4.8868134040666655
puccinia_hordei,decision_tree,3.671626843,4.019123148612613
puccinia_hordei,decision_tree,4.468252791,4.924884673526314
puccinia_hordei,decision_tree,4.900481838,4.236063553259258
puccinia_hordei,decision_tree,5.903498933,5.390831813504719
puccinia_hordei,decision_tree,4.518984673,4.019123148612613
puccinia_hordei,decision_tree,5.295476952,6.1767854318571445
puccinia_hordei,decision_tree,3.433155592,4.8868134040666655
puccinia_hordei,decision_tree,3.558267531,5.4813164226
puccinia_hordei,decision_tree,4.136747266,4.334272622704375
puccinia_hordei,decision_tree,6.029060577,5.390831813504719
puccinia_hordei,decision_tree,5.014044238,4.80309906648
puccinia_hordei,decision_tree,5.088079196,4.236063553259258
puccinia_hordei,decision_tree,3.975110727,3.96556904457738
puccinia_hordei,decision_tree,3.997853383,4.574510328554217
puccinia_hordei,decision_tree,5.109265525,4.334272622704375
puccinia_hordei,decision_tree,4.057626893,4.846054394291666
puccinia_hordei,decision_tree,4.086296693,4.236063553259258
puccinia_hordei,decision_tree,4.634814595,4.536681871035714
puccinia_hordei,decision_tree,2.555611844,3.1245574752419367
puccinia_hordei,decision_tree,3.407975487,3.189608250347595
puccinia_hordei,decision_tree,3.010003602,3.189608250347595
puccinia_hordei,decision_tree,5.481629511,5.851685139924107
puccinia_hordei,decision_tree,5.227385109,6.2466369955625005
puccinia_hordei,decision_tree,4.80791175,5.851685139924107
puccinia_hordei,decision_tree,5.50703143,4.334272622704375
puccinia_hordei,decision_tree,3.096080413,4.706341786255999
puccinia_hordei,decision_tree,4.50764515,4.019123148612613
puccinia_hordei,decision_tree,4.319122344,4.716951463531645
puccinia_hordei,decision_tree,3.824176995,4.236063553259258
puccinia_hordei,decision_tree,4.100141003,5.602031429299999
puccinia_hordei,decision_tree,4.443141645,3.939438713584158
puccinia_hordei,decision_tree,2.971688826,4.096534402785715
puccinia_hordei,decision_tree,3.696541077,4.334272622704375
puccinia_hordei,decision_tree,4.745375507,4.334272622704375
puccinia_hordei,decision_tree,4.350952086,4.526097933131578
puccinia_hordei,decision_tree,4.86964648,4.574510328554217
puccinia_hordei,decision_tree,4.202576015,4.8868134040666655
puccinia_hordei,decision_tree,4.363643853,4.973094548743589
puccinia_hordei,decision_tree,3.896403524,3.96556904457738
puccinia_hordei,decision_tree,3.615140713,5.455826625361111
puccinia_hordei,decision_tree,3.05812978,4.236063553259258
puccinia_hordei,decision_tree,3.339806624,4.096534402785715
puccinia_hordei,decision_tree,5.236616573,4.946421172545454
puccinia_hordei,decision_tree,3.16213825,4.716951463531645
puccinia_hordei,decision_tree,5.724021594,3.96556904457738
puccinia_hordei,decision_tree,3.497067139,4.334272622704375
puccinia_hordei,decision_tree,4.896840812,5.21898506477778
puccinia_hordei,decision_tree,3.949604005,4.59788936524359
puccinia_hordei,decision_tree,4.428101252,3.853763843961538
puccinia_hordei,decision_tree,4.904667963,4.45565175367347
puccinia_hordei,decision_tree,4.081287755,4.526097933131578
puccinia_hordei,decision_tree,5.285811494,4.45565175367347
puccinia_hordei,decision_tree,4.896686515,4.924884673526314
puccinia_hordei,decision_tree,3.732297059,4.019123148612613
puccinia_hordei,decision_tree,4.420422042,4.973094548743589
puccinia_hordei,decision_tree,4.868603108,4.526097933131578
puccinia_hordei,decision_tree,3.899499026,4.526097933131578
puccinia_hordei,decision_tree,4.013155235,3.6807911639333337
puccinia_hordei,decision_tree,3.794360838,3.189608250347595
puccinia_hordei,decision_tree,6.444457289,5.510682469
puccinia_hordei,decision_tree,5.197134184,5.851685139924107
puccinia_hordei,decision_tree,3.066799223,4.450147372133333
puccinia_hordei,decision_tree,6.620807864,5.390831813504719
puccinia_hordei,decision_tree,5.765854794,4.716951463531645
puccinia_hordei,decision_tree,6.19995437,5.390831813504719
puccinia_hordei,decision_tree,5.433274636,5.510682469
puccinia_hordei,decision_tree,6.38845092,5.602031429299999
puccinia_hordei,decision_tree,4.787595621,4.924884673526314
puccinia_hordei,decision_tree,5.525437754,3.178523371960896
puccinia_hordei,decision_tree,3.344554043,4.450147372133333
puccinia_hordei,decision_tree,6.267438295,4.716951463531645
puccinia_hordei,decision_tree,5.544931122,4.750242606746479
puccinia_hordei,decision_tree,3.456472424,4.236063553259258
puccinia_hordei,decision_tree,6.039983709,4.924884673526314
puccinia_hordei,decision_tree,5.44120136,4.750242606746479
puccinia_hordei,decision_tree,2.785763907,3.178523371960896
puccinia_hordei,decision_tree,3.119575943,4.44213674031579
puccinia_hordei,decision_tree,5.35484517,4.44213674031579
puccinia_hordei,decision_tree,4.120542269,4.750242606746479
puccinia_hordei,decision_tree,5.241229794,6.2466369955625005
puccinia_hordei,decision_tree,5.099732813,5.851685139924107
puccinia_hordei,decision_tree,5.705215963,5.390831813504719
puccinia_hordei,decision_tree,4.042952541,4.236063553259258
puccinia_hordei,decision_tree,5.765191154,4.8868134040666655
puccinia_hordei,decision_tree,4.817727217,4.924884673526314
puccinia_hordei,decision_tree,4.14271312,4.706341786255999
puccinia_hordei,decision_tree,4.05445961,3.189608250347595
puccinia_hordei,decision_tree,3.630235921,4.334272622704375
puccinia_hordei,decision_tree,5.316746772,4.924884673526314
puccinia_hordei,decision_tree,5.349038142,4.236063553259258
puccinia_hordei,decision_tree,4.297290653,4.574510328554217
puccinia_hordei,decision_tree,4.24629282,6.200696597375
puccinia_hordei,decision_tree,3.577584274,4.096534402785715
puccinia_hordei,decision_tree,4.252503562,4.750242606746479
puccinia_hordei,decision_tree,3.938115162,4.450147372133333
puccinia_hordei,decision_tree,4.026439413,5.851685139924107
puccinia_hordei,decision_tree,2.936467325,4.236063553259258
puccinia_hordei,decision_tree,3.494077012,4.019123148612613
puccinia_hordei,decision_tree,3.943247746,4.526097933131578
puccinia_hordei,decision_tree,4.004435333,4.019123148612613
puccinia_hordei,decision_tree,3.711776611,4.946421172545454
puccinia_hordei,decision_tree,3.495590721,5.21898506477778
puccinia_hordei,decision_tree,5.008356167,5.390831813504719
puccinia_hordei,decision_tree,4.030562748,4.6394287095365865
puccinia_hordei,decision_tree,4.573895269,4.749371548969231
puccinia_hordei,decision_tree,3.830039131,4.334272622704375
puccinia_hordei,decision_tree,3.393259304,5.015487308656717
puccinia_hordei,decision_tree,4.598259415,4.946421172545454
puccinia_hordei,decision_tree,5.335554388,5.455826625361111
puccinia_hordei,decision_tree,2.969744743,3.178523371960896
puccinia_hordei,decision_tree,4.221697571,4.334272622704375
puccinia_hordei,decision_tree,4.263509389,3.853763843961538
puccinia_hordei,decision_tree,3.541075254,3.189608250347595
puccinia_hordei,decision_tree,3.792012981,4.946421172545454
puccinia_hordei,decision_tree,4.271702693,4.096534402785715
puccinia_hordei,decision_tree,4.16990622,4.946421172545454
puccinia_hordei,decision_tree,5.107867709,4.334272622704375
puccinia_hordei,decision_tree,2.964698411,4.536681871035714
puccinia_hordei,decision_tree,3.864113318,4.236063553259258
puccinia_hordei,decision_tree,4.422938185,4.6394287095365865
puccinia_hordei,decision_tree,5.521443783,4.706341786255999
puccinia_hordei,decision_tree,4.516980963,3.8378731055076916
puccinia_hordei,decision_tree,3.661490862,4.334272622704375
puccinia_hordei,decision_tree,5.206190171,5.455826625361111
puccinia_hordei,decision_tree,4.163978409,4.6394287095365865
puccinia_hordei,decision_tree,4.68621716,4.236063553259258
puccinia_hordei,decision_tree,4.643771431,6.200696597375
puccinia_hordei,decision_tree,6.497719785,5.455826625361111
puccinia_hordei,decision_tree,4.712747766,5.21898506477778
puccinia_hordei,decision_tree,5.29316104,4.924884673526314
puccinia_hordei,decision_tree,3.850808413,4.59788936524359
puccinia_hordei,decision_tree,2.817666015,4.334272622704375
puccinia_hordei,decision_tree,5.324818828,4.750242606746479
puccinia_hordei,decision_tree,2.798906716,3.853763843961538
puccinia_hordei,decision_tree,3.326486445,3.96556904457738
puccinia_hordei,decision_tree,5.758948123,5.390831813504719
puccinia_hordei,decision_tree,4.522150471,3.0809749545384615
puccinia_hordei,decision_tree,4.19222051,3.1245574752419367
puccinia_hordei,decision_tree,4.889351019,3.96556904457738
puccinia_hordei,decision_tree,3.349282165,4.096534402785715
puccinia_hordei,decision_tree,4.894538768,5.455826625361111
puccinia_hordei,decision_tree,5.577261257,5.390831813504719
puccinia_hordei,decision_tree,4.561562062,4.526097933131578
puccinia_hordei,decision_tree,5.051885203,4.574510328554217
puccinia_hordei,decision_tree,4.175492147,4.334272622704375
puccinia_hordei,decision_tree,5.821787061,7.240172370636364
puccinia_hordei,decision_tree,5.579656745,5.602031429299999
puccinia_hordei,decision_tree,4.862943299,4.526097933131578
puccinia_hordei,decision_tree,5.430246734,5.209700636049018
puccinia_hordei,decision_tree,4.226174685,4.334272622704375
puccinia_hordei,decision_tree,5.052717324,4.8868134040666655
puccinia_hordei,decision_tree,4.629827894,4.334272622704375
puccinia_hordei,decision_tree,3.83315006,4.04520391574648
puccinia_hordei,decision_tree,3.3889216,3.8378731055076916
puccinia_hordei,decision_tree,3.165540835,4.334272622704375
puccinia_hordei,decision_tree,4.383542268,4.04520391574648
puccinia_hordei,decision_tree,5.403716878,4.716951463531645
puccinia_hordei,decision_tree,4.539167507,4.574510328554217
puccinia_hordei,decision_tree,3.724590194,4.946421172545454
puccinia_hordei,decision_tree,5.771486819,4.334272622704375
puccinia_hordei,decision_tree,4.952567492,4.706341786255999
puccinia_hordei,decision_tree,5.010515738,4.8868134040666655
puccinia_hordei,decision_tree,5.263843284,3.6807911639333337
puccinia_hordei,decision_tree,2.657051554,4.6280144831
puccinia_hordei,decision_tree,4.748758793,4.8868134040666655
puccinia_hordei,decision_tree,5.182112679,4.973094548743589
puccinia_hordei,decision_tree,5.179698314,4.946421172545454
puccinia_hordei,decision_tree,3.527817983,4.334272622704375
puccinia_hordei,decision_tree,4.009452371,4.8868134040666655
puccinia_hordei,decision_tree,3.364840056,4.706341786255999
puccinia_hordei,decision_tree,3.861971881,4.096534402785715
puccinia_hordei,decision_tree,3.432145705,4.8868134040666655
puccinia_hordei,decision_tree,4.868892999,4.924884673526314
puccinia_hordei,decision_tree,5.862539121,5.209700636049018
puccinia_hordei,decision_tree,4.034815353,4.8868134040666655
puccinia_hordei,decision_tree,4.664127628,5.4813164226
puccinia_hordei,decision_tree,3.285346936,3.853763843961538
puccinia_hordei,decision_tree,5.010424909,4.334272622704375
puccinia_hordei,decision_tree,5.074368633,4.59788936524359
puccinia_hordei,decision_tree,5.241909893,5.323445842431816
puccinia_hordei,decision_tree,3.682242283,4.574510328554217
puccinia_hordei,decision_tree,5.434867234,5.510682469
puccinia_hordei,decision_tree,5.6613006734999995,5.510682469
puccinia_hordei,decision_tree,3.229585757,3.8378731055076916
puccinia_hordei,decision_tree,3.663392335,5.390831813504719
puccinia_hordei,decision_tree,4.960693099,5.709279892421054
puccinia_hordei,decision_tree,5.868809945,5.390831813504719
puccinia_hordei,decision_tree,4.890440306,5.851685139924107
puccinia_hordei,decision_tree,4.83733673,6.2466369955625005
puccinia_hordei,decision_tree,4.692139715,5.390831813504719
puccinia_hordei,decision_tree,3.03867019,4.236063553259258
puccinia_hordei,decision_tree,5.583360352,5.323445842431816
puccinia_hordei,decision_tree,4.748978196,5.510682469
puccinia_hordei,decision_tree,5.428134624,5.851685139924107
puccinia_hordei,decision_tree,2.977593898,3.96556904457738
puccinia_hordei,decision_tree,4.658850812,4.951950564299999
puccinia_hordei,decision_tree,5.776782656,5.390831813504719
puccinia_hordei,decision_tree,4.082488022,4.334272622704375
puccinia_hordei,decision_tree,4.89567263,5.390831813504719
puccinia_hordei,decision_tree,4.20501813,3.1245574752419367
puccinia_hordei,decision_tree,2.729399592,3.853763843961538
puccinia_hordei,decision_tree,3.653255173,4.334272622704375
puccinia_hordei,decision_tree,5.872121331,4.8868134040666655
puccinia_hordei,decision_tree,3.447762162,3.178523371960896
puccinia_hordei,decision_tree,4.676304311,4.706341786255999
puccinia_hordei,decision_tree,5.217024954,4.8868134040666655
puccinia_hordei,decision_tree,3.207299013,4.096534402785715
puccinia_hordei,decision_tree,4.847468854,5.323445842431816
puccinia_hordei,decision_tree,4.830592296,3.9061356126315787
puccinia_hordei,decision_tree,3.339689623,4.450147372133333
puccinia_hordei,decision_tree,3.488740747,4.334272622704375
puccinia_hordei,decision_tree,3.439518465,3.890261674512498
puccinia_hordei,decision_tree,5.833532868,5.851685139924107
puccinia_hordei,decision_tree,5.726448185,5.602031429299999
puccinia_hordei,decision_tree,3.780428288,3.96556904457738
puccinia_hordei,decision_tree,5.527012979,4.951950564299999
puccinia_hordei,decision_tree,5.843337056,5.851685139924107
puccinia_hordei,decision_tree,5.2576874,5.455826625361111
puccinia_hordei,decision_tree,3.022248958,4.236063553259258
puccinia_hordei,decision_tree,6.685474056,5.455826625361111
puccinia_hordei,decision_tree,5.86449009,5.71133584966
puccinia_hordei,decision_tree,5.954275428,5.71133584966
puccinia_hordei,decision_tree,3.28654681,4.526097933131578
puccinia_hordei,decision_tree,3.85782238,4.59788936524359
puccinia_hordei,decision_tree,4.481067802,4.236063553259258
puccinia_hordei,decision_tree,4.400099721,5.21898506477778
puccinia_hordei,decision_tree,4.782022514,4.8868134040666655
puccinia_hordei,decision_tree,4.825730713,4.8868134040666655
puccinia_hordei,decision_tree,5.691663641,4.973094548743589
puccinia_hordei,decision_tree,5.104549447,4.8868134040666655
puccinia_hordei,decision_tree,4.642575309,3.8585155280000003
puccinia_hordei,decision_tree,5.396360299,4.946421172545454
puccinia_hordei,decision_tree,4.550016155,5.21898506477778
puccinia_hordei,decision_tree,5.414262648,4.973094548743589
puccinia_hordei,decision_tree,5.24630128,4.946421172545454
puccinia_hordei,decision_tree,5.498271636,4.8868134040666655
puccinia_hordei,decision_tree,5.473429974,4.946421172545454
puccinia_hordei,decision_tree,4.82153375,4.946421172545454
puccinia_hordei,decision_tree,3.482597714,4.44213674031579
puccinia_hordei,decision_tree,5.927656802,5.71133584966
puccinia_hordei,decision_tree,5.826212559,5.390831813504719
puccinia_hordei,decision_tree,5.759761174,5.71133584966
puccinia_hordei,decision_tree,6.341249515,5.390831813504719
puccinia_hordei,decision_tree,5.67509724,5.851685139924107
puccinia_hordei,decision_tree,4.91831111,4.951950564299999
puccinia_hordei,decision_tree,6.141965853,5.602031429299999
puccinia_hordei,decision_tree,3.993190548,4.59788936524359
puccinia_hordei,decision_tree,3.347731522,5.851685139924107
puccinia_hordei,decision_tree,5.277420574,5.323445842431816
puccinia_hordei,decision_tree,5.970150625,4.924884673526314
puccinia_hordei,decision_tree,3.49127002,4.236063553259258
puccinia_hordei,decision_tree,3.753245093,3.0809749545384615
puccinia_hordei,decision_tree,2.332783491,3.189608250347595
puccinia_hordei,decision_tree,2.683943119,4.019123148612613
puccinia_hordei,decision_tree,3.738838783,5.390831813504719
puccinia_hordei,decision_tree,4.279829602,5.602031429299999
puccinia_hordei,decision_tree,5.905016495,5.390831813504719
puccinia_hordei,decision_tree,5.385033333,4.019123148612613
puccinia_hordei,decision_tree,4.386601769,3.6807911639333337
puccinia_hordei,decision_tree,4.028763501,4.334272622704375
puccinia_hordei,decision_tree,4.700050791,6.371445249606061
puccinia_hordei,decision_tree,3.365292138,2.9742726060454543
puccinia_hordei,decision_tree,2.953068205,4.951950564299999
puccinia_hordei,decision_tree,5.433006589,4.334272622704375
puccinia_hordei,decision_tree,3.007970722,4.04520391574648
puccinia_hordei,decision_tree,4.275437384,4.946421172545454
puccinia_hordei,decision_tree,2.709740814,3.0809749545384615
puccinia_hordei,decision_tree,4.292255029,5.21898506477778
puccinia_hordei,decision_tree,5.886303936,4.706341786255999
puccinia_hordei,decision_tree,3.480316969,4.8868134040666655
puccinia_hordei,decision_tree,4.333216835,4.8868134040666655
puccinia_hordei,decision_tree,3.920769911,4.44213674031579
puccinia_hordei,decision_tree,3.513263431,4.096534402785715
puccinia_hordei,decision_tree,4.646092256,4.946421172545454
puccinia_hordei,decision_tree,5.74539154,4.334272622704375
puccinia_hordei,decision_tree,3.931890687,3.96556904457738
puccinia_hordei,decision_tree,3.897114854,5.323445842431816
puccinia_hordei,decision_tree,5.771386368,6.1767854318571445
puccinia_hordei,decision_tree,4.403653465,3.96556904457738
puccinia_hordei,decision_tree,4.425953405,4.574510328554217
puccinia_hordei,decision_tree,3.73658681,3.189608250347595
puccinia_hordei,decision_tree,3.95518653,3.189608250347595
puccinia_hordei,decision_tree,3.817785793,3.96556904457738
puccinia_hordei,decision_tree,3.130920046,4.334272622704375
puccinia_hordei,decision_tree,5.59360552,4.750242606746479
puccinia_hordei,decision_tree,4.84819905,4.04520391574648
puccinia_hordei,decision_tree,3.201428656,4.334272622704375
puccinia_hordei,decision_tree,3.409885012,3.8378731055076916
puccinia_hordei,decision_tree,3.764890926,4.236063553259258
puccinia_hordei,decision_tree,5.814374148,5.390831813504719
puccinia_hordei,decision_tree,3.728880277,4.236063553259258
puccinia_hordei,decision_tree,5.910693124,4.44213674031579
puccinia_hordei,decision_tree,5.489845179,3.8378731055076916
puccinia_hordei,decision_tree,3.14263305,3.96556904457738
puccinia_hordei,decision_tree,2.854584712,3.178523371960896
puccinia_hordei,decision_tree,6.29308379,4.749371548969231
puccinia_hordei,decision_tree,5.486235387,3.8378731055076916
puccinia_hordei,decision_tree,4.828328054,4.946421172545454
puccinia_hordei,decision_tree,3.600879732,4.019123148612613
puccinia_hordei,decision_tree,3.013072399,4.334272622704375
puccinia_hordei,decision_tree,6.978953069,4.80309906648
puccinia_hordei,decision_tree,4.099397844,4.236063553259258
puccinia_hordei,decision_tree,6.28062142,4.59788936524359
puccinia_hordei,decision_tree,5.216375639,4.04520391574648
puccinia_hordei,decision_tree,3.926738647,3.8378731055076916
puccinia_hordei,decision_tree,2.994304006,4.749371548969231
puccinia_hordei,decision_tree,4.452775001,4.334272622704375
puccinia_hordei,decision_tree,3.492837986,4.334272622704375
puccinia_hordei,decision_tree,6.660369389,5.851685139924107
puccinia_hordei,decision_tree,6.000833412,4.236063553259258
puccinia_hordei,decision_tree,3.706879108,4.749371548969231
puccinia_hordei,decision_tree,4.410125616,4.749371548969231
puccinia_hordei,decision_tree,3.893309743,3.8378731055076916
puccinia_hordei,decision_tree,3.366426244,4.924884673526314
puccinia_hordei,decision_tree,6.28583978,4.6280144831
puccinia_hordei,decision_tree,5.410506064,4.04520391574648
puccinia_hordei,decision_tree,4.928978647,4.749371548969231
puccinia_hordei,decision_tree,5.56034475,4.750242606746479
puccinia_hordei,decision_tree,4.20630793,4.8868134040666655
puccinia_hordei,decision_tree,5.766364463,3.6807911639333337
puccinia_hordei,decision_tree,4.461187988,4.019123148612613
puccinia_hordei,decision_tree,4.391928618,4.749371548969231
puccinia_hordei,decision_tree,4.951212932,4.334272622704375
puccinia_hordei,decision_tree,3.100514446,3.96556904457738
puccinia_hordei,decision_tree,3.65550809,3.178523371960896
puccinia_hordei,decision_tree,5.154977936,4.946421172545454
puccinia_hordei,decision_tree,3.574311524,4.04520391574648
puccinia_hordei,decision_tree,4.512866397,4.8868134040666655
puccinia_hordei,decision_tree,3.189763183,3.939438713584158
puccinia_hordei,decision_tree,4.515335705,4.59788936524359
puccinia_hordei,decision_tree,4.587312235,3.890261674512498
puccinia_hordei,decision_tree,4.645168871,4.334272622704375
puccinia_hordei,decision_tree,3.843870823,4.019123148612613
puccinia_hordei,decision_tree,6.080432576,6.371445249606061
puccinia_hordei,decision_tree,5.473671975,4.80309906648
puccinia_hordei,decision_tree,5.79300262,4.59788936524359
puccinia_hordei,decision_tree,5.246789933,4.59788936524359
puccinia_hordei,decision_tree,6.973048002,6.1767854318571445
puccinia_hordei,decision_tree,3.250193053,5.851685139924107
puccinia_hordei,decision_tree,4.609314309,4.946421172545454
puccinia_hordei,decision_tree,3.542777887,3.890261674512498
puccinia_hordei,decision_tree,6.389609511,6.2466369955625005
puccinia_hordei,decision_tree,7.702860857,4.59788936524359
puccinia_hordei,decision_tree,6.772145694,5.71133584966
puccinia_hordei,decision_tree,6.590323465,6.2466369955625005
puccinia_hordei,decision_tree,7.85144456,6.1767854318571445
puccinia_hordei,decision_tree,7.044387211,5.851685139924107
puccinia_hordei,decision_tree,7.327804153,5.510682469
puccinia_hordei,decision_tree,6.962556899,5.323445842431816
puccinia_hordei,decision_tree,5.122119826,4.80309906648
puccinia_hordei,decision_tree,7.327437091,7.240172370636364
puccinia_hordei,decision_tree,7.444561933,6.2466369955625005
puccinia_hordei,decision_tree,3.666045076,5.390831813504719
puccinia_hordei,decision_tree,4.634229918,3.0809749545384615
puccinia_hordei,decision_tree,6.243156559,5.71133584966
puccinia_hordei,decision_tree,7.679669242,5.390831813504719
puccinia_hordei,decision_tree,7.626089798,5.065281931785714
puccinia_hordei,decision_tree,4.607272932,4.59788936524359
puccinia_hordei,decision_tree,5.116937701,4.706341786255999
puccinia_hordei,decision_tree,6.258365644,4.334272622704375
puccinia_hordei,decision_tree,6.400456816,4.973094548743589
puccinia_hordei,decision_tree,4.731585335,4.706341786255999
puccinia_hordei,decision_tree,7.939244019,4.236063553259258
puccinia_hordei,decision_tree,7.059298658,4.973094548743589
puccinia_hordei,decision_tree,5.005057076,4.716951463531645
puccinia_hordei,decision_tree,7.231759129,4.946421172545454
puccinia_hordei,decision_tree,7.478580528,4.59788936524359
puccinia_hordei,decision_tree,6.147850097,4.096534402785715
puccinia_hordei,decision_tree,6.326648927,4.44213674031579
puccinia_hordei,decision_tree,3.499184401,4.45565175367347
puccinia_hordei,decision_tree,4.006980044,3.96556904457738
puccinia_hordei,decision_tree,4.747942198,3.189608250347595
puccinia_hordei,decision_tree,5.755382146,5.015487308656717
puccinia_hordei,decision_tree,5.427565557,5.209700636049018
puccinia_hordei,decision_tree,5.198219102,4.946421172545454
puccinia_hordei,decision_tree,6.734494454,5.21898506477778
puccinia_hordei,decision_tree,7.47009636,5.209700636049018
puccinia_hordei,decision_tree,3.597395332,3.0285657993333333
puccinia_hordei,decision_tree,4.002905548,4.04520391574648
puccinia_hordei,decision_tree,7.476520184,6.2466369955625005
puccinia_hordei,decision_tree,4.861004285,6.2466369955625005
puccinia_hordei,decision_tree,8.093166541,6.2466369955625005
puccinia_hordei,decision_tree,6.819796492,4.59788936524359
puccinia_hordei,decision_tree,3.849530618,3.8378731055076916
puccinia_hordei,decision_tree,4.377696448,3.939438713584158
puccinia_hordei,decision_tree,6.34619391,4.706341786255999
puccinia_hordei,decision_tree,6.73611763,6.1767854318571445
puccinia_hordei,decision_tree,5.149779317,4.8868134040666655
puccinia_hordei,decision_tree,6.073667991,3.8585155280000003
puccinia_hordei,decision_tree,6.278210338,5.209700636049018
puccinia_hordei,decision_tree,6.652321365,4.846054394291666
puccinia_hordei,decision_tree,4.744101861,5.21898506477778
puccinia_hordei,decision_tree,4.519386415,4.716951463531645
puccinia_hordei,decision_tree,5.131927331,4.946421172545454
puccinia_hordei,decision_tree,3.290128528,4.8868134040666655
puccinia_hordei,decision_tree,4.322166549,4.8868134040666655
puccinia_hordei,decision_tree,7.3685328,4.946421172545454
puccinia_hordei,decision_tree,4.747206199,3.939438713584158
puccinia_hordei,decision_tree,5.39248977,4.8868134040666655
puccinia_hordei,decision_tree,4.628830582,4.706341786255999
puccinia_hordei,decision_tree,5.586630558,4.526097933131578
puccinia_hordei,decision_tree,4.819397731,4.716951463531645
puccinia_hordei,decision_tree,5.882579651,5.015487308656717
puccinia_hordei,decision_tree,3.882566594,4.8868134040666655
puccinia_hordei,decision_tree,4.25260685,3.0285657993333333
puccinia_hordei,decision_tree,3.422757421,4.44213674031579
puccinia_hordei,decision_tree,4.66690479,4.59788936524359
puccinia_hordei,decision_tree,3.369868257,4.019123148612613
puccinia_hordei,decision_tree,5.798976521,4.59788936524359
puccinia_hordei,decision_tree,5.044229551,5.390831813504719
puccinia_hordei,decision_tree,6.070301802,4.946421172545454
puccinia_hordei,decision_tree,4.320681985,3.939438713584158
puccinia_hordei,decision_tree,5.887386159,4.59788936524359
puccinia_hordei,decision_tree,3.884277193,4.8868134040666655
puccinia_hordei,decision_tree,5.015881165,4.44213674031579
puccinia_hordei,decision_tree,5.493784573,4.749371548969231
puccinia_hordei,decision_tree,7.264382377,4.59788936524359
puccinia_hordei,decision_tree,4.459435086,4.59788936524359
puccinia_hordei,decision_tree,3.864537645,4.536681871035714
puccinia_hordei,decision_tree,5.745644342,4.706341786255999
puccinia_hordei,decision_tree,5.126994484,4.946421172545454
puccinia_hordei,decision_tree,6.735798354,5.709279892421054
puccinia_hordei,decision_tree,4.948915492,5.015487308656717
puccinia_hordei,decision_tree,5.17573623,4.946421172545454
puccinia_hordei,decision_tree,4.056998575,4.526097933131578
puccinia_hordei,decision_tree,3.981486084,4.334272622704375
puccinia_hordei,decision_tree,6.538963069,5.71133584966
puccinia_hordei,decision_tree,5.048118279,4.749371548969231
puccinia_hordei,decision_tree,5.748510962,4.334272622704375
puccinia_hordei,decision_tree,4.359883824,4.44213674031579
puccinia_hordei,decision_tree,4.267503833,3.0285657993333333
puccinia_hordei,decision_tree,5.310756612,4.679419063863636
puccinia_hordei,decision_tree,7.063812889,5.602031429299999
puccinia_hordei,decision_tree,5.48973374,3.0809749545384615
puccinia_hordei,decision_tree,5.461725521,4.946421172545454
puccinia_hordei,decision_tree,4.562018473,4.706341786255999
puccinia_hordei,decision_tree,7.459779078,5.015487308656717
puccinia_hordei,decision_tree,4.127580151,4.59788936524359
puccinia_hordei,decision_tree,3.642940767,6.1767854318571445
puccinia_hordei,decision_tree,4.862029809,5.390831813504719
puccinia_hordei,decision_tree,5.249207065,4.8868134040666655
puccinia_hordei,decision_tree,5.217444844,4.749371548969231
puccinia_hordei,decision_tree,4.849444904,4.236063553259258
puccinia_hordei,decision_tree,5.160133421,4.946421172545454
puccinia_hordei,decision_tree,5.52739809,4.45565175367347
puccinia_hordei,decision_tree,2.868919948,4.236063553259258
puccinia_hordei,decision_tree,4.730945872,4.019123148612613
puccinia_hordei,decision_tree,5.173872249,4.706341786255999
puccinia_hordei,decision_tree,3.658997027,5.602031429299999
puccinia_hordei,decision_tree,7.236860124,4.334272622704375
puccinia_hordei,decision_tree,4.299447722,4.236063553259258
puccinia_hordei,decision_tree,5.426322312,4.749371548969231
puccinia_hordei,decision_tree,5.950832849,4.236063553259258
puccinia_hordei,decision_tree,5.213057779,5.015487308656717
puccinia_hordei,decision_tree,4.865274488,4.946421172545454
puccinia_hordei,decision_tree,4.867723082,4.749371548969231
puccinia_hordei,decision_tree,5.143924962,4.749371548969231
puccinia_hordei,decision_tree,3.968176135,4.706341786255999
puccinia_hordei,decision_tree,4.066935446,4.536681871035714
puccinia_hordei,decision_tree,3.950058107,3.890261674512498
puccinia_hordei,decision_tree,4.536593529,4.45565175367347
puccinia_hordei,decision_tree,3.416596015,4.04520391574648
puccinia_hordei,decision_tree,7.650137699,3.96556904457738
puccinia_hordei,decision_tree,5.398832602,4.946421172545454
puccinia_hordei,decision_tree,7.284788597,5.015487308656717
puccinia_hordei,decision_tree,5.354730654,5.015487308656717
puccinia_hordei,decision_tree,4.885314141,4.8868134040666655
puccinia_hordei,decision_tree,4.240043797,5.709279892421054
puccinia_hordei,decision_tree,4.641064941,3.8378731055076916
puccinia_hordei,decision_tree,5.143507319,4.8868134040666655
puccinia_hordei,decision_tree,6.03631095,4.019123148612613
puccinia_hordei,decision_tree,4.225547042,4.8868134040666655
puccinia_hordei,decision_tree,5.836061598,4.334272622704375
puccinia_hordei,decision_tree,5.167076556,4.334272622704375
puccinia_hordei,decision_tree,4.036781422,4.574510328554217
puccinia_hordei,decision_tree,4.417839463,4.536681871035714
puccinia_hordei,decision_tree,3.639976681,4.59788936524359
puccinia_hordei,decision_tree,5.987516619,4.846054394291666
puccinia_hordei,decision_tree,4.494502967,3.96556904457738
puccinia_hordei,decision_tree,6.156348025,4.8868134040666655
puccinia_hordei,decision_tree,6.656670676,5.851685139924107
puccinia_hordei,decision_tree,4.422635503,5.015487308656717
puccinia_hordei,decision_tree,5.43325413,4.8868134040666655
puccinia_hordei,decision_tree,5.842569008,4.706341786255999
puccinia_hordei,decision_tree,5.489107666,3.939438713584158
puccinia_hordei,decision_tree,4.737523018,4.679419063863636
puccinia_hordei,decision_tree,5.208242913,4.679419063863636
puccinia_hordei,decision_tree,2.925686915,4.45565175367347
puccinia_hordei,decision_tree,5.467036268,4.59788936524359
puccinia_hordei,decision_tree,5.188375335,4.334272622704375
puccinia_hordei,decision_tree,4.171336165,4.44213674031579
puccinia_hordei,decision_tree,5.553508835,5.71133584966
puccinia_hordei,decision_tree,6.924642944,4.973094548743589
puccinia_hordei,decision_tree,5.136772164,4.946421172545454
puccinia_hordei,decision_tree,7.124137334,4.706341786255999
puccinia_hordei,decision_tree,5.315779948,5.851685139924107
puccinia_hordei,decision_tree,4.694676045,4.946421172545454
puccinia_hordei,decision_tree,5.049195782,4.8868134040666655
puccinia_hordei,decision_tree,6.22060281,4.749371548969231
puccinia_hordei,decision_tree,4.057733594,4.45565175367347
puccinia_hordei,decision_tree,3.985132155,4.44213674031579
puccinia_hordei,decision_tree,3.66628953,4.019123148612613
puccinia_hordei,decision_tree,5.895013112,4.8868134040666655
puccinia_hordei,decision_tree,4.885329568,4.526097933131578
puccinia_hordei,decision_tree,4.884830023,5.4813164226
puccinia_hordei,decision_tree,4.398845747,4.679419063863636
puccinia_hordei,decision_tree,3.764212472,4.749371548969231
puccinia_hordei,decision_tree,3.886758025,4.749371548969231
puccinia_hordei,decision_tree,5.147600028,3.6807911639333337
puccinia_hordei,decision_tree,4.314173173,5.015487308656717
puccinia_hordei,decision_tree,4.471529445,5.21898506477778
puccinia_hordei,decision_tree,5.16214936,4.706341786255999
puccinia_hordei,decision_tree,4.515009561,4.946421172545454
puccinia_hordei,decision_tree,3.763589436,5.015487308656717
puccinia_hordei,decision_tree,5.170574619,5.015487308656717
puccinia_hordei,decision_tree,4.511233328,4.526097933131578
puccinia_hordei,decision_tree,8.067492668,5.851685139924107
puccinia_hordei,decision_tree,4.361056318,4.334272622704375
puccinia_hordei,decision_tree,6.480310919,5.015487308656717
puccinia_hordei,decision_tree,4.94419022,4.236063553259258
puccinia_hordei,decision_tree,3.049792542,2.9742726060454543
puccinia_hordei,decision_tree,4.208752825,4.5258713999
puccinia_hordei,decision_tree,5.225720404,4.45565175367347
puccinia_hordei,decision_tree,4.217569149,4.59788936524359
puccinia_hordei,decision_tree,4.270095325,3.96556904457738
puccinia_hordei,decision_tree,4.867465776,4.5258713999
puccinia_hordei,decision_tree,3.021471829,3.939438713584158
puccinia_hordei,decision_tree,4.064916933,4.716951463531645
puccinia_hordei,decision_tree,3.465709765,5.015487308656717
puccinia_hordei,decision_tree,4.48112822,4.8868134040666655
puccinia_hordei,decision_tree,6.455532845,5.21898506477778
puccinia_hordei,decision_tree,6.188745677,5.21898506477778
puccinia_hordei,decision_tree,6.390215263,4.574510328554217
puccinia_hordei,decision_tree,4.584778207,4.924884673526314
puccinia_hordei,decision_tree,5.127639253,4.59788936524359
puccinia_hordei,decision_tree,5.640975082,4.59788936524359
puccinia_hordei,decision_tree,4.199636259,4.526097933131578
puccinia_hordei,decision_tree,5.782022612,3.96556904457738
puccinia_hordei,decision_tree,6.01106057,4.574510328554217
puccinia_hordei,decision_tree,4.612048952,3.8585155280000003
puccinia_hordei,decision_tree,4.891330052,4.526097933131578
puccinia_hordei,decision_tree,4.045849095,3.96556904457738
puccinia_hordei,decision_tree,3.912457511,4.8868134040666655
puccinia_hordei,decision_tree,5.493977556,3.96556904457738
puccinia_hordei,decision_tree,4.795768896,3.96556904457738
puccinia_hordei,decision_tree,5.988599249,4.236063553259258
puccinia_hordei,decision_tree,2.905339463,4.536681871035714
puccinia_hordei,decision_tree,4.946174224,4.59788936524359
puccinia_hordei,decision_tree,4.660712258,4.59788936524359
puccinia_hordei,decision_tree,4.561313541,3.189608250347595
puccinia_hordei,decision_tree,2.982930532,4.334272622704375
puccinia_hordei,decision_tree,3.210027499,4.946421172545454
puccinia_hordei,decision_tree,3.605301178,4.334272622704375
puccinia_hordei,decision_tree,7.41107463,4.946421172545454
puccinia_hordei,decision_tree,6.575702367,4.973094548743589
puccinia_hordei,decision_tree,4.461074907,2.9742726060454543
puccinia_hordei,decision_tree,6.522792196,4.924884673526314
puccinia_hordei,decision_tree,3.681549496,4.749371548969231
puccinia_hordei,decision_tree,4.213584611,5.015487308656717
puccinia_hordei,decision_tree,5.593371537,4.45565175367347
puccinia_hordei,decision_tree,3.217875897,4.44213674031579
puccinia_hordei,decision_tree,5.272623229,4.59788936524359
puccinia_hordei,decision_tree,5.587370321,5.209700636049018
puccinia_hordei,decision_tree,6.134679473,5.851685139924107
puccinia_hordei,decision_tree,3.658027429,4.946421172545454
puccinia_hordei,decision_tree,4.431011159,4.946421172545454
puccinia_hordei,decision_tree,4.465605687,3.0809749545384615
puccinia_hordei,decision_tree,6.22094112,4.8868134040666655
puccinia_hordei,decision_tree,3.653623009,4.536681871035714
puccinia_hordei,decision_tree,3.674036726,3.8378731055076916
puccinia_hordei,decision_tree,1.749900931,4.334272622704375
puccinia_hordei,decision_tree,2.159521207,4.236063553259258
puccinia_hordei,decision_tree,5.072514591,4.334272622704375
puccinia_hordei,decision_tree,7.783960463,6.2466369955625005
puccinia_hordei,decision_tree,6.628729405,5.71133584966
puccinia_hordei,decision_tree,3.092675575,4.236063553259258
puccinia_hordei,decision_tree,5.87886159,4.04520391574648
puccinia_hordei,decision_tree,3.80887168,4.749371548969231
ramularia_collo_cygni,decision_tree,3.42831066,3.990203108113043
ramularia_collo_cygni,decision_tree,4.365826741,3.8891014408679254
ramularia_collo_cygni,decision_tree,4.500978139,3.170744388185187
ramularia_collo_cygni,decision_tree,4.437046039,3.7029059147817427
ramularia_collo_cygni,decision_tree,3.094091779,3.8891014408679254
ramularia_collo_cygni,decision_tree,4.521557705,3.8263259052716516
ramularia_collo_cygni,decision_tree,4.385427381,3.8263259052716516
ramularia_collo_cygni,decision_tree,3.302585212,3.8263259052716516
ramularia_collo_cygni,decision_tree,3.745519057,4.0387658863925235
ramularia_collo_cygni,decision_tree,2.589831131,3.8263259052716516
ramularia_collo_cygni,decision_tree,3.714680823,3.7029059147817427
ramularia_collo_cygni,decision_tree,3.700189432,3.376159350437275
ramularia_collo_cygni,decision_tree,3.362848265,3.7029059147817427
ramularia_collo_cygni,decision_tree,4.31236669,3.520193354100612
ramularia_collo_cygni,decision_tree,5.283981982,3.8891014408679254
ramularia_collo_cygni,decision_tree,4.596461477,3.990203108113043
ramularia_collo_cygni,decision_tree,3.320986172,4.0387658863925235
ramularia_collo_cygni,decision_tree,4.138210508,4.0387658863925235
ramularia_collo_cygni,decision_tree,3.765495759,3.376159350437275
ramularia_collo_cygni,decision_tree,4.170570139,4.0387658863925235
ramularia_collo_cygni,decision_tree,4.072371337,3.8891014408679254
ramularia_collo_cygni,decision_tree,3.865577065,3.520193354100612
ramularia_collo_cygni,decision_tree,5.289792753,3.990203108113043
ramularia_collo_cygni,decision_tree,3.773536525,3.7029059147817427
ramularia_collo_cygni,decision_tree,4.037617072,3.7397331858714282
ramularia_collo_cygni,decision_tree,4.417133438,3.8263259052716516
ramularia_collo_cygni,decision_tree,4.038302282,3.6421462436686656
ramularia_collo_cygni,decision_tree,3.430470077,3.8891014408679254
ramularia_collo_cygni,decision_tree,2.85184877,3.990203108113043
ramularia_collo_cygni,decision_tree,3.930260901,3.8263259052716516
ramularia_collo_cygni,decision_tree,4.203571359,3.7029059147817427
ramularia_collo_cygni,decision_tree,3.817322722,3.7029059147817427
ramularia_collo_cygni,decision_tree,4.179563889,3.8891014408679254
ramularia_collo_cygni,decision_tree,3.333262525,3.8263259052716516
ramularia_collo_cygni,decision_tree,4.316585924,3.8891014408679254
ramularia_collo_cygni,decision_tree,3.064781666,3.8891014408679254
ramularia_collo_cygni,decision_tree,3.387541643,4.0387658863925235
ramularia_collo_cygni,decision_tree,4.036693317,4.0387658863925235
ramularia_collo_cygni,decision_tree,3.36014906,4.0387658863925235
ramularia_collo_cygni,decision_tree,5.088292905,3.7029059147817427
ramularia_collo_cygni,decision_tree,3.402715799,3.520193354100612
ramularia_collo_cygni,decision_tree,4.53295124,3.990203108113043
ramularia_collo_cygni,decision_tree,3.751793022,3.990203108113043
ramularia_collo_cygni,decision_tree,3.973647393,3.990203108113043
ramularia_collo_cygni,decision_tree,3.974826325,3.7029059147817427
ramularia_collo_cygni,decision_tree,3.849774107,4.0387658863925235
ramularia_collo_cygni,decision_tree,4.78646123,4.0387658863925235
ramularia_collo_cygni,decision_tree,2.988031234,3.8891014408679254
ramularia_collo_cygni,decision_tree,4.080663826,4.0387658863925235
ramularia_collo_cygni,decision_tree,3.558470747,3.7029059147817427
ramularia_collo_cygni,decision_tree,4.756529725,4.0387658863925235
ramularia_collo_cygni,decision_tree,4.215241727,3.7029059147817427
ramularia_collo_cygni,decision_tree,4.448866604,3.8891014408679254
ramularia_collo_cygni,decision_tree,4.34311344,4.0387658863925235
ramularia_collo_cygni,decision_tree,3.245382506,3.7029059147817427
ramularia_collo_cygni,decision_tree,4.791254677,3.8263259052716516
ramularia_collo_cygni,decision_tree,3.970313676,3.7029059147817427
ramularia_collo_cygni,decision_tree,2.806980064,3.990203108113043
ramularia_collo_cygni,decision_tree,3.347413123,3.7029059147817427
ramularia_collo_cygni,decision_tree,3.649279464,3.7029059147817427
ramularia_collo_cygni,decision_tree,3.693710974,3.8263259052716516
ramularia_collo_cygni,decision_tree,3.184434296,3.990203108113043
ramularia_collo_cygni,decision_tree,3.000614552,3.8263259052716516
ramularia_collo_cygni,decision_tree,4.274323001,3.7029059147817427
ramularia_collo_cygni,decision_tree,4.238150826,3.8891014408679254
ramularia_collo_cygni,decision_tree,4.853581407,3.8263259052716516
ramularia_collo_cygni,decision_tree,2.973693739,3.7029059147817427
ramularia_collo_cygni,decision_tree,2.923482933,3.7029059147817427
ramularia_collo_cygni,decision_tree,4.408453061,3.990203108113043
ramularia_collo_cygni,decision_tree,3.875791798,3.990203108113043
ramularia_collo_cygni,decision_tree,3.194287141,3.7029059147817427
ramularia_collo_cygni,decision_tree,3.165124262,3.8263259052716516
ramularia_collo_cygni,decision_tree,4.308725802,3.6783438476358006
ramularia_collo_cygni,decision_tree,4.675516423,3.376159350437275
ramularia_collo_cygni,decision_tree,5.296268304,3.990203108113043
ramularia_collo_cygni,decision_tree,4.182686034,3.990203108113043
ramularia_collo_cygni,decision_tree,3.486470521,3.7029059147817427
ramularia_collo_cygni,decision_tree,4.532100579,3.6783438476358006
ramularia_collo_cygni,decision_tree,4.061512428,3.7029059147817427
ramularia_collo_cygni,decision_tree,4.745048095,3.376159350437275
ramularia_collo_cygni,decision_tree,3.314666414,3.8891014408679254
ramularia_collo_cygni,decision_tree,5.051852949,3.8263259052716516
ramularia_collo_cygni,decision_tree,3.862011819,3.8263259052716516
ramularia_collo_cygni,decision_tree,4.671023008,3.7029059147817427
ramularia_collo_cygni,decision_tree,3.757631532,3.8263259052716516
ramularia_collo_cygni,decision_tree,3.509173338,3.520193354100612
ramularia_collo_cygni,decision_tree,4.307256327,3.7029059147817427
ramularia_collo_cygni,decision_tree,4.476386063,3.520193354100612
ramularia_collo_cygni,decision_tree,4.749510665,3.7029059147817427
ramularia_collo_cygni,decision_tree,4.025395323,3.990203108113043
ramularia_collo_cygni,decision_tree,3.726838091,3.990203108113043
ramularia_collo_cygni,decision_tree,4.444371446,3.8891014408679254
ramularia_collo_cygni,decision_tree,4.533859707,3.8263259052716516
ramularia_collo_cygni,decision_tree,3.757215397,3.990203108113043
ramularia_collo_cygni,decision_tree,4.041297363,3.8263259052716516
ramularia_collo_cygni,decision_tree,4.501342217,3.8891014408679254
ramularia_collo_cygni,decision_tree,4.283747399,3.7029059147817427
ramularia_collo_cygni,decision_tree,4.21679931,3.8263259052716516
ramularia_collo_cygni,decision_tree,4.096388791,3.8891014408679254
ramularia_collo_cygni,decision_tree,3.625770914,5.7253153392
ramularia_collo_cygni,decision_tree,4.258178831,3.7029059147817427
ramularia_collo_cygni,decision_tree,3.812246476,3.7029059147817427
ramularia_collo_cygni,decision_tree,3.522152517,4.0387658863925235
ramularia_collo_cygni,decision_tree,3.731348212,4.0387658863925235
ramularia_collo_cygni,decision_tree,4.208891682,3.8263259052716516
ramularia_collo_cygni,decision_tree,3.358982509,4.0387658863925235
ramularia_collo_cygni,decision_tree,3.946425984,3.8263259052716516
ramularia_collo_cygni,decision_tree,4.653991324,3.7029059147817427
ramularia_collo_cygni,decision_tree,4.765418798,3.990203108113043
ramularia_collo_cygni,decision_tree,3.522068041,3.7029059147817427
ramularia_collo_cygni,decision_tree,4.097671692,3.8263259052716516
ramularia_collo_cygni,decision_tree,3.120199241,4.0387658863925235
ramularia_collo_cygni,decision_tree,3.082427739,3.8891014408679254
ramularia_collo_cygni,decision_tree,4.236243964,3.7029059147817427
ramularia_collo_cygni,decision_tree,3.890559573,3.990203108113043
ramularia_collo_cygni,decision_tree,3.797054665,4.0387658863925235
ramularia_collo_cygni,decision_tree,3.43963234,3.376159350437275
ramularia_collo_cygni,decision_tree,4.660988772,3.990203108113043
ramularia_collo_cygni,decision_tree,4.955657674,3.6783438476358006
ramularia_collo_cygni,decision_tree,3.616000315,4.0387658863925235
ramularia_collo_cygni,decision_tree,3.419957287,3.6783438476358006
ramularia_collo_cygni,decision_tree,4.500533302,3.8891014408679254
ramularia_collo_cygni,decision_tree,3.987552262,4.0387658863925235
ramularia_collo_cygni,decision_tree,3.278140392,4.0387658863925235
ramularia_collo_cygni,decision_tree,3.758529682,4.0387658863925235
ramularia_collo_cygni,decision_tree,4.23502664,3.376159350437275
ramularia_collo_cygni,decision_tree,3.008098001,3.990203108113043
ramularia_collo_cygni,decision_tree,4.409118156,4.0387658863925235
ramularia_collo_cygni,decision_tree,3.522105046,3.7029059147817427
ramularia_collo_cygni,decision_tree,3.807928287,3.8891014408679254
ramularia_collo_cygni,decision_tree,3.885331597,3.8891014408679254
ramularia_collo_cygni,decision_tree,4.368788682,3.961712493824563
ramularia_collo_cygni,decision_tree,3.222187996,3.5317879278156012
ramularia_collo_cygni,decision_tree,4.90238914,3.5317879278156012
ramularia_collo_cygni,decision_tree,3.604785307,3.8891014408679254
ramularia_collo_cygni,decision_tree,4.449291347,3.8263259052716516
ramularia_collo_cygni,decision_tree,5.87231137,3.7029059147817427
ramularia_collo_cygni,decision_tree,3.343437831,3.8263259052716516
ramularia_collo_cygni,decision_tree,5.285032347,3.7029059147817427
ramularia_collo_cygni,decision_tree,5.773812397,3.7029059147817427
ramularia_collo_cygni,decision_tree,3.115672116,3.961712493824563
ramularia_collo_cygni,decision_tree,4.218407129,3.7029059147817427
ramularia_collo_cygni,decision_tree,3.266417174,3.6421462436686656
ramularia_collo_cygni,decision_tree,4.765773931,3.6421462436686656
ramularia_collo_cygni,decision_tree,3.138177838,3.8263259052716516
ramularia_collo_cygni,decision_tree,4.744789554,3.8263259052716516
ramularia_collo_cygni,decision_tree,3.138558791,3.1791870792681167
ramularia_collo_cygni,decision_tree,5.877005546,3.6421462436686656
ramularia_collo_cygni,decision_tree,5.142060256,3.961712493824563
ramularia_collo_cygni,decision_tree,6.024987263,3.1791870792681167
ramularia_collo_cygni,decision_tree,4.156710931,3.6421462436686656
ramularia_collo_cygni,decision_tree,3.57251506,3.6421462436686656
ramularia_collo_cygni,decision_tree,3.769583908,3.6421462436686656
ramularia_collo_cygni,decision_tree,1.85093372,3.5317879278156012
ramularia_collo_cygni,decision_tree,3.90149874,3.6421462436686656
ramularia_collo_cygni,decision_tree,4.81842325,3.8263259052716516
ramularia_collo_cygni,decision_tree,4.068987193,3.7029059147817427
ramularia_collo_cygni,decision_tree,4.210645459,3.1791870792681167
ramularia_collo_cygni,decision_tree,4.239543277,3.7029059147817427
ramularia_collo_cygni,decision_tree,3.851000155,3.8891014408679254
ramularia_collo_cygni,decision_tree,3.342424765,3.1791870792681167
ramularia_collo_cygni,decision_tree,3.976996093,3.8891014408679254
ramularia_collo_cygni,decision_tree,4.061231721,3.1791870792681167
ramularia_collo_cygni,decision_tree,3.973305043,3.961712493824563
ramularia_collo_cygni,decision_tree,3.565326738,3.5317879278156012
ramularia_collo_cygni,decision_tree,4.915981086,3.8263259052716516
ramularia_collo_cygni,decision_tree,3.579897855,3.8891014408679254
ramularia_collo_cygni,decision_tree,2.572022057,3.5317879278156012
ramularia_collo_cygni,decision_tree,4.330824164,3.7029059147817427
ramularia_collo_cygni,decision_tree,3.111195423,3.990203108113043
ramularia_collo_cygni,decision_tree,3.364712912,3.8891014408679254
ramularia_collo_cygni,decision_tree,2.691247854,3.1791870792681167
ramularia_collo_cygni,decision_tree,4.026538823,3.961712493824563
ramularia_collo_cygni,decision_tree,4.739010462,3.5317879278156012
ramularia_collo_cygni,decision_tree,4.009999189,3.7029059147817427
ramularia_collo_cygni,decision_tree,3.609860498,3.6421462436686656
ramularia_collo_cygni,decision_tree,1.107948288,3.5317879278156012
ramularia_collo_cygni,decision_tree,4.473240284,3.8263259052716516
ramularia_collo_cygni,decision_tree,4.419433643,3.7029059147817427
ramularia_collo_cygni,decision_tree,3.840786937,3.961712493824563
ramularia_collo_cygni,decision_tree,3.604136333,3.6421462436686656
ramularia_collo_cygni,decision_tree,3.931930066,3.961712493824563
ramularia_collo_cygni,decision_tree,4.124553604,3.8263259052716516
ramularia_collo_cygni,decision_tree,4.650085273,3.6421462436686656
ramularia_collo_cygni,decision_tree,4.355699602,3.7029059147817427
ramularia_collo_cygni,decision_tree,3.927495725,3.961712493824563
ramularia_collo_cygni,decision_tree,3.419133123,3.6421462436686656
ramularia_collo_cygni,decision_tree,3.219421238,3.8891014408679254
ramularia_collo_cygni,decision_tree,2.691546827,3.5317879278156012
ramularia_collo_cygni,decision_tree,3.498578876,3.8891014408679254
ramularia_collo_cygni,decision_tree,3.900161724,3.6421462436686656
ramularia_collo_cygni,decision_tree,4.897208793,3.6421462436686656
ramularia_collo_cygni,decision_tree,3.648807584,3.7029059147817427
ramularia_collo_cygni,decision_tree,3.494499315,3.961712493824563
ramularia_collo_cygni,decision_tree,4.221923865,3.6421462436686656
ramularia_collo_cygni,decision_tree,2.498699498,3.1791870792681167
ramularia_collo_cygni,decision_tree,2.002335288,3.8263259052716516
ramularia_collo_cygni,decision_tree,4.79096325,3.1791870792681167
ramularia_collo_cygni,decision_tree,5.054962,3.7029059147817427
ramularia_collo_cygni,decision_tree,3.400488818,3.7029059147817427
ramularia_collo_cygni,decision_tree,3.303715053,3.8891014408679254
ramularia_collo_cygni,decision_tree,4.411942162,3.8891014408679254
ramularia_collo_cygni,decision_tree,3.963405174,3.6421462436686656
ramularia_collo_cygni,decision_tree,3.165001373,3.5317879278156012
ramularia_collo_cygni,decision_tree,5.257198235,3.8263259052716516
ramularia_collo_cygni,decision_tree,3.372764387,3.8891014408679254
ramularia_collo_cygni,decision_tree,4.63030133,3.8891014408679254
ramularia_collo_cygni,decision_tree,3.371829154,3.1791870792681167
ramularia_collo_cygni,decision_tree,3.430387774,3.7029059147817427
ramularia_collo_cygni,decision_tree,3.380218053,3.7029059147817427
ramularia_collo_cygni,decision_tree,3.133307332,3.7029059147817427
ramularia_collo_cygni,decision_tree,2.390930461,3.8263259052716516
ramularia_collo_cygni,decision_tree,3.500977493,3.5317879278156012
ramularia_collo_cygni,decision_tree,3.606934822,3.8263259052716516
ramularia_collo_cygni,decision_tree,2.850743,3.5317879278156012
ramularia_collo_cygni,decision_tree,5.242865986,3.8263259052716516
ramularia_collo_cygni,decision_tree,3.920316302,3.8891014408679254
ramularia_collo_cygni,decision_tree,3.257116547,3.8891014408679254
ramularia_collo_cygni,decision_tree,3.131876564,3.7029059147817427
ramularia_collo_cygni,decision_tree,3.864930471,3.8891014408679254
ramularia_collo_cygni,decision_tree,4.114688409,3.7029059147817427
ramularia_collo_cygni,decision_tree,4.560012196,3.8263259052716516
ramularia_collo_cygni,decision_tree,4.730976823,3.961712493824563
ramularia_collo_cygni,decision_tree,4.269068034,3.8263259052716516
ramularia_collo_cygni,decision_tree,4.340829046,3.8891014408679254
ramularia_collo_cygni,decision_tree,3.513606783,3.6421462436686656
ramularia_collo_cygni,decision_tree,4.246042695,3.1791870792681167
ramularia_collo_cygni,decision_tree,3.686307157,3.8263259052716516
ramularia_collo_cygni,decision_tree,3.768162003,3.961712493824563
ramularia_collo_cygni,decision_tree,3.258915185,3.6421462436686656
ramularia_collo_cygni,decision_tree,4.522461519,3.8891014408679254
ramularia_collo_cygni,decision_tree,2.676557903,3.7029059147817427
ramularia_collo_cygni,decision_tree,3.578401133,3.8891014408679254
ramularia_collo_cygni,decision_tree,3.133982724,3.8891014408679254
ramularia_collo_cygni,decision_tree,2.934768869,3.961712493824563
ramularia_collo_cygni,decision_tree,3.566447198,3.8263259052716516
ramularia_collo_cygni,decision_tree,3.791161481,3.961712493824563
ramularia_collo_cygni,decision_tree,1.462217794,3.7029059147817427
ramularia_collo_cygni,decision_tree,3.097393664,3.8263259052716516
ramularia_collo_cygni,decision_tree,4.816455289,3.8263259052716516
ramularia_collo_cygni,decision_tree,4.61626316,3.8891014408679254
ramularia_collo_cygni,decision_tree,4.495393011,3.8891014408679254
ramularia_collo_cygni,decision_tree,3.195293186,3.8891014408679254
ramularia_collo_cygni,decision_tree,3.606165577,3.7029059147817427
ramularia_collo_cygni,decision_tree,3.664927065,3.8263259052716516
ramularia_collo_cygni,decision_tree,3.856945458,3.6421462436686656
ramularia_collo_cygni,decision_tree,4.3889316,3.6421462436686656
ramularia_collo_cygni,decision_tree,2.400981843,3.7029059147817427
ramularia_collo_cygni,decision_tree,4.287945823,3.8263259052716516
ramularia_collo_cygni,decision_tree,3.562814098,3.8263259052716516
ramularia_collo_cygni,decision_tree,2.818188106,3.8263259052716516
ramularia_collo_cygni,decision_tree,5.43967518,3.990203108113043
ramularia_collo_cygni,decision_tree,3.062052984,3.8891014408679254
ramularia_collo_cygni,decision_tree,4.094779953,3.6421462436686656
ramularia_collo_cygni,decision_tree,2.261776301,3.8263259052716516
ramularia_collo_cygni,decision_tree,2.947566375,3.1791870792681167
ramularia_collo_cygni,decision_tree,3.312466922,3.7029059147817427
ramularia_collo_cygni,decision_tree,2.28738143,3.961712493824563
ramularia_collo_cygni,decision_tree,3.739037375,3.8891014408679254
ramularia_collo_cygni,decision_tree,2.022751817,3.6783438476358006
ramularia_collo_cygni,decision_tree,4.346449643,3.8263259052716516
ramularia_collo_cygni,decision_tree,4.031793298,3.8263259052716516
ramularia_collo_cygni,decision_tree,4.351179102,3.1791870792681167
ramularia_collo_cygni,decision_tree,4.431300847,3.6421462436686656
ramularia_collo_cygni,decision_tree,6.243061825,3.990203108113043
ramularia_collo_cygni,decision_tree,3.325721687,3.7029059147817427
ramularia_collo_cygni,decision_tree,1.154549373,3.8263259052716516
ramularia_collo_cygni,decision_tree,4.041940652,3.8891014408679254
ramularia_collo_cygni,decision_tree,3.547357078,3.6421462436686656
ramularia_collo_cygni,decision_tree,3.684698903,3.8891014408679254
ramularia_collo_cygni,decision_tree,3.916528085,3.7029059147817427
ramularia_collo_cygni,decision_tree,3.194391196,3.5317879278156012
ramularia_collo_cygni,decision_tree,2.806923021,3.961712493824563
ramularia_collo_cygni,decision_tree,4.689523269,3.7029059147817427
ramularia_collo_cygni,decision_tree,2.80472813,3.5317879278156012
ramularia_collo_cygni,decision_tree,4.602095218,3.7029059147817427
ramularia_collo_cygni,decision_tree,4.844544966,3.8891014408679254
ramularia_collo_cygni,decision_tree,0.916171488,3.7029059147817427
ramularia_collo_cygni,decision_tree,3.616341218,3.5317879278156012
ramularia_collo_cygni,decision_tree,1.318238564,3.6421462436686656
ramularia_collo_cygni,decision_tree,3.177990537,3.8263259052716516
ramularia_collo_cygni,decision_tree,3.9993053,3.8263259052716516
ramularia_collo_cygni,decision_tree,4.141506889,3.8891014408679254
ramularia_collo_cygni,decision_tree,5.062196411,3.6421462436686656
ramularia_collo_cygni,decision_tree,4.370872461,3.961712493824563
ramularia_collo_cygni,decision_tree,2.933696544,3.8263259052716516
ramularia_collo_cygni,decision_tree,4.369807717,3.7029059147817427
ramularia_collo_cygni,decision_tree,4.036868588,3.1791870792681167
ramularia_collo_cygni,decision_tree,3.608224085,3.8891014408679254
ramularia_collo_cygni,decision_tree,2.58169415,3.7029059147817427
ramularia_collo_cygni,decision_tree,2.670617168,3.8263259052716516
ramularia_collo_cygni,decision_tree,4.495853904,3.376159350437275
ramularia_collo_cygni,decision_tree,4.914672444,3.7029059147817427
ramularia_collo_cygni,decision_tree,3.13269646,3.1791870792681167
ramularia_collo_cygni,decision_tree,3.122540442,3.8263259052716516
ramularia_collo_cygni,decision_tree,2.530995978,3.8891014408679254
ramularia_collo_cygni,decision_tree,4.240286695,3.7029059147817427
ramularia_collo_cygni,decision_tree,3.781473213,3.6421462436686656
ramularia_collo_cygni,decision_tree,3.432719508,4.5236558003125005
ramularia_collo_cygni,decision_tree,3.933261311,4.5236558003125005
ramularia_collo_cygni,decision_tree,3.581771184,3.376159350437275
ramularia_collo_cygni,decision_tree,3.430087584,3.732516840142858
ramularia_collo_cygni,decision_tree,2.763131086,2.95437039425
ramularia_collo_cygni,decision_tree,1.450327339,3.1791870792681167
ramularia_collo_cygni,decision_tree,3.282822827,3.6421462436686656
ramularia_collo_cygni,decision_tree,4.293328581,2.6973369314666664
ramularia_collo_cygni,decision_tree,5.290598459,3.6783438476358006
ramularia_collo_cygni,decision_tree,5.360588196,6.906654286749999
ramularia_collo_cygni,decision_tree,5.775340651,5.460825536666667
ramularia_collo_cygni,decision_tree,2.488838603,5.218041907565216
ramularia_collo_cygni,decision_tree,2.144960571,3.8263259052716516
ramularia_collo_cygni,decision_tree,6.851032269,5.018955569968751
ramularia_collo_cygni,decision_tree,4.927429627,3.479726217808695
ramularia_collo_cygni,decision_tree,4.021618678,3.6421462436686656
ramularia_collo_cygni,decision_tree,5.21519891,3.170744388185187
ramularia_collo_cygni,decision_tree,3.190131874,2.599017787794872
ramularia_collo_cygni,decision_tree,3.035504362,3.961712493824563
ramularia_collo_cygni,decision_tree,4.572778053,3.520193354100612
ramularia_collo_cygni,decision_tree,5.194459305,5.460825536666667
ramularia_collo_cygni,decision_tree,3.114654861,3.7029059147817427
ramularia_collo_cygni,decision_tree,7.002524163,3.1791870792681167
ramularia_collo_cygni,decision_tree,1.233856615,2.6973369314666664
ramularia_collo_cygni,decision_tree,2.427392164,3.1791870792681167
ramularia_collo_cygni,decision_tree,2.53771847,2.741132886458334
ramularia_collo_cygni,decision_tree,3.270127226,2.604402670757576
ramularia_collo_cygni,decision_tree,2.204159501,3.6421462436686656
ramularia_collo_cygni,decision_tree,1.754134029,3.376159350437275
ramularia_collo_cygni,decision_tree,4.404584833,3.7029059147817427
ramularia_collo_cygni,decision_tree,4.996330779,3.7029059147817427
ramularia_collo_cygni,decision_tree,2.531023314,3.6783438476358006
ramularia_collo_cygni,decision_tree,2.943167526,3.520193354100612
ramularia_collo_cygni,decision_tree,4.297870077,3.7029059147817427
ramularia_collo_cygni,decision_tree,4.467355525,3.7029059147817427
ramularia_collo_cygni,decision_tree,3.700006213,3.5020408554814817
ramularia_collo_cygni,decision_tree,2.396070063,3.5020408554814817
ramularia_collo_cygni,decision_tree,5.06595948,3.376159350437275
ramularia_collo_cygni,decision_tree,1.201291163,3.7029059147817427
ramularia_collo_cygni,decision_tree,4.592503068,3.520193354100612
ramularia_collo_cygni,decision_tree,5.985831643,3.376159350437275
ramularia_collo_cygni,decision_tree,3.524422024,3.847882339899999
ramularia_collo_cygni,decision_tree,4.158736277,3.5317879278156012
ramularia_collo_cygni,decision_tree,8.548221744,4.72549281482857
ramularia_collo_cygni,decision_tree,2.649326853,4.5236558003125005
ramularia_collo_cygni,decision_tree,6.297236061,5.001644272631577
ramularia_collo_cygni,decision_tree,3.267106376,4.1659608989230765
ramularia_collo_cygni,decision_tree,3.573618611,3.6421462436686656
ramularia_collo_cygni,decision_tree,4.354431994,4.5236558003125005
ramularia_collo_cygni,decision_tree,4.284855867,3.520193354100612
ramularia_collo_cygni,decision_tree,5.74864388,4.72549281482857
ramularia_collo_cygni,decision_tree,3.857893905,4.9060137701111115
ramularia_collo_cygni,decision_tree,3.757455848,4.587938012111111
ramularia_collo_cygni,decision_tree,2.898364027,4.1659608989230765
ramularia_collo_cygni,decision_tree,1.448175396,2.6973369314666664
ramularia_collo_cygni,decision_tree,2.024299449,3.6421462436686656
ramularia_collo_cygni,decision_tree,4.405236324,4.1659608989230765
ramularia_collo_cygni,decision_tree,4.479770129,3.6783438476358006
ramularia_collo_cygni,decision_tree,5.041228187,4.120621272411764
ramularia_collo_cygni,decision_tree,6.082941713,4.1659608989230765
ramularia_collo_cygni,decision_tree,3.880730578,3.8891014408679254
ramularia_collo_cygni,decision_tree,2.718036423,3.7029059147817427
ramularia_collo_cygni,decision_tree,4.944623844,4.735861199296296
ramularia_collo_cygni,decision_tree,2.282427154,4.5236558003125005
ramularia_collo_cygni,decision_tree,4.031759375,3.8290382353142856
ramularia_collo_cygni,decision_tree,2.035319327,3.376159350437275
ramularia_collo_cygni,decision_tree,3.578148727,3.6421462436686656
ramularia_collo_cygni,decision_tree,1.904222669,4.973948907588236
ramularia_collo_cygni,decision_tree,4.261597524,5.018955569968751
ramularia_collo_cygni,decision_tree,4.018955858,3.5699162153333335
ramularia_collo_cygni,decision_tree,3.340896845,3.376159350437275
ramularia_collo_cygni,decision_tree,2.650359724,3.5536015686999987
ramularia_collo_cygni,decision_tree,2.563984631,3.8290382353142856
ramularia_collo_cygni,decision_tree,4.708284147,3.170744388185187
ramularia_collo_cygni,decision_tree,4.737661973,3.1791870792681167
ramularia_collo_cygni,decision_tree,3.464831831,3.520193354100612
ramularia_collo_cygni,decision_tree,6.889271424,4.72549281482857
ramularia_collo_cygni,decision_tree,3.514604737,3.376159350437275
ramularia_collo_cygni,decision_tree,6.274130982,5.001644272631577
ramularia_collo_cygni,decision_tree,4.662675867,5.460825536666667
ramularia_collo_cygni,decision_tree,2.162742673,3.520193354100612
ramularia_collo_cygni,decision_tree,5.124570604,3.520193354100612
ramularia_collo_cygni,decision_tree,3.259773822,3.7029059147817427
ramularia_collo_cygni,decision_tree,1.490526643,3.7029059147817427
ramularia_collo_cygni,decision_tree,3.173582338,5.860386021111111
ramularia_collo_cygni,decision_tree,3.008664127,3.376159350437275
ramularia_collo_cygni,decision_tree,6.176567578,3.8891014408679254
ramularia_collo_cygni,decision_tree,3.816714459,3.8891014408679254
ramularia_collo_cygni,decision_tree,2.694371236,3.520193354100612
ramularia_collo_cygni,decision_tree,3.709263623,3.8891014408679254
ramularia_collo_cygni,decision_tree,2.807043859,3.170744388185187
ramularia_collo_cygni,decision_tree,3.233772746,3.170744388185187
ramularia_collo_cygni,decision_tree,6.610941082,4.5236558003125005
ramularia_collo_cygni,decision_tree,3.505148456,5.001644272631577
ramularia_collo_cygni,decision_tree,2.149242967,3.8891014408679254
ramularia_collo_cygni,decision_tree,5.228883358,5.018955569968751
ramularia_collo_cygni,decision_tree,3.986991452,3.7029059147817427
ramularia_collo_cygni,decision_tree,2.412601509,3.376159350437275
ramularia_collo_cygni,decision_tree,4.734468412,3.376159350437275
ramularia_collo_cygni,decision_tree,3.076640751,3.8891014408679254
ramularia_collo_cygni,decision_tree,3.122931051,3.170744388185187
ramularia_collo_cygni,decision_tree,2.141887878,3.6421462436686656
ramularia_collo_cygni,decision_tree,2.457865499,3.1791870792681167
ramularia_collo_cygni,decision_tree,2.347164566,3.520193354100612
ramularia_collo_cygni,decision_tree,1.220141441,3.520193354100612
ramularia_collo_cygni,decision_tree,2.13605753,3.6421462436686656
ramularia_collo_cygni,decision_tree,3.935382247,3.7029059147817427
ramularia_collo_cygni,decision_tree,2.775908336,3.7029059147817427
ramularia_collo_cygni,decision_tree,5.740205657,3.8891014408679254
ramularia_collo_cygni,decision_tree,3.38855013,3.6421462436686656
ramularia_collo_cygni,decision_tree,2.426675868,2.95437039425
ramularia_collo_cygni,decision_tree,2.75058108,3.7029059147817427
ramularia_collo_cygni,decision_tree,4.864051027,3.520193354100612
ramularia_collo_cygni,decision_tree,5.520170426,4.5236558003125005
ramularia_collo_cygni,decision_tree,4.326983478,3.376159350437275
ramularia_collo_cygni,decision_tree,6.037651804,4.5236558003125005
ramularia_collo_cygni,decision_tree,2.476557312,3.6421462436686656
ramularia_collo_cygni,decision_tree,3.855057112,3.6421462436686656
ramularia_collo_cygni,decision_tree,1.640472479,3.376159350437275
ramularia_collo_cygni,decision_tree,2.578341755,3.376159350437275
ramularia_collo_cygni,decision_tree,2.799388991,3.6661557153877555
ramularia_collo_cygni,decision_tree,5.071548359,3.6421462436686656
ramularia_collo_cygni,decision_tree,2.141703083,2.741132886458334
ramularia_collo_cygni,decision_tree,3.197686802,3.1791870792681167
ramularia_collo_cygni,decision_tree,4.329645726,3.7397331858714282
ramularia_collo_cygni,decision_tree,3.161037997,5.460825536666667
ramularia_collo_cygni,decision_tree,3.061859671,2.741132886458334
ramularia_collo_cygni,decision_tree,2.573876061,2.741132886458334
ramularia_collo_cygni,decision_tree,1.345417781,2.604402670757576
ramularia_collo_cygni,decision_tree,3.105801781,3.170744388185187
ramularia_collo_cygni,decision_tree,4.384087039,6.906654286749999
ramularia_collo_cygni,decision_tree,2.198534702,2.741132886458334
ramularia_collo_cygni,decision_tree,3.121071022,5.460825536666667
ramularia_collo_cygni,decision_tree,3.040769483,3.376159350437275
ramularia_collo_cygni,decision_tree,1.0890685,5.231792774071429
ramularia_collo_cygni,decision_tree,5.496895266,4.5236558003125005
ramularia_collo_cygni,decision_tree,4.610307375,5.018955569968751
ramularia_collo_cygni,decision_tree,3.389230908,3.8290382353142856
ramularia_collo_cygni,decision_tree,1.687163261,3.170744388185187
ramularia_collo_cygni,decision_tree,2.902023966,3.1791870792681167
ramularia_collo_cygni,decision_tree,3.630364881,3.6421462436686656
ramularia_collo_cygni,decision_tree,2.569358823,3.479726217808695
ramularia_collo_cygni,decision_tree,2.288140407,3.376159350437275
ramularia_collo_cygni,decision_tree,4.416633139,3.520193354100612
ramularia_collo_cygni,decision_tree,2.69384033,3.170744388185187
ramularia_collo_cygni,decision_tree,3.076856246,3.6421462436686656
ramularia_collo_cygni,decision_tree,3.08092805,4.735861199296296
ramularia_collo_cygni,decision_tree,2.924983962,3.6783438476358006
ramularia_collo_cygni,decision_tree,1.705884254,3.376159350437275
ramularia_collo_cygni,decision_tree,3.894886322,3.8263259052716516
ramularia_collo_cygni,decision_tree,3.855620725,3.8290382353142856
ramularia_collo_cygni,decision_tree,3.627686052,4.5236558003125005
ramularia_collo_cygni,decision_tree,2.136632229,3.376159350437275
ramularia_collo_cygni,decision_tree,3.204825077,4.5236558003125005
ramularia_collo_cygni,decision_tree,3.19596072,4.72549281482857
ramularia_collo_cygni,decision_tree,1.897774277,2.741132886458334
ramularia_collo_cygni,decision_tree,4.85067705,2.95437039425
ramularia_collo_cygni,decision_tree,4.392169051,3.8891014408679254
ramularia_collo_cygni,decision_tree,4.095418006,5.7253153392
ramularia_collo_cygni,decision_tree,3.86799669,5.460825536666667
ramularia_collo_cygni,decision_tree,2.884306008,2.741132886458334
ramularia_collo_cygni,decision_tree,6.598511048,5.001644272631577
ramularia_collo_cygni,decision_tree,3.463569664,3.8891014408679254
ramularia_collo_cygni,decision_tree,5.414865704,3.6661557153877555
ramularia_collo_cygni,decision_tree,3.388154499,3.8290382353142856
ramularia_collo_cygni,decision_tree,2.557460867,3.732516840142858
ramularia_collo_cygni,decision_tree,4.419656093,4.1659608989230765
ramularia_collo_cygni,decision_tree,3.726341105,3.6783438476358006
ramularia_collo_cygni,decision_tree,2.247824888,3.8891014408679254
ramularia_collo_cygni,decision_tree,3.815346786,3.7029059147817427
ramularia_collo_cygni,decision_tree,3.835370751,3.376159350437275
ramularia_collo_cygni,decision_tree,3.506211748,3.6421462436686656
ramularia_collo_cygni,decision_tree,4.869271382,4.72549281482857
ramularia_collo_cygni,decision_tree,2.914906526,3.6661557153877555
ramularia_collo_cygni,decision_tree,2.00274482,2.599017787794872
ramularia_collo_cygni,decision_tree,3.087213814,2.604402670757576
ramularia_collo_cygni,decision_tree,3.75312319,3.520193354100612
ramularia_collo_cygni,decision_tree,2.946496284,3.7397331858714282
ramularia_collo_cygni,decision_tree,5.71286631,4.72549281482857
ramularia_collo_cygni,decision_tree,2.721500554,3.7029059147817427
ramularia_collo_cygni,decision_tree,4.736381382,6.906654286749999
ramularia_collo_cygni,decision_tree,4.937605208,3.7029059147817427
ramularia_collo_cygni,decision_tree,1.675700747,3.6421462436686656
ramularia_collo_cygni,decision_tree,4.26409092,3.6783438476358006
ramularia_collo_cygni,decision_tree,3.038330779,2.741132886458334
ramularia_collo_cygni,decision_tree,5.399140213,3.376159350437275
ramularia_collo_cygni,decision_tree,3.099776861,3.520193354100612
ramularia_collo_cygni,decision_tree,2.4131964,3.376159350437275
ramularia_collo_cygni,decision_tree,4.87738971,3.8290382353142856
ramularia_collo_cygni,decision_tree,6.434082362,3.376159350437275
ramularia_collo_cygni,decision_tree,4.93447029,4.72549281482857
ramularia_collo_cygni,decision_tree,3.365553261,3.1791870792681167
ramularia_collo_cygni,decision_tree,1.280916407,3.170744388185187
ramularia_collo_cygni,decision_tree,1.377580101,3.376159350437275
ramularia_collo_cygni,decision_tree,4.717755792,5.001644272631577
ramularia_collo_cygni,decision_tree,2.961774616,4.5236558003125005
ramularia_collo_cygni,decision_tree,2.345039678,3.376159350437275
ramularia_collo_cygni,decision_tree,2.588567421,3.376159350437275
ramularia_collo_cygni,decision_tree,2.125766079,3.847882339899999
ramularia_collo_cygni,decision_tree,4.008527949,3.170744388185187
ramularia_collo_cygni,decision_tree,4.506492525,3.376159350437275
ramularia_collo_cygni,decision_tree,6.476028084,5.018955569968751
ramularia_collo_cygni,decision_tree,1.764895617,3.376159350437275
ramularia_collo_cygni,decision_tree,3.104401162,2.741132886458334
ramularia_collo_cygni,decision_tree,2.906608396,2.599017787794872
ramularia_collo_cygni,decision_tree,3.318745079,3.1791870792681167
ramularia_collo_cygni,decision_tree,2.636440892,3.7029059147817427
ramularia_collo_cygni,decision_tree,4.646836048,3.520193354100612
ramularia_collo_cygni,decision_tree,2.036641273,3.170744388185187
ramularia_collo_cygni,decision_tree,2.673417615,3.170744388185187
ramularia_collo_cygni,decision_tree,1.550159709,3.520193354100612
ramularia_collo_cygni,decision_tree,4.513120959,3.520193354100612
ramularia_collo_cygni,decision_tree,4.107966245,3.520193354100612
ramularia_collo_cygni,decision_tree,2.736106536,3.6421462436686656
ramularia_collo_cygni,decision_tree,4.837276781,3.376159350437275
ramularia_collo_cygni,decision_tree,4.238231441,3.170744388185187
ramularia_collo_cygni,decision_tree,3.824216105,4.5236558003125005
ramularia_collo_cygni,decision_tree,4.560709146,3.1791870792681167
ramularia_collo_cygni,decision_tree,3.519437238,3.376159350437275
ramularia_collo_cygni,decision_tree,4.478654864,3.6421462436686656
ramularia_collo_cygni,decision_tree,2.527374749,3.376159350437275
ramularia_collo_cygni,decision_tree,4.253695514,3.8290382353142856
ramularia_collo_cygni,decision_tree,2.450242583,3.520193354100612
ramularia_collo_cygni,decision_tree,4.959045319,3.961712493824563
ramularia_collo_cygni,decision_tree,2.97119362,3.479726217808695
ramularia_collo_cygni,decision_tree,2.702798303,3.7029059147817427
ramularia_collo_cygni,decision_tree,3.420231336,3.847882339899999
ramularia_collo_cygni,decision_tree,3.537439326,3.7029059147817427
ramularia_collo_cygni,decision_tree,2.909600554,3.6783438476358006
ramularia_collo_cygni,decision_tree,5.764115368,6.906654286749999
ramularia_collo_cygni,decision_tree,1.936129039,3.7029059147817427
ramularia_collo_cygni,decision_tree,3.405083485,4.5236558003125005
ramularia_collo_cygni,decision_tree,3.428346769,4.1659608989230765
ramularia_collo_cygni,decision_tree,4.25820283,3.7029059147817427
ramularia_collo_cygni,decision_tree,4.891236629,3.170744388185187
ramularia_collo_cygni,decision_tree,3.40126358,3.6783438476358006
ramularia_collo_cygni,decision_tree,2.48877912,4.973948907588236
ramularia_collo_cygni,decision_tree,2.744944513,3.7029059147817427
ramularia_collo_cygni,decision_tree,3.994317308,3.6783438476358006
ramularia_collo_cygni,decision_tree,2.024380657,3.5536015686999987
ramularia_collo_cygni,decision_tree,2.734240062,3.7029059147817427
ramularia_collo_cygni,decision_tree,3.459146427,3.8263259052716516
ramularia_collo_cygni,decision_tree,4.960260512,3.8891014408679254
ramularia_collo_cygni,decision_tree,2.075838609,3.7029059147817427
ramularia_collo_cygni,decision_tree,4.966769522,4.1659608989230765
ramularia_collo_cygni,decision_tree,3.845437759,2.741132886458334
ramularia_collo_cygni,decision_tree,3.099281261,3.1762522561666664
ramularia_collo_cygni,decision_tree,5.401392483,5.018955569968751
ramularia_collo_cygni,decision_tree,3.259294302,3.520193354100612
ramularia_collo_cygni,decision_tree,3.12497194,3.7397331858714282
ramularia_collo_cygni,decision_tree,2.50199137,3.7029059147817427
ramularia_collo_cygni,decision_tree,2.413393425,3.7029059147817427
ramularia_collo_cygni,decision_tree,6.32558943,4.0387658863925235
ramularia_collo_cygni,decision_tree,3.416019284,3.170744388185187
ramularia_collo_cygni,decision_tree,2.524910406,3.479726217808695
ramularia_collo_cygni,decision_tree,4.268662724,3.6661557153877555
ramularia_collo_cygni,decision_tree,3.309878547,4.072221483863636
ramularia_collo_cygni,decision_tree,5.99485731,3.8891014408679254
ramularia_collo_cygni,decision_tree,5.665475341,4.05456067782353
ramularia_collo_cygni,decision_tree,2.884749052,3.170744388185187
ramularia_collo_cygni,decision_tree,3.995458448,4.1659608989230765
ramularia_collo_cygni,decision_tree,2.948209598,3.376159350437275
ramularia_collo_cygni,decision_tree,3.760367429,3.7029059147817427
ramularia_collo_cygni,decision_tree,4.799642917,5.018955569968751
ramularia_collo_cygni,decision_tree,2.926128078,2.599017787794872
ramularia_collo_cygni,decision_tree,3.643332334,3.520193354100612
ramularia_collo_cygni,decision_tree,3.43440072,3.520193354100612
ramularia_collo_cygni,decision_tree,7.392783657,3.520193354100612
ramularia_collo_cygni,decision_tree,2.917245967,3.8290382353142856
ramularia_collo_cygni,decision_tree,1.761814835,3.376159350437275
ramularia_collo_cygni,decision_tree,1.865185043,3.7029059147817427
ramularia_collo_cygni,decision_tree,2.876749188,3.732516840142858
ramularia_collo_cygni,decision_tree,2.484843149,3.376159350437275
ramularia_collo_cygni,decision_tree,5.896337905,4.72549281482857
ramularia_collo_cygni,decision_tree,2.579220491,3.7029059147817427
ramularia_collo_cygni,decision_tree,3.597219811,3.520193354100612
ramularia_collo_cygni,decision_tree,3.175306769,3.8891014408679254
ramularia_collo_cygni,decision_tree,2.626497646,3.376159350437275
ramularia_collo_cygni,decision_tree,4.715294154,5.018955569968751
ramularia_collo_cygni,decision_tree,4.154898698,3.520193354100612
ramularia_collo_cygni,decision_tree,4.751582918,3.376159350437275
ramularia_collo_cygni,decision_tree,3.163699705,3.6421462436686656
ramularia_collo_cygni,decision_tree,3.454596767,3.376159350437275
ramularia_collo_cygni,decision_tree,1.995635846,3.479726217808695
ramularia_collo_cygni,decision_tree,3.459933102,3.170744388185187
ramularia_collo_cygni,decision_tree,2.262293476,3.170744388185187
ramularia_collo_cygni,decision_tree,3.229686625,4.898374166000001
ramularia_collo_cygni,decision_tree,2.542971992,3.170744388185187
ramularia_collo_cygni,decision_tree,3.417921067,3.732516840142858
ramularia_collo_cygni,decision_tree,2.495533359,3.170744388185187
ramularia_collo_cygni,decision_tree,3.035047283,3.170744388185187
ramularia_collo_cygni,decision_tree,2.366379384,3.7029059147817427
ramularia_collo_cygni,decision_tree,4.950227997,3.170744388185187
ramularia_collo_cygni,decision_tree,2.934761374,5.231792774071429
ramularia_collo_cygni,decision_tree,1.609135652,3.8891014408679254
ramularia_collo_cygni,decision_tree,3.631397141,3.170744388185187
ramularia_collo_cygni,decision_tree,2.394825673,3.7029059147817427
ramularia_collo_cygni,decision_tree,1.714128763,3.376159350437275
ramularia_collo_cygni,decision_tree,4.828344921,3.7029059147817427
ramularia_collo_cygni,decision_tree,2.676800441,3.6783438476358006
ramularia_collo_cygni,decision_tree,2.219621162,3.376159350437275
ramularia_collo_cygni,decision_tree,1.269995021,3.170744388185187
ramularia_collo_cygni,decision_tree,4.198350055,3.520193354100612
ramularia_collo_cygni,decision_tree,2.580800729,3.170744388185187
ramularia_collo_cygni,decision_tree,5.895995422,4.735861199296296
ramularia_collo_cygni,decision_tree,3.23861038,3.1791870792681167
ramularia_collo_cygni,decision_tree,2.132216086,3.7029059147817427
ramularia_collo_cygni,decision_tree,2.697672234,3.170744388185187
ramularia_collo_cygni,decision_tree,1.995342421,3.1791870792681167
ramularia_collo_cygni,decision_tree,4.04849834,3.520193354100612
ramularia_collo_cygni,decision_tree,1.379596989,3.6421462436686656
ramularia_collo_cygni,decision_tree,2.528756836,3.6421462436686656
ramularia_collo_cygni,decision_tree,3.2204298,3.1791870792681167
ramularia_collo_cygni,decision_tree,3.944384101,3.376159350437275
ramularia_collo_cygni,decision_tree,3.493605964,3.520193354100612
ramularia_collo_cygni,decision_tree,1.468025776,3.7029059147817427
ramularia_collo_cygni,decision_tree,3.705096507,3.7029059147817427
ramularia_collo_cygni,decision_tree,3.248482937,2.741132886458334
ramularia_collo_cygni,decision_tree,2.404233258,3.6783438476358006
ramularia_collo_cygni,decision_tree,3.223963411,3.170744388185187
ramularia_collo_cygni,decision_tree,3.26313003,3.170744388185187
ramularia_collo_cygni,decision_tree,3.032379058,3.8891014408679254
ramularia_collo_cygni,decision_tree,3.773309223,2.6973369314666664
ramularia_collo_cygni,decision_tree,2.758507881,4.5236558003125005
ramularia_collo_cygni,decision_tree,4.515359173,3.376159350437275
ramularia_collo_cygni,decision_tree,3.023334769,3.6421462436686656
ramularia_collo_cygni,decision_tree,4.377569538,3.520193354100612
ramularia_collo_cygni,decision_tree,2.749119607,3.1791870792681167
ramularia_collo_cygni,decision_tree,3.629104928,3.479726217808695
ramularia_collo_cygni,decision_tree,4.481511759,3.6661557153877555
ramularia_collo_cygni,decision_tree,2.312755669,4.5236558003125005
ramularia_collo_cygni,decision_tree,5.022894253,3.170744388185187
ramularia_collo_cygni,decision_tree,6.473476598,3.8290382353142856
ramularia_collo_cygni,decision_tree,4.905271878,3.8290382353142856
ramularia_collo_cygni,decision_tree,2.257163915,2.599017787794872
ramularia_collo_cygni,decision_tree,3.062720262,3.7397331858714282
ramularia_collo_cygni,decision_tree,6.453292221,3.7029059147817427
ramularia_collo_cygni,decision_tree,3.707519962,3.6421462436686656
ramularia_collo_cygni,decision_tree,2.378921726,3.5317879278156012
ramularia_collo_cygni,decision_tree,2.585558854,3.520193354100612
ramularia_collo_cygni,decision_tree,3.026681536,3.1791870792681167
ramularia_collo_cygni,decision_tree,2.232717824,3.8891014408679254
ramularia_collo_cygni,decision_tree,4.725632349,4.72549281482857
ramularia_collo_cygni,decision_tree,2.785731238,3.520193354100612
ramularia_collo_cygni,decision_tree,2.883765112,2.599017787794872
ramularia_collo_cygni,decision_tree,2.025951147,3.376159350437275
ramularia_collo_cygni,decision_tree,2.594676733,3.170744388185187
ramularia_collo_cygni,decision_tree,2.818139828,3.520193354100612
ramularia_collo_cygni,decision_tree,2.283454127,3.520193354100612
ramularia_collo_cygni,decision_tree,2.821696306,2.599017787794872
ramularia_collo_cygni,decision_tree,3.007580614,3.520193354100612
ramularia_collo_cygni,decision_tree,2.85916878,3.7029059147817427
ramularia_collo_cygni,decision_tree,2.578256026,4.5236558003125005
ramularia_collo_cygni,decision_tree,2.821392866,3.6421462436686656
ramularia_collo_cygni,decision_tree,2.514597673,3.170744388185187
ramularia_collo_cygni,decision_tree,4.177928981,3.6421462436686656
ramularia_collo_cygni,decision_tree,3.311945574,4.05456067782353
ramularia_collo_cygni,decision_tree,4.532230443,3.6421462436686656
ramularia_collo_cygni,decision_tree,3.421079755,3.6421462436686656
ramularia_collo_cygni,decision_tree,3.200617315,3.7029059147817427
ramularia_collo_cygni,decision_tree,5.08050109,3.1791870792681167
ramularia_collo_cygni,decision_tree,3.638899688,3.6421462436686656
ramularia_collo_cygni,decision_tree,3.456848545,4.072221483863636
ramularia_collo_cygni,decision_tree,2.07417155,2.6973369314666664
ramularia_collo_cygni,decision_tree,2.787417022,3.6421462436686656
ramularia_collo_cygni,decision_tree,4.945459399,3.8891014408679254
ramularia_collo_cygni,decision_tree,3.045417883,3.1791870792681167
ramularia_collo_cygni,decision_tree,3.994740891,3.5317879278156012
ramularia_collo_cygni,decision_tree,2.681116279,3.376159350437275
ramularia_collo_cygni,decision_tree,1.961541095,3.7029059147817427
ramularia_collo_cygni,decision_tree,3.553626424,3.7029059147817427
ramularia_collo_cygni,decision_tree,2.791185155,3.6421462436686656
ramularia_collo_cygni,decision_tree,3.547001743,3.7397331858714282
ramularia_collo_cygni,decision_tree,2.341523802,3.520193354100612
ramularia_collo_cygni,decision_tree,3.59775894,3.6421462436686656
ramularia_collo_cygni,decision_tree,2.877121589,4.5236558003125005
ramularia_collo_cygni,decision_tree,3.585528338,3.8290382353142856
ramularia_collo_cygni,decision_tree,3.647624243,3.7397331858714282
ramularia_collo_cygni,decision_tree,3.478650494,3.8891014408679254
ramularia_collo_cygni,decision_tree,5.285380786,3.8263259052716516
ramularia_collo_cygni,decision_tree,5.550408685,4.735861199296296
ramularia_collo_cygni,decision_tree,5.239179351,3.170744388185187
ramularia_collo_cygni,decision_tree,4.401479629,3.6421462436686656
ramularia_collo_cygni,decision_tree,3.506192159,3.8891014408679254
ramularia_collo_cygni,decision_tree,3.567025994,2.741132886458334
ramularia_collo_cygni,decision_tree,4.077914898,5.001644272631577
ramularia_collo_cygni,decision_tree,4.024790387,3.6421462436686656
ramularia_collo_cygni,decision_tree,4.044241807,3.5536015686999987
ramularia_collo_cygni,decision_tree,3.722318491,3.520193354100612
ramularia_collo_cygni,decision_tree,2.121753296,3.6421462436686656
ramularia_collo_cygni,decision_tree,2.896969564,2.604402670757576
ramularia_collo_cygni,decision_tree,4.279852668,4.120621272411764
ramularia_collo_cygni,decision_tree,2.203441626,2.599017787794872
ramularia_collo_cygni,decision_tree,3.536834135,3.8891014408679254
ramularia_collo_cygni,decision_tree,5.288690925,3.170744388185187
ramularia_collo_cygni,decision_tree,4.443297334,3.7029059147817427
ramularia_collo_cygni,decision_tree,2.560804452,2.741132886458334
ramularia_collo_cygni,decision_tree,2.56277974,3.961712493824563
ramularia_collo_cygni,decision_tree,3.103139733,3.7029059147817427
ramularia_collo_cygni,decision_tree,3.285279158,3.6421462436686656
ramularia_collo_cygni,decision_tree,3.749509455,3.8891014408679254
ramularia_collo_cygni,decision_tree,1.846640664,3.520193354100612
ramularia_collo_cygni,decision_tree,3.563807504,3.7029059147817427
ramularia_collo_cygni,decision_tree,4.725567919,3.170744388185187
ramularia_collo_cygni,decision_tree,2.820378375,3.520193354100612
ramularia_collo_cygni,decision_tree,3.833067311,3.7029059147817427
ramularia_collo_cygni,decision_tree,3.859638477,3.479726217808695
ramularia_collo_cygni,decision_tree,2.273804712,3.6421462436686656
ramularia_collo_cygni,decision_tree,3.341534023,3.7029059147817427
ramularia_collo_cygni,decision_tree,2.551762557,3.8263259052716516
ramularia_collo_cygni,decision_tree,3.239318252,3.376159350437275
ramularia_collo_cygni,decision_tree,4.941599489,4.05456067782353
ramularia_collo_cygni,decision_tree,4.675626764,3.6421462436686656
ramularia_collo_cygni,decision_tree,5.418930035,3.5317879278156012
ramularia_collo_cygni,decision_tree,3.603778592,5.018955569968751
ramularia_collo_cygni,decision_tree,4.773843321,5.231792774071429
ramularia_collo_cygni,decision_tree,6.10085344,5.231792774071429
ramularia_collo_cygni,decision_tree,2.789382434,4.72549281482857
ramularia_collo_cygni,decision_tree,3.246976209,4.5236558003125005
ramularia_collo_cygni,decision_tree,3.405392688,4.735861199296296
ramularia_collo_cygni,decision_tree,6.266704312,3.5020408554814817
ramularia_collo_cygni,decision_tree,3.547937644,3.520193354100612
ramularia_collo_cygni,decision_tree,3.432035666,5.7253153392
ramularia_collo_cygni,decision_tree,4.575312137,3.5020408554814817
ramularia_collo_cygni,decision_tree,4.203844661,4.5236558003125005
ramularia_collo_cygni,decision_tree,4.428609383,5.860386021111111
ramularia_collo_cygni,decision_tree,5.768947126,5.218041907565216
ramularia_collo_cygni,decision_tree,5.087406811,3.8891014408679254
ramularia_collo_cygni,decision_tree,5.850030434,3.1762522561666664
ramularia_collo_cygni,decision_tree,4.529621301,5.001644272631577
ramularia_collo_cygni,decision_tree,3.987652996,3.7029059147817427
ramularia_collo_cygni,decision_tree,2.821261723,3.520193354100612
ramularia_collo_cygni,decision_tree,4.885907108,3.5020408554814817
ramularia_collo_cygni,decision_tree,4.261444672,3.6421462436686656
ramularia_collo_cygni,decision_tree,4.093869485,3.376159350437275
ramularia_collo_cygni,decision_tree,3.011464279,4.05456067782353
ramularia_collo_cygni,decision_tree,2.181853119,2.741132886458334
ramularia_collo_cygni,decision_tree,4.080442172,3.520193354100612
ramularia_collo_cygni,decision_tree,3.392410972,3.170744388185187
ramularia_collo_cygni,decision_tree,2.793423956,3.7029059147817427
ramularia_collo_cygni,decision_tree,2.067225015,3.520193354100612
ramularia_collo_cygni,decision_tree,2.647936909,3.376159350437275
ramularia_collo_cygni,decision_tree,4.60339488,3.7029059147817427
ramularia_collo_cygni,decision_tree,3.207127644,3.170744388185187
ramularia_collo_cygni,decision_tree,5.477360192,3.8891014408679254
ramularia_collo_cygni,decision_tree,2.587664835,3.170744388185187
ramularia_collo_cygni,decision_tree,2.85361331,3.520193354100612
ramularia_collo_cygni,decision_tree,2.912007506,3.376159350437275
ramularia_collo_cygni,decision_tree,3.605552384,3.7397331858714282
ramularia_collo_cygni,decision_tree,2.686727591,3.520193354100612
ramularia_collo_cygni,decision_tree,4.161470519,3.520193354100612
ramularia_collo_cygni,decision_tree,4.094530922,3.6421462436686656
ramularia_collo_cygni,decision_tree,3.700595574,4.5236558003125005
ramularia_collo_cygni,decision_tree,3.589567946,3.6421462436686656
ramularia_collo_cygni,decision_tree,5.167707153,3.8263259052716516
ramularia_collo_cygni,decision_tree,4.976781985,3.8263259052716516
ramularia_collo_cygni,decision_tree,2.981036124,3.8290382353142856
ramularia_collo_cygni,decision_tree,1.934766171,3.6421462436686656
ramularia_collo_cygni,decision_tree,2.457538063,3.7029059147817427
ramularia_collo_cygni,decision_tree,3.813297204,3.7397331858714282
ramularia_collo_cygni,decision_tree,4.784532818,3.7029059147817427
ramularia_collo_cygni,decision_tree,5.641355229,3.5020408554814817
ramularia_collo_cygni,decision_tree,4.268353806,3.6421462436686656
ramularia_collo_cygni,decision_tree,1.916796457,3.7029059147817427
ramularia_collo_cygni,decision_tree,3.180723486,3.7397331858714282
ramularia_collo_cygni,decision_tree,4.497063188,3.8891014408679254
ramularia_collo_cygni,decision_tree,4.600415743,3.376159350437275
ramularia_collo_cygni,decision_tree,2.589009647,3.6421462436686656
ramularia_collo_cygni,decision_tree,5.121012268,3.8891014408679254
ramularia_collo_cygni,decision_tree,5.714832154,3.7029059147817427
ramularia_collo_cygni,decision_tree,2.399790388,3.8891014408679254
ramularia_collo_cygni,decision_tree,2.883699798,2.599017787794872
ramularia_collo_cygni,decision_tree,1.84906439,3.6421462436686656
ramularia_collo_cygni,decision_tree,1.152231625,3.8263259052716516
ramularia_collo_cygni,decision_tree,4.802934616,3.7029059147817427
ramularia_collo_cygni,decision_tree,3.743532797,2.6973369314666664
ramularia_collo_cygni,decision_tree,4.041996855,3.7029059147817427
ramularia_collo_cygni,decision_tree,3.591401207,3.520193354100612
ramularia_collo_cygni,decision_tree,6.134557667,3.8891014408679254
ramularia_collo_cygni,decision_tree,5.35826487,5.018955569968751
ramularia_collo_cygni,decision_tree,2.375793414,3.6421462436686656
ramularia_collo_cygni,decision_tree,3.366106575,3.520193354100612
ramularia_collo_cygni,decision_tree,4.107306663,5.860386021111111
ramularia_collo_cygni,decision_tree,4.361707918,3.6783438476358006
ramularia_collo_cygni,decision_tree,6.594091469,4.5236558003125005
ramularia_collo_cygni,decision_tree,4.308905283,3.7029059147817427
ramularia_collo_cygni,decision_tree,4.18397681,3.6783438476358006
ramularia_collo_cygni,decision_tree,4.80999667,5.218041907565216
ramularia_collo_cygni,decision_tree,5.702008013,4.5236558003125005
ramularia_collo_cygni,decision_tree,5.168934426,3.5317879278156012
ramularia_collo_cygni,decision_tree,3.274845099,3.7029059147817427
ramularia_collo_cygni,decision_tree,3.260999846,3.479726217808695
ramularia_collo_cygni,decision_tree,2.836712807,2.741132886458334
ramularia_collo_cygni,decision_tree,2.916695638,5.001644272631577
ramularia_collo_cygni,decision_tree,4.411263815,4.973948907588236
ramularia_collo_cygni,decision_tree,2.942746578,3.1791870792681167
ramularia_collo_cygni,decision_tree,3.313049094,3.520193354100612
ramularia_collo_cygni,decision_tree,3.324902719,3.8891014408679254
ramularia_collo_cygni,decision_tree,3.36595316,3.6421462436686656
ramularia_collo_cygni,decision_tree,2.605692417,3.8891014408679254
ramularia_collo_cygni,decision_tree,2.967903146,3.7029059147817427
ramularia_collo_cygni,decision_tree,3.917309573,3.7397331858714282
ramularia_collo_cygni,decision_tree,3.878615155,3.170744388185187
ramularia_collo_cygni,decision_tree,5.102677644,3.7029059147817427
ramularia_collo_cygni,decision_tree,1.962848078,3.7029059147817427
ramularia_collo_cygni,decision_tree,3.833500065,3.1791870792681167
ramularia_collo_cygni,decision_tree,1.780891635,3.520193354100612
ramularia_collo_cygni,decision_tree,2.465654743,2.599017787794872
ramularia_collo_cygni,decision_tree,2.938385175,2.599017787794872
ramularia_collo_cygni,decision_tree,3.148012422,3.990203108113043
ramularia_collo_cygni,decision_tree,5.185656631,3.376159350437275
ramularia_collo_cygni,decision_tree,4.950109023,3.5536015686999987
ramularia_collo_cygni,decision_tree,4.219673819,5.018955569968751
ramularia_collo_cygni,decision_tree,3.686608589,3.376159350437275
ramularia_collo_cygni,decision_tree,3.336622593,3.170744388185187
ramularia_collo_cygni,decision_tree,5.092895008,3.6783438476358006
ramularia_collo_cygni,decision_tree,2.052345551,3.7397331858714282
ramularia_collo_cygni,decision_tree,2.364933613,3.8891014408679254
ramularia_collo_cygni,decision_tree,3.53496635,3.1791870792681167
ramularia_collo_cygni,decision_tree,4.401780525,3.6421462436686656
ramularia_collo_cygni,decision_tree,3.358527067,3.520193354100612
ramularia_collo_cygni,decision_tree,3.670143081,3.6421462436686656
ramularia_collo_cygni,decision_tree,2.014016309,5.460825536666667
ramularia_collo_cygni,decision_tree,1.960530286,4.5236558003125005
ramularia_collo_cygni,decision_tree,5.172937334,3.7029059147817427
ramularia_collo_cygni,decision_tree,4.283459272,3.6421462436686656
ramularia_collo_cygni,decision_tree,2.925395363,4.72549281482857
ramularia_collo_cygni,decision_tree,3.42247289,3.961712493824563
ramularia_collo_cygni,decision_tree,4.515746299,3.8891014408679254
ramularia_collo_cygni,decision_tree,4.191695379,3.961712493824563
ramularia_collo_cygni,decision_tree,3.606880456,3.6421462436686656
ramularia_collo_cygni,decision_tree,5.105749703,3.8891014408679254
ramularia_collo_cygni,decision_tree,3.056245208,4.642958313764706
ramularia_collo_cygni,decision_tree,4.364984067,3.8891014408679254
ramularia_collo_cygni,decision_tree,5.383216251,6.906654286749999
ramularia_collo_cygni,decision_tree,3.328242805,3.7029059147817427
ramularia_collo_cygni,decision_tree,4.299196503,3.6421462436686656
ramularia_collo_cygni,decision_tree,2.861931624,3.6421462436686656
ramularia_collo_cygni,decision_tree,5.418319692,4.884187248222222
ramularia_collo_cygni,decision_tree,4.521262301,3.961712493824563
ramularia_collo_cygni,decision_tree,4.121323765,3.520193354100612
ramularia_collo_cygni,decision_tree,3.966327195,3.520193354100612
ramularia_collo_cygni,decision_tree,2.145341559,3.6661557153877555
ramularia_collo_cygni,decision_tree,4.147352865,4.5236558003125005
ramularia_collo_cygni,decision_tree,5.899597746,3.961712493824563
ramularia_collo_cygni,decision_tree,2.245947462,3.961712493824563
ramularia_collo_cygni,decision_tree,5.91872848,3.5536015686999987
ramularia_collo_cygni,decision_tree,5.393861608,3.8263259052716516
ramularia_collo_cygni,decision_tree,4.257490261,3.376159350437275
ramularia_collo_cygni,decision_tree,6.282555558,3.1791870792681167
ramularia_collo_cygni,decision_tree,6.859493481,4.120621272411764
ramularia_collo_cygni,decision_tree,4.708309131,3.1791870792681167
ramularia_collo_cygni,decision_tree,4.720761253,3.7029059147817427
ramularia_collo_cygni,decision_tree,3.908208118,3.7029059147817427
ramularia_collo_cygni,decision_tree,4.899081514,4.1659608989230765
ramularia_collo_cygni,decision_tree,5.281835445,3.990203108113043
ramularia_collo_cygni,decision_tree,5.032160195,3.520193354100612
ramularia_collo_cygni,decision_tree,5.517781468,3.5317879278156012
ramularia_collo_cygni,decision_tree,4.314165211,3.8891014408679254
ramularia_collo_cygni,decision_tree,4.035735845,3.520193354100612
ramularia_collo_cygni,decision_tree,4.344159778,3.6421462436686656
ramularia_collo_cygni,decision_tree,2.312160739,3.7029059147817427
ramularia_collo_cygni,decision_tree,2.83038719,3.8891014408679254
ramularia_collo_cygni,decision_tree,4.599680006,3.1791870792681167
ramularia_collo_cygni,decision_tree,1.879105656,3.8263259052716516
ramularia_collo_cygni,decision_tree,5.692827358,3.520193354100612
ramularia_collo_cygni,decision_tree,3.379602875,3.6783438476358006
ramularia_collo_cygni,decision_tree,3.169491497,3.5020408554814817
ramularia_collo_cygni,decision_tree,4.685454688,4.642958313764706
ramularia_collo_cygni,decision_tree,3.025492215,3.6421462436686656
ramularia_collo_cygni,decision_tree,4.308853114,3.6421462436686656
ramularia_collo_cygni,decision_tree,2.889358684,3.5536015686999987
ramularia_collo_cygni,decision_tree,3.918952634,4.05456067782353
ramularia_collo_cygni,decision_tree,3.634395405,3.520193354100612
ramularia_collo_cygni,decision_tree,4.396953124,3.479726217808695
ramularia_collo_cygni,decision_tree,3.608744614,4.072221483863636
ramularia_collo_cygni,decision_tree,3.711884855,3.1791870792681167
ramularia_collo_cygni,decision_tree,3.451430151,4.587938012111111
ramularia_collo_cygni,decision_tree,3.101452885,4.072221483863636
ramularia_collo_cygni,decision_tree,3.573299311,3.5536015686999987
ramularia_collo_cygni,decision_tree,5.932678396,3.8891014408679254
ramularia_collo_cygni,decision_tree,5.56570577,4.587938012111111
ramularia_collo_cygni,decision_tree,5.353029659,5.860386021111111
ramularia_collo_cygni,decision_tree,5.379636672,6.906654286749999
ramularia_collo_cygni,decision_tree,3.736429595,3.6783438476358006
ramularia_collo_cygni,decision_tree,4.457101364,3.376159350437275
ramularia_collo_cygni,decision_tree,3.897659932,4.5236558003125005
ramularia_collo_cygni,decision_tree,2.054417732,3.7029059147817427
ramularia_collo_cygni,decision_tree,4.924119115,3.6783438476358006
ramularia_collo_cygni,decision_tree,4.942875189,3.7029059147817427
ramularia_collo_cygni,decision_tree,5.124787577,3.5699162153333335
ramularia_collo_cygni,decision_tree,4.208323136,3.6421462436686656
ramularia_collo_cygni,decision_tree,3.764073537,3.6783438476358006
ramularia_collo_cygni,decision_tree,4.280333381,2.599017787794872
ramularia_collo_cygni,decision_tree,4.097195533,3.6421462436686656
ramularia_collo_cygni,decision_tree,2.971079525,3.170744388185187
ramularia_collo_cygni,decision_tree,2.791846957,3.7029059147817427
ramularia_collo_cygni,decision_tree,2.96989492,3.6421462436686656
ramularia_collo_cygni,decision_tree,3.62670802,3.376159350437275
ramularia_collo_cygni,decision_tree,1.058412984,3.520193354100612
ramularia_collo_cygni,decision_tree,3.637462746,3.6421462436686656
ramularia_collo_cygni,decision_tree,4.198037082,3.520193354100612
ramularia_collo_cygni,decision_tree,2.806247735,3.6421462436686656
ramularia_collo_cygni,decision_tree,3.187094494,3.479726217808695
ramularia_collo_cygni,decision_tree,4.572081454,5.7253153392
ramularia_collo_cygni,decision_tree,1.377134412,3.479726217808695
ramularia_collo_cygni,decision_tree,2.20076438,3.6421462436686656
ramularia_collo_cygni,decision_tree,4.001062911,3.1791870792681167
ramularia_collo_cygni,decision_tree,3.979907854,3.520193354100612
ramularia_collo_cygni,decision_tree,4.094413014,3.376159350437275
ramularia_collo_cygni,decision_tree,7.912654034,4.9060137701111115
ramularia_collo_cygni,decision_tree,4.602135083,3.8263259052716516
ramularia_collo_cygni,decision_tree,3.281307401,3.6421462436686656
ramularia_collo_cygni,decision_tree,1.967202572,4.072221483863636
ramularia_collo_cygni,decision_tree,4.026223815,4.072221483863636
ramularia_collo_cygni,decision_tree,6.539995772,3.376159350437275
ramularia_collo_cygni,decision_tree,3.748131232,3.6421462436686656
ramularia_collo_cygni,decision_tree,4.846660504,3.6421462436686656
ramularia_collo_cygni,decision_tree,2.34483348,3.520193354100612
ramularia_collo_cygni,decision_tree,4.506167921,3.6783438476358006
ramularia_collo_cygni,decision_tree,3.635939077,3.5536015686999987
ramularia_collo_cygni,decision_tree,4.142354605,3.7029059147817427
ramularia_collo_cygni,decision_tree,3.374663247,5.860386021111111
ramularia_collo_cygni,decision_tree,5.756445066,3.1791870792681167
ramularia_collo_cygni,decision_tree,3.674601278,3.376159350437275
ramularia_collo_cygni,decision_tree,3.324055877,3.7397331858714282
ramularia_collo_cygni,decision_tree,2.7807053,3.5317879278156012
ramularia_collo_cygni,decision_tree,4.894689472,3.520193354100612
ramularia_collo_cygni,decision_tree,3.100060051,3.7029059147817427
ramularia_collo_cygni,decision_tree,2.781169457,3.7029059147817427
ramularia_collo_cygni,decision_tree,4.882267891,3.8891014408679254
ramularia_collo_cygni,decision_tree,3.356692615,3.520193354100612
ramularia_collo_cygni,decision_tree,3.748821937,3.7029059147817427
ramularia_collo_cygni,decision_tree,6.178172917,3.8290382353142856
ramularia_collo_cygni,decision_tree,3.147795686,3.479726217808695
ramularia_collo_cygni,decision_tree,3.772567524,4.735861199296296
ramularia_collo_cygni,decision_tree,3.465270808,3.1791870792681167
ramularia_collo_cygni,decision_tree,4.466200077,3.7029059147817427
ramularia_collo_cygni,decision_tree,3.014228158,3.8263259052716516
ramularia_collo_cygni,decision_tree,4.18621684,3.6421462436686656
ramularia_collo_cygni,decision_tree,4.885353121,4.72549281482857
ramularia_collo_cygni,decision_tree,2.896596825,3.6783438476358006
ramularia_collo_cygni,decision_tree,4.36834635,3.1791870792681167
ramularia_collo_cygni,decision_tree,3.332716693,3.7029059147817427
ramularia_collo_cygni,decision_tree,3.236620609,3.520193354100612
ramularia_collo_cygni,decision_tree,4.095243662,3.520193354100612
ramularia_collo_cygni,decision_tree,5.132430577,3.6421462436686656
ramularia_collo_cygni,decision_tree,4.966375253,3.7029059147817427
ramularia_collo_cygni,decision_tree,3.766851454,3.6421462436686656
ramularia_collo_cygni,decision_tree,2.780572046,3.376159350437275
ramularia_collo_cygni,decision_tree,5.209136069,3.6421462436686656
ramularia_collo_cygni,decision_tree,4.908590413,3.6421462436686656
ramularia_collo_cygni,decision_tree,0.772513064,3.7029059147817427
ramularia_collo_cygni,decision_tree,4.933122661,3.8290382353142856
ramularia_collo_cygni,decision_tree,2.422759972,2.599017787794872
ramularia_collo_cygni,decision_tree,5.232655849,3.376159350437275
ramularia_collo_cygni,decision_tree,5.047861795,3.1791870792681167
ramularia_collo_cygni,decision_tree,2.916785295,3.520193354100612
ramularia_collo_cygni,decision_tree,4.654387945,3.8263259052716516
ramularia_collo_cygni,decision_tree,1.93062327,3.8891014408679254
ramularia_collo_cygni,decision_tree,4.994512049,3.6783438476358006
ramularia_collo_cygni,decision_tree,4.761266522,4.735861199296296
ramularia_collo_cygni,decision_tree,4.478468915,3.520193354100612
ramularia_collo_cygni,decision_tree,3.612838272,3.6421462436686656
ramularia_collo_cygni,decision_tree,3.720366044,3.479726217808695
ramularia_collo_cygni,decision_tree,3.268945899,3.8891014408679254
ramularia_collo_cygni,decision_tree,3.509920814,3.376159350437275
ramularia_collo_cygni,decision_tree,2.902518827,3.7029059147817427
ramularia_collo_cygni,decision_tree,2.758478011,3.520193354100612
ramularia_collo_cygni,decision_tree,3.298315347,3.479726217808695
ramularia_collo_cygni,decision_tree,3.24430407,3.1791870792681167
ramularia_collo_cygni,decision_tree,2.052194097,3.6421462436686656
ramularia_collo_cygni,decision_tree,3.936873726,3.732516840142858
ramularia_collo_cygni,decision_tree,4.984592729,3.7029059147817427
ramularia_collo_cygni,decision_tree,3.840652164,3.7029059147817427
ramularia_collo_cygni,decision_tree,3.818425112,3.5317879278156012
ramularia_collo_cygni,decision_tree,3.532386837,3.7029059147817427
ramularia_collo_cygni,decision_tree,3.216726866,3.520193354100612
ramularia_collo_cygni,decision_tree,3.579921635,3.479726217808695
ramularia_collo_cygni,decision_tree,3.236319367,3.7029059147817427
ramularia_collo_cygni,decision_tree,2.642613298,3.6783438476358006
ramularia_collo_cygni,decision_tree,4.354321111,3.479726217808695
ramularia_collo_cygni,decision_tree,5.614259509,2.95437039425
ramularia_collo_cygni,decision_tree,1.945137839,3.8891014408679254
ramularia_collo_cygni,decision_tree,4.225988032,3.7029059147817427
ramularia_collo_cygni,decision_tree,2.925201645,3.961712493824563
ramularia_collo_cygni,decision_tree,3.101281019,3.7029059147817427
ramularia_collo_cygni,decision_tree,5.535770599,3.6421462436686656
ramularia_collo_cygni,decision_tree,2.788529878,3.520193354100612
ramularia_collo_cygni,decision_tree,3.667776838,3.5317879278156012
ramularia_collo_cygni,decision_tree,4.24250557,3.376159350437275
ramularia_collo_cygni,decision_tree,3.543947456,3.479726217808695
ramularia_collo_cygni,decision_tree,1.943472971,3.7029059147817427
ramularia_collo_cygni,decision_tree,4.570598289,3.8263259052716516
ramularia_collo_cygni,decision_tree,4.197081682,3.479726217808695
ramularia_collo_cygni,decision_tree,2.653980556,3.6421462436686656
ramularia_collo_cygni,decision_tree,4.211633251,3.961712493824563
ramularia_collo_cygni,decision_tree,3.960757063,3.8891014408679254
ramularia_collo_cygni,decision_tree,3.834533361,3.1791870792681167
ramularia_collo_cygni,decision_tree,6.670582425,3.6421462436686656
ramularia_collo_cygni,decision_tree,2.482367824,3.7029059147817427
ramularia_collo_cygni,decision_tree,5.613125232,5.7253153392
ramularia_collo_cygni,decision_tree,5.076323998,3.1791870792681167
ramularia_collo_cygni,decision_tree,5.060772723,3.7029059147817427
ramularia_collo_cygni,decision_tree,5.766442162,4.1659608989230765
ramularia_collo_cygni,decision_tree,5.229388598,3.7029059147817427
ramularia_collo_cygni,decision_tree,3.412965916,3.520193354100612
ramularia_collo_cygni,decision_tree,3.825129378,3.8891014408679254
ramularia_collo_cygni,decision_tree,3.038109583,3.376159350437275
ramularia_collo_cygni,decision_tree,3.932260925,3.7029059147817427
ramularia_collo_cygni,decision_tree,3.323076629,3.6421462436686656
ramularia_collo_cygni,decision_tree,2.283147278,3.5317879278156012
ramularia_collo_cygni,decision_tree,2.764524705,3.5317879278156012
ramularia_collo_cygni,decision_tree,5.130832621,3.7029059147817427
ramularia_collo_cygni,decision_tree,4.614598134,3.520193354100612
ramularia_collo_cygni,decision_tree,4.120846027,3.6421462436686656
ramularia_collo_cygni,decision_tree,4.057256154,3.7029059147817427
ramularia_collo_cygni,decision_tree,5.018066575,3.479726217808695
ramularia_collo_cygni,decision_tree,4.203911834,3.520193354100612
ramularia_collo_cygni,decision_tree,3.350155655,3.520193354100612
ramularia_collo_cygni,decision_tree,2.700511078,3.520193354100612
ramularia_collo_cygni,decision_tree,5.435757346,3.479726217808695
ramularia_collo_cygni,decision_tree,5.744139393,3.6421462436686656
ramularia_collo_cygni,decision_tree,2.082386316,3.520193354100612
ramularia_collo_cygni,decision_tree,3.442166582,3.6421462436686656
ramularia_collo_cygni,decision_tree,2.633708499,3.6783438476358006
ramularia_collo_cygni,decision_tree,5.006632025,3.732516840142858
ramularia_collo_cygni,decision_tree,2.809406345,3.520193354100612
ramularia_collo_cygni,decision_tree,5.86691796,4.642958313764706
ramularia_collo_cygni,decision_tree,4.96490818,3.6661557153877555
ramularia_collo_cygni,decision_tree,4.361131337,3.520193354100612
ramularia_collo_cygni,decision_tree,3.186026337,3.7029059147817427
ramularia_collo_cygni,decision_tree,3.066823366,3.5317879278156012
ramularia_collo_cygni,decision_tree,3.271356448,3.479726217808695
ramularia_collo_cygni,decision_tree,3.242413327,3.6421462436686656
ramularia_collo_cygni,decision_tree,3.36176845,3.479726217808695
ramularia_collo_cygni,decision_tree,7.428986112,2.741132886458334
ramularia_collo_cygni,decision_tree,5.549428508,3.8290382353142856
ramularia_collo_cygni,decision_tree,3.244212607,3.170744388185187
ramularia_collo_cygni,decision_tree,4.244248246,3.520193354100612
ramularia_collo_cygni,decision_tree,4.317522933,3.5317879278156012
ramularia_collo_cygni,decision_tree,2.548050553,3.5317879278156012
ramularia_collo_cygni,decision_tree,4.031171262,3.7029059147817427
ramularia_collo_cygni,decision_tree,4.159968901,3.6421462436686656
ramularia_collo_cygni,decision_tree,2.386557644,3.376159350437275
ramularia_collo_cygni,decision_tree,2.49070038,3.479726217808695
ramularia_collo_cygni,decision_tree,4.014262556,3.520193354100612
ramularia_collo_cygni,decision_tree,4.053531802,3.6421462436686656
ramularia_collo_cygni,decision_tree,4.986592774,3.6421462436686656
ramularia_collo_cygni,decision_tree,5.128380095,3.8290382353142856
ramularia_collo_cygni,decision_tree,3.19479583,3.6661557153877555
ramularia_collo_cygni,decision_tree,3.961847816,3.520193354100612
ramularia_collo_cygni,decision_tree,5.172772762,3.1791870792681167
ramularia_collo_cygni,decision_tree,3.947623385,3.7029059147817427
ramularia_collo_cygni,decision_tree,3.871761849,3.6421462436686656
ramularia_collo_cygni,decision_tree,3.976043434,3.5317879278156012
ramularia_collo_cygni,decision_tree,3.498114796,3.479726217808695
ramularia_collo_cygni,decision_tree,2.097208233,3.6421462436686656
ramularia_collo_cygni,decision_tree,2.978758553,3.5317879278156012
ramularia_collo_cygni,decision_tree,3.092853738,3.7397331858714282
ramularia_collo_cygni,decision_tree,3.976198132,3.520193354100612
ramularia_collo_cygni,decision_tree,3.464276137,3.961712493824563
ramularia_collo_cygni,decision_tree,2.392332433,3.6421462436686656
ramularia_collo_cygni,decision_tree,1.564335835,3.7029059147817427
ramularia_collo_cygni,decision_tree,3.747707792,4.072221483863636
ramularia_collo_cygni,decision_tree,4.691661168,3.7397331858714282
ramularia_collo_cygni,decision_tree,5.685102941,3.7397331858714282
ramularia_collo_cygni,decision_tree,4.326022413,3.6783438476358006
ramularia_collo_cygni,decision_tree,6.181568149,3.6421462436686656
ramularia_collo_cygni,decision_tree,2.594955535,3.6421462436686656
ramularia_collo_cygni,decision_tree,3.422066567,3.8290382353142856
ramularia_collo_cygni,decision_tree,5.089783175,3.376159350437275
ramularia_collo_cygni,decision_tree,5.667261938,3.7397331858714282
ramularia_collo_cygni,decision_tree,4.703529731,5.018955569968751
ramularia_collo_cygni,decision_tree,3.936011539,3.8290382353142856
ramularia_collo_cygni,decision_tree,3.963781073,3.990203108113043
ramularia_collo_cygni,decision_tree,2.513943088,3.7029059147817427
ramularia_collo_cygni,decision_tree,4.816860958,3.7397331858714282
ramularia_collo_cygni,decision_tree,2.963390923,3.7397331858714282
ramularia_collo_cygni,decision_tree,4.415387441,3.7029059147817427
ramularia_collo_cygni,decision_tree,3.421875007,3.7029059147817427
ramularia_collo_cygni,decision_tree,3.091254785,3.6421462436686656
ramularia_collo_cygni,decision_tree,2.734206549,3.6421462436686656
ramularia_collo_cygni,decision_tree,4.641817846,3.479726217808695
ramularia_collo_cygni,decision_tree,2.753001933,3.8891014408679254
ramularia_collo_cygni,decision_tree,4.083835137,3.520193354100612
ramularia_collo_cygni,decision_tree,0.943149133,3.520193354100612
ramularia_collo_cygni,decision_tree,2.498818324,3.520193354100612
ramularia_collo_cygni,decision_tree,5.45167807,3.732516840142858
ramularia_collo_cygni,decision_tree,3.648534566,3.6421462436686656
ramularia_collo_cygni,decision_tree,3.242660677,3.6783438476358006
ramularia_collo_cygni,decision_tree,3.352884116,3.961712493824563
ramularia_collo_cygni,decision_tree,2.913844398,3.6421462436686656
ramularia_collo_cygni,decision_tree,2.945929577,3.479726217808695
ramularia_collo_cygni,decision_tree,3.782103229,3.6421462436686656
ramularia_collo_cygni,decision_tree,5.120479034,3.6421462436686656
ramularia_collo_cygni,decision_tree,5.343574256,4.884187248222222
ramularia_collo_cygni,decision_tree,6.860258267,3.8891014408679254
ramularia_collo_cygni,decision_tree,4.883654271,3.520193354100612
ramularia_collo_cygni,decision_tree,5.257686547,3.520193354100612
ramularia_collo_cygni,decision_tree,3.553791047,3.7029059147817427
ramularia_collo_cygni,decision_tree,5.662357093,3.7029059147817427
ramularia_collo_cygni,decision_tree,3.221431133,3.7029059147817427
ramularia_collo_cygni,decision_tree,3.432403154,3.5536015686999987
ramularia_collo_cygni,decision_tree,3.886985639,4.05456067782353
ramularia_collo_cygni,decision_tree,2.707898616,4.5236558003125005
ramularia_collo_cygni,decision_tree,2.025316763,3.520193354100612
ramularia_collo_cygni,decision_tree,5.86222209,3.376159350437275
ramularia_collo_cygni,decision_tree,5.662238007,3.6783438476358006
ramularia_collo_cygni,decision_tree,5.890842927,3.7029059147817427
ramularia_collo_cygni,decision_tree,3.277553284,3.6421462436686656
ramularia_collo_cygni,decision_tree,3.369604407,3.990203108113043
rhynchosporium,decision_tree,1.310326236,1.4129107367376244
rhynchosporium,decision_tree,1.344107518,1.7236719352719572
rhynchosporium,decision_tree,1.309002242,1.4912819725416673
rhynchosporium,decision_tree,1.324556844,1.60920621379669
rhynchosporium,decision_tree,1.312321401,1.7236719352719572
rhynchosporium,decision_tree,1.309149836,1.4912819725416673
rhynchosporium,decision_tree,1.316316184,1.4912819725416673
rhynchosporium,decision_tree,1.3057131,1.4912819725416673
rhynchosporium,decision_tree,1.30807905,1.6574414201910586
rhynchosporium,decision_tree,1.398461187,1.6493267227787611
rhynchosporium,decision_tree,1.347799677,1.60920621379669
rhynchosporium,decision_tree,1.255117837,1.4129107367376244
rhynchosporium,decision_tree,1.309443889,1.60920621379669
rhynchosporium,decision_tree,1.308237993,1.7236719352719572
rhynchosporium,decision_tree,1.309252336,1.7236719352719572
rhynchosporium,decision_tree,1.307989944,1.4129107367376244
rhynchosporium,decision_tree,1.301401881,1.6574414201910586
rhynchosporium,decision_tree,1.312510549,1.6574414201910586
rhynchosporium,decision_tree,1.308943569,1.4129107367376244
rhynchosporium,decision_tree,1.309306927,1.6574414201910586
rhynchosporium,decision_tree,1.308841766,1.7236719352719572
rhynchosporium,decision_tree,1.312800815,1.7236719352719572
rhynchosporium,decision_tree,1.310054512,1.4129107367376244
rhynchosporium,decision_tree,1.308703013,1.60920621379669
rhynchosporium,decision_tree,1.312103602,1.4129107367376244
rhynchosporium,decision_tree,1.314996021,1.4912819725416673
rhynchosporium,decision_tree,1.308676098,1.6574414201910586
rhynchosporium,decision_tree,1.32482464,1.7236719352719572
rhynchosporium,decision_tree,1.322951217,1.4129107367376244
rhynchosporium,decision_tree,1.267071087,1.4912819725416673
rhynchosporium,decision_tree,1.314265219,1.60920621379669
rhynchosporium,decision_tree,1.309905797,1.60920621379669
rhynchosporium,decision_tree,1.318010051,1.7236719352719572
rhynchosporium,decision_tree,1.322779797,1.4912819725416673
rhynchosporium,decision_tree,1.252998815,1.7236719352719572
rhynchosporium,decision_tree,1.316599262,1.7236719352719572
rhynchosporium,decision_tree,1.307150585,1.6574414201910586
rhynchosporium,decision_tree,1.315671734,1.6574414201910586
rhynchosporium,decision_tree,1.300729129,1.6574414201910586
rhynchosporium,decision_tree,1.310931866,1.60920621379669
rhynchosporium,decision_tree,1.316058707,1.7236719352719572
rhynchosporium,decision_tree,1.307164241,1.4129107367376244
rhynchosporium,decision_tree,1.290038545,1.4129107367376244
rhynchosporium,decision_tree,1.308237993,1.4129107367376244
rhynchosporium,decision_tree,1.316175088,1.60920621379669
rhynchosporium,decision_tree,1.81538176,1.6574414201910586
rhynchosporium,decision_tree,1.311018919,1.6574414201910586
rhynchosporium,decision_tree,1.307961342,1.7236719352719572
rhynchosporium,decision_tree,1.307469195,1.6574414201910586
rhynchosporium,decision_tree,1.268497884,1.60920621379669
rhynchosporium,decision_tree,1.305901404,1.6574414201910586
rhynchosporium,decision_tree,1.308050027,1.60920621379669
rhynchosporium,decision_tree,1.309096144,1.7236719352719572
rhynchosporium,decision_tree,1.308247643,1.6574414201910586
rhynchosporium,decision_tree,1.309079766,1.60920621379669
rhynchosporium,decision_tree,1.307694076,1.4912819725416673
rhynchosporium,decision_tree,1.309096144,1.60920621379669
rhynchosporium,decision_tree,1.313883603,1.4129107367376244
rhynchosporium,decision_tree,1.309006625,1.60920621379669
rhynchosporium,decision_tree,1.309212467,1.60920621379669
rhynchosporium,decision_tree,1.308198495,1.4912819725416673
rhynchosporium,decision_tree,1.315560425,1.4129107367376244
rhynchosporium,decision_tree,1.312120559,1.4912819725416673
rhynchosporium,decision_tree,1.808301646,1.60920621379669
rhynchosporium,decision_tree,1.328080852,1.7236719352719572
rhynchosporium,decision_tree,1.322951217,1.4912819725416673
rhynchosporium,decision_tree,1.308239795,1.60920621379669
rhynchosporium,decision_tree,1.278771807,1.60920621379669
rhynchosporium,decision_tree,1.329407666,1.4129107367376244
rhynchosporium,decision_tree,1.308260727,1.4129107367376244
rhynchosporium,decision_tree,1.275090296,1.60920621379669
rhynchosporium,decision_tree,1.307673316,1.4912819725416673
rhynchosporium,decision_tree,1.274338592,1.4912819725416673
rhynchosporium,decision_tree,1.30866066,1.4129107367376244
rhynchosporium,decision_tree,1.324421665,1.4129107367376244
rhynchosporium,decision_tree,1.307093272,1.4129107367376244
rhynchosporium,decision_tree,1.309095755,1.60920621379669
rhynchosporium,decision_tree,1.315213226,1.4912819725416673
rhynchosporium,decision_tree,1.315018532,1.60920621379669
rhynchosporium,decision_tree,1.258830292,1.4129107367376244
rhynchosporium,decision_tree,1.327624404,1.7236719352719572
rhynchosporium,decision_tree,1.317228039,1.4912819725416673
rhynchosporium,decision_tree,1.312866393,1.4912819725416673
rhynchosporium,decision_tree,1.309335211,1.60920621379669
rhynchosporium,decision_tree,1.342810291,1.4912819725416673
rhynchosporium,decision_tree,1.302186095,1.7236719352719572
rhynchosporium,decision_tree,1.306884244,1.60920621379669
rhynchosporium,decision_tree,1.310472929,1.7236719352719572
rhynchosporium,decision_tree,1.308016728,1.60920621379669
rhynchosporium,decision_tree,2.827815956,1.4129107367376244
rhynchosporium,decision_tree,1.300518857,1.4129107367376244
rhynchosporium,decision_tree,1.252689086,1.7236719352719572
rhynchosporium,decision_tree,1.313219661,1.4912819725416673
rhynchosporium,decision_tree,1.313806303,1.4129107367376244
rhynchosporium,decision_tree,1.31361679,1.4912819725416673
rhynchosporium,decision_tree,1.310758946,1.7236719352719572
rhynchosporium,decision_tree,1.309051787,1.60920621379669
rhynchosporium,decision_tree,1.308016728,1.4912819725416673
rhynchosporium,decision_tree,1.308494695,1.7236719352719572
rhynchosporium,decision_tree,1.667037446,1.4129107367376244
rhynchosporium,decision_tree,1.308143677,1.60920621379669
rhynchosporium,decision_tree,1.310023317,1.60920621379669
rhynchosporium,decision_tree,1.310350169,1.6574414201910586
rhynchosporium,decision_tree,1.327478504,1.6574414201910586
rhynchosporium,decision_tree,1.322836722,1.4912819725416673
rhynchosporium,decision_tree,1.30752193,1.6574414201910586
rhynchosporium,decision_tree,1.315414499,1.4912819725416673
rhynchosporium,decision_tree,1.31653304,1.60920621379669
rhynchosporium,decision_tree,1.272442298,1.4129107367376244
rhynchosporium,decision_tree,1.279118075,1.60920621379669
rhynchosporium,decision_tree,1.308947469,1.4912819725416673
rhynchosporium,decision_tree,1.308369146,1.6574414201910586
rhynchosporium,decision_tree,1.339424681,1.7236719352719572
rhynchosporium,decision_tree,1.316674426,1.60920621379669
rhynchosporium,decision_tree,1.309926121,1.4129107367376244
rhynchosporium,decision_tree,1.309306927,1.6574414201910586
rhynchosporium,decision_tree,1.309890252,1.4129107367376244
rhynchosporium,decision_tree,1.314600533,1.4129107367376244
rhynchosporium,decision_tree,1.273468868,1.4912819725416673
rhynchosporium,decision_tree,1.308904143,1.6574414201910586
rhynchosporium,decision_tree,1.253999664,1.4912819725416673
rhynchosporium,decision_tree,1.308713182,1.7236719352719572
rhynchosporium,decision_tree,1.285008082,1.6574414201910586
rhynchosporium,decision_tree,1.328948698,1.6574414201910586
rhynchosporium,decision_tree,1.308096772,1.6574414201910586
rhynchosporium,decision_tree,1.308621299,1.4129107367376244
rhynchosporium,decision_tree,1.31146662,1.4129107367376244
rhynchosporium,decision_tree,1.301544971,1.6574414201910586
rhynchosporium,decision_tree,1.51603867,1.60920621379669
rhynchosporium,decision_tree,0.937511538,1.7236719352719572
rhynchosporium,decision_tree,1.079658797,1.7236719352719572
rhynchosporium,decision_tree,1.677442248,1.6948068017366333
rhynchosporium,decision_tree,1.079658759,1.6948068017366333
rhynchosporium,decision_tree,1.286671559,1.6948068017366333
rhynchosporium,decision_tree,1.795364238,1.7236719352719572
rhynchosporium,decision_tree,1.166565918,1.6493267227787611
rhynchosporium,decision_tree,1.23174408,1.60920621379669
rhynchosporium,decision_tree,1.373891306,1.6493267227787611
rhynchosporium,decision_tree,1.291022042,1.60920621379669
rhynchosporium,decision_tree,1.037759143,1.60920621379669
rhynchosporium,decision_tree,1.917653567,1.6948068017366333
rhynchosporium,decision_tree,3.179617596,1.60920621379669
rhynchosporium,decision_tree,1.295372633,1.6574414201910586
rhynchosporium,decision_tree,1.084627797,1.6574414201910586
rhynchosporium,decision_tree,1.226775079,1.6493267227787611
rhynchosporium,decision_tree,1.286671565,1.6493267227787611
rhynchosporium,decision_tree,1.286671546,1.6574414201910586
rhynchosporium,decision_tree,1.166565887,1.6574414201910586
rhynchosporium,decision_tree,1.368922367,1.6948068017366333
rhynchosporium,decision_tree,1.03775914,1.6574414201910586
rhynchosporium,decision_tree,2.50610068,1.6574414201910586
rhynchosporium,decision_tree,1.27106203,1.6574414201910586
rhynchosporium,decision_tree,1.511069701,1.6574414201910586
rhynchosporium,decision_tree,1.162215282,1.6948068017366333
rhynchosporium,decision_tree,1.663078025,1.6574414201910586
rhynchosporium,decision_tree,1.291022078,1.6493267227787611
rhynchosporium,decision_tree,1.226775054,1.60920621379669
rhynchosporium,decision_tree,1.084627821,1.6574414201910586
rhynchosporium,decision_tree,2.299723209,1.60920621379669
rhynchosporium,decision_tree,1.037759175,1.7236719352719572
rhynchosporium,decision_tree,0.937511516,1.6574414201910586
rhynchosporium,decision_tree,1.664390598,1.7236719352719572
rhynchosporium,decision_tree,1.404219362,1.6574414201910586
rhynchosporium,decision_tree,1.937511561,1.6948068017366333
rhynchosporium,decision_tree,1.521488009,1.6948068017366333
rhynchosporium,decision_tree,1.150956341,1.6493267227787611
rhynchosporium,decision_tree,1.084627763,1.7236719352719572
rhynchosporium,decision_tree,1.166565869,1.6948068017366333
rhynchosporium,decision_tree,1.524324946,1.60920621379669
rhynchosporium,decision_tree,6.158751803,1.4129107367376244
rhynchosporium,decision_tree,1.95241852,1.7236719352719572
rhynchosporium,decision_tree,1.544285,1.6574414201910586
rhynchosporium,decision_tree,0.937511479,1.6948068017366333
rhynchosporium,decision_tree,2.061187515,1.6948068017366333
rhynchosporium,decision_tree,1.291022057,1.60920621379669
rhynchosporium,decision_tree,2.226775064,1.6574414201910586
rhynchosporium,decision_tree,1.368922407,1.6948068017366333
rhynchosporium,decision_tree,1.773237299,1.6493267227787611
rhynchosporium,decision_tree,2.299723207,1.60920621379669
rhynchosporium,decision_tree,1.800333245,1.6948068017366333
rhynchosporium,decision_tree,1.544284931,1.6574414201910586
rhynchosporium,decision_tree,1.363953375,1.6948068017366333
rhynchosporium,decision_tree,1.162215353,1.6493267227787611
rhynchosporium,decision_tree,1.668123863,1.6574414201910586
rhynchosporium,decision_tree,1.399868796,1.60920621379669
rhynchosporium,decision_tree,1.648781129,1.6948068017366333
rhynchosporium,decision_tree,1.02214961,1.6574414201910586
rhynchosporium,decision_tree,1.037759133,1.7236719352719572
rhynchosporium,decision_tree,1.03775913,1.6948068017366333
rhynchosporium,decision_tree,1.275412633,1.7236719352719572
rhynchosporium,decision_tree,1.419828814,1.6574414201910586
rhynchosporium,decision_tree,1.552986156,1.6574414201910586
rhynchosporium,decision_tree,1.291022071,1.60920621379669
rhynchosporium,decision_tree,1.926354595,1.6948068017366333
rhynchosporium,decision_tree,1.437846618,1.6574414201910586
rhynchosporium,decision_tree,0.937511523,1.6574414201910586
rhynchosporium,decision_tree,1.415478252,1.6493267227787611
rhynchosporium,decision_tree,1.913303026,1.6574414201910586
rhynchosporium,decision_tree,1.816741229,1.60920621379669
rhynchosporium,decision_tree,1.226775117,1.60920621379669
rhynchosporium,decision_tree,1.221806107,1.7236719352719572
rhynchosporium,decision_tree,2.521007615,1.7236719352719572
rhynchosporium,decision_tree,1.516038669,1.6574414201910586
rhynchosporium,decision_tree,1.51603864,1.6948068017366333
rhynchosporium,decision_tree,1.810271116,1.6493267227787611
rhynchosporium,decision_tree,1.653216953,1.7236719352719572
rhynchosporium,decision_tree,2.777628285,1.7236719352719572
rhynchosporium,decision_tree,1.279763126,1.6574414201910586
rhynchosporium,decision_tree,1.653216943,1.60920621379669
rhynchosporium,decision_tree,1.43784663,1.60920621379669
rhynchosporium,decision_tree,1.777587875,1.60920621379669
rhynchosporium,decision_tree,1.216484223,1.6493267227787611
rhynchosporium,decision_tree,1.037759125,1.6948068017366333
rhynchosporium,decision_tree,1.769890301,1.6493267227787611
rhynchosporium,decision_tree,2.162215319,1.6948068017366333
rhynchosporium,decision_tree,1.166565905,1.6493267227787611
rhynchosporium,decision_tree,1.291022093,1.7236719352719572
rhynchosporium,decision_tree,1.079658848,1.7236719352719572
rhynchosporium,decision_tree,2.40856985,1.60920621379669
rhynchosporium,decision_tree,1.937511479,1.7236719352719572
rhynchosporium,decision_tree,1.926354621,1.60920621379669
rhynchosporium,decision_tree,1.415478213,1.6493267227787611
rhynchosporium,decision_tree,1.788846803,1.6948068017366333
rhynchosporium,decision_tree,1.331034388,1.6493267227787611
rhynchosporium,decision_tree,2.299723204,1.7236719352719572
rhynchosporium,decision_tree,1.947506556,1.6574414201910586
rhynchosporium,decision_tree,1.079658805,1.6574414201910586
rhynchosporium,decision_tree,1.55239688,2.0165466607867297
rhynchosporium,decision_tree,1.101933874,1.6948068017366333
rhynchosporium,decision_tree,1.08462778,1.6574414201910586
rhynchosporium,decision_tree,1.4111277,1.7236719352719572
rhynchosporium,decision_tree,1.291022039,1.60920621379669
rhynchosporium,decision_tree,1.363953384,1.7236719352719572
rhynchosporium,decision_tree,1.212615101,1.7236719352719572
rhynchosporium,decision_tree,1.511069629,1.6948068017366333
rhynchosporium,decision_tree,1.937511524,1.6493267227787611
rhynchosporium,decision_tree,1.231744048,1.6948068017366333
rhynchosporium,decision_tree,1.216484127,1.60920621379669
rhynchosporium,decision_tree,1.404219404,1.6493267227787611
rhynchosporium,decision_tree,6.459407529,1.4912819725416673
rhynchosporium,decision_tree,1.468817719,1.7236719352719572
rhynchosporium,decision_tree,1.216484168,1.7236719352719572
rhynchosporium,decision_tree,1.162215357,1.7236719352719572
rhynchosporium,decision_tree,1.552986087,1.60920621379669
rhynchosporium,decision_tree,1.022149615,1.6493267227787611
rhynchosporium,decision_tree,1.150956396,1.6574414201910586
rhynchosporium,decision_tree,1.037759195,1.6574414201910586
rhynchosporium,decision_tree,1.084627815,1.60920621379669
rhynchosporium,decision_tree,1.415478249,1.6493267227787611
rhynchosporium,decision_tree,1.368922286,1.6493267227787611
rhynchosporium,decision_tree,1.668123855,1.6493267227787611
rhynchosporium,decision_tree,6.459407487,1.4129107367376244
rhynchosporium,decision_tree,1.166565898,1.7236719352719572
rhynchosporium,decision_tree,1.820929035,1.6574414201910586
rhynchosporium,decision_tree,1.226775013,1.6493267227787611
rhynchosporium,decision_tree,1.415478216,1.6574414201910586
rhynchosporium,decision_tree,1.275412589,1.60920621379669
rhynchosporium,decision_tree,1.561187543,1.6948068017366333
rhynchosporium,decision_tree,1.216484175,1.7236719352719572
rhynchosporium,decision_tree,2.224399466,2.0165466607867297
rhynchosporium,decision_tree,1.037759159,1.6493267227787611
rhynchosporium,decision_tree,1.08462777,1.6493267227787611
rhynchosporium,decision_tree,3.393767266,1.6574414201910586
rhynchosporium,decision_tree,1.373891396,1.6574414201910586
rhynchosporium,decision_tree,6.459407488,1.4129107367376244
rhynchosporium,decision_tree,1.368922349,1.60920621379669
rhynchosporium,decision_tree,2.166565885,1.6493267227787611
rhynchosporium,decision_tree,1.373891317,1.7236719352719572
rhynchosporium,decision_tree,1.295372638,1.6574414201910586
rhynchosporium,decision_tree,1.275412571,1.7236719352719572
rhynchosporium,decision_tree,1.913303013,1.60920621379669
rhynchosporium,decision_tree,1.399868752,1.6948068017366333
rhynchosporium,decision_tree,1.295372592,1.6948068017366333
rhynchosporium,decision_tree,1.363953381,1.60920621379669
rhynchosporium,decision_tree,1.788846828,1.6948068017366333
rhynchosporium,decision_tree,1.037759186,1.60920621379669
rhynchosporium,decision_tree,1.331034461,1.7236719352719572
rhynchosporium,decision_tree,1.895068956,1.60920621379669
rhynchosporium,decision_tree,0.937511542,1.6948068017366333
rhynchosporium,decision_tree,1.291022061,1.6574414201910586
rhynchosporium,decision_tree,1.327165361,1.6493267227787611
rhynchosporium,decision_tree,1.162215314,1.6493267227787611
rhynchosporium,decision_tree,1.539934443,1.7236719352719572
rhynchosporium,decision_tree,1.942480466,1.6574414201910586
rhynchosporium,decision_tree,2.815240088,1.6948068017366333
rhynchosporium,decision_tree,1.022149652,1.6493267227787611
rhynchosporium,decision_tree,1.331034471,1.60920621379669
rhynchosporium,decision_tree,1.441715617,1.6574414201910586
rhynchosporium,decision_tree,2.286671505,1.7236719352719572
rhynchosporium,decision_tree,1.162215317,1.60920621379669
rhynchosporium,decision_tree,2.271062039,1.6493267227787611
rhynchosporium,decision_tree,2.937511467,1.6948068017366333
rhynchosporium,decision_tree,1.411127733,1.60920621379669
rhynchosporium,decision_tree,1.32716541,1.6574414201910586
rhynchosporium,decision_tree,1.231744003,1.6493267227787611
rhynchosporium,decision_tree,1.084627807,1.7236719352719572
rhynchosporium,decision_tree,1.942480435,1.60920621379669
rhynchosporium,decision_tree,2.00285975,1.6574414201910586
rhynchosporium,decision_tree,1.310662828,1.60920621379669
rhynchosporium,decision_tree,1.345295665,1.60920621379669
rhynchosporium,decision_tree,1.308152926,1.6948068017366333
rhynchosporium,decision_tree,1.329615671,2.495498842185185
rhynchosporium,decision_tree,1.309136661,1.6948068017366333
rhynchosporium,decision_tree,1.347090622,1.6574414201910586
rhynchosporium,decision_tree,1.345964928,1.6574414201910586
rhynchosporium,decision_tree,1.32218118,1.6493267227787611
rhynchosporium,decision_tree,1.312014403,1.6493267227787611
rhynchosporium,decision_tree,1.345987229,2.697362928
rhynchosporium,decision_tree,1.376770695,2.7842935886875004
rhynchosporium,decision_tree,1.361658452,1.6493267227787611
rhynchosporium,decision_tree,1.373389813,2.0165466607867297
rhynchosporium,decision_tree,1.307816663,1.6948068017366333
rhynchosporium,decision_tree,1.31737709,1.4912819725416673
rhynchosporium,decision_tree,1.309189968,1.6574414201910586
rhynchosporium,decision_tree,2.349505539,1.4912819725416673
rhynchosporium,decision_tree,1.3471061,1.7236719352719572
rhynchosporium,decision_tree,1.343521037,1.4129107367376244
rhynchosporium,decision_tree,1.328575392,1.7236719352719572
rhynchosporium,decision_tree,1.339987066,1.60920621379669
rhynchosporium,decision_tree,1.345611308,1.60920621379669
rhynchosporium,decision_tree,1.343836725,1.6574414201910586
rhynchosporium,decision_tree,1.347981651,1.6493267227787611
rhynchosporium,decision_tree,1.346664439,1.6574414201910586
rhynchosporium,decision_tree,1.3438632,1.60920621379669
rhynchosporium,decision_tree,1.361658452,1.6948068017366333
rhynchosporium,decision_tree,1.343884369,1.6574414201910586
rhynchosporium,decision_tree,1.308494695,1.6948068017366333
rhynchosporium,decision_tree,1.34529899,1.60920621379669
rhynchosporium,decision_tree,1.34599483,1.60920621379669
rhynchosporium,decision_tree,1.346448141,2.0165466607867297
rhynchosporium,decision_tree,1.344630982,1.7236719352719572
rhynchosporium,decision_tree,1.344338755,1.60920621379669
rhynchosporium,decision_tree,2.298577029,1.60920621379669
rhynchosporium,decision_tree,1.331018761,3.36699155325
rhynchosporium,decision_tree,1.30814784,3.36699155325
rhynchosporium,decision_tree,1.307463626,1.6948068017366333
rhynchosporium,decision_tree,1.358698169,1.60920621379669
rhynchosporium,decision_tree,1.356796248,1.7236719352719572
rhynchosporium,decision_tree,1.362765677,1.4129107367376244
rhynchosporium,decision_tree,1.315504218,1.7236719352719572
rhynchosporium,decision_tree,1.320015099,1.4129107367376244
rhynchosporium,decision_tree,1.343894857,1.6574414201910586
rhynchosporium,decision_tree,1.358698169,1.60920621379669
rhynchosporium,decision_tree,1.372354411,1.7236719352719572
rhynchosporium,decision_tree,1.361337796,2.0165466607867297
rhynchosporium,decision_tree,1.3438632,1.6574414201910586
rhynchosporium,decision_tree,1.320043805,1.60920621379669
rhynchosporium,decision_tree,1.362765677,1.7236719352719572
rhynchosporium,decision_tree,1.346453976,1.6574414201910586
rhynchosporium,decision_tree,1.343884369,1.6574414201910586
rhynchosporium,decision_tree,1.673626471,2.0165466607867297
rhynchosporium,decision_tree,1.343290102,2.0165466607867297
rhynchosporium,decision_tree,1.345964928,1.6493267227787611
rhynchosporium,decision_tree,1.345987229,1.6574414201910586
rhynchosporium,decision_tree,1.347090622,1.6493267227787611
rhynchosporium,decision_tree,1.344101569,2.0165466607867297
rhynchosporium,decision_tree,1.361759762,1.6948068017366333
rhynchosporium,decision_tree,1.307594555,2.0165466607867297
rhynchosporium,decision_tree,1.345419789,1.7236719352719572
rhynchosporium,decision_tree,1.38064486,1.60920621379669
rhynchosporium,decision_tree,1.347090622,1.6948068017366333
rhynchosporium,decision_tree,1.274000406,1.60920621379669
rhynchosporium,decision_tree,1.342984828,2.0165466607867297
rhynchosporium,decision_tree,1.358510891,1.6948068017366333
rhynchosporium,decision_tree,1.344116137,1.6574414201910586
rhynchosporium,decision_tree,1.308874274,3.36699155325
rhynchosporium,decision_tree,1.868275097,1.6948068017366333
rhynchosporium,decision_tree,1.261762696,1.4912819725416673
rhynchosporium,decision_tree,1.343290102,1.6948068017366333
rhynchosporium,decision_tree,1.418277421,1.6574414201910586
rhynchosporium,decision_tree,1.342365499,2.0165466607867297
rhynchosporium,decision_tree,1.348299515,1.4912819725416673
rhynchosporium,decision_tree,1.324382238,1.6574414201910586
rhynchosporium,decision_tree,1.313470676,1.7236719352719572
rhynchosporium,decision_tree,1.30761712,1.6574414201910586
rhynchosporium,decision_tree,1.348299515,1.6948068017366333
rhynchosporium,decision_tree,1.30840155,1.7236719352719572
rhynchosporium,decision_tree,3.345611308,1.60920621379669
rhynchosporium,decision_tree,1.316608886,1.7236719352719572
rhynchosporium,decision_tree,1.309275417,1.7236719352719572
rhynchosporium,decision_tree,1.358530138,1.60920621379669
rhynchosporium,decision_tree,1.361658452,1.60920621379669
rhynchosporium,decision_tree,1.520433454,1.6948068017366333
rhynchosporium,decision_tree,1.345221174,1.4129107367376244
rhynchosporium,decision_tree,1.344338755,1.7236719352719572
rhynchosporium,decision_tree,1.330384449,1.7236719352719572
rhynchosporium,decision_tree,1.345010008,1.7236719352719572
rhynchosporium,decision_tree,1.361337796,1.7236719352719572
rhynchosporium,decision_tree,1.307741567,1.6493267227787611
rhynchosporium,decision_tree,1.344195959,2.0165466607867297
rhynchosporium,decision_tree,1.308810999,1.60920621379669
rhynchosporium,decision_tree,1.345005202,1.7236719352719572
rhynchosporium,decision_tree,1.347981651,1.7236719352719572
rhynchosporium,decision_tree,1.345164609,1.6948068017366333
rhynchosporium,decision_tree,1.346664439,1.60920621379669
rhynchosporium,decision_tree,1.343825587,1.6948068017366333
rhynchosporium,decision_tree,1.342365499,1.4129107367376244
rhynchosporium,decision_tree,1.346685288,1.7236719352719572
rhynchosporium,decision_tree,1.3438632,1.4912819725416673
rhynchosporium,decision_tree,1.345005202,1.6574414201910586
rhynchosporium,decision_tree,1.348299515,1.6574414201910586
rhynchosporium,decision_tree,1.345221174,1.7236719352719572
rhynchosporium,decision_tree,1.342365499,1.7236719352719572
rhynchosporium,decision_tree,1.345005202,1.6574414201910586
rhynchosporium,decision_tree,1.34529899,1.60920621379669
rhynchosporium,decision_tree,1.31157668,1.60920621379669
rhynchosporium,decision_tree,1.34098313,1.7236719352719572
rhynchosporium,decision_tree,1.345010008,1.6574414201910586
rhynchosporium,decision_tree,1.307140951,1.6948068017366333
rhynchosporium,decision_tree,1.308295119,1.60920621379669
rhynchosporium,decision_tree,1.345164609,1.7236719352719572
rhynchosporium,decision_tree,1.362765677,2.7842935886875004
rhynchosporium,decision_tree,1.345112701,1.4129107367376244
rhynchosporium,decision_tree,1.308095006,3.36699155325
rhynchosporium,decision_tree,2.267762271,1.6574414201910586
rhynchosporium,decision_tree,1.254449435,1.6574414201910586
rhynchosporium,decision_tree,1.343894857,1.6948068017366333
rhynchosporium,decision_tree,1.28543033,1.6948068017366333
rhynchosporium,decision_tree,1.361759762,1.7236719352719572
rhynchosporium,decision_tree,1.373389813,1.6574414201910586
rhynchosporium,decision_tree,1.273772365,1.60920621379669
rhynchosporium,decision_tree,1.344195959,1.6574414201910586
rhynchosporium,decision_tree,1.343836725,1.6948068017366333
rhynchosporium,decision_tree,1.352646083,2.0651709808076926
rhynchosporium,decision_tree,1.343825587,1.60920621379669
rhynchosporium,decision_tree,1.345221174,1.60920621379669
rhynchosporium,decision_tree,1.362108974,1.6948068017366333
rhynchosporium,decision_tree,1.343521037,2.0165466607867297
rhynchosporium,decision_tree,1.345221174,1.6493267227787611
rhynchosporium,decision_tree,1.362108974,1.60920621379669
rhynchosporium,decision_tree,1.413527402,2.7842935886875004
rhynchosporium,decision_tree,1.308756762,1.6948068017366333
rhynchosporium,decision_tree,1.345955249,2.0165466607867297
rhynchosporium,decision_tree,1.345548918,1.60920621379669
rhynchosporium,decision_tree,1.376770695,1.6948068017366333
rhynchosporium,decision_tree,1.343521037,2.0165466607867297
rhynchosporium,decision_tree,2.298577029,1.6493267227787611
rhynchosporium,decision_tree,1.3471061,1.6574414201910586
rhynchosporium,decision_tree,1.362724719,1.6574414201910586
rhynchosporium,decision_tree,1.373389813,2.0165466607867297
rhynchosporium,decision_tree,1.343775605,1.6948068017366333
rhynchosporium,decision_tree,1.344116137,1.7236719352719572
rhynchosporium,decision_tree,1.268581383,2.0165466607867297
rhynchosporium,decision_tree,1.362108974,1.6574414201910586
rhynchosporium,decision_tree,1.344101569,2.0926149074285716
rhynchosporium,decision_tree,1.352646083,1.6493267227787611
rhynchosporium,decision_tree,1.344003723,1.4129107367376244
rhynchosporium,decision_tree,1.347090622,2.0165466607867297
rhynchosporium,decision_tree,1.342828272,2.0165466607867297
rhynchosporium,decision_tree,1.343290102,1.60920621379669
rhynchosporium,decision_tree,1.343290102,1.6948068017366333
rhynchosporium,decision_tree,1.34529899,1.60920621379669
rhynchosporium,decision_tree,1.347981651,1.6574414201910586
rhynchosporium,decision_tree,1.329598578,1.60920621379669
rhynchosporium,decision_tree,1.342040205,1.6948068017366333
rhynchosporium,decision_tree,1.872196484,1.7236719352719572
rhynchosporium,decision_tree,1.345010008,1.6948068017366333
rhynchosporium,decision_tree,1.345221174,2.7842935886875004
rhynchosporium,decision_tree,1.344003723,1.60920621379669
rhynchosporium,decision_tree,1.343661201,1.7236719352719572
rhynchosporium,decision_tree,1.346664439,1.7236719352719572
rhynchosporium,decision_tree,1.324382238,1.7236719352719572
rhynchosporium,decision_tree,1.34599483,2.0165466607867297
rhynchosporium,decision_tree,1.404285801,1.6574414201910586
rhynchosporium,decision_tree,1.346689537,2.0165466607867297
rhynchosporium,decision_tree,1.330384449,2.0165466607867297
rhynchosporium,decision_tree,1.346685288,1.7236719352719572
rhynchosporium,decision_tree,1.32789758,1.60920621379669
rhynchosporium,decision_tree,1.319540847,1.4129107367376244
rhynchosporium,decision_tree,1.376770695,1.6574414201910586
rhynchosporium,decision_tree,1.34529899,2.495498842185185
rhynchosporium,decision_tree,1.345955249,1.7236719352719572
rhynchosporium,decision_tree,1.347090622,1.7236719352719572
rhynchosporium,decision_tree,1.344116137,1.6948068017366333
rhynchosporium,decision_tree,1.345164609,1.7236719352719572
rhynchosporium,decision_tree,1.346448141,1.6948068017366333
rhynchosporium,decision_tree,1.345987229,1.6574414201910586
rhynchosporium,decision_tree,1.376770695,1.60920621379669
rhynchosporium,decision_tree,1.34599483,2.697362928
rhynchosporium,decision_tree,1.346689537,2.0651709808076926
rhynchosporium,decision_tree,1.344630982,1.6574414201910586
rhynchosporium,decision_tree,3.343199505,1.6493267227787611
rhynchosporium,decision_tree,1.344116137,1.60920621379669
rhynchosporium,decision_tree,1.329598578,1.6948068017366333
rhynchosporium,decision_tree,1.347981651,1.7236719352719572
rhynchosporium,decision_tree,1.343894857,1.6948068017366333
rhynchosporium,decision_tree,1.343836725,2.0165466607867297
rhynchosporium,decision_tree,1.370487668,1.4129107367376244
rhynchosporium,decision_tree,1.346689537,1.6574414201910586
rhynchosporium,decision_tree,1.345112701,1.6574414201910586
rhynchosporium,decision_tree,1.345548918,1.6493267227787611
rhynchosporium,decision_tree,1.345548918,1.6948068017366333
rhynchosporium,decision_tree,1.358530138,1.7236719352719572
rhynchosporium,decision_tree,1.342984828,1.60920621379669
rhynchosporium,decision_tree,1.307571682,1.4129107367376244
rhynchosporium,decision_tree,1.367352762,1.6948068017366333
rhynchosporium,decision_tree,1.345987229,1.7236719352719572
rhynchosporium,decision_tree,1.344640469,1.4912819725416673
rhynchosporium,decision_tree,1.342365499,1.6948068017366333
rhynchosporium,decision_tree,1.274951367,1.3391125025555555
rhynchosporium,decision_tree,1.345955249,1.6948068017366333
rhynchosporium,decision_tree,1.362108974,1.60920621379669
rhynchosporium,decision_tree,1.3471061,1.7236719352719572
rhynchosporium,decision_tree,1.859770775,1.6574414201910586
rhynchosporium,decision_tree,1.323171999,1.60920621379669
rhynchosporium,decision_tree,1.345964928,1.7236719352719572
rhynchosporium,decision_tree,1.376770695,1.6493267227787611
rhynchosporium,decision_tree,1.345419789,1.6493267227787611
rhynchosporium,decision_tree,1.343836725,1.7236719352719572
rhynchosporium,decision_tree,1.343884369,1.7236719352719572
rhynchosporium,decision_tree,1.346448141,1.7236719352719572
rhynchosporium,decision_tree,1.344640469,1.6574414201910586
rhynchosporium,decision_tree,1.308160209,1.6948068017366333
rhynchosporium,decision_tree,1.373389813,1.4912819725416673
rhynchosporium,decision_tree,1.346448141,1.60920621379669
rhynchosporium,decision_tree,1.344003723,1.6574414201910586
rhynchosporium,decision_tree,1.343775605,1.4129107367376244
rhynchosporium,decision_tree,1.345221174,1.6574414201910586
rhynchosporium,decision_tree,1.352646083,1.4129107367376244
rhynchosporium,decision_tree,1.342528747,2.0165466607867297
rhynchosporium,decision_tree,1.323413606,1.7236719352719572
rhynchosporium,decision_tree,1.308576545,1.4129107367376244
rhynchosporium,decision_tree,1.358698169,1.6493267227787611
rhynchosporium,decision_tree,1.398877693,1.60920621379669
rhynchosporium,decision_tree,1.349505539,1.7236719352719572
rhynchosporium,decision_tree,1.34098313,1.60920621379669
rhynchosporium,decision_tree,1.306815206,1.4912819725416673
rhynchosporium,decision_tree,1.659224765,2.697362928
rhynchosporium,decision_tree,1.349505539,1.60920621379669
rhynchosporium,decision_tree,1.34599483,1.60920621379669
rhynchosporium,decision_tree,1.345987229,1.6493267227787611
rhynchosporium,decision_tree,1.345964928,1.60920621379669
rhynchosporium,decision_tree,1.342828272,1.6493267227787611
rhynchosporium,decision_tree,1.300292809,1.4912819725416673
rhynchosporium,decision_tree,1.345164609,3.36699155325
rhynchosporium,decision_tree,1.345240852,1.60920621379669
rhynchosporium,decision_tree,1.307943939,2.0165466607867297
rhynchosporium,decision_tree,1.309751459,1.6574414201910586
rhynchosporium,decision_tree,1.273468868,1.60920621379669
rhynchosporium,decision_tree,1.370487668,1.4912819725416673
rhynchosporium,decision_tree,1.31727149,1.7236719352719572
rhynchosporium,decision_tree,3.344302198,1.60920621379669
rhynchosporium,decision_tree,1.343884369,1.6493267227787611
rhynchosporium,decision_tree,1.345221174,1.60920621379669
rhynchosporium,decision_tree,1.345955249,1.6948068017366333
rhynchosporium,decision_tree,1.373389813,1.6948068017366333
rhynchosporium,decision_tree,1.34298733,1.7236719352719572
rhynchosporium,decision_tree,1.372354411,1.6948068017366333
rhynchosporium,decision_tree,1.345611308,1.60920621379669
rhynchosporium,decision_tree,1.346689537,1.60920621379669
rhynchosporium,decision_tree,1.254267769,1.6574414201910586
rhynchosporium,decision_tree,1.267762271,1.4912819725416673
rhynchosporium,decision_tree,1.308397703,1.4912819725416673
rhynchosporium,decision_tree,2.321384749,1.7236719352719572
rhynchosporium,decision_tree,1.343825587,1.3391125025555555
rhynchosporium,decision_tree,1.342984828,1.7236719352719572
rhynchosporium,decision_tree,1.345964928,1.7236719352719572
rhynchosporium,decision_tree,1.301161561,1.6493267227787611
rhynchosporium,decision_tree,1.344101569,2.0165466607867297
rhynchosporium,decision_tree,1.343661201,1.6948068017366333
rhynchosporium,decision_tree,1.344630982,1.60920621379669
rhynchosporium,decision_tree,1.308025907,1.3391125025555555
rhynchosporium,decision_tree,1.362765677,1.7236719352719572
rhynchosporium,decision_tree,1.358698169,1.7236719352719572
rhynchosporium,decision_tree,1.307560079,1.7236719352719572
rhynchosporium,decision_tree,1.3471061,1.7236719352719572
rhynchosporium,decision_tree,1.345112701,2.0165466607867297
rhynchosporium,decision_tree,1.360066546,1.4129107367376244
rhynchosporium,decision_tree,1.345010008,2.0651709808076926
rhynchosporium,decision_tree,1.418277421,1.6574414201910586
rhynchosporium,decision_tree,1.307535089,1.6948068017366333
rhynchosporium,decision_tree,1.345611308,2.495498842185185
rhynchosporium,decision_tree,1.34298733,1.60920621379669
rhynchosporium,decision_tree,1.345955249,1.7236719352719572
rhynchosporium,decision_tree,1.352646083,1.7236719352719572
rhynchosporium,decision_tree,3.358510891,1.6948068017366333
rhynchosporium,decision_tree,1.312579352,1.6948068017366333
rhynchosporium,decision_tree,1.309600007,1.7236719352719572
rhynchosporium,decision_tree,1.329598578,1.4129107367376244
rhynchosporium,decision_tree,1.343661201,1.6574414201910586
rhynchosporium,decision_tree,1.366050664,1.6948068017366333
rhynchosporium,decision_tree,1.306632111,2.697362928
rhynchosporium,decision_tree,1.344640469,1.6493267227787611
rhynchosporium,decision_tree,1.342040205,1.4912819725416673
rhynchosporium,decision_tree,1.342528747,1.6493267227787611
rhynchosporium,decision_tree,1.346453976,1.4912819725416673
rhynchosporium,decision_tree,1.345005202,1.6574414201910586
rhynchosporium,decision_tree,1.344338755,1.4912819725416673
rhynchosporium,decision_tree,3.329598578,2.697362928
rhynchosporium,decision_tree,1.343290102,1.60920621379669
rhynchosporium,decision_tree,1.345419789,1.4912819725416673
rhynchosporium,decision_tree,1.340082861,1.6493267227787611
rhynchosporium,decision_tree,1.343199505,1.7236719352719572
rhynchosporium,decision_tree,1.308804498,1.4912819725416673
rhynchosporium,decision_tree,1.308716982,1.60920621379669
rhynchosporium,decision_tree,1.34599483,1.6948068017366333
rhynchosporium,decision_tree,1.413527402,1.60920621379669
rhynchosporium,decision_tree,1.418277421,1.6493267227787611
rhynchosporium,decision_tree,1.376770695,1.6948068017366333
rhynchosporium,decision_tree,1.362765677,1.6493267227787611
rhynchosporium,decision_tree,1.358510891,1.7236719352719572
rhynchosporium,decision_tree,1.308183347,1.4912819725416673
rhynchosporium,decision_tree,2.324939367,2.0926149074285716
rhynchosporium,decision_tree,1.349505539,1.6574414201910586
rhynchosporium,decision_tree,1.31638602,1.60920621379669
rhynchosporium,decision_tree,1.346685288,1.6493267227787611
rhynchosporium,decision_tree,1.36845848,1.6574414201910586
rhynchosporium,decision_tree,1.343213976,1.7236719352719572
rhynchosporium,decision_tree,1.343199505,1.6574414201910586
rhynchosporium,decision_tree,1.308662994,1.6574414201910586
rhynchosporium,decision_tree,1.346689537,1.6574414201910586
rhynchosporium,decision_tree,1.345419789,2.0926149074285716
rhynchosporium,decision_tree,1.362108974,1.7236719352719572
rhynchosporium,decision_tree,1.34098313,1.60920621379669
rhynchosporium,decision_tree,1.346685288,1.60920621379669
rhynchosporium,decision_tree,1.349505539,1.60920621379669
rhynchosporium,decision_tree,1.342365499,2.0165466607867297
rhynchosporium,decision_tree,1.358510891,1.4912819725416673
rhynchosporium,decision_tree,1.348299515,1.4912819725416673
rhynchosporium,decision_tree,1.361337796,1.7236719352719572
rhynchosporium,decision_tree,1.330384449,1.6493267227787611
rhynchosporium,decision_tree,1.254152301,2.0651709808076926
rhynchosporium,decision_tree,1.344338755,1.6948068017366333
rhynchosporium,decision_tree,1.345295665,1.6574414201910586
rhynchosporium,decision_tree,1.345295665,1.7236719352719572
rhynchosporium,decision_tree,1.358698169,1.6574414201910586
rhynchosporium,decision_tree,1.345112701,1.4912819725416673
rhynchosporium,decision_tree,1.347090622,1.7236719352719572
rhynchosporium,decision_tree,1.345295665,1.60920621379669
rhynchosporium,decision_tree,1.307591499,2.0165466607867297
rhynchosporium,decision_tree,1.345112701,2.0165466607867297
rhynchosporium,decision_tree,1.86754999,2.0165466607867297
rhynchosporium,decision_tree,1.344640469,1.7236719352719572
rhynchosporium,decision_tree,1.370487668,1.6948068017366333
rhynchosporium,decision_tree,1.346664439,1.60920621379669
rhynchosporium,decision_tree,1.343521037,1.6574414201910586
rhynchosporium,decision_tree,1.353220165,1.6948068017366333
rhynchosporium,decision_tree,1.322837368,1.7236719352719572
rhynchosporium,decision_tree,1.345010008,1.6574414201910586
rhynchosporium,decision_tree,1.3471061,1.7236719352719572
rhynchosporium,decision_tree,1.347981651,2.495498842185185
rhynchosporium,decision_tree,1.34098313,1.7236719352719572
rhynchosporium,decision_tree,1.360066546,1.7236719352719572
rhynchosporium,decision_tree,1.34098313,1.4129107367376244
rhynchosporium,decision_tree,1.34599483,1.4912819725416673
rhynchosporium,decision_tree,1.345295665,1.7236719352719572
rhynchosporium,decision_tree,1.345164609,1.7236719352719572
rhynchosporium,decision_tree,1.343775605,1.7236719352719572
rhynchosporium,decision_tree,1.353220165,1.7236719352719572
rhynchosporium,decision_tree,1.345548918,1.60920621379669
rhynchosporium,decision_tree,1.343884369,1.60920621379669
rhynchosporium,decision_tree,1.308720507,1.6574414201910586
rhynchosporium,decision_tree,1.344630982,1.6493267227787611
rhynchosporium,decision_tree,1.343894857,1.6574414201910586
rhynchosporium,decision_tree,1.301392636,1.7236719352719572
rhynchosporium,decision_tree,1.353220165,1.6574414201910586
rhynchosporium,decision_tree,1.343825587,1.6574414201910586
rhynchosporium,decision_tree,1.343661201,1.60920621379669
rhynchosporium,decision_tree,1.336920793,1.6574414201910586
rhynchosporium,decision_tree,1.305544366,1.6574414201910586
rhynchosporium,decision_tree,1.362765677,1.3391125025555555
rhynchosporium,decision_tree,1.346685288,1.6493267227787611
rhynchosporium,decision_tree,1.340363673,1.6574414201910586
rhynchosporium,decision_tree,1.309444785,1.7236719352719572
rhynchosporium,decision_tree,1.361658452,1.6574414201910586
rhynchosporium,decision_tree,1.305675356,1.6948068017366333
rhynchosporium,decision_tree,1.307959865,1.4129107367376244
rhynchosporium,decision_tree,1.344630982,1.60920621379669
rhynchosporium,decision_tree,1.346448141,1.60920621379669
rhynchosporium,decision_tree,1.348299515,1.6574414201910586
rhynchosporium,decision_tree,1.343836725,1.6948068017366333
rhynchosporium,decision_tree,1.326515081,1.7236719352719572
rhynchosporium,decision_tree,1.298577029,1.6574414201910586
rhynchosporium,decision_tree,1.347090622,1.60920621379669
rhynchosporium,decision_tree,1.343290102,2.0165466607867297
rhynchosporium,decision_tree,1.330384449,1.6948068017366333
rhynchosporium,decision_tree,1.344640469,1.7236719352719572
rhynchosporium,decision_tree,1.360066546,2.0165466607867297
rhynchosporium,decision_tree,1.358510891,1.6948068017366333
rhynchosporium,decision_tree,1.344640469,1.6493267227787611
rhynchosporium,decision_tree,1.345112701,1.6574414201910586
rhynchosporium,decision_tree,1.362108974,1.7236719352719572
rhynchosporium,decision_tree,1.345005202,1.60920621379669
rhynchosporium,decision_tree,1.372354411,1.7236719352719572
rhynchosporium,decision_tree,1.343199505,1.6574414201910586
rhynchosporium,decision_tree,1.3438632,1.6574414201910586
rhynchosporium,decision_tree,1.367836057,1.7236719352719572
rhynchosporium,decision_tree,1.346664439,1.6574414201910586
rhynchosporium,decision_tree,1.349505539,1.6948068017366333
rhynchosporium,decision_tree,1.376770695,1.6948068017366333
rhynchosporium,decision_tree,1.344630982,1.7236719352719572
rhynchosporium,decision_tree,1.346685288,1.7236719352719572
rhynchosporium,decision_tree,1.346453976,2.697362928
rhynchosporium,decision_tree,1.348299515,1.60920621379669
rhynchosporium,decision_tree,1.348299515,1.60920621379669
rhynchosporium,decision_tree,1.3077768,1.4129107367376244
rhynchosporium,decision_tree,1.418277421,1.60920621379669
rhynchosporium,decision_tree,1.342828272,1.6574414201910586
rhynchosporium,decision_tree,1.308165434,1.7236719352719572
rhynchosporium,decision_tree,1.346689537,1.7236719352719572
rhynchosporium,decision_tree,1.346664439,1.60920621379669
rhynchosporium,decision_tree,1.301249564,1.4912819725416673
rhynchosporium,decision_tree,1.344101569,1.7236719352719572
rhynchosporium,decision_tree,1.34529899,1.60920621379669
rhynchosporium,decision_tree,1.343775605,2.0165466607867297
rhynchosporium,decision_tree,1.335189025,1.6574414201910586
rhynchosporium,decision_tree,1.344101569,1.60920621379669
rhynchosporium,decision_tree,1.32933753,1.4912819725416673
rhynchosporium,decision_tree,1.298577029,1.6948068017366333
rhynchosporium,decision_tree,1.345295665,1.7236719352719572
rhynchosporium,decision_tree,1.315406884,1.6574414201910586
rhynchosporium,decision_tree,1.349505539,1.6948068017366333
rhynchosporium,decision_tree,1.34298733,1.6948068017366333
rhynchosporium,decision_tree,1.346664439,1.6493267227787611
rhynchosporium,decision_tree,1.3579537285,1.6493267227787611
rhynchosporium,decision_tree,1.398346461,1.6574414201910586
rhynchosporium,decision_tree,1.339987066,1.60920621379669
rhynchosporium,decision_tree,1.343661201,3.446577198375
rhynchosporium,decision_tree,1.345964928,1.60920621379669
rhynchosporium,decision_tree,1.3471061,1.7236719352719572
rhynchosporium,decision_tree,1.346448141,3.446577198375
rhynchosporium,decision_tree,1.343836725,1.60920621379669
rhynchosporium,decision_tree,1.346482527,1.60920621379669
rhynchosporium,decision_tree,1.360066546,1.6948068017366333
rhynchosporium,decision_tree,1.345987229,1.6493267227787611
rhynchosporium,decision_tree,1.346453976,1.7236719352719572
rhynchosporium,decision_tree,1.308055837,1.6948068017366333
rhynchosporium,decision_tree,1.34098313,1.7236719352719572
rhynchosporium,decision_tree,1.361337796,1.60920621379669
rhynchosporium,decision_tree,1.343661201,1.7236719352719572
rhynchosporium,decision_tree,1.343521037,1.60920621379669
rhynchosporium,decision_tree,1.346685288,1.6574414201910586
rhynchosporium,decision_tree,1.309197826,1.4129107367376244
rhynchosporium,decision_tree,1.342040205,1.7236719352719572
rhynchosporium,decision_tree,1.520433454,1.60920621379669
rhynchosporium,decision_tree,1.300671927,1.7236719352719572
rhynchosporium,decision_tree,1.361337796,1.4912819725416673
rhynchosporium,decision_tree,1.361759762,1.60920621379669
rhynchosporium,decision_tree,2.778129841,1.7236719352719572
rhynchosporium,decision_tree,1.340363673,1.4129107367376244
rhynchosporium,decision_tree,1.343825587,1.60920621379669
rhynchosporium,decision_tree,1.346453976,1.4912819725416673
rhynchosporium,decision_tree,1.358530138,1.7236719352719572
rhynchosporium,decision_tree,1.372354411,1.6493267227787611
rhynchosporium,decision_tree,1.30807905,1.7236719352719572
rhynchosporium,decision_tree,1.866814843,1.6948068017366333
rhynchosporium,decision_tree,1.344003723,1.6948068017366333
rhynchosporium,decision_tree,1.308054608,1.7236719352719572
rhynchosporium,decision_tree,1.349505539,1.7236719352719572
rhynchosporium,decision_tree,1.3438632,1.6574414201910586
rhynchosporium,decision_tree,1.30780901,1.60920621379669
rhynchosporium,decision_tree,1.305640819,1.6574414201910586
rhynchosporium,decision_tree,1.3094274,1.6493267227787611
rhynchosporium,decision_tree,5.342723977,1.6493267227787611
rhynchosporium,decision_tree,1.345008161,2.0165466607867297
rhynchosporium,decision_tree,1.353220165,1.6574414201910586
rhynchosporium,decision_tree,1.348299515,1.60920621379669
rhynchosporium,decision_tree,1.346689537,1.6948068017366333
rhynchosporium,decision_tree,1.342040205,1.60920621379669
rhynchosporium,decision_tree,1.361337796,1.60920621379669
rhynchosporium,decision_tree,1.353220165,1.6574414201910586
rhynchosporium,decision_tree,1.344003723,1.60920621379669
rhynchosporium,decision_tree,1.343521037,1.6948068017366333
rhynchosporium,decision_tree,1.307782504,1.7236719352719572
rhynchosporium,decision_tree,1.344003723,1.4129107367376244
rhynchosporium,decision_tree,1.273690741,1.6574414201910586
rhynchosporium,decision_tree,1.347090622,1.7236719352719572
rhynchosporium,decision_tree,1.345005202,1.60920621379669
rhynchosporium,decision_tree,1.358530138,1.7236719352719572
rhynchosporium,decision_tree,1.347981651,1.7236719352719572
rhynchosporium,decision_tree,1.344116137,1.6574414201910586
rhynchosporium,decision_tree,1.413527402,1.6493267227787611
rhynchosporium,decision_tree,3.889058053,1.60920621379669
rhynchosporium,decision_tree,1.307550168,1.6493267227787611
rhynchosporium,decision_tree,1.301544971,1.60920621379669
rhynchosporium,decision_tree,3.811587476,1.7236719352719572
rhynchosporium,decision_tree,1.34599483,1.7236719352719572
rhynchosporium,decision_tree,1.272689828,1.6948068017366333
rhynchosporium,decision_tree,1.274764257,1.6574414201910586
rhynchosporium,decision_tree,1.340363673,1.7236719352719572
rhynchosporium,decision_tree,1.34529899,1.6948068017366333
rhynchosporium,decision_tree,1.342828272,1.6493267227787611
rhynchosporium,decision_tree,1.307278278,1.60920621379669
rhynchosporium,decision_tree,1.348299515,1.60920621379669
rhynchosporium,decision_tree,1.3239048,1.4912819725416673
rhynchosporium,decision_tree,1.307591499,1.6493267227787611
rhynchosporium,decision_tree,1.345987229,1.60920621379669
rhynchosporium,decision_tree,1.831244023,1.6948068017366333
rhynchosporium,decision_tree,1.310157253,3.36699155325
rhynchosporium,decision_tree,1.311861531,2.0165466607867297
rhynchosporium,decision_tree,1.358698169,1.60920621379669
rhynchosporium,decision_tree,1.298577029,1.7236719352719572
rhynchosporium,decision_tree,1.342040205,3.36699155325
rhynchosporium,decision_tree,1.322963995,1.6574414201910586
rhynchosporium,decision_tree,1.321444246,1.7236719352719572
rhynchosporium,decision_tree,1.346448141,1.7236719352719572
rhynchosporium,decision_tree,1.308350204,1.6574414201910586
rhynchosporium,decision_tree,1.344195959,1.7236719352719572
rhynchosporium,decision_tree,1.850124299,1.60920621379669
rhynchosporium,decision_tree,1.361658452,1.6948068017366333
rhynchosporium,decision_tree,1.321500144,1.4912819725416673
rhynchosporium,decision_tree,1.307520684,1.60920621379669
rhynchosporium,decision_tree,1.370487668,1.60920621379669
rhynchosporium,decision_tree,1.340363673,1.6574414201910586
rhynchosporium,decision_tree,1.376770695,1.7236719352719572
rhynchosporium,decision_tree,1.346685288,1.7236719352719572
rhynchosporium,decision_tree,1.344338755,1.7236719352719572
rhynchosporium,decision_tree,1.329438861,1.6948068017366333
rhynchosporium,decision_tree,2.358510891,1.4129107367376244
rhynchosporium,decision_tree,1.342528747,2.495498842185185
rhynchosporium,decision_tree,1.413527402,1.6948068017366333
rhynchosporium,decision_tree,1.346453976,1.6948068017366333
rhynchosporium,decision_tree,1.360066546,1.4912819725416673
rhynchosporium,decision_tree,1.313352083,1.4912819725416673
rhynchosporium,decision_tree,1.342528747,1.6948068017366333
rhynchosporium,decision_tree,1.347981651,1.7236719352719572
rhynchosporium,decision_tree,1.344893435,1.6574414201910586
rhynchosporium,decision_tree,1.344195959,1.6574414201910586
rhynchosporium,decision_tree,1.352646083,1.7236719352719572
rhynchosporium,decision_tree,1.308812035,1.6574414201910586
rhynchosporium,decision_tree,1.330384449,1.60920621379669
rhynchosporium,decision_tree,1.3471061,1.60920621379669
rhynchosporium,decision_tree,3.055161343,1.60920621379669
rhynchosporium,decision_tree,1.150956425,1.6574414201910586
rhynchosporium,decision_tree,2.66439061,1.6574414201910586
rhynchosporium,decision_tree,2.797547908,1.6948068017366333
rhynchosporium,decision_tree,1.166565902,1.7236719352719572
rhynchosporium,decision_tree,1.800333172,1.6948068017366333
rhynchosporium,decision_tree,1.226775092,1.6574414201910586
rhynchosporium,decision_tree,1.0846278,1.7236719352719572
rhynchosporium,decision_tree,2.084627793,2.0165466607867297
rhynchosporium,decision_tree,1.084627814,1.7236719352719572
rhynchosporium,decision_tree,3.677442262,2.697362928
rhynchosporium,decision_tree,1.777587867,2.0651709808076926
rhynchosporium,decision_tree,1.926354636,1.6574414201910586
rhynchosporium,decision_tree,2.800333104,1.6574414201910586
rhynchosporium,decision_tree,4.034188774,1.6574414201910586
rhynchosporium,decision_tree,1.539934426,1.6948068017366333
rhynchosporium,decision_tree,3.072987176,1.7236719352719572
rhynchosporium,decision_tree,3.383829302,1.7236719352719572
rhynchosporium,decision_tree,1.800333181,1.7236719352719572
rhynchosporium,decision_tree,5.942480457,2.0651709808076926
rhynchosporium,decision_tree,2.548635579,1.6948068017366333
rhynchosporium,decision_tree,3.910745141,1.6948068017366333
rhynchosporium,decision_tree,2.094565749,1.6574414201910586
rhynchosporium,decision_tree,1.544284983,1.6493267227787611
rhynchosporium,decision_tree,4.806249044,1.4129107367376244
rhynchosporium,decision_tree,5.937389355,1.6574414201910586
rhynchosporium,decision_tree,4.719895978,1.6948068017366333
rhynchosporium,decision_tree,5.537376594,1.6574414201910586
rhynchosporium,decision_tree,2.327165351,2.0651709808076926
rhynchosporium,decision_tree,1.548527852,1.60920621379669
rhynchosporium,decision_tree,1.516038609,2.0165466607867297
rhynchosporium,decision_tree,4.077337742,1.6948068017366333
rhynchosporium,decision_tree,4.717020916,1.7236719352719572
rhynchosporium,decision_tree,3.81059953,1.6948068017366333
rhynchosporium,decision_tree,1.022149746,1.7236719352719572
rhynchosporium,decision_tree,1.150956412,1.7236719352719572
rhynchosporium,decision_tree,1.795364245,1.6574414201910586
rhynchosporium,decision_tree,2.10580294,1.60920621379669
rhynchosporium,decision_tree,2.521007582,1.7236719352719572
rhynchosporium,decision_tree,3.428529944,1.6574414201910586
rhynchosporium,decision_tree,1.150956416,1.6493267227787611
rhynchosporium,decision_tree,1.295372619,1.7236719352719572
rhynchosporium,decision_tree,3.393767268,1.6493267227787611
rhynchosporium,decision_tree,3.525976592,3.36699155325
rhynchosporium,decision_tree,2.802384279,1.6493267227787611
rhynchosporium,decision_tree,1.411127677,1.6574414201910586
rhynchosporium,decision_tree,1.373891306,1.6574414201910586
rhynchosporium,decision_tree,2.284113702,2.495498842185185
rhynchosporium,decision_tree,3.962356462,1.7236719352719572
rhynchosporium,decision_tree,1.793197301,1.7236719352719572
rhynchosporium,decision_tree,1.535583863,1.6493267227787611
rhynchosporium,decision_tree,1.368922381,3.330738454714285
rhynchosporium,decision_tree,4.816695389,1.6574414201910586
rhynchosporium,decision_tree,5.039551927,1.6493267227787611
rhynchosporium,decision_tree,3.437231032,3.330738454714285
rhynchosporium,decision_tree,3.552396836,2.495498842185185
rhynchosporium,decision_tree,5.162620829,1.7236719352719572
rhynchosporium,decision_tree,4.717020954,2.0165466607867297
rhynchosporium,decision_tree,6.424179376,1.6948068017366333
rhynchosporium,decision_tree,4.432880485,1.6493267227787611
rhynchosporium,decision_tree,3.231743977,2.0165466607867297
rhynchosporium,decision_tree,3.810271171,3.446577198375
rhynchosporium,decision_tree,2.399868753,1.60920621379669
rhynchosporium,decision_tree,2.166565836,2.0651709808076926
rhynchosporium,decision_tree,3.794990068,2.0165466607867297
rhynchosporium,decision_tree,4.806249013,1.60920621379669
rhynchosporium,decision_tree,4.717020891,1.6493267227787611
rhynchosporium,decision_tree,1.29102209,1.6574414201910586
rhynchosporium,decision_tree,2.037759198,2.0165466607867297
rhynchosporium,decision_tree,3.820209121,1.7236719352719572
rhynchosporium,decision_tree,1.368922386,1.6574414201910586
rhynchosporium,decision_tree,4.104503709,1.4912819725416673
rhynchosporium,decision_tree,3.677442243,1.60920621379669
rhynchosporium,decision_tree,3.383829285,1.6574414201910586
rhynchosporium,decision_tree,3.437231044,1.6948068017366333
rhynchosporium,decision_tree,3.228091223,1.7236719352719572
rhynchosporium,decision_tree,3.97028386,1.6574414201910586
rhynchosporium,decision_tree,4.295628113,1.7236719352719572
rhynchosporium,decision_tree,1.399868768,1.6574414201910586
rhynchosporium,decision_tree,1.150956338,2.0165466607867297
rhynchosporium,decision_tree,4.231960254,1.6948068017366333
rhynchosporium,decision_tree,1.995121674,1.6493267227787611
rhynchosporium,decision_tree,4.050810802,1.6574414201910586
rhynchosporium,decision_tree,6.236713047,1.6574414201910586
rhynchosporium,decision_tree,1.995121717,1.7236719352719572
rhynchosporium,decision_tree,2.795364243,1.6948068017366333
rhynchosporium,decision_tree,6.255551244,1.6574414201910586
rhynchosporium,decision_tree,2.236713072,1.6493267227787611
rhynchosporium,decision_tree,2.378860355,1.6574414201910586
rhynchosporium,decision_tree,3.281040107,3.330738454714285
rhynchosporium,decision_tree,2.673092864,3.330738454714285
rhynchosporium,decision_tree,4.002859751,2.0926149074285716
rhynchosporium,decision_tree,6.077544384,1.6574414201910586
rhynchosporium,decision_tree,5.21484569,1.6574414201910586
rhynchosporium,decision_tree,1.084627823,1.7236719352719572
rhynchosporium,decision_tree,3.899916617,1.6493267227787611
rhynchosporium,decision_tree,3.613083774,2.495498842185185
rhynchosporium,decision_tree,0.93751152,2.0651709808076926
rhynchosporium,decision_tree,4.104503652,1.6948068017366333
rhynchosporium,decision_tree,1.166565829,1.6574414201910586
rhynchosporium,decision_tree,1.291022085,1.6948068017366333
rhynchosporium,decision_tree,1.373891358,1.6948068017366333
rhynchosporium,decision_tree,1.653216896,1.6948068017366333
rhynchosporium,decision_tree,2.226775035,1.7236719352719572
rhynchosporium,decision_tree,4.673091663,1.60920621379669
rhynchosporium,decision_tree,1.216484133,1.60920621379669
rhynchosporium,decision_tree,4.166489864,1.7236719352719572
rhynchosporium,decision_tree,0.937511537,1.7236719352719572
rhynchosporium,decision_tree,2.521007596,2.0651709808076926
rhynchosporium,decision_tree,1.673091741,2.0165466607867297
rhynchosporium,decision_tree,1.216484222,1.6493267227787611
rhynchosporium,decision_tree,4.246650991,1.6948068017366333
rhynchosporium,decision_tree,4.530945561,1.6574414201910586
rhynchosporium,decision_tree,1.101933942,2.0651709808076926
rhynchosporium,decision_tree,2.150956438,1.6493267227787611
rhynchosporium,decision_tree,1.216484184,1.6574414201910586
rhynchosporium,decision_tree,2.644430528,1.6574414201910586
rhynchosporium,decision_tree,2.166565854,2.0165466607867297
rhynchosporium,decision_tree,1.913302957,1.6574414201910586
rhynchosporium,decision_tree,2.166565886,1.60920621379669
rhynchosporium,decision_tree,1.516038645,1.7236719352719572
rhynchosporium,decision_tree,2.363953405,1.7236719352719572
rhynchosporium,decision_tree,1.295372655,1.6574414201910586
rhynchosporium,decision_tree,1.150956419,1.60920621379669
rhynchosporium,decision_tree,2.226775042,1.6574414201910586
rhynchosporium,decision_tree,1.793197387,1.6948068017366333
rhynchosporium,decision_tree,3.535914538,1.6574414201910586
rhynchosporium,decision_tree,1.511069651,1.6574414201910586
rhynchosporium,decision_tree,3.113541001,1.60920621379669
rhynchosporium,decision_tree,1.271062017,2.0165466607867297
rhynchosporium,decision_tree,1.373891344,1.7236719352719572
rhynchosporium,decision_tree,2.42417935,1.6948068017366333
rhynchosporium,decision_tree,2.236713022,1.6574414201910586
rhynchosporium,decision_tree,1.537724038,1.7236719352719572
rhynchosporium,decision_tree,1.653217027,1.6493267227787611
rhynchosporium,decision_tree,1.793197323,1.7236719352719572
rhynchosporium,decision_tree,4.424179399,1.6493267227787611
rhynchosporium,decision_tree,1.810271144,1.6948068017366333
rhynchosporium,decision_tree,1.677442321,1.7236719352719572
rhynchosporium,decision_tree,1.433977626,1.6574414201910586
rhynchosporium,decision_tree,1.27541261,1.6493267227787611
rhynchosporium,decision_tree,1.415478246,1.7236719352719572
rhynchosporium,decision_tree,5.588214198,1.6948068017366333
rhynchosporium,decision_tree,1.942480502,1.60920621379669
rhynchosporium,decision_tree,2.368922315,1.7236719352719572
rhynchosporium,decision_tree,0.937511542,2.0165466607867297
rhynchosporium,decision_tree,2.657482196,1.6574414201910586
rhynchosporium,decision_tree,2.002859784,1.6574414201910586
rhynchosporium,decision_tree,2.433977617,2.495498842185185
rhynchosporium,decision_tree,3.668123866,1.60920621379669
rhynchosporium,decision_tree,1.795364238,1.60920621379669
rhynchosporium,decision_tree,3.544284971,1.6948068017366333
rhynchosporium,decision_tree,1.593738644,1.60920621379669
rhynchosporium,decision_tree,2.05081083,1.7236719352719572
rhynchosporium,decision_tree,1.653131708,1.6493267227787611
rhynchosporium,decision_tree,0.937511517,1.60920621379669
rhynchosporium,decision_tree,1.584627849,2.0165466607867297
rhynchosporium,decision_tree,1.150956381,1.6493267227787611
rhynchosporium,decision_tree,4.957387446,1.6948068017366333
rhynchosporium,decision_tree,1.231744074,1.7236719352719572
rhynchosporium,decision_tree,2.286671477,1.60920621379669
rhynchosporium,decision_tree,0.937511531,1.6948068017366333
rhynchosporium,decision_tree,1.221806126,1.60920621379669
rhynchosporium,decision_tree,1.022149651,1.6574414201910586
rhynchosporium,decision_tree,1.658185947,1.7236719352719572
rhynchosporium,decision_tree,1.648247976,1.6948068017366333
rhynchosporium,decision_tree,1.037759191,1.6948068017366333
rhynchosporium,decision_tree,1.511069661,1.6493267227787611
rhynchosporium,decision_tree,1.234068626,1.60920621379669
rhynchosporium,decision_tree,1.084627801,1.6493267227787611
rhynchosporium,decision_tree,1.777587835,2.0165466607867297
rhynchosporium,decision_tree,1.664390642,1.6574414201910586
rhynchosporium,decision_tree,1.291022087,1.6948068017366333
rhynchosporium,decision_tree,4.388798298,1.7236719352719572
rhynchosporium,decision_tree,5.383829257,1.6574414201910586
rhynchosporium,decision_tree,4.408569952,1.6574414201910586
rhynchosporium,decision_tree,2.026500251,2.0651709808076926
rhynchosporium,decision_tree,2.4378466,1.6948068017366333
rhynchosporium,decision_tree,1.539934439,1.6574414201910586
rhynchosporium,decision_tree,1.166565894,1.60920621379669
rhynchosporium,decision_tree,2.059511906,1.6493267227787611
rhynchosporium,decision_tree,1.917653563,1.60920621379669
rhynchosporium,decision_tree,1.221806052,1.7236719352719572
rhynchosporium,decision_tree,1.404219315,1.7236719352719572
rhynchosporium,decision_tree,2.516038625,1.6948068017366333
rhynchosporium,decision_tree,2.378860278,1.60920621379669
rhynchosporium,decision_tree,1.084627778,1.6574414201910586
rhynchosporium,decision_tree,1.516038621,1.6948068017366333
rhynchosporium,decision_tree,1.166565922,1.6948068017366333
rhynchosporium,decision_tree,3.712670323,1.60920621379669
rhynchosporium,decision_tree,1.226775087,1.7236719352719572
rhynchosporium,decision_tree,1.037759156,1.6574414201910586
rhynchosporium,decision_tree,1.373891335,2.0651709808076926
rhynchosporium,decision_tree,2.797547878,1.6493267227787611
rhynchosporium,decision_tree,2.077337735,1.7236719352719572
rhynchosporium,decision_tree,2.506100645,1.7236719352719572
rhynchosporium,decision_tree,1.079658796,1.7236719352719572
rhynchosporium,decision_tree,1.552396851,2.0165466607867297
rhynchosporium,decision_tree,1.777587867,1.6574414201910586
rhynchosporium,decision_tree,1.800333178,1.7236719352719572
rhynchosporium,decision_tree,1.079658812,1.6574414201910586
rhynchosporium,decision_tree,3.31277491,1.6493267227787611
rhynchosporium,decision_tree,5.304073726,2.495498842185185
rhynchosporium,decision_tree,2.037759125,1.7236719352719572
rhynchosporium,decision_tree,4.673092846,1.6493267227787611
rhynchosporium,decision_tree,4.468108579,1.7236719352719572
rhynchosporium,decision_tree,3.241682005,1.7236719352719572
rhynchosporium,decision_tree,2.579856833,1.60920621379669
rhynchosporium,decision_tree,1.166565842,1.6948068017366333
rhynchosporium,decision_tree,1.231744098,1.6493267227787611
rhynchosporium,decision_tree,1.884440496,1.6574414201910586
rhynchosporium,decision_tree,2.050810773,1.6493267227787611
rhynchosporium,decision_tree,4.459407456,1.60920621379669
rhynchosporium,decision_tree,1.295372719,2.0165466607867297
rhynchosporium,decision_tree,3.31277491,1.6493267227787611
rhynchosporium,decision_tree,1.286671536,1.7236719352719572
rhynchosporium,decision_tree,1.64824796,1.6948068017366333
rhynchosporium,decision_tree,1.441715643,1.6948068017366333
rhynchosporium,decision_tree,1.942480444,1.60920621379669
rhynchosporium,decision_tree,2.084627779,1.6574414201910586
rhynchosporium,decision_tree,1.022149666,1.6948068017366333
rhynchosporium,decision_tree,1.275412545,1.6493267227787611
rhynchosporium,decision_tree,1.146605826,1.7236719352719572
rhynchosporium,decision_tree,2.666183394,1.6574414201910586
rhynchosporium,decision_tree,1.08462779,1.6574414201910586
rhynchosporium,decision_tree,1.942480489,2.0165466607867297
rhynchosporium,decision_tree,2.445584667,1.7236719352719572
rhynchosporium,decision_tree,1.535583834,1.7236719352719572
rhynchosporium,decision_tree,2.648781076,1.6574414201910586
rhynchosporium,decision_tree,4.219196206,1.60920621379669
rhynchosporium,decision_tree,1.084627748,1.6574414201910586
rhynchosporium,decision_tree,1.399868734,1.6948068017366333
rhynchosporium,decision_tree,1.231744032,1.6493267227787611
rhynchosporium,decision_tree,2.524324925,1.6574414201910586
rhynchosporium,decision_tree,1.648781119,1.6948068017366333
rhynchosporium,decision_tree,2.037759174,1.6948068017366333
rhynchosporium,decision_tree,1.942480508,1.7236719352719572
rhynchosporium,decision_tree,0.937511521,1.6948068017366333
rhynchosporium,decision_tree,3.428529935,1.6574414201910586
rhynchosporium,decision_tree,1.216484155,1.60920621379669
rhynchosporium,decision_tree,3.962356371,3.1405430966
rhynchosporium,decision_tree,1.516038648,1.6948068017366333
rhynchosporium,decision_tree,1.908952426,1.6948068017366333
rhynchosporium,decision_tree,4.269433029,2.0165466607867297
rhynchosporium,decision_tree,1.279763171,1.6574414201910586
rhynchosporium,decision_tree,1.810271154,1.6574414201910586
rhynchosporium,decision_tree,2.445584659,2.0165466607867297
rhynchosporium,decision_tree,2.087624947,1.6948068017366333
rhynchosporium,decision_tree,2.084627862,1.6948068017366333
rhynchosporium,decision_tree,1.327165418,1.6948068017366333
rhynchosporium,decision_tree,1.166565928,2.0165466607867297
rhynchosporium,decision_tree,1.664390597,1.6948068017366333
rhynchosporium,decision_tree,1.150956433,1.60920621379669
rhynchosporium,decision_tree,3.52597656,1.6948068017366333
rhynchosporium,decision_tree,1.810271179,1.6948068017366333
rhynchosporium,decision_tree,1.880571458,1.60920621379669
rhynchosporium,decision_tree,0.937511466,1.60920621379669
rhynchosporium,decision_tree,1.827165365,1.6574414201910586
rhynchosporium,decision_tree,1.079658813,1.6574414201910586
rhynchosporium,decision_tree,1.795364214,2.0165466607867297
rhynchosporium,decision_tree,2.888309544,1.7236719352719572
rhynchosporium,decision_tree,2.53993443,1.7236719352719572
rhynchosporium,decision_tree,3.560134905,1.7236719352719572
rhynchosporium,decision_tree,2.368922365,1.7236719352719572
rhynchosporium,decision_tree,4.468108555,2.495498842185185
rhynchosporium,decision_tree,1.221806109,1.6574414201910586
rhynchosporium,decision_tree,3.338772488,1.6493267227787611
rhynchosporium,decision_tree,1.653216924,1.6948068017366333
rhynchosporium,decision_tree,0.937511585,1.6574414201910586
rhynchosporium,decision_tree,1.295372587,1.6493267227787611
rhynchosporium,decision_tree,1.275412609,1.6574414201910586
rhynchosporium,decision_tree,2.23196032,1.6574414201910586
rhynchosporium,decision_tree,5.712670401,1.6574414201910586
rhynchosporium,decision_tree,3.235829364,1.7236719352719572
rhynchosporium,decision_tree,2.663154846,1.7236719352719572
rhynchosporium,decision_tree,1.884440493,1.7236719352719572
rhynchosporium,decision_tree,1.594565755,1.60920621379669
rhynchosporium,decision_tree,5.605345756,1.60920621379669
rhynchosporium,decision_tree,1.079658816,1.60920621379669
rhynchosporium,decision_tree,1.91765356,1.6574414201910586
rhynchosporium,decision_tree,3.39376729,1.7236719352719572
rhynchosporium,decision_tree,3.91248631,1.60920621379669
rhynchosporium,decision_tree,1.291022115,1.7236719352719572
rhynchosporium,decision_tree,3.051939641,2.0926149074285716
rhynchosporium,decision_tree,4.806249012,1.6493267227787611
rhynchosporium,decision_tree,4.246650957,1.60920621379669
rhynchosporium,decision_tree,1.212615116,1.6574414201910586
rhynchosporium,decision_tree,1.668741198,1.6948068017366333
