trait,model,y_true,y_pred_oof_outer
blumeria_graminis,svr_linear,1.607661268,1.3872266323472129
blumeria_graminis,svr_linear,1.282545663,1.6820011007873799
blumeria_graminis,svr_linear,1.824626108,2.151955764485914
blumeria_graminis,svr_linear,3.557255932,2.039171061745633
blumeria_graminis,svr_linear,1.422513744,1.7016421385873615
blumeria_graminis,svr_linear,2.118846253,1.6702588919753905
blumeria_graminis,svr_linear,1.658119077,1.3875401650124508
blumeria_graminis,svr_linear,2.280562163,1.9515744556221826
blumeria_graminis,svr_linear,1.399851787,1.323142049755948
blumeria_graminis,svr_linear,3.163780342,3.158488388668671
blumeria_graminis,svr_linear,2.835312948,1.9282180775071391
blumeria_graminis,svr_linear,2.169725662,2.2191805276728083
blumeria_graminis,svr_linear,1.474720911,1.5994631732820612
blumeria_graminis,svr_linear,2.784311373,2.598641384034863
blumeria_graminis,svr_linear,1.567611335,2.2167234668953704
blumeria_graminis,svr_linear,0.878362783,1.4832737990855511
blumeria_graminis,svr_linear,2.454749367,1.9387646691667952
blumeria_graminis,svr_linear,1.960430977,1.838749630894791
blumeria_graminis,svr_linear,1.079959671,2.2156953777208015
blumeria_graminis,svr_linear,1.767445451,1.1660048528992424
blumeria_graminis,svr_linear,1.080969349,2.178522959920647
blumeria_graminis,svr_linear,2.853356049,1.8579101524643111
blumeria_graminis,svr_linear,2.616380327,2.0880382707011966
blumeria_graminis,svr_linear,1.313348005,2.5602479744773157
blumeria_graminis,svr_linear,1.18198696,1.9943401097979647
blumeria_graminis,svr_linear,1.39162445,1.3223562151592585
blumeria_graminis,svr_linear,1.137216305,2.7431546923883716
blumeria_graminis,svr_linear,1.647907625,1.4173845372659262
blumeria_graminis,svr_linear,1.235201359,1.7726337365587546
blumeria_graminis,svr_linear,2.108077598,1.8926066542400846
blumeria_graminis,svr_linear,1.184409835,1.6380855035094446
blumeria_graminis,svr_linear,1.321922995,1.330340907558616
blumeria_graminis,svr_linear,1.1200677,1.4166974589822492
blumeria_graminis,svr_linear,1.359683313,1.8564325466819727
blumeria_graminis,svr_linear,1.278845843,1.6107459492175455
blumeria_graminis,svr_linear,1.479149112,1.746336082053206
blumeria_graminis,svr_linear,1.264224462,1.500071643356479
blumeria_graminis,svr_linear,1.607518173,1.486186599497442
blumeria_graminis,svr_linear,1.571836665,1.4989299575582034
blumeria_graminis,svr_linear,1.515752045,1.876869208711704
blumeria_graminis,svr_linear,2.780634944,1.8648808985510352
blumeria_graminis,svr_linear,1.477580516,1.706408418394731
blumeria_graminis,svr_linear,2.239054599,1.505277866567194
blumeria_graminis,svr_linear,1.248313638,1.311700778370244
blumeria_graminis,svr_linear,1.670556521,1.5785966802673999
blumeria_graminis,svr_linear,1.21224341,1.6083548282728861
blumeria_graminis,svr_linear,1.325912087,1.5292319801747292
blumeria_graminis,svr_linear,1.273001399,1.752630727009168
blumeria_graminis,svr_linear,1.789160934,2.0274636860751527
blumeria_graminis,svr_linear,3.109295634,2.1583985634949157
blumeria_graminis,svr_linear,1.199908391,1.6591903335794962
blumeria_graminis,svr_linear,1.312854167,1.7507864594130926
blumeria_graminis,svr_linear,1.177500001,1.8278714841090766
blumeria_graminis,svr_linear,1.957260414,1.59602461051947
blumeria_graminis,svr_linear,1.431817791,1.7878522027324457
blumeria_graminis,svr_linear,1.344824841,1.712467909299915
blumeria_graminis,svr_linear,1.19671147,1.334891272951428
blumeria_graminis,svr_linear,1.09251436,1.8609692939676628
blumeria_graminis,svr_linear,1.245893872,2.252139308019368
blumeria_graminis,svr_linear,1.195568981,1.5376964272835818
blumeria_graminis,svr_linear,1.075752275,1.204087296520636
blumeria_graminis,svr_linear,1.457284446,1.3277437235122944
blumeria_graminis,svr_linear,2.890299499,2.086569346614185
blumeria_graminis,svr_linear,1.924411354,2.6982462524841884
blumeria_graminis,svr_linear,1.180154129,1.7138450398632654
blumeria_graminis,svr_linear,1.607241022,1.2584492755390317
blumeria_graminis,svr_linear,2.275259506,1.7652045762318211
blumeria_graminis,svr_linear,1.33541314,2.1122719703627615
blumeria_graminis,svr_linear,1.296630445,1.9688083854167555
blumeria_graminis,svr_linear,1.682945121,1.5910754510929004
blumeria_graminis,svr_linear,1.230735091,1.8327794019471764
blumeria_graminis,svr_linear,1.298666677,2.396404308846881
blumeria_graminis,svr_linear,1.516214308,1.7442421487613144
blumeria_graminis,svr_linear,1.276218294,2.252845864576132
blumeria_graminis,svr_linear,1.384377824,1.5439282258267464
blumeria_graminis,svr_linear,2.38395236,1.6094375973566133
blumeria_graminis,svr_linear,2.112994033,2.3754074541288777
blumeria_graminis,svr_linear,1.739651179,2.4411872370206216
blumeria_graminis,svr_linear,1.309187342,1.5598630664163196
blumeria_graminis,svr_linear,3.393857949,2.181964266392731
blumeria_graminis,svr_linear,1.504892337,1.7220417282116565
blumeria_graminis,svr_linear,1.23815383,1.4269492005917388
blumeria_graminis,svr_linear,1.425633541,1.982927494925774
blumeria_graminis,svr_linear,1.451144803,1.793438450819734
blumeria_graminis,svr_linear,1.468239282,1.1634845479920988
blumeria_graminis,svr_linear,1.611376461,2.2052710841880225
blumeria_graminis,svr_linear,1.18084023,1.33640637402736
blumeria_graminis,svr_linear,2.007750502,2.536309291112297
blumeria_graminis,svr_linear,1.268648611,1.7980855636810198
blumeria_graminis,svr_linear,1.910940074,1.6256916920408195
blumeria_graminis,svr_linear,2.735423773,2.103835771736705
blumeria_graminis,svr_linear,1.488873596,1.8335023429373074
blumeria_graminis,svr_linear,1.483833804,1.5247854462937376
blumeria_graminis,svr_linear,1.502115379,1.9732941153057144
blumeria_graminis,svr_linear,2.45121835,1.693136552971521
blumeria_graminis,svr_linear,1.194439857,1.6697133238004458
blumeria_graminis,svr_linear,1.424394868,2.109022455763628
blumeria_graminis,svr_linear,1.323548827,1.4832232949548856
blumeria_graminis,svr_linear,1.199962683,1.377331115021672
blumeria_graminis,svr_linear,1.266170724,2.0286055060544097
blumeria_graminis,svr_linear,1.385844234,1.6000629476341337
blumeria_graminis,svr_linear,1.594917668,1.9734973126585855
blumeria_graminis,svr_linear,1.188508207,1.7292124753958626
blumeria_graminis,svr_linear,1.416087092,1.4044337911274005
blumeria_graminis,svr_linear,1.450550884,1.7500307486533775
blumeria_graminis,svr_linear,1.253072067,1.5738351539176416
blumeria_graminis,svr_linear,1.431584064,1.553763622440452
blumeria_graminis,svr_linear,1.364132813,1.7308295155472082
blumeria_graminis,svr_linear,1.235694489,1.405224983785136
blumeria_graminis,svr_linear,1.834366315,1.4812850117859373
blumeria_graminis,svr_linear,1.278786368,1.7697977475811364
blumeria_graminis,svr_linear,2.019738746,1.222059265062347
blumeria_graminis,svr_linear,1.883581975,2.0901223516338527
blumeria_graminis,svr_linear,1.513130744,1.4498056085670323
blumeria_graminis,svr_linear,1.17494921,1.3624700103225762
blumeria_graminis,svr_linear,1.234538962,1.5222216940375244
blumeria_graminis,svr_linear,2.146275561,2.045189140460516
blumeria_graminis,svr_linear,2.548445612,2.0835279726324263
blumeria_graminis,svr_linear,2.91279473,2.627234489201431
blumeria_graminis,svr_linear,1.192607622,1.4893450998241828
blumeria_graminis,svr_linear,2.18201933,2.0852047909941853
blumeria_graminis,svr_linear,1.621276748,1.6816056776426098
blumeria_graminis,svr_linear,1.218567799,1.1745434807477473
blumeria_graminis,svr_linear,1.569724829,1.9833449921769593
blumeria_graminis,svr_linear,1.571529128,1.9629244888368471
blumeria_graminis,svr_linear,1.183105356,2.1596530376579883
blumeria_graminis,svr_linear,1.760640182,1.6335800226789243
blumeria_graminis,svr_linear,1.235966649,1.8950013483199906
blumeria_graminis,svr_linear,4.564505948,3.7414477947372378
blumeria_graminis,svr_linear,3.556418177,3.060214812622884
blumeria_graminis,svr_linear,3.180000688,3.510021109709247
blumeria_graminis,svr_linear,6.589138619,3.5786994594869195
blumeria_graminis,svr_linear,4.276054141,3.711810184022972
blumeria_graminis,svr_linear,2.534190253,3.6413029326431174
blumeria_graminis,svr_linear,3.019697482,3.6692077741857934
blumeria_graminis,svr_linear,2.411663088,3.1841893429967802
blumeria_graminis,svr_linear,2.920814432,3.5699313535875525
blumeria_graminis,svr_linear,2.287903953,3.1183320796824034
blumeria_graminis,svr_linear,3.027663889,3.621478653047703
blumeria_graminis,svr_linear,4.157511268,3.626833599257064
blumeria_graminis,svr_linear,2.390854411,3.109871264744654
blumeria_graminis,svr_linear,2.904034227,3.6618878233264374
blumeria_graminis,svr_linear,2.791457945,3.5861661279714303
blumeria_graminis,svr_linear,3.542664674,3.4653486324103975
blumeria_graminis,svr_linear,2.666662658,3.5753958139289055
blumeria_graminis,svr_linear,3.418368958,3.1091085714977513
blumeria_graminis,svr_linear,4.188001098,3.1553897625240337
blumeria_graminis,svr_linear,2.540939638,3.4299515069312543
blumeria_graminis,svr_linear,2.930715273,3.2472136666377667
blumeria_graminis,svr_linear,2.699797776,3.0070531485188354
blumeria_graminis,svr_linear,4.493524122,3.487970059335008
blumeria_graminis,svr_linear,5.146678714,3.344281883270767
blumeria_graminis,svr_linear,2.410529842,3.136277269290278
blumeria_graminis,svr_linear,4.008990408,3.378121776133079
blumeria_graminis,svr_linear,4.008608582,3.2237075115644975
blumeria_graminis,svr_linear,3.891826181,2.9620790595236013
blumeria_graminis,svr_linear,2.979570497,3.583949234958824
blumeria_graminis,svr_linear,2.721315015,3.0274630089104884
blumeria_graminis,svr_linear,2.629762575,3.30796913381802
blumeria_graminis,svr_linear,2.860550558,3.7271789146687784
blumeria_graminis,svr_linear,4.062468799,3.124274696964944
blumeria_graminis,svr_linear,4.848314026,3.463522970456833
blumeria_graminis,svr_linear,4.112070774,3.3662561805950313
blumeria_graminis,svr_linear,3.246044365,3.447736072744657
blumeria_graminis,svr_linear,3.682047913,3.5697995288138293
blumeria_graminis,svr_linear,4.469646647,3.3367585850780204
blumeria_graminis,svr_linear,3.447599585,3.290904486839977
blumeria_graminis,svr_linear,3.239698053,3.4085976092218897
blumeria_graminis,svr_linear,3.85304031,3.6203473445044887
blumeria_graminis,svr_linear,3.069274663,1.6234302199178434
blumeria_graminis,svr_linear,2.872516237,2.9436818788229644
blumeria_graminis,svr_linear,3.543755695,3.3022871722608937
blumeria_graminis,svr_linear,2.85595884,3.6014634129784016
blumeria_graminis,svr_linear,3.555119352,3.1456575020528597
blumeria_graminis,svr_linear,3.30976685,3.085311232425614
blumeria_graminis,svr_linear,3.043052785,3.5074534641801955
blumeria_graminis,svr_linear,3.741443185,3.4792467564813223
blumeria_graminis,svr_linear,3.928411229,3.4561885020889846
blumeria_graminis,svr_linear,4.590927718,3.5275092097127074
blumeria_graminis,svr_linear,3.655174103,3.349705305635284
blumeria_graminis,svr_linear,2.906454968,3.0089453207503034
blumeria_graminis,svr_linear,3.097001974,3.60831899437437
blumeria_graminis,svr_linear,2.798874784,3.2062169251563737
blumeria_graminis,svr_linear,4.406218731,3.470227492915967
blumeria_graminis,svr_linear,3.433186966,3.027135337989459
blumeria_graminis,svr_linear,3.684065586,3.5315640012269762
blumeria_graminis,svr_linear,2.975448722,3.1403392016585885
blumeria_graminis,svr_linear,4.145771488,3.3704830054702084
blumeria_graminis,svr_linear,4.962126692,3.6158254886975345
blumeria_graminis,svr_linear,5.063516056,3.5173170805153666
blumeria_graminis,svr_linear,4.24409059,3.3671646864021234
blumeria_graminis,svr_linear,3.149025161,3.1602216588676915
blumeria_graminis,svr_linear,3.032712489,3.4976022489863237
blumeria_graminis,svr_linear,3.889121027,3.7364841368933535
blumeria_graminis,svr_linear,4.028138475,3.2361183694159568
blumeria_graminis,svr_linear,4.505033293,3.239748581929902
blumeria_graminis,svr_linear,3.107990383,3.7365140796823075
blumeria_graminis,svr_linear,3.428772966,3.197348827348949
blumeria_graminis,svr_linear,3.160942868,3.671004832992126
blumeria_graminis,svr_linear,2.447616775,3.079939742032948
blumeria_graminis,svr_linear,3.004071277,3.4971165541728686
blumeria_graminis,svr_linear,4.290238698,3.4412863742281803
blumeria_graminis,svr_linear,4.263476721,3.4064606667344783
blumeria_graminis,svr_linear,2.961706458,3.5133289862854937
blumeria_graminis,svr_linear,4.157007598,3.538032099675561
blumeria_graminis,svr_linear,3.442248818,3.6378647584080004
blumeria_graminis,svr_linear,4.295626453,3.127779651235701
blumeria_graminis,svr_linear,4.521787881,3.3855716048067777
blumeria_graminis,svr_linear,1.980491283,3.817321146015388
blumeria_graminis,svr_linear,3.194400545,3.687422561894767
blumeria_graminis,svr_linear,3.903138775,3.7318715403660874
blumeria_graminis,svr_linear,3.022576062,3.5758218742594963
blumeria_graminis,svr_linear,4.367614723,3.626266076651513
blumeria_graminis,svr_linear,3.472011705,3.5128452145430895
blumeria_graminis,svr_linear,3.717066553,3.7935727545759876
blumeria_graminis,svr_linear,2.873965832,3.2284287948748567
blumeria_graminis,svr_linear,3.279381497,3.7347166408647507
blumeria_graminis,svr_linear,2.661315957,3.1691108560330603
blumeria_graminis,svr_linear,3.150697043,3.247033913272992
blumeria_graminis,svr_linear,3.426235627,3.7426125482195345
blumeria_graminis,svr_linear,4.268562575,3.101318897549806
blumeria_graminis,svr_linear,3.540086341,3.6528713851977916
blumeria_graminis,svr_linear,2.845898934,3.5675164602132368
blumeria_graminis,svr_linear,3.049252072,3.3955870404380954
blumeria_graminis,svr_linear,3.400882727,3.7295298992000747
blumeria_graminis,svr_linear,3.683867214,3.588145613750592
blumeria_graminis,svr_linear,3.634671231,3.029040745401636
blumeria_graminis,svr_linear,2.27943587,2.9137981948696523
blumeria_graminis,svr_linear,2.704987972,3.2494600762893975
blumeria_graminis,svr_linear,3.416915262,3.5083637263443856
blumeria_graminis,svr_linear,3.328202772,3.6326782429065205
blumeria_graminis,svr_linear,2.756426229,3.796806063580414
blumeria_graminis,svr_linear,3.637625031,3.582099898513008
blumeria_graminis,svr_linear,3.429806456,3.6387597509307708
blumeria_graminis,svr_linear,3.545213946,3.6974101217751665
blumeria_graminis,svr_linear,3.184426594,3.61524683899893
blumeria_graminis,svr_linear,3.458869061,3.043397442661054
blumeria_graminis,svr_linear,2.989321031,3.374694406956962
blumeria_graminis,svr_linear,3.658455994,3.260543264469183
blumeria_graminis,svr_linear,2.351764217,1.7350248631795673
blumeria_graminis,svr_linear,3.239734038,3.7313695805212723
blumeria_graminis,svr_linear,3.412612816,3.2526516778698213
blumeria_graminis,svr_linear,3.758961177,3.603995971637766
blumeria_graminis,svr_linear,3.64693133,3.741467316428217
blumeria_graminis,svr_linear,4.425828633,3.3242599757727134
blumeria_graminis,svr_linear,4.636268046,3.3678099320733215
blumeria_graminis,svr_linear,4.272345892,3.13235491767818
blumeria_graminis,svr_linear,3.172735051,3.2170041608395765
blumeria_graminis,svr_linear,3.949681236,3.4816245599899416
blumeria_graminis,svr_linear,2.785514466,3.5489736743576983
blumeria_graminis,svr_linear,2.553140951,2.888213493344235
blumeria_graminis,svr_linear,2.045791317,2.070153333482942
blumeria_graminis,svr_linear,3.012701172,3.050529064816975
blumeria_graminis,svr_linear,3.493796248,3.1662705246771843
blumeria_graminis,svr_linear,3.594167986,3.5743604091794694
blumeria_graminis,svr_linear,4.135491211,3.3948355835675255
blumeria_graminis,svr_linear,3.785544967,3.5205435042631925
blumeria_graminis,svr_linear,3.029052143,3.257537348145044
blumeria_graminis,svr_linear,3.368255205,3.7168526146377063
blumeria_graminis,svr_linear,4.306653911,3.266094987270268
blumeria_graminis,svr_linear,3.785167304,3.0865221258512316
blumeria_graminis,svr_linear,3.639007752,3.573468459142328
blumeria_graminis,svr_linear,3.456843562,3.0035960376652806
blumeria_graminis,svr_linear,4.147701114,3.4598989311814035
blumeria_graminis,svr_linear,2.446781946,1.56917399218649
blumeria_graminis,svr_linear,2.909312189,3.7554154695518314
blumeria_graminis,svr_linear,2.494668195,3.5412103263341757
blumeria_graminis,svr_linear,4.053919174,3.021471992879738
blumeria_graminis,svr_linear,4.641373898,3.2470631134458356
blumeria_graminis,svr_linear,4.233338983,3.5246146380432966
blumeria_graminis,svr_linear,2.681197233,3.206597595074016
blumeria_graminis,svr_linear,2.681340092,3.445831161841715
blumeria_graminis,svr_linear,3.350652113,3.66292733421781
blumeria_graminis,svr_linear,3.538647045,3.548474425173529
blumeria_graminis,svr_linear,2.862047713,3.5962407507964804
blumeria_graminis,svr_linear,3.946302219,3.7119039052748213
blumeria_graminis,svr_linear,3.011278457,3.653863116779009
blumeria_graminis,svr_linear,2.529239907,2.702543267940011
blumeria_graminis,svr_linear,3.841334897,3.4090832862233174
blumeria_graminis,svr_linear,3.228487904,3.40758821566137
blumeria_graminis,svr_linear,2.658916003,3.298623268922685
blumeria_graminis,svr_linear,3.151626716,3.2058007171450535
blumeria_graminis,svr_linear,3.283427369,3.598810369856878
blumeria_graminis,svr_linear,3.789334106,3.266401425478164
blumeria_graminis,svr_linear,3.796669747,3.7536497962860764
blumeria_graminis,svr_linear,2.791675033,3.1344429498702953
blumeria_graminis,svr_linear,3.014089299,3.666300267172027
blumeria_graminis,svr_linear,3.252486318,3.33788206356789
blumeria_graminis,svr_linear,2.5721814,3.1010990587957608
blumeria_graminis,svr_linear,2.204087133,3.3193356659104722
blumeria_graminis,svr_linear,2.672992823,3.029529672630971
blumeria_graminis,svr_linear,4.604826501,3.5645338148632257
blumeria_graminis,svr_linear,2.175609019,3.4848936675436386
blumeria_graminis,svr_linear,2.606679475,3.3822605747319034
blumeria_graminis,svr_linear,2.480321934,3.1728572322959607
blumeria_graminis,svr_linear,2.593974221,3.226170506315923
blumeria_graminis,svr_linear,2.162478728,3.490383570164274
blumeria_graminis,svr_linear,3.227683402,3.3215833085594615
blumeria_graminis,svr_linear,5.257224227,3.8397101367315303
blumeria_graminis,svr_linear,4.658690624,4.019755133339955
blumeria_graminis,svr_linear,5.058437263,4.494429076174133
blumeria_graminis,svr_linear,4.193726931,4.2354732331368785
blumeria_graminis,svr_linear,3.83227834,4.545485153533698
blumeria_graminis,svr_linear,4.650309925,4.278473260786712
blumeria_graminis,svr_linear,3.606162525,3.69749122900862
blumeria_graminis,svr_linear,3.100924054,3.8153693549292202
blumeria_graminis,svr_linear,3.31137996,4.916074563904197
blumeria_graminis,svr_linear,4.977813317,4.362316528980417
blumeria_graminis,svr_linear,4.427159955,4.721136750159706
blumeria_graminis,svr_linear,3.529045416,4.167355122154377
blumeria_graminis,svr_linear,3.783676765,4.039400290276147
blumeria_graminis,svr_linear,6.783789402,4.320338716675121
blumeria_graminis,svr_linear,1.72188989,2.789026181356565
blumeria_graminis,svr_linear,3.043797092,2.5323294656993607
blumeria_graminis,svr_linear,3.722045809,2.8073311748769436
blumeria_graminis,svr_linear,4.23536422,4.666028931566845
blumeria_graminis,svr_linear,4.290764957,3.4573621693157035
blumeria_graminis,svr_linear,2.984318562,2.8232774469441826
blumeria_graminis,svr_linear,4.3866521,4.64046376137082
blumeria_graminis,svr_linear,5.337324402,4.555755852988058
blumeria_graminis,svr_linear,3.87655913,4.201951188372757
blumeria_graminis,svr_linear,5.933277057,4.747027489016144
blumeria_graminis,svr_linear,5.89991457,4.104955331408182
blumeria_graminis,svr_linear,5.88349109,4.377269345060457
blumeria_graminis,svr_linear,4.385962468,4.985694733164126
blumeria_graminis,svr_linear,4.34240292,3.914844371924257
blumeria_graminis,svr_linear,4.675377199,3.541693245208651
blumeria_graminis,svr_linear,2.981498306,4.8369550214007635
blumeria_graminis,svr_linear,3.846017812,3.879853292768965
blumeria_graminis,svr_linear,4.896727372,3.7987588821227947
blumeria_graminis,svr_linear,3.698828362,3.946114962723849
blumeria_graminis,svr_linear,2.837618486,4.5006555901821095
blumeria_graminis,svr_linear,3.140009536,4.672397861050946
blumeria_graminis,svr_linear,4.205556563,3.5415064345882072
blumeria_graminis,svr_linear,4.110451642,4.164988678248424
blumeria_graminis,svr_linear,4.471026716,5.031243644060606
blumeria_graminis,svr_linear,4.398478495,5.331672170441852
blumeria_graminis,svr_linear,4.505945818,3.688232353860724
blumeria_graminis,svr_linear,2.77712455,3.236292621652248
blumeria_graminis,svr_linear,5.472366993,4.662456780163958
blumeria_graminis,svr_linear,2.426397308,2.923712903985309
blumeria_graminis,svr_linear,4.002508029,4.548426943954642
blumeria_graminis,svr_linear,4.019140308,4.094574903621515
blumeria_graminis,svr_linear,5.015633914,4.812675282719867
blumeria_graminis,svr_linear,3.059442559,3.425218674769917
blumeria_graminis,svr_linear,3.615430717,3.8653783974356717
blumeria_graminis,svr_linear,3.808117529,4.214952277519745
blumeria_graminis,svr_linear,4.220613878,3.9745947544464717
blumeria_graminis,svr_linear,3.327399942,3.9901839992109505
blumeria_graminis,svr_linear,4.438366136,4.690104136328903
blumeria_graminis,svr_linear,3.423200647,3.947812309566237
blumeria_graminis,svr_linear,4.102691645,3.704132606949531
blumeria_graminis,svr_linear,4.262336389,3.9584605780851354
blumeria_graminis,svr_linear,4.462897806,4.363658276678568
blumeria_graminis,svr_linear,4.50671033,4.268211444631106
blumeria_graminis,svr_linear,4.612852176,4.279486399024678
blumeria_graminis,svr_linear,4.223745685,4.268110609082111
blumeria_graminis,svr_linear,4.907772242,4.299068936052746
blumeria_graminis,svr_linear,4.521578663,4.454934639698711
blumeria_graminis,svr_linear,3.108863115,3.153676521739548
blumeria_graminis,svr_linear,4.127661936,4.202469149606128
blumeria_graminis,svr_linear,4.80815216,4.1760402753472
blumeria_graminis,svr_linear,4.547944294,4.54976344734963
blumeria_graminis,svr_linear,3.955554329,4.441595300796091
blumeria_graminis,svr_linear,4.14426247,3.867356850806558
blumeria_graminis,svr_linear,2.445808577,5.753744003958481
blumeria_graminis,svr_linear,4.035274245,3.8930948885298795
blumeria_graminis,svr_linear,2.872589198,4.233265950287587
blumeria_graminis,svr_linear,4.808844585,4.83693032542906
blumeria_graminis,svr_linear,4.202214152,4.867062909369967
blumeria_graminis,svr_linear,3.68544338,4.445301213112213
blumeria_graminis,svr_linear,3.206817275,3.4965230069288387
blumeria_graminis,svr_linear,1.316526234,3.2948865451666554
blumeria_graminis,svr_linear,5.32297995,4.201712847622748
blumeria_graminis,svr_linear,4.790679092,4.209871849609643
blumeria_graminis,svr_linear,3.133040489,4.404562963049913
blumeria_graminis,svr_linear,2.589397338,3.6036598461897036
blumeria_graminis,svr_linear,3.809839372,4.323921199407512
blumeria_graminis,svr_linear,3.212470436,2.3175963146954173
blumeria_graminis,svr_linear,4.874351216,4.289289849147937
blumeria_graminis,svr_linear,4.825596813,3.9395501121159464
blumeria_graminis,svr_linear,3.198514563,3.994279588239471
blumeria_graminis,svr_linear,5.421395854,4.35830117119876
blumeria_graminis,svr_linear,2.892750152,2.9720965271127078
blumeria_graminis,svr_linear,4.592522799,3.833735802124594
blumeria_graminis,svr_linear,3.84236037,3.680479855350312
blumeria_graminis,svr_linear,2.684293347,4.152109154441662
blumeria_graminis,svr_linear,3.888140358,3.9756675352500435
blumeria_graminis,svr_linear,2.278679185,4.1052257157765855
blumeria_graminis,svr_linear,4.111821098,4.495881880524351
blumeria_graminis,svr_linear,6.301205105,4.143911318509986
blumeria_graminis,svr_linear,4.910084379,4.370644262857181
blumeria_graminis,svr_linear,3.659228408,4.091842441340311
blumeria_graminis,svr_linear,4.543352862,4.097091634901293
blumeria_graminis,svr_linear,3.172507983,4.424990850932204
blumeria_graminis,svr_linear,5.009628539,4.04803101208539
blumeria_graminis,svr_linear,4.850060637,3.779088312627518
blumeria_graminis,svr_linear,3.910036696,3.7087181037601957
blumeria_graminis,svr_linear,5.661886978,4.324004445255891
blumeria_graminis,svr_linear,3.836782413,3.199558495041914
blumeria_graminis,svr_linear,4.050657305,4.244944808505839
blumeria_graminis,svr_linear,3.187221607,3.542914448025894
blumeria_graminis,svr_linear,3.651880155,3.337634537155434
blumeria_graminis,svr_linear,3.44469146,3.771319389382683
blumeria_graminis,svr_linear,3.182503062,4.584333568253889
blumeria_graminis,svr_linear,5.409569142,4.5871681508789015
blumeria_graminis,svr_linear,4.649484742,4.833321066677341
blumeria_graminis,svr_linear,3.816267738,4.633117611867299
blumeria_graminis,svr_linear,6.225613057,3.8074378616004543
blumeria_graminis,svr_linear,3.291470209,3.6956862588344075
blumeria_graminis,svr_linear,3.358712446,3.387678832404821
blumeria_graminis,svr_linear,3.511842721,3.302191215216084
blumeria_graminis,svr_linear,3.267604963,2.682169698824631
blumeria_graminis,svr_linear,5.618688592,15.346211533616074
blumeria_graminis,svr_linear,4.422295665,3.807008913976847
blumeria_graminis,svr_linear,2.473112519,1.9647993247262776
blumeria_graminis,svr_linear,4.376537544,3.6119896465475794
blumeria_graminis,svr_linear,3.720439024,3.680875998484427
blumeria_graminis,svr_linear,3.372753117,4.456652742429432
blumeria_graminis,svr_linear,3.96233861,3.9417903629394107
blumeria_graminis,svr_linear,4.735057511,4.213726541014308
blumeria_graminis,svr_linear,3.983885653,4.725484395896676
blumeria_graminis,svr_linear,4.321173794,3.6826481382551775
blumeria_graminis,svr_linear,4.770752699,4.521719681357339
blumeria_graminis,svr_linear,5.143586806,4.549725933904786
blumeria_graminis,svr_linear,4.530680852,4.04939672780619
blumeria_graminis,svr_linear,4.043679662,4.651936386521023
blumeria_graminis,svr_linear,3.489522481,4.477940678730235
blumeria_graminis,svr_linear,4.601631326,4.745618967658784
blumeria_graminis,svr_linear,4.024574639,4.57451952806034
blumeria_graminis,svr_linear,5.236225652,3.9732902253242877
blumeria_graminis,svr_linear,2.522042127,3.957495047886072
blumeria_graminis,svr_linear,3.853910452,3.8962083512864547
blumeria_graminis,svr_linear,3.558781016,4.007917966571203
blumeria_graminis,svr_linear,4.938299021,3.6838542324179984
blumeria_graminis,svr_linear,4.125145135,4.143146423387349
blumeria_graminis,svr_linear,4.024236296,4.424348318357693
blumeria_graminis,svr_linear,4.073491322,4.449418121270817
blumeria_graminis,svr_linear,5.837107993,4.620519217136729
blumeria_graminis,svr_linear,4.778856643,4.3428090847875005
blumeria_graminis,svr_linear,3.411237625,3.014973587929356
blumeria_graminis,svr_linear,3.665090276,3.8534755869037403
blumeria_graminis,svr_linear,3.825702693,4.377250864193442
blumeria_graminis,svr_linear,3.91817307,4.409655249753865
blumeria_graminis,svr_linear,4.242019861,4.240899703844541
blumeria_graminis,svr_linear,4.516213003,4.710992157956561
blumeria_graminis,svr_linear,4.226698287,3.9039019136650692
blumeria_graminis,svr_linear,4.408071506,4.154762914435083
blumeria_graminis,svr_linear,5.237206111,4.668194971319247
blumeria_graminis,svr_linear,3.350073339,3.606098964017921
blumeria_graminis,svr_linear,5.10572123,4.805779524702812
blumeria_graminis,svr_linear,2.260962592,3.7617542316014454
blumeria_graminis,svr_linear,4.110758686,4.145307201887516
blumeria_graminis,svr_linear,4.798073378,4.28428935596801
blumeria_graminis,svr_linear,4.959153868,3.8974583619649676
blumeria_graminis,svr_linear,3.641454816,4.130804063889113
blumeria_graminis,svr_linear,4.141635804,4.392754794718429
blumeria_graminis,svr_linear,4.86279032,4.012364791031759
blumeria_graminis,svr_linear,4.216600178,4.575328639572754
blumeria_graminis,svr_linear,3.849773986,4.529627986520683
blumeria_graminis,svr_linear,4.956999528,3.227697911126465
blumeria_graminis,svr_linear,2.440978639,3.9061679130774465
blumeria_graminis,svr_linear,4.702881793,4.490393088048177
blumeria_graminis,svr_linear,4.554219439,4.60913964236083
blumeria_graminis,svr_linear,3.253718608,3.552117847259851
blumeria_graminis,svr_linear,4.467081127,4.791315440106428
blumeria_graminis,svr_linear,3.569373326,4.088240335916206
blumeria_graminis,svr_linear,6.097746394,3.5225242575234854
blumeria_graminis,svr_linear,5.392107042,3.4613710875180437
blumeria_graminis,svr_linear,4.427849306,3.5092134362683396
blumeria_graminis,svr_linear,3.84279713,3.5019576093887648
blumeria_graminis,svr_linear,3.260197683,4.1845103197942475
blumeria_graminis,svr_linear,3.570921944,4.300775510115326
blumeria_graminis,svr_linear,4.706338199,5.346323888818125
blumeria_graminis,svr_linear,4.133519633,4.14576028675169
blumeria_graminis,svr_linear,4.826196289,4.5009156707695475
blumeria_graminis,svr_linear,4.355886165,3.924285824436791
blumeria_graminis,svr_linear,3.956880334,3.871754717422912
blumeria_graminis,svr_linear,5.260171874,4.297131912537942
blumeria_graminis,svr_linear,3.644976323,4.040900483119381
blumeria_graminis,svr_linear,5.675513712,4.411469824088903
blumeria_graminis,svr_linear,5.53101205,10.858949499021245
blumeria_graminis,svr_linear,4.393923556,5.290554842336757
blumeria_graminis,svr_linear,4.355963781,4.332447963846934
blumeria_graminis,svr_linear,2.538144792,5.568189077050803
blumeria_graminis,svr_linear,4.815350645,4.360586701951564
blumeria_graminis,svr_linear,4.449596248,4.483678113883746
blumeria_graminis,svr_linear,4.179388227,4.4391931569732455
blumeria_graminis,svr_linear,4.167315222,4.194969390904041
blumeria_graminis,svr_linear,5.372524213,4.30303975540536
blumeria_graminis,svr_linear,4.231502172,3.754498558831099
blumeria_graminis,svr_linear,4.90477488,4.435693686160153
blumeria_graminis,svr_linear,4.845521707,4.187978161474815
blumeria_graminis,svr_linear,4.026336417,3.8031452353774
blumeria_graminis,svr_linear,2.660645523,2.6879013806890795
blumeria_graminis,svr_linear,3.346839531,3.713588494927325
blumeria_graminis,svr_linear,4.220619255,4.200049217712107
blumeria_graminis,svr_linear,4.716208531,3.795031483033122
blumeria_graminis,svr_linear,4.630099604,4.253613088720004
blumeria_graminis,svr_linear,3.426240215,3.4754009354132944
blumeria_graminis,svr_linear,2.81102902,4.229812505408147
blumeria_graminis,svr_linear,3.50149357,4.131420253128629
blumeria_graminis,svr_linear,4.348562936,3.910677699557219
blumeria_graminis,svr_linear,3.646960045,4.097346818932711
blumeria_graminis,svr_linear,2.448063444,4.087907538307678
blumeria_graminis,svr_linear,5.300520045,4.2771007893668465
blumeria_graminis,svr_linear,3.986582557,3.9144791985634146
blumeria_graminis,svr_linear,3.893447874,3.6395354562953264
blumeria_graminis,svr_linear,4.336290184,3.689109774726413
blumeria_graminis,svr_linear,4.317294748,3.9681688173641874
blumeria_graminis,svr_linear,4.557154459,2.997114004166469
blumeria_graminis,svr_linear,3.233179976,3.9408856252574744
blumeria_graminis,svr_linear,3.142372722,4.044429541001518
blumeria_graminis,svr_linear,3.234102553,3.062432737978682
blumeria_graminis,svr_linear,4.449691489,4.171613628996498
blumeria_graminis,svr_linear,3.867291291,3.4653184029840256
blumeria_graminis,svr_linear,2.79413729,3.6139179152796377
blumeria_graminis,svr_linear,4.40435114,3.328090116946651
blumeria_graminis,svr_linear,3.271024069,2.706758021110754
blumeria_graminis,svr_linear,4.201435819,4.432215763644308
blumeria_graminis,svr_linear,4.80463112,4.172705402885511
blumeria_graminis,svr_linear,3.532907492,3.3424069650899835
blumeria_graminis,svr_linear,3.631286016,3.3388239307249696
blumeria_graminis,svr_linear,2.477673493,2.6311436104935098
blumeria_graminis,svr_linear,4.13546807,4.496347478212992
blumeria_graminis,svr_linear,3.772246592,4.148633425034704
blumeria_graminis,svr_linear,3.050776096,3.089704960413687
blumeria_graminis,svr_linear,5.534791148,4.180852699716282
blumeria_graminis,svr_linear,4.451547648,3.890966197197096
blumeria_graminis,svr_linear,3.997291665,4.019358575881542
blumeria_graminis,svr_linear,3.32836914,4.14891718705199
blumeria_graminis,svr_linear,4.478395922,4.615396090013532
blumeria_graminis,svr_linear,4.754708489,4.477310405856479
blumeria_graminis,svr_linear,1.70233291,4.14646720273678
blumeria_graminis,svr_linear,4.137604427,2.842691400258572
blumeria_graminis,svr_linear,4.392161166,3.9026285118374364
blumeria_graminis,svr_linear,1.955866093,4.149059208404263
blumeria_graminis,svr_linear,4.722269459,4.373775200403381
blumeria_graminis,svr_linear,2.734304778,3.3787430454897054
blumeria_graminis,svr_linear,2.949331181,3.4701483728681692
blumeria_graminis,svr_linear,5.688562708,4.19005530848494
blumeria_graminis,svr_linear,4.851811167,3.9610677415654254
blumeria_graminis,svr_linear,4.569751205,4.289093001972232
blumeria_graminis,svr_linear,2.949877825,4.63631933690239
blumeria_graminis,svr_linear,3.101476517,4.281602276250126
blumeria_graminis,svr_linear,4.177878372,3.8374272994439966
blumeria_graminis,svr_linear,2.875922437,3.0235926741421135
blumeria_graminis,svr_linear,4.122794964,4.432278615555554
blumeria_graminis,svr_linear,4.616040819,3.4962470698990793
blumeria_graminis,svr_linear,2.891870258,2.153930571285308
blumeria_graminis,svr_linear,2.111914299,1.929006989176384
blumeria_graminis,svr_linear,2.692208952,2.682409180312211
blumeria_graminis,svr_linear,3.181936661,2.8193409035061077
blumeria_graminis,svr_linear,6.382031613,4.505074096568985
blumeria_graminis,svr_linear,4.282237152,4.422690302027129
blumeria_graminis,svr_linear,3.714908705,2.8838031205511605
blumeria_graminis,svr_linear,4.415496498,4.375936456916193
blumeria_graminis,svr_linear,3.768961456,4.562785085806371
blumeria_graminis,svr_linear,3.737782353,3.6330253273365036
blumeria_graminis,svr_linear,4.15173181,4.221446662352736
blumeria_graminis,svr_linear,3.693106282,3.337385714914543
blumeria_graminis,svr_linear,2.688979987,3.4070904165685922
blumeria_graminis,svr_linear,3.992654485,4.526305602942769
blumeria_graminis,svr_linear,2.8549377,2.8245522340781832
blumeria_graminis,svr_linear,1.378409492,2.9129717371648214
blumeria_graminis,svr_linear,5.122061688,4.096528363603015
blumeria_graminis,svr_linear,5.155437394,4.505565534241901
blumeria_graminis,svr_linear,3.720142706,4.003798397254428
blumeria_graminis,svr_linear,5.874003613,4.22900782617429
blumeria_graminis,svr_linear,3.978383705,6.970443425561438
blumeria_graminis,svr_linear,5.310099244,4.365114907480159
blumeria_graminis,svr_linear,4.225593161,3.5577999896071755
blumeria_graminis,svr_linear,4.588819157,4.855205072534519
blumeria_graminis,svr_linear,3.307801401,2.746346070108316
blumeria_graminis,svr_linear,5.274935231,4.022405113048887
blumeria_graminis,svr_linear,4.581761662,4.247797424761519
blumeria_graminis,svr_linear,3.784649858,3.4288729003623613
blumeria_graminis,svr_linear,2.75391404,3.541883222035318
blumeria_graminis,svr_linear,4.400475554,4.029059110181769
blumeria_graminis,svr_linear,3.451219525,3.6106046229025592
blumeria_graminis,svr_linear,2.99784099,3.3188656397847307
blumeria_graminis,svr_linear,2.901250076,4.028784734069957
blumeria_graminis,svr_linear,3.546352625,3.937232978587428
blumeria_graminis,svr_linear,4.167944505,3.9117341397986825
blumeria_graminis,svr_linear,4.845170757,4.475958366896139
blumeria_graminis,svr_linear,4.269036478,3.369661985719577
blumeria_graminis,svr_linear,4.662446828,4.101995024406646
blumeria_graminis,svr_linear,2.941978655,3.7858938038220935
blumeria_graminis,svr_linear,3.855978145,4.516665424981558
blumeria_graminis,svr_linear,4.103741363,4.30523525049454
blumeria_graminis,svr_linear,3.927403393,3.447245335707712
blumeria_graminis,svr_linear,3.488888168,3.8291740376189223
blumeria_graminis,svr_linear,5.264730973,4.460792472588194
blumeria_graminis,svr_linear,4.146731987,3.341377589850328
blumeria_graminis,svr_linear,4.415234402,4.298050954589595
blumeria_graminis,svr_linear,5.227753998,4.5723806636819555
blumeria_graminis,svr_linear,4.951180855,4.1675419641118046
blumeria_graminis,svr_linear,3.242313383,4.529805137274504
blumeria_graminis,svr_linear,3.581391962,4.5967266762329375
blumeria_graminis,svr_linear,4.779757073,4.552672517812344
blumeria_graminis,svr_linear,3.789186141,3.8885387256001946
blumeria_graminis,svr_linear,3.452819481,3.3414240708556338
blumeria_graminis,svr_linear,3.822506018,4.157239333386554
blumeria_graminis,svr_linear,4.48963065,4.685101108499775
blumeria_graminis,svr_linear,1.764133912,3.5896462147515376
blumeria_graminis,svr_linear,4.166039527,3.904629160014527
blumeria_graminis,svr_linear,5.456378574,4.715075193513265
blumeria_graminis,svr_linear,1.511216651,2.2076379555516796
blumeria_graminis,svr_linear,3.274252656,3.9474449991118252
blumeria_graminis,svr_linear,2.948178444,3.675369604973697
blumeria_graminis,svr_linear,4.152561375,4.48907310840079
blumeria_graminis,svr_linear,4.644183662,4.371552917452175
blumeria_graminis,svr_linear,4.754428706,4.179665286216613
blumeria_graminis,svr_linear,4.460732122,4.983958678674956
blumeria_graminis,svr_linear,3.783403222,3.7056952983194105
blumeria_graminis,svr_linear,4.78870537,4.22782066448265
blumeria_graminis,svr_linear,4.235566032,4.7366055542560535
blumeria_graminis,svr_linear,2.506675145,3.655573193531643
blumeria_graminis,svr_linear,3.895082023,3.443562833903315
blumeria_graminis,svr_linear,3.648182618,3.5034603156055137
blumeria_graminis,svr_linear,5.195142192,4.813428059240579
blumeria_graminis,svr_linear,5.857579768,4.573985147974813
blumeria_graminis,svr_linear,4.712397423,3.852313931943082
blumeria_graminis,svr_linear,3.58122687,4.177491723315317
blumeria_graminis,svr_linear,3.36186509,3.1090104562729097
blumeria_graminis,svr_linear,3.152762989,3.9641086077299446
blumeria_graminis,svr_linear,3.27484881,3.2642783888059173
blumeria_graminis,svr_linear,4.613429446,4.262086957656795
blumeria_graminis,svr_linear,3.302955327,3.794696757398592
blumeria_graminis,svr_linear,4.040670396,4.083966806082554
blumeria_graminis,svr_linear,4.612095765,4.221167724742803
blumeria_graminis,svr_linear,3.977859626,4.507085047786333
blumeria_graminis,svr_linear,4.13605548,4.421846204003372
blumeria_graminis,svr_linear,3.942556938,4.508886962062897
blumeria_graminis,svr_linear,4.190644421,4.077137774776188
blumeria_graminis,svr_linear,4.599376755,4.5224375669009955
blumeria_graminis,svr_linear,4.019428768,3.942894761476788
blumeria_graminis,svr_linear,2.376037436,4.719250883010636
blumeria_graminis,svr_linear,3.656548376,3.753755783091031
blumeria_graminis,svr_linear,4.239869618,4.522261332052918
blumeria_graminis,svr_linear,2.950422709,3.707100016644225
blumeria_graminis,svr_linear,4.41929205,2.838625319979788
blumeria_graminis,svr_linear,3.613731844,4.592862002652496
blumeria_graminis,svr_linear,3.948674204,3.603224654627497
blumeria_graminis,svr_linear,3.267134764,2.975492426474674
blumeria_graminis,svr_linear,3.730007541,4.296814443257112
blumeria_graminis,svr_linear,4.253975037,3.304651335646019
blumeria_graminis,svr_linear,3.623478316,4.493610575783724
blumeria_graminis,svr_linear,3.885879862,3.9028589234676767
blumeria_graminis,svr_linear,3.794351277,3.0714642702964463
blumeria_graminis,svr_linear,3.618311066,4.241353073040186
blumeria_graminis,svr_linear,2.420042814,4.1047099554539574
blumeria_graminis,svr_linear,3.53487142,4.314102781113753
blumeria_graminis,svr_linear,4.713959622,4.6811475329657695
blumeria_graminis,svr_linear,4.127095218,4.044040833680357
blumeria_graminis,svr_linear,3.3767252,4.575204443471309
blumeria_graminis,svr_linear,3.65911629,4.354257382049926
blumeria_graminis,svr_linear,3.915426952,4.14561619238665
blumeria_graminis,svr_linear,5.953092094,5.430364158386432
blumeria_graminis,svr_linear,3.211985757,4.279215455494487
blumeria_graminis,svr_linear,4.359206162,4.005880211729192
blumeria_graminis,svr_linear,4.268787503,4.7160851413124885
blumeria_graminis,svr_linear,4.348575639,3.913963134471059
blumeria_graminis,svr_linear,4.739567057,4.571434147853232
blumeria_graminis,svr_linear,5.348289052,4.276333038396536
blumeria_graminis,svr_linear,4.569255449,3.4096967938660145
blumeria_graminis,svr_linear,5.016286424,3.1350297507458547
blumeria_graminis,svr_linear,4.261425807,3.650003611382469
blumeria_graminis,svr_linear,3.82509917,3.141851770215064
blumeria_graminis,svr_linear,3.48173721,3.1256218435944807
blumeria_graminis,svr_linear,4.181554228,4.421904379377711
blumeria_graminis,svr_linear,3.931179341,3.724928581432534
blumeria_graminis,svr_linear,3.52939646,4.647247184581672
blumeria_graminis,svr_linear,4.797323453,5.333077899042536
blumeria_graminis,svr_linear,2.674061693,4.292756347640689
blumeria_graminis,svr_linear,4.695344887,4.560918122444372
blumeria_graminis,svr_linear,5.106326175,4.485254785170455
blumeria_graminis,svr_linear,4.539577153,4.15002335886268
blumeria_graminis,svr_linear,5.094612275,4.456810956027509
blumeria_graminis,svr_linear,3.459095167,4.706752687417903
blumeria_graminis,svr_linear,3.958834789,4.33750995919423
blumeria_graminis,svr_linear,3.965129928,4.362626839592645
blumeria_graminis,svr_linear,4.046867252,4.4001443542211405
blumeria_graminis,svr_linear,3.498437063,4.6527526234115095
blumeria_graminis,svr_linear,3.024222557,3.244908216671432
blumeria_graminis,svr_linear,3.752366795,3.990295557826541
blumeria_graminis,svr_linear,3.136303836,3.682089204805371
blumeria_graminis,svr_linear,3.66246826,3.7639045172330317
blumeria_graminis,svr_linear,4.565214057,4.584089654672853
blumeria_graminis,svr_linear,4.429721865,4.375811685189075
blumeria_graminis,svr_linear,3.339296547,4.142799801333428
blumeria_graminis,svr_linear,4.657620487,4.337787419058079
blumeria_graminis,svr_linear,4.335747748,4.446472509825769
blumeria_graminis,svr_linear,3.725854383,4.337133395490469
blumeria_graminis,svr_linear,4.620832885,3.9108428145336154
blumeria_graminis,svr_linear,3.307611388,1.767566281748719
blumeria_graminis,svr_linear,3.385584274,4.676088976676823
blumeria_graminis,svr_linear,2.534156227,4.47595217121721
blumeria_graminis,svr_linear,2.433592295,4.375065888651643
blumeria_graminis,svr_linear,4.629395457,4.067060180778245
blumeria_graminis,svr_linear,2.904299111,3.954231721123853
blumeria_graminis,svr_linear,2.957852412,3.288979711574626
blumeria_graminis,svr_linear,3.159131947,2.8298402625324712
blumeria_graminis,svr_linear,3.727728353,4.158199834726444
blumeria_graminis,svr_linear,4.010426504,4.426431838946411
blumeria_graminis,svr_linear,3.461613888,3.4200420766099713
blumeria_graminis,svr_linear,4.714572886,4.584605752522184
blumeria_graminis,svr_linear,2.206160689,2.9006338963342024
blumeria_graminis,svr_linear,4.693752103,3.428686387803397
blumeria_graminis,svr_linear,4.160382043,4.659953737021837
blumeria_graminis,svr_linear,1.790936211,3.6408156537889393
blumeria_graminis,svr_linear,3.26668967,3.865322360759808
blumeria_graminis,svr_linear,4.5139563,3.73451232665949
blumeria_graminis,svr_linear,4.131965295,3.9774074662909076
blumeria_graminis,svr_linear,4.082535373500001,3.74472498281707
blumeria_graminis,svr_linear,4.348059065,4.073821793800951
blumeria_graminis,svr_linear,3.725885131,4.735036394202084
blumeria_graminis,svr_linear,5.797693712,4.820660828953401
blumeria_graminis,svr_linear,3.684156528,4.15217347554138
blumeria_graminis,svr_linear,4.866508045,4.389039089822923
blumeria_graminis,svr_linear,5.128023287,4.965477756423153
blumeria_graminis,svr_linear,4.777572048,4.164079733928233
blumeria_graminis,svr_linear,3.362793162,4.250229406751393
blumeria_graminis,svr_linear,3.889438785,3.8077394148821453
blumeria_graminis,svr_linear,5.174623051,3.555632434490442
blumeria_graminis,svr_linear,4.65571882,3.9860022708262064
blumeria_graminis,svr_linear,4.342266519,4.022959535935142
blumeria_graminis,svr_linear,4.792492405,3.8340870052827527
blumeria_graminis,svr_linear,5.555649379,4.709766500958333
blumeria_graminis,svr_linear,3.441252136,4.503145492920863
blumeria_graminis,svr_linear,2.973322991,4.181380846095103
blumeria_graminis,svr_linear,3.432769832,2.939635678462305
blumeria_graminis,svr_linear,2.255119591,3.3090135996162036
blumeria_graminis,svr_linear,3.225686049,4.278678612594589
blumeria_graminis,svr_linear,5.450875302,4.729460470795803
blumeria_graminis,svr_linear,2.392445537,3.2328582767010605
blumeria_graminis,svr_linear,3.745437591,4.293312583928716
blumeria_graminis,svr_linear,4.170079739,4.100145711892601
blumeria_graminis,svr_linear,3.702604009,3.2535024939758426
blumeria_graminis,svr_linear,4.322449994,4.0127710773349685
blumeria_graminis,svr_linear,5.007408434,3.762527354630637
blumeria_graminis,svr_linear,4.364947911,3.7543770213782346
blumeria_graminis,svr_linear,4.412701705,4.640193167352687
blumeria_graminis,svr_linear,3.821028807,3.577293018697265
blumeria_graminis,svr_linear,4.007265884,4.090762772297569
blumeria_graminis,svr_linear,4.39254388,4.389283905709521
blumeria_graminis,svr_linear,4.315922431,4.779483141060091
blumeria_graminis,svr_linear,4.077058671,4.1357290178700445
blumeria_graminis,svr_linear,4.243993794,4.442155527776487
blumeria_graminis,svr_linear,3.623043876,4.497180707587389
blumeria_graminis,svr_linear,1.969898414,4.094884215096404
blumeria_graminis,svr_linear,4.023721533,4.4904189216105586
blumeria_graminis,svr_linear,5.557457464,4.228180135475367
blumeria_graminis,svr_linear,5.687791969,4.295403843742183
blumeria_graminis,svr_linear,4.937622169,4.739200490400655
blumeria_graminis,svr_linear,4.362381287,4.145926704987493
blumeria_graminis,svr_linear,3.694930707,4.387742341433819
blumeria_graminis,svr_linear,4.508605869,4.335328863373544
blumeria_graminis,svr_linear,4.80386177,4.576092116814905
blumeria_graminis,svr_linear,4.776355444,4.499945643566731
blumeria_graminis,svr_linear,4.745946577,4.563276204558468
blumeria_graminis,svr_linear,4.589738825,4.6415350686711365
blumeria_graminis,svr_linear,4.866184672,4.433817095530559
blumeria_graminis,svr_linear,6.098758416,3.717855055491735
blumeria_graminis,svr_linear,3.844397407,4.419804155544741
blumeria_graminis,svr_linear,4.941602747,4.496767014092493
blumeria_graminis,svr_linear,4.49473368,4.68506821030978
blumeria_graminis,svr_linear,4.241755514,4.463359060932699
blumeria_graminis,svr_linear,4.554658226,4.516044635247795
blumeria_graminis,svr_linear,5.857153654,4.737981836122208
blumeria_graminis,svr_linear,4.036618343,3.7317130935525316
blumeria_graminis,svr_linear,5.78820279,4.4729651560171
blumeria_graminis,svr_linear,4.418298767,4.196196806204122
blumeria_graminis,svr_linear,3.046046877,4.050902221772979
blumeria_graminis,svr_linear,4.842009433,4.433963399942205
blumeria_graminis,svr_linear,4.223465711,4.50329185787074
blumeria_graminis,svr_linear,3.098072475,3.7506319301711977
blumeria_graminis,svr_linear,1.877312667,3.637320115742807
blumeria_graminis,svr_linear,4.447964912,4.816099078412774
blumeria_graminis,svr_linear,4.888873012,4.5905183503107025
blumeria_graminis,svr_linear,3.840150002,3.9031752069406087
blumeria_graminis,svr_linear,4.876265944,5.305203576548994
blumeria_graminis,svr_linear,4.668610372,4.108751204719157
blumeria_graminis,svr_linear,2.570698487,2.334845160162075
blumeria_graminis,svr_linear,2.026248771,2.9976532214157006
blumeria_graminis,svr_linear,4.427801555,4.2159521595644875
blumeria_graminis,svr_linear,3.723106649,3.9896443904001595
blumeria_graminis,svr_linear,5.250758366,3.868438362353271
blumeria_graminis,svr_linear,3.855764302,5.225200447133089
blumeria_graminis,svr_linear,2.773607313,3.967290436168031
blumeria_graminis,svr_linear,3.925818128,3.660007919895029
blumeria_graminis,svr_linear,2.733244932,3.5293323674229793
blumeria_graminis,svr_linear,3.297534651,4.151759563511235
blumeria_graminis,svr_linear,3.563464841,3.038884616708034
blumeria_graminis,svr_linear,3.175064717,3.6512860855574383
blumeria_graminis,svr_linear,4.345459161,4.076955266058202
blumeria_graminis,svr_linear,3.04092758,2.6359642017595215
blumeria_graminis,svr_linear,4.420581109,3.9544378250227314
blumeria_graminis,svr_linear,3.060804964,2.5296560570920406
blumeria_graminis,svr_linear,3.288843157,4.140490914532846
blumeria_graminis,svr_linear,3.21282406,2.99003138460347
blumeria_graminis,svr_linear,2.358034469,4.297084110791587
blumeria_graminis,svr_linear,4.512703249,4.811022859769995
blumeria_graminis,svr_linear,3.665361328,4.4603131054754614
blumeria_graminis,svr_linear,2.144039734,2.3140982198345528
blumeria_graminis,svr_linear,4.402121924,4.641854204810285
blumeria_graminis,svr_linear,3.939246135,4.425349582917297
blumeria_graminis,svr_linear,4.851357272,4.087246428291763
blumeria_graminis,svr_linear,4.311405507,2.973657633921137
blumeria_graminis,svr_linear,4.082999544,3.7829007142471496
blumeria_graminis,svr_linear,4.281794473,2.7485547581999903
blumeria_graminis,svr_linear,4.062606785,4.48594613010694
blumeria_graminis,svr_linear,3.651404518,2.8781233905577834
blumeria_graminis,svr_linear,2.282709652,2.3204722823738395
blumeria_graminis,svr_linear,3.744211802,4.238719466671847
blumeria_graminis,svr_linear,4.411132487,4.8247725045562095
blumeria_graminis,svr_linear,6.172727679,4.451254621211712
blumeria_graminis,svr_linear,3.936373147,4.586654553332318
blumeria_graminis,svr_linear,3.41468884,4.215471294416725
blumeria_graminis,svr_linear,4.648151062,3.557251173162663
blumeria_graminis,svr_linear,4.724743907,4.378607012660436
blumeria_graminis,svr_linear,3.021462403,4.116957304281491
blumeria_graminis,svr_linear,5.766695548,4.318010097692628
blumeria_graminis,svr_linear,4.32755469,4.403720507177675
blumeria_graminis,svr_linear,3.010948132,4.145269180633719
blumeria_graminis,svr_linear,6.3601382,3.3208715944001117
blumeria_graminis,svr_linear,4.803031515,2.9170041832388867
blumeria_graminis,svr_linear,3.641216199,4.114727328694752
blumeria_graminis,svr_linear,2.456815349,3.804678373270775
blumeria_graminis,svr_linear,2.485620465,3.727544684909312
blumeria_graminis,svr_linear,3.364029543,4.237360160054155
blumeria_graminis,svr_linear,4.386838456,3.6594186345901876
blumeria_graminis,svr_linear,5.826977965,4.542435178612966
blumeria_graminis,svr_linear,3.884278773,4.140787160002217
blumeria_graminis,svr_linear,4.070743586,4.053804526631882
blumeria_graminis,svr_linear,3.424166895,4.122101532169308
blumeria_graminis,svr_linear,3.852326036,4.184671432042278
blumeria_graminis,svr_linear,3.042276193,4.3086357038922145
blumeria_graminis,svr_linear,4.666907596,3.8777985928685172
blumeria_graminis,svr_linear,5.888885877,4.3751141938797975
blumeria_graminis,svr_linear,5.463727666,3.8896681757147147
blumeria_graminis,svr_linear,3.766301702,4.180543179570663
blumeria_graminis,svr_linear,3.823955062,3.798065057562341
blumeria_graminis,svr_linear,3.611106167,4.041264670640052
blumeria_graminis,svr_linear,5.081185259,4.339999216448108
blumeria_graminis,svr_linear,2.580224227,3.2615038289252514
blumeria_graminis,svr_linear,4.128899115,3.1839712308312493
blumeria_graminis,svr_linear,3.258512065,3.077804639748856
blumeria_graminis,svr_linear,3.884615229,4.151262271437928
blumeria_graminis,svr_linear,3.932823283,3.654049781312927
blumeria_graminis,svr_linear,3.988067723,4.16123773596358
blumeria_graminis,svr_linear,3.68683076,3.1034257130316227
blumeria_graminis,svr_linear,3.425015442,3.8292123344792772
blumeria_graminis,svr_linear,4.607816555,4.166016465155234
blumeria_graminis,svr_linear,3.53549884,3.7137444452005828
blumeria_graminis,svr_linear,4.244624555,3.5914664162721732
blumeria_graminis,svr_linear,3.052348367,3.302115534001406
blumeria_graminis,svr_linear,3.911863786,4.652040709286293
blumeria_graminis,svr_linear,2.901501571,3.308359512326725
blumeria_graminis,svr_linear,4.069394407,3.8214142917088414
blumeria_graminis,svr_linear,3.234024335,3.6472874930944665
blumeria_graminis,svr_linear,3.290464113,4.390072484190167
blumeria_graminis,svr_linear,4.144107518,3.540527973375169
blumeria_graminis,svr_linear,3.112065223,4.087971660658155
blumeria_graminis,svr_linear,2.510927184,4.380185516100538
blumeria_graminis,svr_linear,4.329741234,3.470000064128913
blumeria_graminis,svr_linear,4.049932024,4.453281452280636
blumeria_graminis,svr_linear,4.045512278,3.847236102660773
blumeria_graminis,svr_linear,3.494770087,4.321420241685005
blumeria_graminis,svr_linear,4.051084833,3.910801574936144
blumeria_graminis,svr_linear,5.223061008,3.9531484036401037
blumeria_graminis,svr_linear,2.951040552,4.336342456020503
blumeria_graminis,svr_linear,5.713243311,3.851668908355448
blumeria_graminis,svr_linear,4.820251819,4.260491657031456
blumeria_graminis,svr_linear,3.498137346,4.36268509732386
blumeria_graminis,svr_linear,3.83511316,4.78737133369529
blumeria_graminis,svr_linear,3.420138707,4.225826352284175
blumeria_graminis,svr_linear,4.087289868,4.106285383310758
blumeria_graminis,svr_linear,5.194994024,3.8666168835966492
blumeria_graminis,svr_linear,3.489111676,3.838196896305023
blumeria_graminis,svr_linear,4.333511054,3.919109973117184
blumeria_graminis,svr_linear,5.32589699,4.4576902944950945
blumeria_graminis,svr_linear,4.112591304,4.302748024713496
blumeria_graminis,svr_linear,3.422256833,4.249194972284594
blumeria_graminis,svr_linear,5.102243633,3.8478329078357185
blumeria_graminis,svr_linear,5.363367843,4.332344451247526
blumeria_graminis,svr_linear,3.118180244,4.204997947507364
blumeria_graminis,svr_linear,4.306991685,3.9799746157357707
blumeria_graminis,svr_linear,4.905010905,3.7204845629493706
blumeria_graminis,svr_linear,3.447851063,3.2825470836064192
blumeria_graminis,svr_linear,3.039462401,4.194490455193399
blumeria_graminis,svr_linear,4.344656587,4.278182677471637
blumeria_graminis,svr_linear,4.791354078,4.050960701655315
blumeria_graminis,svr_linear,5.353286713,3.94999824036084
blumeria_graminis,svr_linear,3.449194794,3.7360173890901107
blumeria_graminis,svr_linear,3.596370585,4.206099645417613
blumeria_graminis,svr_linear,3.644534121,4.2656933945899365
blumeria_graminis,svr_linear,4.132706701,4.131873889549943
blumeria_graminis,svr_linear,3.779201223,3.627065515813895
blumeria_graminis,svr_linear,3.644064607,4.099878916370704
blumeria_graminis,svr_linear,4.623903306,4.007545275569546
blumeria_graminis,svr_linear,4.264716331,4.478264236840705
blumeria_graminis,svr_linear,6.601650002,4.578183282130979
blumeria_graminis,svr_linear,4.121764333,3.755644623987982
blumeria_graminis,svr_linear,2.562255233,3.9020085422845137
blumeria_graminis,svr_linear,4.562694555,3.9710134466803435
blumeria_graminis,svr_linear,5.755098796,4.597314610502866
blumeria_graminis,svr_linear,2.726201313,4.230572382410202
blumeria_graminis,svr_linear,3.483857419,4.704462685076718
blumeria_graminis,svr_linear,5.71951145,3.3747517945672003
blumeria_graminis,svr_linear,4.241817266,3.4718255331475554
blumeria_graminis,svr_linear,4.310806373,4.337046190542951
blumeria_graminis,svr_linear,2.995633811,4.125461176365053
blumeria_graminis,svr_linear,6.274280972,4.707572553019601
blumeria_graminis,svr_linear,4.98352765,3.7020550519129296
blumeria_graminis,svr_linear,4.942027411,4.5379189403795985
blumeria_graminis,svr_linear,4.028113979,4.221505566503268
blumeria_graminis,svr_linear,7.045269922,5.371082062623173
blumeria_graminis,svr_linear,4.414160861,3.8624788638098098
blumeria_graminis,svr_linear,2.88826956,4.020667757819646
blumeria_graminis,svr_linear,4.50693053,4.302291493615396
blumeria_graminis,svr_linear,5.271819541,4.453874116861659
blumeria_graminis,svr_linear,3.80335948,4.180093360269502
blumeria_graminis,svr_linear,6.295343551,4.418269868959359
blumeria_graminis,svr_linear,5.577365676,3.9972765668221686
blumeria_graminis,svr_linear,5.357602189,4.614037385369449
blumeria_graminis,svr_linear,3.858937745,3.5169543268643397
blumeria_graminis,svr_linear,3.925779013,3.7242959277561294
blumeria_graminis,svr_linear,4.844510298,4.052151032432451
blumeria_graminis,svr_linear,4.93960012,3.895141361003896
blumeria_graminis,svr_linear,4.32274593,3.931067274048996
blumeria_graminis,svr_linear,4.76935941,4.493083516005338
blumeria_graminis,svr_linear,4.687145544,4.5450399518373
blumeria_graminis,svr_linear,3.415324308,3.372890846777844
blumeria_graminis,svr_linear,3.676010591,4.118403545815063
blumeria_graminis,svr_linear,4.438202184,3.997600508226915
blumeria_graminis,svr_linear,3.151711333,3.6762983361760178
blumeria_graminis,svr_linear,2.841005688,3.7361818699157747
blumeria_graminis,svr_linear,5.120684545,3.9757157071912563
blumeria_graminis,svr_linear,3.455268423,4.497037929914913
blumeria_graminis,svr_linear,5.143047969,4.713085377404418
blumeria_graminis,svr_linear,5.842858453,4.26191518918193
blumeria_graminis,svr_linear,5.593598927,4.188044441993536
blumeria_graminis,svr_linear,3.983459251,4.3956153598836885
blumeria_graminis,svr_linear,4.884947286,4.27880888602209
blumeria_graminis,svr_linear,5.075748326,4.175878453080718
blumeria_graminis,svr_linear,5.386486796,4.170539949622102
blumeria_graminis,svr_linear,5.077611856,4.528673265753815
blumeria_graminis,svr_linear,4.258859206,4.160785764420067
blumeria_graminis,svr_linear,5.915001805,4.222171219532317
blumeria_graminis,svr_linear,3.832313726,4.171972960317299
blumeria_graminis,svr_linear,4.476779927,4.230329670855433
blumeria_graminis,svr_linear,4.051685465,4.304445851373727
blumeria_graminis,svr_linear,4.74856398,4.633433038030294
blumeria_graminis,svr_linear,5.203742243,4.445135490371341
blumeria_graminis,svr_linear,3.729312197,4.105827064452231
blumeria_graminis,svr_linear,5.290949055,4.135077721434824
blumeria_graminis,svr_linear,3.05774086,3.7636611787332566
blumeria_graminis,svr_linear,3.763917625,4.230521562727874
blumeria_graminis,svr_linear,4.206176855,4.249703974926002
blumeria_graminis,svr_linear,7.367902685,4.270381628683891
blumeria_graminis,svr_linear,4.11805602,3.635134151593684
blumeria_graminis,svr_linear,3.827531616,3.959887252023294
blumeria_graminis,svr_linear,2.919077938,3.729522482756615
blumeria_graminis,svr_linear,3.361623953,4.190488920116334
blumeria_graminis,svr_linear,3.854420187,3.4499191784232948
blumeria_graminis,svr_linear,5.007677852,4.1114612330587965
blumeria_graminis,svr_linear,3.059464217,4.453908971842615
blumeria_graminis,svr_linear,4.323858621,4.609730854581898
blumeria_graminis,svr_linear,4.408261382,3.8109290580390245
blumeria_graminis,svr_linear,3.847954647,3.8931255129039086
blumeria_graminis,svr_linear,4.86168591,4.136858259836827
blumeria_graminis,svr_linear,2.958379991,3.869098237409987
blumeria_graminis,svr_linear,3.890829373,4.322832238616272
blumeria_graminis,svr_linear,4.556828462,4.043298044509182
blumeria_graminis,svr_linear,3.661268719,4.083040165083933
blumeria_graminis,svr_linear,3.216419892,4.035443238393272
blumeria_graminis,svr_linear,3.254023818,4.422435063039318
blumeria_graminis,svr_linear,2.875059855,4.039949467780327
blumeria_graminis,svr_linear,3.202230973,4.130500964115682
blumeria_graminis,svr_linear,3.522500023,4.433280906579404
blumeria_graminis,svr_linear,4.317768397,3.7905800821817976
blumeria_graminis,svr_linear,3.880151944,3.935163848562793
blumeria_graminis,svr_linear,3.980199533,3.9914874749967466
blumeria_graminis,svr_linear,4.304798499,3.915780605229341
blumeria_graminis,svr_linear,3.449398715,4.30946596564857
blumeria_graminis,svr_linear,4.42140744,3.9293069767481916
blumeria_graminis,svr_linear,3.680221,3.763275954481195
blumeria_graminis,svr_linear,3.736067207,3.7683296811978497
blumeria_graminis,svr_linear,4.233890202,3.966978842206455
blumeria_graminis,svr_linear,5.645865214,3.9949330029475782
blumeria_graminis,svr_linear,3.914856434,3.590745008961215
blumeria_graminis,svr_linear,3.309342994,3.8930289490968417
blumeria_graminis,svr_linear,3.132563743,3.478416755300313
blumeria_graminis,svr_linear,3.314284363,3.74706329407268
blumeria_graminis,svr_linear,3.954499738,3.857824506855989
blumeria_graminis,svr_linear,2.939447818,4.242029110900447
blumeria_graminis,svr_linear,3.277083069,3.9005113972707237
blumeria_graminis,svr_linear,4.407024808,4.081866908492536
blumeria_graminis,svr_linear,6.462666059,4.911999230205766
blumeria_graminis,svr_linear,6.27866152,4.976081409181538
blumeria_graminis,svr_linear,4.345764747,4.029757606256038
blumeria_graminis,svr_linear,3.139996195,3.8322514189996375
blumeria_graminis,svr_linear,5.171766017,4.409830804283537
blumeria_graminis,svr_linear,4.055661641,4.177254219923352
blumeria_graminis,svr_linear,3.505944876,3.796130255984335
blumeria_graminis,svr_linear,3.303869395,3.6052357286686805
blumeria_graminis,svr_linear,5.761093556,4.205668485278479
blumeria_graminis,svr_linear,3.424469094,3.9755326189661595
blumeria_graminis,svr_linear,3.592222443,4.078717193505625
blumeria_graminis,svr_linear,4.731835723,3.935439235012225
blumeria_graminis,svr_linear,5.951877601,4.605354686126342
blumeria_graminis,svr_linear,4.739879741,4.345657940924484
blumeria_graminis,svr_linear,4.675856061,4.570496564270023
blumeria_graminis,svr_linear,2.804158176,4.144058405657007
blumeria_graminis,svr_linear,3.337396083,4.323860033435812
blumeria_graminis,svr_linear,5.377339574,4.0567671247726
blumeria_graminis,svr_linear,4.717434255,4.103101421584996
blumeria_graminis,svr_linear,4.079367259,3.968627636917255
blumeria_graminis,svr_linear,4.777049307,4.05315379675526
blumeria_graminis,svr_linear,4.409615648,4.0361951645616125
blumeria_graminis,svr_linear,4.93304891,4.425351808945782
blumeria_graminis,svr_linear,4.118544071,4.0545295973353905
blumeria_graminis,svr_linear,4.71622497,4.8478504603284645
blumeria_graminis,svr_linear,3.031923651,3.9980477910480943
blumeria_graminis,svr_linear,3.831736869,4.109201643784327
blumeria_graminis,svr_linear,4.01794567,10.90288399875247
blumeria_graminis,svr_linear,3.840184727,3.7865669768496746
blumeria_graminis,svr_linear,3.970041501,4.388180322985132
blumeria_graminis,svr_linear,4.109412736,3.7965445301259093
blumeria_graminis,svr_linear,4.526617298,4.23883176269492
blumeria_graminis,svr_linear,5.500806716,4.2173269859326705
blumeria_graminis,svr_linear,3.465675722,4.760264322064315
blumeria_graminis,svr_linear,3.350238434,3.91637109799455
blumeria_graminis,svr_linear,5.311917403,4.238395096307833
blumeria_graminis,svr_linear,6.046298011,4.33558190921535
blumeria_graminis,svr_linear,3.8828188,4.181898253997876
blumeria_graminis,svr_linear,5.550213465,3.9608205769983904
blumeria_graminis,svr_linear,3.577912445,4.600081041834265
blumeria_graminis,svr_linear,3.875260667,3.7136864063276254
blumeria_graminis,svr_linear,3.439395028,3.7894714426870104
blumeria_graminis,svr_linear,3.463714469,4.155081035017548
blumeria_graminis,svr_linear,3.676053063,4.149642688354984
blumeria_graminis,svr_linear,3.023053077,4.423224497105089
blumeria_graminis,svr_linear,3.705512582,3.93350890107413
blumeria_graminis,svr_linear,6.492195503,5.44195270980008
blumeria_graminis,svr_linear,3.900652406,4.2917056926104165
blumeria_graminis,svr_linear,3.980031361,4.076629178233981
blumeria_graminis,svr_linear,2.363758168,3.962480317148998
blumeria_graminis,svr_linear,4.13764132,3.8893273491990294
blumeria_graminis,svr_linear,4.255842967,4.923318031239952
blumeria_graminis,svr_linear,4.172107942,4.043232039369681
blumeria_graminis,svr_linear,5.003801249,3.791195587225191
blumeria_graminis,svr_linear,4.144007976,4.401073785450003
blumeria_graminis,svr_linear,4.817876475,3.96587616351923
blumeria_graminis,svr_linear,4.604081846,4.488424733930253
blumeria_graminis,svr_linear,4.182938065,3.8743385754786983
blumeria_graminis,svr_linear,4.087904741,4.7348556605121495
blumeria_graminis,svr_linear,4.951483433,4.2926872180804345
blumeria_graminis,svr_linear,4.038775542,3.9882661222726195
blumeria_graminis,svr_linear,4.344543688,2.8983443428655438
blumeria_graminis,svr_linear,3.117907827,4.532301792829176
blumeria_graminis,svr_linear,3.691132033,4.0658297707132185
blumeria_graminis,svr_linear,5.946405794,4.422386611208357
blumeria_graminis,svr_linear,5.580476655,4.522853948767658
blumeria_graminis,svr_linear,3.811018503,4.63378640765262
blumeria_graminis,svr_linear,4.469634478,4.505810057572805
blumeria_graminis,svr_linear,3.260598705,4.2573956959142665
blumeria_graminis,svr_linear,6.738081004,4.622240926061696
blumeria_graminis,svr_linear,5.273991438,4.564354086576171
blumeria_graminis,svr_linear,5.134796482,4.020955146931953
blumeria_graminis,svr_linear,5.341249653,4.508561454946443
blumeria_graminis,svr_linear,5.611389683,4.475275090025758
blumeria_graminis,svr_linear,4.663330017,4.0562927907777055
blumeria_graminis,svr_linear,3.785479449,4.646503174806906
blumeria_graminis,svr_linear,6.151572524,4.611113595342316
blumeria_graminis,svr_linear,5.407008158,4.294740237299939
blumeria_graminis,svr_linear,5.652743525,4.077959686217227
blumeria_graminis,svr_linear,3.892962363,3.8955651039185337
blumeria_graminis,svr_linear,4.881089926,4.244815226999108
blumeria_graminis,svr_linear,4.385639631,4.4189391517839205
blumeria_graminis,svr_linear,3.749660727,4.036243820139806
blumeria_graminis,svr_linear,4.581438856,4.157805548960006
blumeria_graminis,svr_linear,3.845938485,4.172429484975171
blumeria_graminis,svr_linear,4.030012579,3.641778845593945
blumeria_graminis,svr_linear,3.650255614,3.926979781544959
blumeria_graminis,svr_linear,5.641643936,4.583924200156426
blumeria_graminis,svr_linear,5.348934939,3.6909756851439552
blumeria_graminis,svr_linear,5.227686383,4.356226594101589
blumeria_graminis,svr_linear,3.715270042,3.810188431302978
blumeria_graminis,svr_linear,4.526383009,3.5886004106017597
blumeria_graminis,svr_linear,3.439913788,4.3238772140743515
blumeria_graminis,svr_linear,4.55612287,4.037576063690382
blumeria_graminis,svr_linear,5.594145091,4.1479187938780875
blumeria_graminis,svr_linear,2.957821288,4.091554075792502
blumeria_graminis,svr_linear,6.469365954,4.545381251774078
blumeria_graminis,svr_linear,3.746454486,4.021253380541206
blumeria_graminis,svr_linear,5.775658755,5.193736522515611
blumeria_graminis,svr_linear,4.839184537,3.387812421234495
blumeria_graminis,svr_linear,3.533469605,3.464432321498776
blumeria_graminis,svr_linear,3.980012624,3.9581544947582072
blumeria_graminis,svr_linear,4.84687311,3.8510009360624475
blumeria_graminis,svr_linear,2.563567656,4.268710931856806
blumeria_graminis,svr_linear,2.660903612,3.905853623000654
blumeria_graminis,svr_linear,3.168452551,4.172231242623432
blumeria_graminis,svr_linear,3.757404726,4.348810056489549
blumeria_graminis,svr_linear,3.39893887,4.0701998100008066
blumeria_graminis,svr_linear,3.306779363,4.328238157600481
blumeria_graminis,svr_linear,4.483502784,4.470999672326377
blumeria_graminis,svr_linear,3.880089506,4.0962286828692696
heading_date,svr_linear,75.67916931,71.62945380277759
heading_date,svr_linear,75.29405435,75.47022944295603
heading_date,svr_linear,76.15450935,71.401590122101
heading_date,svr_linear,78.74180339,81.18753011681773
heading_date,svr_linear,75.35020872,74.54735722851633
heading_date,svr_linear,75.02600135,71.21376254126604
heading_date,svr_linear,74.69349411,74.60083927751491
heading_date,svr_linear,74.32422301,76.32033495710118
heading_date,svr_linear,72.6810561,71.31191980423795
heading_date,svr_linear,79.32702336,132.04084483612712
heading_date,svr_linear,74.01429377,67.82492969813592
heading_date,svr_linear,75.10918952,81.33865613644564
heading_date,svr_linear,74.94637814,76.1908576083711
heading_date,svr_linear,75.4032268,71.98622709037582
heading_date,svr_linear,73.78958335,77.34939530095244
heading_date,svr_linear,72.73418788,76.27046046143792
heading_date,svr_linear,75.11893545,76.9372081845583
heading_date,svr_linear,73.10220177,76.79555456113839
heading_date,svr_linear,77.23696363,76.92917150732558
heading_date,svr_linear,75.96346417,71.64712644553816
heading_date,svr_linear,75.38643743,82.0544110680115
heading_date,svr_linear,76.65991366,71.05856925643522
heading_date,svr_linear,73.5852581,76.6283367704678
heading_date,svr_linear,73.00903639,79.27190230773894
heading_date,svr_linear,74.80874627,79.3543148317764
heading_date,svr_linear,75.13345237,75.76224470370937
heading_date,svr_linear,74.52581487,75.6202252626732
heading_date,svr_linear,74.60090386,73.15551092268095
heading_date,svr_linear,75.75141573,75.51950331633091
heading_date,svr_linear,73.53510243,76.25488265012613
heading_date,svr_linear,73.09571265,74.68730842377087
heading_date,svr_linear,74.35005069,72.0531213353401
heading_date,svr_linear,73.25311668,73.11363467563044
heading_date,svr_linear,74.96491833,75.89594124419217
heading_date,svr_linear,74.66385948,73.45376484087285
heading_date,svr_linear,76.72861862,75.08527540685228
heading_date,svr_linear,75.18036716,74.66184202742501
heading_date,svr_linear,75.9391834,73.42165929834921
heading_date,svr_linear,74.52030249,74.2831218967844
heading_date,svr_linear,74.27092162,75.63953973209289
heading_date,svr_linear,73.64991022,79.50435880115019
heading_date,svr_linear,75.30980072,78.1954563084624
heading_date,svr_linear,72.99722065,73.58364465976608
heading_date,svr_linear,74.02335325,74.7134216775381
heading_date,svr_linear,75.88067906,74.32537635803573
heading_date,svr_linear,73.08927607,74.12953582699413
heading_date,svr_linear,71.59574442,77.82052011783739
heading_date,svr_linear,73.74820576,80.62959937793698
heading_date,svr_linear,73.16066365,78.31901053414065
heading_date,svr_linear,74.05744508,83.91486610339685
heading_date,svr_linear,75.75463446,75.94972068246354
heading_date,svr_linear,76.22230961,76.52499255470894
heading_date,svr_linear,72.57108914,74.34370844278654
heading_date,svr_linear,75.43364166,73.79061363853819
heading_date,svr_linear,74.42938267,75.68485618787784
heading_date,svr_linear,74.32418062,78.67630745493884
heading_date,svr_linear,73.80976625,73.0496726955399
heading_date,svr_linear,74.65786618,77.0332346968853
heading_date,svr_linear,75.36658952,81.43933154608969
heading_date,svr_linear,75.13578424,75.5510939560148
heading_date,svr_linear,75.04116906,72.89230919417918
heading_date,svr_linear,75.71106568,73.93138485665858
heading_date,svr_linear,75.58610618,77.41893792281493
heading_date,svr_linear,74.08581651,71.86623330808152
heading_date,svr_linear,72.35424717,74.7728750346829
heading_date,svr_linear,74.57644518,74.35875789629831
heading_date,svr_linear,75.25810132,74.97288497171996
heading_date,svr_linear,75.17774582,78.78454516705895
heading_date,svr_linear,75.85870722,77.06551326990396
heading_date,svr_linear,74.22923613,73.8378826189182
heading_date,svr_linear,73.70079766,83.83711773472751
heading_date,svr_linear,73.58132839,82.59829874121004
heading_date,svr_linear,75.16020615,74.59484199995163
heading_date,svr_linear,71.97539302,82.70733576968752
heading_date,svr_linear,75.1642079,75.28559822938414
heading_date,svr_linear,74.98726692,75.36575611760912
heading_date,svr_linear,75.77679606,80.24939169583784
heading_date,svr_linear,74.33197782,78.57270980100064
heading_date,svr_linear,73.90186089,73.86059378943857
heading_date,svr_linear,73.92699353,83.1857825524059
heading_date,svr_linear,74.81343126,78.48951836434689
heading_date,svr_linear,72.71326872,74.67561713943975
heading_date,svr_linear,76.0409586,79.77453539602843
heading_date,svr_linear,75.08983042,77.19083973539242
heading_date,svr_linear,76.1960331,73.63584872832007
heading_date,svr_linear,77.44673833,78.70465501296171
heading_date,svr_linear,74.9930519,74.57913707188905
heading_date,svr_linear,75.92181628,78.51169277620544
heading_date,svr_linear,75.94611088,77.64286403032564
heading_date,svr_linear,73.88439348,75.51161069528622
heading_date,svr_linear,76.83170901,77.96356774679262
heading_date,svr_linear,75.08141948,77.79123458203124
heading_date,svr_linear,74.06711509,75.64656594892104
heading_date,svr_linear,76.12021396,78.9795457545668
heading_date,svr_linear,72.41689945,76.91106259459913
heading_date,svr_linear,76.58638152,75.78192469691277
heading_date,svr_linear,72.60844048,78.08839100474478
heading_date,svr_linear,74.3730758,76.70056462616952
heading_date,svr_linear,73.13103335,75.31822965798915
heading_date,svr_linear,76.58618595,82.48086829224977
heading_date,svr_linear,75.23716387,74.18531437490844
heading_date,svr_linear,75.86126429,80.54626282254907
heading_date,svr_linear,76.11249358,73.61966151146015
heading_date,svr_linear,75.55148283,70.8828323646684
heading_date,svr_linear,75.71551632,81.37024306487771
heading_date,svr_linear,75.21772616,73.09109804179775
heading_date,svr_linear,75.16248262,75.80295486469731
heading_date,svr_linear,74.82156949,75.32723369131419
heading_date,svr_linear,73.91778997,75.30630809860097
heading_date,svr_linear,72.52733191,74.68650283870517
heading_date,svr_linear,74.35037983,77.05234464155278
heading_date,svr_linear,75.11641679,72.79911774248541
heading_date,svr_linear,73.7740987,77.98965195000228
heading_date,svr_linear,74.03305159,73.2534920505634
heading_date,svr_linear,75.72395776,71.80074603200346
heading_date,svr_linear,72.55620236,74.65440900328048
heading_date,svr_linear,73.76532309,78.68711775436793
heading_date,svr_linear,74.88633875,77.21533809593976
heading_date,svr_linear,74.46048551,77.51352218715823
heading_date,svr_linear,74.02121369,72.10770785438645
heading_date,svr_linear,74.34277488,77.46053119445229
heading_date,svr_linear,76.05605801,75.00464856181776
heading_date,svr_linear,75.09481433,71.95205234887534
heading_date,svr_linear,74.67341088,79.98606078907213
heading_date,svr_linear,75.70398307,78.46839929479003
heading_date,svr_linear,73.96729083,79.60028349718064
heading_date,svr_linear,73.05731399,74.3019279104577
heading_date,svr_linear,73.07685103,77.51870050500362
heading_date,svr_linear,133.0219709,130.33502875552898
heading_date,svr_linear,134.9013462,132.55211412412888
heading_date,svr_linear,136.1465929,129.64526862060606
heading_date,svr_linear,132.9253747,137.62208442078392
heading_date,svr_linear,136.7376634,133.3414846899568
heading_date,svr_linear,136.0725179,130.15234594629544
heading_date,svr_linear,136.903772,138.95432240424697
heading_date,svr_linear,134.3494122,132.98152170991244
heading_date,svr_linear,133.8387036,130.05847645363417
heading_date,svr_linear,136.2058824,128.2230830645809
heading_date,svr_linear,136.0230069,136.64155286960113
heading_date,svr_linear,134.2329673,133.18337313779193
heading_date,svr_linear,137.991287,135.15465122456953
heading_date,svr_linear,135.1382179,131.90236679786102
heading_date,svr_linear,136.3559203,143.0775143644331
heading_date,svr_linear,135.0799603,142.6962039782981
heading_date,svr_linear,137.1742865,126.93600887192987
heading_date,svr_linear,135.9205646,127.46370452287891
heading_date,svr_linear,131.9034001,135.50616594962042
heading_date,svr_linear,140.6794111,137.99418242784554
heading_date,svr_linear,135.6492299,136.50578451082583
heading_date,svr_linear,135.7561817,134.16431949258507
heading_date,svr_linear,132.583591,128.81712356445104
heading_date,svr_linear,133.9694768,119.12583233139901
heading_date,svr_linear,135.4305068,139.94708285691001
heading_date,svr_linear,137.9388582,118.08515900886314
heading_date,svr_linear,133.2323751,138.0464066198579
heading_date,svr_linear,140.0069685,130.2432549473755
heading_date,svr_linear,137.4899617,117.00383328280454
heading_date,svr_linear,133.4797268,137.32589381602554
heading_date,svr_linear,135.8185389,133.92773506186813
heading_date,svr_linear,139.2384612,140.5233753397956
heading_date,svr_linear,135.5115719,136.54134750940764
heading_date,svr_linear,133.0887701,132.7766685745066
heading_date,svr_linear,133.5292959,139.48814494895421
heading_date,svr_linear,134.4272701,122.35040513926194
heading_date,svr_linear,137.0681871,122.41010315092834
heading_date,svr_linear,135.753503,129.24310064623185
heading_date,svr_linear,135.7930556,129.20284132823238
heading_date,svr_linear,136.4586786,132.389263007384
heading_date,svr_linear,134.5776597,117.43373820036766
heading_date,svr_linear,137.5169901,79.72172070581377
heading_date,svr_linear,137.0498982,131.76179199277738
heading_date,svr_linear,133.4969524,134.2316200935142
heading_date,svr_linear,135.0756661,134.19210130528018
heading_date,svr_linear,134.5265713,131.26430473899273
heading_date,svr_linear,135.2396962,128.55713780239083
heading_date,svr_linear,131.777985,121.64024944346023
heading_date,svr_linear,134.4633636,130.50395357400424
heading_date,svr_linear,133.4749321,127.90761595015657
heading_date,svr_linear,133.367927,124.31630578342207
heading_date,svr_linear,132.9269191,131.4545618557385
heading_date,svr_linear,134.0146375,137.11516677529272
heading_date,svr_linear,131.6049891,133.49420597825764
heading_date,svr_linear,133.6938462,131.09829347818643
heading_date,svr_linear,132.8776968,139.4174059973933
heading_date,svr_linear,138.0828644,110.04675333348348
heading_date,svr_linear,135.1415918,137.30187317140272
heading_date,svr_linear,137.1118155,135.8655484661695
heading_date,svr_linear,137.6541025,129.74786108414457
heading_date,svr_linear,135.9369659,136.24470531335044
heading_date,svr_linear,134.7790973,135.18719965302904
heading_date,svr_linear,135.9727168,139.01986569056308
heading_date,svr_linear,137.1700398,140.57828530683892
heading_date,svr_linear,136.8322641,118.97141269703958
heading_date,svr_linear,135.2412176,137.41953592881333
heading_date,svr_linear,136.8133036,123.17394136857688
heading_date,svr_linear,136.7705731,142.80321104369796
heading_date,svr_linear,134.1099746,116.88932039387883
heading_date,svr_linear,132.9515832,131.93813022947833
heading_date,svr_linear,134.9710516,135.3143808220302
heading_date,svr_linear,133.9659042,127.809107457707
heading_date,svr_linear,137.4441804,133.21287705310237
heading_date,svr_linear,133.8969129,127.4658421485342
heading_date,svr_linear,133.3137514,138.40412829648162
heading_date,svr_linear,134.5876808,117.41832754586562
heading_date,svr_linear,134.7944269,134.61223247195605
heading_date,svr_linear,136.5346921,135.52180035338117
heading_date,svr_linear,138.5780371,132.91291774887796
heading_date,svr_linear,134.4786529,136.07682779967482
heading_date,svr_linear,134.558552,129.33131804222768
heading_date,svr_linear,138.0511128,133.98676679126913
heading_date,svr_linear,133.2394328,131.22053859251216
heading_date,svr_linear,137.6547702,134.11510324630177
heading_date,svr_linear,137.7144331,134.98567663726394
heading_date,svr_linear,133.3896039,129.90747597666999
heading_date,svr_linear,135.8131638,133.64915348101084
heading_date,svr_linear,134.969904,127.84212685082234
heading_date,svr_linear,137.3768367,135.49068915338626
heading_date,svr_linear,133.9752213,126.35480762086254
heading_date,svr_linear,137.6601493,135.76331051423074
heading_date,svr_linear,136.5705359,138.18428078912453
heading_date,svr_linear,137.6351966,128.66813343167684
heading_date,svr_linear,134.8303287,136.69580084054164
heading_date,svr_linear,136.3882918,133.50952798108023
heading_date,svr_linear,135.350966,134.71970677039138
heading_date,svr_linear,132.8974047,139.88342330196724
heading_date,svr_linear,136.8465646,144.09917322236805
heading_date,svr_linear,135.8784814,134.27733930388447
heading_date,svr_linear,136.9299785,126.43473100128209
heading_date,svr_linear,137.3841104,130.92345827867337
heading_date,svr_linear,136.9740398,122.0759183517726
heading_date,svr_linear,134.7245815,135.6809138394825
heading_date,svr_linear,134.2586032,127.69130070367387
heading_date,svr_linear,135.1528062,135.96461491821285
heading_date,svr_linear,135.6971826,135.7041793408092
heading_date,svr_linear,135.2127783,133.85155106068498
heading_date,svr_linear,134.4294672,137.89988586744803
heading_date,svr_linear,134.7693113,129.4513599386148
heading_date,svr_linear,135.8459618,137.5380207680046
heading_date,svr_linear,133.4322078,124.50351927467369
heading_date,svr_linear,134.0834126,77.54088386103109
heading_date,svr_linear,138.9198469,137.4128483097115
heading_date,svr_linear,136.6915265,137.79562933429258
heading_date,svr_linear,136.8366907,139.36315959608493
heading_date,svr_linear,135.0377264,134.71375367677945
heading_date,svr_linear,137.0851979,120.2412510088886
heading_date,svr_linear,135.2575871,139.3032565923324
heading_date,svr_linear,134.2863357,135.27873490026954
heading_date,svr_linear,136.7068569,126.6766561045817
heading_date,svr_linear,133.3652813,133.88172696922385
heading_date,svr_linear,135.1702797,116.7552332218394
heading_date,svr_linear,137.4954138,125.0128589985031
heading_date,svr_linear,134.9085803,76.38069090239473
heading_date,svr_linear,133.9943849,135.3499107725035
heading_date,svr_linear,133.2717786,130.4681174882228
heading_date,svr_linear,137.6519396,134.5475773001179
heading_date,svr_linear,132.8097401,140.54110451350607
heading_date,svr_linear,136.0490954,131.2467420098478
heading_date,svr_linear,137.2875868,129.72896416166031
heading_date,svr_linear,134.4081749,138.1933066738038
heading_date,svr_linear,137.7029616,123.16485707627217
heading_date,svr_linear,133.7246545,130.1325114422087
heading_date,svr_linear,134.7778105,118.44061586067795
heading_date,svr_linear,135.6756687,138.58719109589242
heading_date,svr_linear,135.4103712,125.71322036619408
heading_date,svr_linear,133.1164445,78.52009244304203
heading_date,svr_linear,133.9098585,125.47366117529357
heading_date,svr_linear,132.5767523,132.71368627710075
heading_date,svr_linear,136.9376694,129.61663579047635
heading_date,svr_linear,136.5193347,137.39957009777703
heading_date,svr_linear,134.4355115,135.51179600432846
heading_date,svr_linear,136.5909431,132.02631770516325
heading_date,svr_linear,136.6953807,130.93294901814025
heading_date,svr_linear,136.6904744,136.43741310491058
heading_date,svr_linear,135.4367871,129.94290445766006
heading_date,svr_linear,135.6411631,124.01433858632902
heading_date,svr_linear,136.621046,132.9579918264615
heading_date,svr_linear,135.5813673,134.89450471759835
heading_date,svr_linear,135.2475413,113.08968291760272
heading_date,svr_linear,135.8789302,134.89868617568408
heading_date,svr_linear,137.4948795,138.71228847672796
heading_date,svr_linear,133.2937355,122.90321924324776
heading_date,svr_linear,135.9623029,126.898274248169
heading_date,svr_linear,134.5887208,134.76125263462134
heading_date,svr_linear,132.5680096,134.92668454864582
heading_date,svr_linear,135.5547842,135.56656476546868
heading_date,svr_linear,133.238328,131.1818162769049
heading_date,svr_linear,134.7381612,129.3222319552234
heading_date,svr_linear,135.2919834,135.9201267830056
heading_date,svr_linear,138.7615454,134.00461526322812
heading_date,svr_linear,134.0676652,132.22703866913804
heading_date,svr_linear,137.5420887,131.47923001383316
heading_date,svr_linear,130.4657158,126.62395073173238
heading_date,svr_linear,131.671828,130.94462302749076
heading_date,svr_linear,133.8293377,138.96376449323944
heading_date,svr_linear,138.18741,129.20306656498113
heading_date,svr_linear,138.4685061,129.91944457247564
heading_date,svr_linear,135.4182353,128.28294488423666
heading_date,svr_linear,132.6351968,134.94176549900584
heading_date,svr_linear,65.80483587,77.46121353464342
heading_date,svr_linear,67.99335074,81.60736219887316
heading_date,svr_linear,66.34102396,69.6790346546861
heading_date,svr_linear,68.92989212,70.02565596418647
heading_date,svr_linear,67.27478923,73.21958929558927
heading_date,svr_linear,71.70182585,89.60399717699131
heading_date,svr_linear,73.9339786,78.10104352647083
heading_date,svr_linear,70.56032842,82.96625486724115
heading_date,svr_linear,66.13391866,69.73504184318705
heading_date,svr_linear,66.6308974,80.78412745847477
heading_date,svr_linear,65.64868539,60.28431349694715
heading_date,svr_linear,72.00056619,86.92579207975116
heading_date,svr_linear,69.20584669,68.15028307142691
heading_date,svr_linear,65.46986244,68.43838610475754
heading_date,svr_linear,73.34465507,74.0016138721198
heading_date,svr_linear,74.61072714,88.23997893688798
heading_date,svr_linear,70.54568289,75.71819042252334
heading_date,svr_linear,69.3251707,69.66844766843784
heading_date,svr_linear,72.59908247,61.92917816157006
heading_date,svr_linear,68.43493141,86.87446605226117
heading_date,svr_linear,70.13052349,68.07218702450388
heading_date,svr_linear,69.27305296,72.43693532984267
heading_date,svr_linear,70.60288008,78.86274484569519
heading_date,svr_linear,70.45455858,74.16872903545136
heading_date,svr_linear,70.32061905,65.942970758308
heading_date,svr_linear,74.55627336,77.21876544026104
heading_date,svr_linear,69.66066513,73.75741443835744
heading_date,svr_linear,73.17262525,76.60348578327304
heading_date,svr_linear,70.21243008,77.40370408103882
heading_date,svr_linear,71.80141332,82.19110417710249
heading_date,svr_linear,71.97025614,79.13697548796151
heading_date,svr_linear,75.45236549,75.81693989890451
heading_date,svr_linear,77.30227709,82.17262780344882
heading_date,svr_linear,74.5216702,78.7644136046584
heading_date,svr_linear,70.50972665,74.94240775288668
heading_date,svr_linear,64.84513695,124.12223851313082
heading_date,svr_linear,74.57133721,121.21130160721225
heading_date,svr_linear,66.90897709,68.18109222308347
heading_date,svr_linear,67.30300987,68.99716087129724
heading_date,svr_linear,65.80627173,82.58940399223565
heading_date,svr_linear,66.94256104,77.81713870567734
heading_date,svr_linear,71.02360101,76.85842713897885
heading_date,svr_linear,75.26806721,91.9862088650162
heading_date,svr_linear,65.94060762,56.62432314793912
heading_date,svr_linear,67.28218471,78.34205432323802
heading_date,svr_linear,66.13197454,78.99314485138902
heading_date,svr_linear,73.89873854,55.91300005602425
heading_date,svr_linear,72.16237461,74.18119474695953
heading_date,svr_linear,78.18746362,88.05427772043492
heading_date,svr_linear,66.92302977,107.80880788872325
heading_date,svr_linear,65.7458736,63.16610388541342
heading_date,svr_linear,69.31481322,88.38842771845273
heading_date,svr_linear,63.7916767,70.58226133182073
heading_date,svr_linear,75.48986964,77.89798871590376
heading_date,svr_linear,67.94195682,82.92283532990305
heading_date,svr_linear,76.16601095,62.445094445676744
heading_date,svr_linear,69.5881565,71.85035014682181
heading_date,svr_linear,69.37799717,85.69879453068509
heading_date,svr_linear,68.86964375,117.27973799091556
heading_date,svr_linear,69.26810828,111.34377153108512
heading_date,svr_linear,71.67877714,83.73817295813156
heading_date,svr_linear,74.67537548,83.14118248897837
heading_date,svr_linear,65.56403994,127.55089239475524
heading_date,svr_linear,72.2204256,69.18413865417264
heading_date,svr_linear,73.74644535,83.31189704364073
heading_date,svr_linear,72.58852546,94.36926625204006
heading_date,svr_linear,70.48045292,82.17527640926205
heading_date,svr_linear,67.47003236,94.64050062946663
heading_date,svr_linear,68.34424418,76.78090051178503
heading_date,svr_linear,70.88705845,68.1835368280801
heading_date,svr_linear,65.16802566,63.47329928460226
heading_date,svr_linear,71.48402054,76.76831621587476
heading_date,svr_linear,71.25980554,90.29378241287762
heading_date,svr_linear,72.88600289,79.07568627485443
heading_date,svr_linear,69.19923325,78.4001070341131
heading_date,svr_linear,72.48344516,77.06896833027353
heading_date,svr_linear,65.27963284,62.441382391561284
heading_date,svr_linear,70.16911615,96.27513936434323
heading_date,svr_linear,67.5617562,59.63361977954964
heading_date,svr_linear,68.11919304,76.17120903268277
heading_date,svr_linear,75.5047331,80.98795404371673
heading_date,svr_linear,66.18211032,70.30861271134869
heading_date,svr_linear,66.49480747,71.29989563307115
heading_date,svr_linear,71.21513779,75.0714642940179
heading_date,svr_linear,70.97716018,69.28725662797703
heading_date,svr_linear,71.07285001,76.89132930220207
heading_date,svr_linear,69.68894246,71.82979483990961
heading_date,svr_linear,68.52389578,73.46651112283784
heading_date,svr_linear,74.74759693,116.45609705041409
heading_date,svr_linear,78.26296807,70.17781926217273
heading_date,svr_linear,75.48535816,75.45470742745005
heading_date,svr_linear,71.29569348,90.08321092999081
heading_date,svr_linear,64.96164625,82.24213921409948
heading_date,svr_linear,69.41099454,75.418503537523
heading_date,svr_linear,70.24288346,76.70540574308677
heading_date,svr_linear,68.63507333,75.26609332760889
heading_date,svr_linear,71.77422188,77.03632996782898
heading_date,svr_linear,73.25910454,69.21126092399302
heading_date,svr_linear,70.48754829,78.08896246854928
heading_date,svr_linear,72.49846683,68.03582003028492
heading_date,svr_linear,71.42897318,67.33801072747178
heading_date,svr_linear,73.90681593,71.67626165158262
heading_date,svr_linear,75.0763434,70.03686510659088
heading_date,svr_linear,73.29046622,75.35048360572259
heading_date,svr_linear,72.84834209,75.40263731939177
heading_date,svr_linear,73.03059289,71.47510088314223
heading_date,svr_linear,74.81303221,79.68667606317425
heading_date,svr_linear,69.87624574,76.6420776983395
heading_date,svr_linear,70.01806104,71.42577049734062
heading_date,svr_linear,71.33815823,72.63161529186962
heading_date,svr_linear,70.5636743,71.75923334778415
heading_date,svr_linear,73.89859722,116.49733650662856
heading_date,svr_linear,66.45445872,81.27139084787615
heading_date,svr_linear,64.34095747,64.43854561851656
heading_date,svr_linear,74.15193902,72.70718914273112
heading_date,svr_linear,66.90326977,92.94953145047391
heading_date,svr_linear,78.19537158,95.93192152169975
heading_date,svr_linear,73.02781027,80.72541583597243
heading_date,svr_linear,72.96219599,74.42688602499734
heading_date,svr_linear,80.18677465,93.684926146028
heading_date,svr_linear,70.20291568,74.54058455141222
heading_date,svr_linear,68.99896855,116.95652406565443
heading_date,svr_linear,68.80222537,67.43241179354737
heading_date,svr_linear,72.06416894,69.38151050515897
heading_date,svr_linear,69.64686076,68.68265241217829
heading_date,svr_linear,67.43635668,81.06253910974513
heading_date,svr_linear,69.74451908,68.71747964149223
heading_date,svr_linear,70.11836606,73.5010689543918
heading_date,svr_linear,73.05881477,66.72113489736398
heading_date,svr_linear,71.47835468,73.64469868930459
heading_date,svr_linear,68.28504321,67.42558521832093
heading_date,svr_linear,74.02237023,66.25636804625644
heading_date,svr_linear,69.77775012,76.67784009266614
heading_date,svr_linear,70.25188418,67.74465556005069
heading_date,svr_linear,67.52991314,68.68354495553788
heading_date,svr_linear,66.17220103,67.58604619365008
heading_date,svr_linear,66.76791783,72.53720049321774
heading_date,svr_linear,73.62141608,68.78154363455926
heading_date,svr_linear,76.34517081,76.14811328287689
heading_date,svr_linear,72.94854897,74.60136997649835
heading_date,svr_linear,65.85205183,102.6755844029252
heading_date,svr_linear,71.71104647,129.99780446878518
heading_date,svr_linear,70.99697782,82.02902163039037
heading_date,svr_linear,70.45273437,98.48176563414617
heading_date,svr_linear,74.39071969,86.56393701985088
heading_date,svr_linear,66.85864453,73.06520917401735
heading_date,svr_linear,64.71684734,77.27040974967159
heading_date,svr_linear,70.62405409,80.83193784813628
heading_date,svr_linear,73.86051066,74.85794692019653
heading_date,svr_linear,73.08667753,87.91233965912289
heading_date,svr_linear,66.88384025,73.75055274584277
heading_date,svr_linear,66.86742594,88.96683985718603
heading_date,svr_linear,69.41512041,68.92365244521712
heading_date,svr_linear,66.16265597,80.98777168548798
heading_date,svr_linear,70.69853541,70.40791440366588
heading_date,svr_linear,72.56203757,72.22412850855332
heading_date,svr_linear,67.34999015,81.08789852968104
heading_date,svr_linear,70.07040908,68.19546003634555
heading_date,svr_linear,69.937545,104.40204272618922
heading_date,svr_linear,65.84904188,90.68948250888735
heading_date,svr_linear,67.2799696,72.35943982015192
heading_date,svr_linear,70.11400845,99.98319811512559
heading_date,svr_linear,63.84659883,57.59192405602626
heading_date,svr_linear,69.25919539,65.57800055790511
heading_date,svr_linear,71.25587222,85.43268855513296
heading_date,svr_linear,69.22726685,73.42678076165808
heading_date,svr_linear,70.60567069,66.27938028403251
heading_date,svr_linear,72.15576955,74.39305222070018
heading_date,svr_linear,75.47829556,79.2836796078581
heading_date,svr_linear,69.02323276,78.24939945447788
heading_date,svr_linear,68.90974081,78.72961293510353
heading_date,svr_linear,75.69213077,72.12757101524016
heading_date,svr_linear,66.02107783,61.00794569936804
heading_date,svr_linear,73.40545811,96.19304296014784
heading_date,svr_linear,76.11240967,78.82431547411929
heading_date,svr_linear,71.16120997,74.15431148705
heading_date,svr_linear,70.77944106,131.00705226760365
heading_date,svr_linear,69.63841101,90.81001747058019
heading_date,svr_linear,66.8033324,67.84480898301658
heading_date,svr_linear,76.24116334,132.2264940172865
heading_date,svr_linear,65.3672869,77.41000264324849
heading_date,svr_linear,70.58184502,76.73633477025619
heading_date,svr_linear,70.06940976,88.09690727179898
heading_date,svr_linear,68.80476808,95.23828798059961
heading_date,svr_linear,69.03168267,73.18925571972481
heading_date,svr_linear,65.91869265,97.15905729692908
heading_date,svr_linear,68.04330573,103.27671496774202
heading_date,svr_linear,70.20751618,73.9611063991275
heading_date,svr_linear,69.44380651,82.15816511221625
heading_date,svr_linear,66.75509277,64.35532060876734
heading_date,svr_linear,66.35955136,81.5181899560311
heading_date,svr_linear,70.38516689,67.2388580418378
heading_date,svr_linear,71.89335576,79.21358573160487
heading_date,svr_linear,71.12237666,88.67323528696903
heading_date,svr_linear,66.84042767,69.94051964993169
heading_date,svr_linear,71.34862675,72.46035154187803
heading_date,svr_linear,76.04175339,79.54786179424774
heading_date,svr_linear,72.31816082,77.101017077102
heading_date,svr_linear,70.9479367,72.82966529018528
heading_date,svr_linear,70.8148652,70.93531619230366
heading_date,svr_linear,70.98241149,81.16832431364615
heading_date,svr_linear,65.64308604,64.49771376706884
heading_date,svr_linear,72.47605013,74.92261026770072
heading_date,svr_linear,73.37557025,70.02827107808372
heading_date,svr_linear,70.78020229,72.03415720730672
heading_date,svr_linear,74.97162863,72.60016871131279
heading_date,svr_linear,70.72763568,76.27612851420247
heading_date,svr_linear,66.59723738,69.5697683481437
heading_date,svr_linear,68.41493803,65.47859571259886
heading_date,svr_linear,73.15376871,77.7975097851067
heading_date,svr_linear,73.71375899,74.56709520057771
heading_date,svr_linear,67.72264716,117.31708127805929
heading_date,svr_linear,72.49313335,81.74260696878402
heading_date,svr_linear,75.15278351,72.36158002568072
heading_date,svr_linear,70.35854659,94.68357593867697
heading_date,svr_linear,72.10827256,70.0259649452655
heading_date,svr_linear,70.95737641,87.57071698128033
heading_date,svr_linear,68.69884136,69.32163853298188
heading_date,svr_linear,73.29227928,74.0542378850716
heading_date,svr_linear,70.50191917,126.46439029403388
heading_date,svr_linear,75.51062035,79.32873774514589
heading_date,svr_linear,76.01535063,81.56086631951923
heading_date,svr_linear,74.96161981,90.99384010807553
heading_date,svr_linear,65.95291119,71.81195603050139
heading_date,svr_linear,71.47202269,106.10460972140818
heading_date,svr_linear,75.88829881,78.32335772136868
heading_date,svr_linear,68.99770678,74.04232691876308
heading_date,svr_linear,72.41193951,65.90742358576108
heading_date,svr_linear,76.13441076,75.09861586346813
heading_date,svr_linear,66.32248551,76.03841505843735
heading_date,svr_linear,71.65864155,74.69314421728987
heading_date,svr_linear,71.0872356,64.89029946766924
heading_date,svr_linear,67.98054011,77.14292258939503
heading_date,svr_linear,68.45763256,64.65049651110849
heading_date,svr_linear,68.74370561,68.10908839966197
heading_date,svr_linear,73.661783,75.04034166425701
heading_date,svr_linear,72.47748564,67.27237961277851
heading_date,svr_linear,69.17359096,72.66126723336824
heading_date,svr_linear,70.52540696,85.32108411680923
heading_date,svr_linear,69.57811645,103.07892728872463
heading_date,svr_linear,74.06753412,70.77638966278573
heading_date,svr_linear,76.08233525,87.805315903783
heading_date,svr_linear,66.89485452,84.68606603198276
heading_date,svr_linear,66.47290116,72.2309711953204
heading_date,svr_linear,66.10037516,73.14078615462554
heading_date,svr_linear,71.24383736,81.44336693737705
heading_date,svr_linear,73.73619032,84.24638437623076
heading_date,svr_linear,69.09121195,75.82646288611832
heading_date,svr_linear,74.84314052,71.46952404812772
heading_date,svr_linear,73.84519396,108.30726321826694
heading_date,svr_linear,66.93723576,78.44992776293292
heading_date,svr_linear,74.58257326,70.12462008535176
heading_date,svr_linear,74.44195046,67.24867162840394
heading_date,svr_linear,73.30522901,73.39759052937055
heading_date,svr_linear,75.49738119,77.6458369516847
heading_date,svr_linear,66.43667858,99.38124832040539
heading_date,svr_linear,68.85407314,76.08226784197974
heading_date,svr_linear,65.51496639,58.06529128498782
heading_date,svr_linear,65.23113022,74.5705330200928
heading_date,svr_linear,75.19488328,102.07865732793134
heading_date,svr_linear,68.65996046,59.11895419642243
heading_date,svr_linear,69.32183845,71.04185059815404
heading_date,svr_linear,71.47390865,85.19868492297626
heading_date,svr_linear,63.60653189,66.31199363593446
heading_date,svr_linear,71.6814977,80.22256723472705
heading_date,svr_linear,75.47961513,73.54461199395347
heading_date,svr_linear,71.49905543,72.39872354746726
heading_date,svr_linear,68.40154143,133.5709311639164
heading_date,svr_linear,71.47454821,82.72096992188335
heading_date,svr_linear,75.41440662,85.44231405322087
heading_date,svr_linear,73.53232282,133.65170489093666
heading_date,svr_linear,73.38787846,95.25948872456317
heading_date,svr_linear,71.14925478,83.06875772957304
heading_date,svr_linear,65.95455457,70.37897881180594
heading_date,svr_linear,72.88953837,91.09122579178438
heading_date,svr_linear,76.44161435,75.11849880198747
heading_date,svr_linear,70.27463073,75.66581522844128
heading_date,svr_linear,72.2394546,79.92968306178746
heading_date,svr_linear,70.41476261,80.18138728922447
heading_date,svr_linear,73.88433532,83.55046518546655
heading_date,svr_linear,70.40496905,78.61000413069758
heading_date,svr_linear,73.84329904,78.48527606024095
heading_date,svr_linear,73.32306067,74.15208562970446
heading_date,svr_linear,77.88167969,101.94328482889185
heading_date,svr_linear,75.36142987,79.41352390439557
heading_date,svr_linear,67.1766843,74.79245998042822
heading_date,svr_linear,72.68712084,77.296350353313
heading_date,svr_linear,72.24724216,74.59652487083304
heading_date,svr_linear,69.86431728,95.11041789371856
heading_date,svr_linear,71.59961536,74.69864770083045
heading_date,svr_linear,72.12272676,80.74292873735098
heading_date,svr_linear,71.39521691,90.16910483670955
heading_date,svr_linear,72.92330733,75.43006492794879
heading_date,svr_linear,64.77806944,74.10667826315265
heading_date,svr_linear,70.2972185,99.708483969928
heading_date,svr_linear,73.18887687,77.99700678834154
heading_date,svr_linear,66.03170016,78.69842703881065
heading_date,svr_linear,66.57897461,75.37670764421529
heading_date,svr_linear,68.03193931,101.94723424217196
heading_date,svr_linear,66.00954055,69.58658032812664
heading_date,svr_linear,72.67306315,114.15616595618904
heading_date,svr_linear,69.92228344,72.8308435044295
heading_date,svr_linear,68.72075796,81.03872302352667
heading_date,svr_linear,77.22752805,80.40647528729828
heading_date,svr_linear,65.63955967,70.96505708672707
heading_date,svr_linear,68.09084766,64.69672894548475
heading_date,svr_linear,74.34608236,79.22274012335293
heading_date,svr_linear,73.87774779,72.9335289870594
heading_date,svr_linear,68.85229399,71.7346541425927
heading_date,svr_linear,74.64033401,77.45787950150186
heading_date,svr_linear,75.31887766,122.99909180428685
heading_date,svr_linear,75.86668472,81.19172764226312
heading_date,svr_linear,72.93319662,73.74261585796967
heading_date,svr_linear,66.66699329,92.18980175324305
heading_date,svr_linear,67.97779268,78.93264372897859
heading_date,svr_linear,70.1364937,78.7891131065526
heading_date,svr_linear,76.57938336,75.05997746249898
heading_date,svr_linear,70.55262868,71.59081357807254
heading_date,svr_linear,71.1110076,82.75368543765104
heading_date,svr_linear,74.83589779,77.64785161146438
heading_date,svr_linear,76.51973791,74.86179116141338
heading_date,svr_linear,76.29784896,78.29323193183404
heading_date,svr_linear,70.74393525,73.45381754767658
heading_date,svr_linear,68.13099532,78.3327292769302
heading_date,svr_linear,68.12169332,71.71369385166368
heading_date,svr_linear,73.10569573,80.88020657811423
heading_date,svr_linear,71.86954572,72.34960808254063
heading_date,svr_linear,77.05671031,75.88912107305867
heading_date,svr_linear,75.28967282,76.27589772487586
heading_date,svr_linear,69.90700066,77.8438498909573
heading_date,svr_linear,76.88103588,77.87632548798588
heading_date,svr_linear,74.08328467,68.34197183836729
heading_date,svr_linear,68.89564055,68.89771998466273
heading_date,svr_linear,73.56021564,63.13728794804906
heading_date,svr_linear,73.5808855,77.44707367331159
heading_date,svr_linear,70.31119991,72.01201667195994
heading_date,svr_linear,72.16224226,70.30613848009892
heading_date,svr_linear,72.05557631,72.30317197930823
heading_date,svr_linear,71.32553595,127.34986639212002
heading_date,svr_linear,77.70641607,81.64100301361091
heading_date,svr_linear,73.47383902,73.0171902405356
heading_date,svr_linear,73.60813506,70.51000848804526
heading_date,svr_linear,67.08958845,67.90400903615952
heading_date,svr_linear,74.77027119,75.35858904381088
heading_date,svr_linear,75.32193801,70.89983638343932
heading_date,svr_linear,73.43810176,74.99589048106695
heading_date,svr_linear,71.45203421,71.60575835594422
heading_date,svr_linear,71.56721859,79.76234907515341
heading_date,svr_linear,73.05006146,74.12323457554878
heading_date,svr_linear,73.23809874,73.77447415183225
heading_date,svr_linear,70.7905393,78.94691103520154
heading_date,svr_linear,74.96498688,73.30326628065254
heading_date,svr_linear,74.45265722,82.96411355752902
heading_date,svr_linear,77.83211711,62.1473534272984
heading_date,svr_linear,70.25976192,98.65299055057615
heading_date,svr_linear,72.59543156,82.16674421063732
heading_date,svr_linear,69.87004508,71.74622152809967
heading_date,svr_linear,67.35990526,62.669534056027686
heading_date,svr_linear,70.53892868,74.08869370774684
heading_date,svr_linear,69.65381816,108.40286848821319
heading_date,svr_linear,64.79137899,71.58548015689654
heading_date,svr_linear,70.55581706,59.52925167726063
heading_date,svr_linear,71.69392732,82.83905071931105
heading_date,svr_linear,71.15600193,74.91692239330061
heading_date,svr_linear,68.50321935,71.04237804786098
heading_date,svr_linear,71.8439335,89.92408237665146
heading_date,svr_linear,72.03574691,69.38929008675132
heading_date,svr_linear,74.13524586,98.38226068482385
heading_date,svr_linear,73.25621539,76.12493906213493
heading_date,svr_linear,71.17979877,64.03339946531459
heading_date,svr_linear,79.43995387,79.50476502216286
heading_date,svr_linear,73.95401072,74.44529086144688
heading_date,svr_linear,70.40511568,83.84465450383101
heading_date,svr_linear,72.60609784,82.8903365831777
heading_date,svr_linear,69.50185485,62.848391300886945
heading_date,svr_linear,66.20056607,86.22334097843664
heading_date,svr_linear,72.41292025,67.71890937053061
heading_date,svr_linear,71.01321896,77.95597201859358
heading_date,svr_linear,71.4227622,92.45824893236389
heading_date,svr_linear,64.1620208,86.6625819154489
heading_date,svr_linear,69.49922466,74.67794700423859
heading_date,svr_linear,69.32396011,59.42314049081126
heading_date,svr_linear,68.8462765,76.54553141788902
heading_date,svr_linear,70.32972131,86.33277834482328
heading_date,svr_linear,70.1299142,72.44497397859827
heading_date,svr_linear,68.74930527,76.41270859782257
heading_date,svr_linear,70.17365081,70.53786724156
heading_date,svr_linear,66.0978734,68.60153140608685
heading_date,svr_linear,74.72194686,101.0196065889278
heading_date,svr_linear,73.23503031,76.7746184715001
heading_date,svr_linear,70.41579451,72.52342998994476
heading_date,svr_linear,69.98064762,81.3110035543342
heading_date,svr_linear,71.79630868,74.28148113543614
heading_date,svr_linear,71.29354425,81.88524004373994
heading_date,svr_linear,67.49763499,75.00581804074397
heading_date,svr_linear,73.39298905,74.24289107838348
heading_date,svr_linear,67.21585775,68.5489954636694
heading_date,svr_linear,77.89114616,41.27378631673661
heading_date,svr_linear,71.70051615,68.95947857051053
heading_date,svr_linear,70.80899456,73.01980597195575
heading_date,svr_linear,69.57346631,73.75441417884312
heading_date,svr_linear,74.65867956,86.53559452003142
heading_date,svr_linear,74.40344875,75.44777960134992
heading_date,svr_linear,73.34151876,73.05275382290348
heading_date,svr_linear,72.67549667,77.3249009705774
heading_date,svr_linear,72.00874397,76.32373412460271
heading_date,svr_linear,70.24671324,118.42611323128497
heading_date,svr_linear,70.34895685,67.20480180573301
heading_date,svr_linear,71.14708344,87.63905147284976
heading_date,svr_linear,77.85087289,86.03387433915397
heading_date,svr_linear,69.86009609,78.97456589416325
heading_date,svr_linear,67.0700819,65.12396051905985
heading_date,svr_linear,70.22088521,66.32437834895259
heading_date,svr_linear,69.26721347,71.71387097289517
heading_date,svr_linear,70.33919103,80.22823319179615
heading_date,svr_linear,68.72731007,68.38153162156836
heading_date,svr_linear,65.345322435,66.02793342330675
heading_date,svr_linear,70.73256258,74.96112043705214
heading_date,svr_linear,68.36744232,74.37274065548083
heading_date,svr_linear,65.89015858,76.37821751705725
heading_date,svr_linear,66.05264166,65.61247873607692
heading_date,svr_linear,71.6055494,75.7430948282065
heading_date,svr_linear,65.70822977,63.60997549177141
heading_date,svr_linear,63.68768235,64.59569451930406
heading_date,svr_linear,69.32214361,85.27902856667892
heading_date,svr_linear,63.93969362,65.73404910286672
heading_date,svr_linear,66.86712059,67.13932401363452
heading_date,svr_linear,65.35246628,74.25485774524333
heading_date,svr_linear,71.38976714,87.91418558514171
heading_date,svr_linear,65.65626114,64.84999321939941
heading_date,svr_linear,70.00919458,68.76643392882096
heading_date,svr_linear,75.60384423,91.09548957864364
heading_date,svr_linear,68.46201352,68.37697177270121
heading_date,svr_linear,73.10082123,74.03572934639001
heading_date,svr_linear,76.356754,69.64536035858201
heading_date,svr_linear,70.6456504,71.74669345086933
heading_date,svr_linear,71.7316861,75.40890065068498
heading_date,svr_linear,75.1142689,76.05861462160875
heading_date,svr_linear,71.93597037,62.98113155773966
heading_date,svr_linear,73.10390928,75.41940837963692
heading_date,svr_linear,75.45138162,77.66190778715479
heading_date,svr_linear,69.12878797,68.1141701738905
heading_date,svr_linear,68.44705577,70.53338912809816
heading_date,svr_linear,73.80793907,76.36786574190373
heading_date,svr_linear,69.96800607,80.13380612041385
heading_date,svr_linear,76.21083683,78.87080459796546
heading_date,svr_linear,68.1511504,67.6296052761432
heading_date,svr_linear,66.35890322,71.89016560051665
heading_date,svr_linear,72.84233623,85.35131766159029
heading_date,svr_linear,69.69312002,68.78161175465034
heading_date,svr_linear,67.18052391,67.98617925243492
heading_date,svr_linear,69.86090994,64.13686634212246
heading_date,svr_linear,76.0816442,80.24545355385973
heading_date,svr_linear,69.91428023,68.04371950539738
heading_date,svr_linear,66.78096121,86.85002350684576
heading_date,svr_linear,65.95061099,72.69375202601312
heading_date,svr_linear,72.473336,91.9933425376427
heading_date,svr_linear,76.83008918,104.95768625688851
heading_date,svr_linear,71.67358103,83.42094465956082
heading_date,svr_linear,69.916653,76.08359260929618
heading_date,svr_linear,68.83440229,63.66032878321347
heading_date,svr_linear,73.40337589,84.86629303764907
heading_date,svr_linear,69.72753808,72.33374303370604
heading_date,svr_linear,73.64268186,69.03159825532823
heading_date,svr_linear,70.34605298,75.24372593756932
heading_date,svr_linear,70.71476569,71.85214812809421
heading_date,svr_linear,71.34776186,71.58844855655568
heading_date,svr_linear,68.04398239,73.07449709499797
heading_date,svr_linear,69.90992187,72.4579702701795
heading_date,svr_linear,69.49890944,70.05346626182325
heading_date,svr_linear,69.7891648,76.89676074195748
heading_date,svr_linear,71.61136297,73.02489162058228
heading_date,svr_linear,74.72511563,78.7404184041469
heading_date,svr_linear,71.11973783,66.19751560805085
heading_date,svr_linear,66.83063971,67.59055469228282
heading_date,svr_linear,67.26308671,69.99008412002499
heading_date,svr_linear,68.196063,69.13266973439204
heading_date,svr_linear,69.13499905,68.3930120238341
heading_date,svr_linear,68.05007939,77.40503838153016
heading_date,svr_linear,64.39479985,66.13638026316616
heading_date,svr_linear,75.43039886,68.8003839848952
heading_date,svr_linear,70.71278575,71.73211620291247
heading_date,svr_linear,65.70530213,69.72368297672107
heading_date,svr_linear,69.01161839,65.17200196423167
heading_date,svr_linear,68.09290189,74.71504071104098
heading_date,svr_linear,74.12225962,73.9326477425203
heading_date,svr_linear,74.16746489,78.79753146042185
heading_date,svr_linear,69.57076912,70.55542666493862
heading_date,svr_linear,66.30653296,67.12089176504941
heading_date,svr_linear,65.21326658,92.26899249586367
heading_date,svr_linear,65.80157103,75.37036041716684
heading_date,svr_linear,65.84069511,102.640503015506
heading_date,svr_linear,72.96050881,68.23322123440065
heading_date,svr_linear,71.10671963,70.379228955083
heading_date,svr_linear,65.79428981,67.9905394843403
heading_date,svr_linear,72.64786489,73.67875351757127
heading_date,svr_linear,74.88924313,72.38910466514162
heading_date,svr_linear,68.51305027,102.81303729697693
heading_date,svr_linear,75.70286332,94.15515830864865
heading_date,svr_linear,71.36798435,71.26417782226167
heading_date,svr_linear,76.79945152,82.07183643508355
heading_date,svr_linear,74.05047899,79.054474658206
heading_date,svr_linear,70.15245605,72.56096727546469
heading_date,svr_linear,70.21139135,86.54120488363307
heading_date,svr_linear,74.83238292,111.25390249850054
heading_date,svr_linear,74.90889667,75.48416421198304
heading_date,svr_linear,77.77169813,71.33408664206446
heading_date,svr_linear,73.20269395,74.57822346337484
heading_date,svr_linear,70.33837877,68.97823338271111
heading_date,svr_linear,71.90487538,116.36494111007963
heading_date,svr_linear,71.70476953,74.86891660998323
heading_date,svr_linear,67.17324806,118.54820834347004
heading_date,svr_linear,67.81119546,67.44819648295994
heading_date,svr_linear,67.29786665,70.55361314205068
heading_date,svr_linear,76.0255848,72.95905631166016
heading_date,svr_linear,76.41919117,73.5403490241644
heading_date,svr_linear,74.5923255,76.1555443362407
heading_date,svr_linear,73.24052531,57.52265889442751
heading_date,svr_linear,66.56854857,73.66307786867571
heading_date,svr_linear,65.59403766,67.08952465496498
heading_date,svr_linear,75.23821327,75.2206571936549
heading_date,svr_linear,73.37352334,69.06281312065029
heading_date,svr_linear,68.31242523,65.47449269958166
heading_date,svr_linear,70.18988702,92.22158346223195
heading_date,svr_linear,135.0124977,95.36529720586819
heading_date,svr_linear,131.1376018,107.57174870780801
heading_date,svr_linear,127.4952925,75.01104804069229
heading_date,svr_linear,132.9185581,123.11867153054764
heading_date,svr_linear,135.5122478,113.55389327225546
heading_date,svr_linear,136.708832,131.39522090658645
heading_date,svr_linear,138.1521257,81.67276343895033
heading_date,svr_linear,133.6229181,126.45811136573963
heading_date,svr_linear,142.5172946,124.2211760619354
heading_date,svr_linear,133.1346108,127.3987574483101
heading_date,svr_linear,128.2808634,72.55428823621514
heading_date,svr_linear,131.4490245,115.07433977054808
heading_date,svr_linear,130.1225762,115.72784570987622
heading_date,svr_linear,140.329899,91.74347654444495
heading_date,svr_linear,129.5939866,100.7205114807789
heading_date,svr_linear,137.3372998,116.2250489960147
heading_date,svr_linear,133.9333111,134.76676563504208
heading_date,svr_linear,139.658972,88.23961998220358
heading_date,svr_linear,133.875129,115.30648517031608
heading_date,svr_linear,128.4178839,111.98088378354531
heading_date,svr_linear,132.7842797,131.649777172077
heading_date,svr_linear,133.2090608,132.62027703596377
heading_date,svr_linear,130.8903962,93.54315457837832
heading_date,svr_linear,134.12579,108.4918010477601
heading_date,svr_linear,133.9805901,73.74417716251267
heading_date,svr_linear,135.8769503,72.10358798175878
heading_date,svr_linear,130.8627045,117.77043954102523
heading_date,svr_linear,137.6324379,76.78960329384122
heading_date,svr_linear,135.6980028,139.60685311672935
heading_date,svr_linear,132.5179743,102.37309057875055
heading_date,svr_linear,137.786505,89.09957959045437
heading_date,svr_linear,134.9355974,124.10806695009033
heading_date,svr_linear,135.5590088,105.99185123485088
heading_date,svr_linear,139.7923564,130.12707619013378
heading_date,svr_linear,134.8275248,93.04085927181694
heading_date,svr_linear,137.4435432,106.5643649977655
heading_date,svr_linear,136.4458612,115.96844864222876
heading_date,svr_linear,138.1860589,133.72450888955538
heading_date,svr_linear,132.4494121,118.80774658147784
heading_date,svr_linear,134.1848786,118.55630092867219
heading_date,svr_linear,134.1127859,133.94429936905541
heading_date,svr_linear,132.6606136,119.05255435910999
heading_date,svr_linear,131.5267898,116.41453152113056
heading_date,svr_linear,135.1331239,132.4466538631343
heading_date,svr_linear,131.9704949,116.32422121114136
heading_date,svr_linear,129.0285291,127.02439463400876
heading_date,svr_linear,129.6938329,121.39299170850046
heading_date,svr_linear,134.4295035,153.77672480126267
heading_date,svr_linear,128.5273442,97.46897366279298
heading_date,svr_linear,139.4167345,114.61005804791216
heading_date,svr_linear,135.9682749,127.26188141097066
heading_date,svr_linear,132.4074653,110.51964308706683
heading_date,svr_linear,129.0138553,68.5691600059775
heading_date,svr_linear,139.002867,109.83023721297025
heading_date,svr_linear,131.232896,116.1752940206138
heading_date,svr_linear,131.2749892,114.78204117810068
heading_date,svr_linear,129.9801436,76.2312919795328
heading_date,svr_linear,132.3355948,67.47526248564137
heading_date,svr_linear,127.6646855,68.51989303114786
heading_date,svr_linear,130.372926,70.70628102311227
heading_date,svr_linear,124.6588773,108.51721381789287
heading_date,svr_linear,130.604193,89.06126635438872
heading_date,svr_linear,130.8283306,103.50249671171096
heading_date,svr_linear,141.729227,137.58136602627096
heading_date,svr_linear,137.8176787,94.34803203711077
heading_date,svr_linear,131.281506,90.22514477531863
heading_date,svr_linear,125.7384657,83.010559311667
heading_date,svr_linear,131.9882392,136.11092862695955
heading_date,svr_linear,138.5408884,131.48165986153927
heading_date,svr_linear,138.1311221,80.08710903122474
heading_date,svr_linear,142.4949325,79.52248706706116
heading_date,svr_linear,137.1695845,78.52942295337812
heading_date,svr_linear,139.7680022,71.04611990958557
heading_date,svr_linear,138.8299962,76.16407258654289
heading_date,svr_linear,138.8265307,85.53948870153152
heading_date,svr_linear,140.1420899,76.1993521316055
heading_date,svr_linear,138.5309748,77.6491198314208
heading_date,svr_linear,133.5885158,84.61811319299588
heading_date,svr_linear,137.688565,74.7123187440418
heading_date,svr_linear,142.6567569,112.54591403932484
heading_date,svr_linear,138.8864808,93.79648122383443
heading_date,svr_linear,144.7717432,99.4018099589796
heading_date,svr_linear,137.1934361,124.60620745399359
heading_date,svr_linear,137.2712069,87.32236147892712
heading_date,svr_linear,139.5023062,101.06177217128011
heading_date,svr_linear,134.1392296,121.31929453233235
heading_date,svr_linear,125.9265837,67.21406724651892
heading_date,svr_linear,134.1863729,127.28677093773595
heading_date,svr_linear,137.5206775,104.14932375722472
heading_date,svr_linear,133.8219732,92.31642386094079
heading_date,svr_linear,137.4739844,118.85613171024222
heading_date,svr_linear,129.180234,70.9926278451172
heading_date,svr_linear,126.560584,78.5084531503546
heading_date,svr_linear,142.6777739,81.42458544692175
heading_date,svr_linear,138.8260235,120.49806711902815
heading_date,svr_linear,132.7598533,83.13345051160627
heading_date,svr_linear,133.6671655,140.7044705314615
heading_date,svr_linear,132.3802859,141.37395158691547
heading_date,svr_linear,141.9584089,69.47348649715532
heading_date,svr_linear,137.2961454,79.44362281440624
heading_date,svr_linear,138.0104867,109.78087591202237
heading_date,svr_linear,140.9308021,85.01214375862938
heading_date,svr_linear,137.3267537,139.96573171412987
heading_date,svr_linear,137.5703576,122.53697522697189
heading_date,svr_linear,137.5391761,122.5010789248005
heading_date,svr_linear,135.2826812,129.62161068730873
heading_date,svr_linear,127.6581182,73.7102922533513
heading_date,svr_linear,136.3724187,114.15077952150884
heading_date,svr_linear,140.3018932,135.02800050405784
heading_date,svr_linear,138.9132929,99.21512772132061
heading_date,svr_linear,132.5338815,106.21876630215054
heading_date,svr_linear,136.2670827,104.68385845730876
heading_date,svr_linear,134.4168437,77.81140808425116
heading_date,svr_linear,139.5018265,145.99538910555066
heading_date,svr_linear,136.6966077,128.98573155773818
heading_date,svr_linear,139.2046267,140.91858895691752
heading_date,svr_linear,139.5328422,96.65930329353881
heading_date,svr_linear,139.5568279,110.17187572206454
heading_date,svr_linear,133.419942,104.53498771871813
heading_date,svr_linear,142.1277933,109.92481705729108
heading_date,svr_linear,133.289293,116.11652947886765
heading_date,svr_linear,138.2303584,114.34784392734907
heading_date,svr_linear,135.3760747,98.95716954885047
heading_date,svr_linear,135.4289193,130.38748083461832
heading_date,svr_linear,136.0103199,127.21069127530703
heading_date,svr_linear,136.3843709,94.05179479849231
heading_date,svr_linear,127.5878797,101.73455764423106
heading_date,svr_linear,135.4825109,124.37037658040359
heading_date,svr_linear,135.6400614,126.99847653510318
heading_date,svr_linear,135.0667128,102.0376194309529
heading_date,svr_linear,134.2585613,90.22417862151626
heading_date,svr_linear,130.1923437,114.15500032834765
heading_date,svr_linear,138.1207407,114.5004140203376
heading_date,svr_linear,135.5829359,127.4065331727391
heading_date,svr_linear,137.567537,112.9270307043011
heading_date,svr_linear,136.8892699,112.96567617193129
heading_date,svr_linear,136.4341031,96.98824695060088
heading_date,svr_linear,133.8149685,129.04598601102128
heading_date,svr_linear,137.1670643,100.30092469944113
heading_date,svr_linear,135.8769162,145.43248719230945
heading_date,svr_linear,137.0656528,127.02562733382898
heading_date,svr_linear,136.9844925,143.32081064149682
heading_date,svr_linear,127.2012288,89.61868723891857
heading_date,svr_linear,136.0725267,116.26745169783052
heading_date,svr_linear,136.0865759,115.53651604528008
heading_date,svr_linear,137.9369893,116.56071289422782
heading_date,svr_linear,137.274842,131.66385491414613
heading_date,svr_linear,132.7043471,135.52242682242428
heading_date,svr_linear,137.2478415,101.43009524009585
heading_date,svr_linear,137.2427613,107.00996616169958
heading_date,svr_linear,132.7352285,128.10506628563928
heading_date,svr_linear,132.3494267,127.06466144670438
heading_date,svr_linear,138.4349052,123.36517867411514
heading_date,svr_linear,137.8602773,142.42242676987564
heading_date,svr_linear,134.5827086,144.57500803204846
heading_date,svr_linear,147.2995825,105.29937487050636
heading_date,svr_linear,143.2762998,92.4017978908024
heading_date,svr_linear,136.3281237,139.94471247176418
heading_date,svr_linear,135.3488419,95.68184936040633
heading_date,svr_linear,136.5309641,130.07722313272214
heading_date,svr_linear,140.0179642,111.7085104903372
heading_date,svr_linear,138.2297729,141.7693361166504
heading_date,svr_linear,137.3292465,122.18837321114978
heading_date,svr_linear,135.7116789,132.6724826233923
heading_date,svr_linear,142.2021781,130.6046716657154
heading_date,svr_linear,131.2541635,134.19354662892172
heading_date,svr_linear,136.1333373,137.96656259254218
heading_date,svr_linear,144.9484596,113.87076696010799
heading_date,svr_linear,141.1257137,113.30958120156811
heading_date,svr_linear,132.5056467,131.40087170516313
heading_date,svr_linear,136.3393475,132.11400041882814
heading_date,svr_linear,136.0473209,109.65681002286175
heading_date,svr_linear,130.7922896,135.9907666511928
heading_date,svr_linear,134.4381523,98.3419901128741
heading_date,svr_linear,137.1228511,142.17747056630208
heading_date,svr_linear,136.0061576,125.07363831537938
heading_date,svr_linear,133.9543172,138.1280931757129
heading_date,svr_linear,137.7701297,99.8492203845549
heading_date,svr_linear,137.6326115,95.7862955298489
heading_date,svr_linear,131.1816109,109.77594903293792
heading_date,svr_linear,148.009344,90.34235082367464
heading_date,svr_linear,139.9671981,125.64490495619667
heading_date,svr_linear,142.0799892,101.47654247203049
heading_date,svr_linear,136.9659509,135.64298541253265
heading_date,svr_linear,146.9063677,82.87845016831722
heading_date,svr_linear,137.7331428,132.10858454568324
heading_date,svr_linear,142.1866771,90.23543001041631
heading_date,svr_linear,132.203008,134.62056483076339
heading_date,svr_linear,135.8051786,125.1368933031135
heading_date,svr_linear,132.4734016,111.09731848405089
heading_date,svr_linear,134.1501118,125.05223280836843
heading_date,svr_linear,141.9748227,130.72291035503108
heading_date,svr_linear,134.4129753,136.63625771037565
heading_date,svr_linear,136.0469073,135.6111631402406
heading_date,svr_linear,131.8178343,119.40130267692311
heading_date,svr_linear,140.2483705,91.40548929175723
heading_date,svr_linear,137.1906833,117.67615945985537
heading_date,svr_linear,137.5477175,130.07883147030515
heading_date,svr_linear,134.932367,105.35579777607273
heading_date,svr_linear,140.0229539,107.68220915729688
heading_date,svr_linear,136.6995063,118.15118582823784
heading_date,svr_linear,139.3233338,106.44561729268308
heading_date,svr_linear,133.806829,79.72518992310596
heading_date,svr_linear,144.8853647,133.34240203599208
heading_date,svr_linear,130.7195337,94.23830124075862
heading_date,svr_linear,132.9521219,123.82563029748631
heading_date,svr_linear,140.5833506,114.34254327907067
heading_date,svr_linear,132.9469242,140.2082441289274
heading_date,svr_linear,137.894999,126.654144375354
heading_date,svr_linear,138.0837962,137.8292674077431
heading_date,svr_linear,142.3090935,95.8627024616463
heading_date,svr_linear,135.8272429,120.19712376366158
heading_date,svr_linear,136.5147156,73.19422225872539
heading_date,svr_linear,140.3571793,87.48757895977157
heading_date,svr_linear,135.7120763,87.98814436840662
heading_date,svr_linear,134.7976425,134.33669634842272
heading_date,svr_linear,140.4601646,133.97390609219391
heading_date,svr_linear,135.0964616,134.94684219516523
heading_date,svr_linear,137.9825587,137.71521683010826
heading_date,svr_linear,139.0650279,155.99751001501056
heading_date,svr_linear,142.4398586,122.98453964201416
heading_date,svr_linear,132.707686,140.350919372537
heading_date,svr_linear,138.6626667,129.39757213138884
heading_date,svr_linear,137.7864379,116.3595736715711
heading_date,svr_linear,134.8522889,149.4735089585274
heading_date,svr_linear,134.8720955,87.71269928992997
heading_date,svr_linear,131.2259749,122.6699357297904
heading_date,svr_linear,132.2150325,113.51677369205629
heading_date,svr_linear,132.9847901,112.26911535257338
heading_date,svr_linear,137.0717572,78.02271802827053
heading_date,svr_linear,132.4746996,116.98686623605566
heading_date,svr_linear,135.5408098,117.79539125479344
heading_date,svr_linear,134.1517945,109.07085471118687
heading_date,svr_linear,139.5071789,88.23124919192607
heading_date,svr_linear,135.2343139,114.3000599834799
heading_date,svr_linear,139.4998594,99.4841513475474
heading_date,svr_linear,142.211522,112.87747423893856
heading_date,svr_linear,138.0249307,129.9104366798588
heading_date,svr_linear,141.7401619,146.810582787598
heading_date,svr_linear,134.6946846,103.3292878371227
heading_date,svr_linear,133.7162425,98.32079948238312
heading_date,svr_linear,137.8476631,87.23933254195232
heading_date,svr_linear,135.1377472,81.58986733483698
heading_date,svr_linear,141.6554593,81.57324289514897
heading_date,svr_linear,135.6852196,117.72857863654427
heading_date,svr_linear,138.5267729,91.34295552456467
heading_date,svr_linear,140.5689081,94.55098963593112
heading_date,svr_linear,135.6119781,112.6249601404659
heading_date,svr_linear,138.3260143,66.87023503551038
heading_date,svr_linear,134.4735789,80.5733407329156
heading_date,svr_linear,143.1625163,85.47774971046046
heading_date,svr_linear,135.8281407,117.99307931888907
heading_date,svr_linear,138.5601171,119.43858076132139
heading_date,svr_linear,135.6353811,82.82992940244422
heading_date,svr_linear,136.8042019,87.15433661635946
heading_date,svr_linear,133.5868267,115.52140792460122
heading_date,svr_linear,142.2942098,104.15551137411423
heading_date,svr_linear,139.850888,116.39870116397488
heading_date,svr_linear,138.9752432,120.88082011577292
heading_date,svr_linear,137.7451895,117.66286330057639
heading_date,svr_linear,146.9884934,100.98726994850391
heading_date,svr_linear,133.4227444,113.12183930587824
heading_date,svr_linear,139.345096,125.03932679218772
heading_date,svr_linear,125.6506941,119.15297544922791
heading_date,svr_linear,141.5605411,54.79579907437589
heading_date,svr_linear,139.675944,124.9255629331706
heading_date,svr_linear,135.6584289,116.54891967466656
heading_date,svr_linear,135.2312701,141.22581733834983
heading_date,svr_linear,136.3833726,151.34333942705592
heading_date,svr_linear,134.8069279,142.25697785228863
heading_date,svr_linear,137.9885548,121.55363155758424
heading_date,svr_linear,132.2602137,128.268241970878
heading_date,svr_linear,129.6272054,68.6731219995099
heading_date,svr_linear,130.1739431,84.30196684541983
heading_date,svr_linear,138.0208657,129.42949222132486
heading_date,svr_linear,139.6305963,102.50015789722198
heading_date,svr_linear,132.9542458,123.63230201170899
heading_date,svr_linear,133.8095452,84.60915975377489
heading_date,svr_linear,137.8854529,119.19266796991329
heading_date,svr_linear,134.2877325,81.7003466080545
heading_date,svr_linear,142.228753,79.57353739763727
heading_date,svr_linear,141.6299267,82.53085692086287
heading_date,svr_linear,134.0759735,89.58432394184698
heading_date,svr_linear,128.0650606,93.28790232935884
heading_date,svr_linear,131.7831402,99.09079401952037
heading_date,svr_linear,133.9285765,80.73560969080913
heading_date,svr_linear,136.6396674,106.6756209859928
heading_date,svr_linear,137.3865059,117.54676073780195
lodging,svr_linear,2.174896356,1.562983089027556
lodging,svr_linear,1.644474162,1.5877923962325544
lodging,svr_linear,1.324642932,2.1919996594277777
lodging,svr_linear,1.593071519,1.8767169762975624
lodging,svr_linear,1.54400155,1.742092006523525
lodging,svr_linear,1.346724921,2.0391641236529434
lodging,svr_linear,1.160769774,1.6973093929916485
lodging,svr_linear,1.740891513,2.100373918763938
lodging,svr_linear,1.588899886,1.6012523018309317
lodging,svr_linear,1.657603308,1.468692981491352
lodging,svr_linear,2.442546063,2.3175575976197713
lodging,svr_linear,1.498489697,1.8804743374131925
lodging,svr_linear,1.784790868,1.659584380594577
lodging,svr_linear,1.636561435,2.578493192460464
lodging,svr_linear,1.399702272,2.164072780809225
lodging,svr_linear,1.560870412,1.4516849450476341
lodging,svr_linear,1.772587931,1.9604014369282705
lodging,svr_linear,2.03978502,1.993140705842237
lodging,svr_linear,1.431336858,1.8417362679161675
lodging,svr_linear,1.269377908,1.5023417735881908
lodging,svr_linear,1.990377116,1.9374294447200562
lodging,svr_linear,1.627762666,2.1778231825517294
lodging,svr_linear,1.382168736,1.9998691632261596
lodging,svr_linear,2.200916425,1.7311002743652473
lodging,svr_linear,1.410106875,1.7575397394375651
lodging,svr_linear,1.86656083,1.5804560737991944
lodging,svr_linear,1.602000897,1.893857822740879
lodging,svr_linear,2.193294571,1.4730221965808492
lodging,svr_linear,1.481490118,1.7689972687460924
lodging,svr_linear,1.86339624,1.921161201530102
lodging,svr_linear,1.429558742,1.6086744003638673
lodging,svr_linear,2.042719308,1.4814388809900425
lodging,svr_linear,2.075744924,1.5323331012364292
lodging,svr_linear,1.240136442,1.744160027426895
lodging,svr_linear,2.297266405,1.7539051756825303
lodging,svr_linear,1.746838412,1.6064067514132716
lodging,svr_linear,1.756920627,1.7533506733096302
lodging,svr_linear,1.750614066,1.8009400818553154
lodging,svr_linear,1.773587349,1.5879328527579675
lodging,svr_linear,1.681479531,1.9023684298406303
lodging,svr_linear,2.266559292,2.0460633598288966
lodging,svr_linear,2.066713065,1.7605979669452732
lodging,svr_linear,1.820676161,1.5691611229317906
lodging,svr_linear,1.354843064,1.5239669972093526
lodging,svr_linear,1.975439353,1.6220184436539493
lodging,svr_linear,1.836534779,1.834330732617064
lodging,svr_linear,1.672623341,1.6839643280844458
lodging,svr_linear,1.454333973,1.6001060828284355
lodging,svr_linear,1.173183446,1.990501200640114
lodging,svr_linear,1.771514459,1.860368004995481
lodging,svr_linear,1.340578989,1.8117635582708682
lodging,svr_linear,1.289758323,1.77533932672982
lodging,svr_linear,1.744585964,1.9077471047972003
lodging,svr_linear,2.084199041,1.8384626384510452
lodging,svr_linear,1.493996936,1.7510648462969778
lodging,svr_linear,1.975708308,1.8382234365390402
lodging,svr_linear,1.580723645,1.4120688592179786
lodging,svr_linear,1.867533803,1.662273892305208
lodging,svr_linear,1.405880024,2.089600403274747
lodging,svr_linear,1.620924956,1.6950910602509064
lodging,svr_linear,1.958262078,1.610984117701097
lodging,svr_linear,1.585077248,1.4761040977936388
lodging,svr_linear,1.585669207,2.138162006559096
lodging,svr_linear,1.910482094,2.25949306708506
lodging,svr_linear,1.278928394,1.6939261373547805
lodging,svr_linear,1.644734721,1.5948125354317089
lodging,svr_linear,1.367993778,1.751046896541094
lodging,svr_linear,1.819732899,1.910715180239561
lodging,svr_linear,1.922282156,1.9405251643507933
lodging,svr_linear,1.614082805,1.6595062657740383
lodging,svr_linear,1.317918266,1.628255005537839
lodging,svr_linear,1.838037822,1.960242277921599
lodging,svr_linear,1.717080721,1.7356544688434112
lodging,svr_linear,1.691805224,1.921807111456199
lodging,svr_linear,1.907767787,1.6881873148638251
lodging,svr_linear,1.525371576,1.676521416597245
lodging,svr_linear,2.100521689,1.9965005134463378
lodging,svr_linear,1.522756314,2.168675631356752
lodging,svr_linear,2.127461912,1.6544755588456421
lodging,svr_linear,1.652993328,1.941757251519087
lodging,svr_linear,1.865713234,1.7970078560594336
lodging,svr_linear,2.351763054,1.7046512893315584
lodging,svr_linear,1.33176336,1.8875708358733243
lodging,svr_linear,2.2234094,1.6310633146092046
lodging,svr_linear,1.965940807,1.5177884418908434
lodging,svr_linear,2.189899205,2.000160130865145
lodging,svr_linear,1.54378452,1.5192503543646563
lodging,svr_linear,1.588521812,1.8221002252362424
lodging,svr_linear,1.752836155,1.760746349780323
lodging,svr_linear,1.67650173,1.6001494294765877
lodging,svr_linear,1.505694386,1.741338673875749
lodging,svr_linear,1.424562669,1.714096169432738
lodging,svr_linear,1.638292774,1.709346742495948
lodging,svr_linear,1.76320614,1.903069167939639
lodging,svr_linear,1.750860556,1.8110345008255826
lodging,svr_linear,1.131848318,1.742715180161708
lodging,svr_linear,1.354444006,1.9136079027133208
lodging,svr_linear,1.851463536,1.7461285810744016
lodging,svr_linear,1.531464952,1.4623596595817054
lodging,svr_linear,1.413676502,1.707785585345344
lodging,svr_linear,1.3127499,1.672038786886901
lodging,svr_linear,1.872652005,1.7014136826667592
lodging,svr_linear,1.440529343,1.7232323206417959
lodging,svr_linear,2.186423213,1.7226483897138252
lodging,svr_linear,1.601519151,1.762749297700682
lodging,svr_linear,1.734423343,1.8259108263137025
lodging,svr_linear,1.467271582,1.7259677287491175
lodging,svr_linear,1.26778,1.7183754917628455
lodging,svr_linear,1.379054586,1.504157183616282
lodging,svr_linear,2.105580046,1.4901244381486283
lodging,svr_linear,1.94242448,1.8508813345100357
lodging,svr_linear,2.177710329,1.4779563516293135
lodging,svr_linear,1.721316019,1.9509810851475702
lodging,svr_linear,1.409414026,1.5027456406420145
lodging,svr_linear,1.365175223,1.5323900366536243
lodging,svr_linear,1.323500978,1.8761486418099722
lodging,svr_linear,1.948810123,1.9947379755283419
lodging,svr_linear,1.722424615,1.888464338422934
lodging,svr_linear,1.580923969,2.6390294372510805
lodging,svr_linear,2.004633761,1.7643098332281841
lodging,svr_linear,1.493726908,1.980624233468498
lodging,svr_linear,1.756751832,1.8102258718878605
lodging,svr_linear,1.482967417,1.4815259739142408
lodging,svr_linear,1.591733276,1.883577324791344
lodging,svr_linear,1.731077463,1.8663032237021415
lodging,svr_linear,2.06681345,1.977532550257123
lodging,svr_linear,1.872419174,1.7296255761006234
lodging,svr_linear,2.007996102,2.0177231921444116
lodging,svr_linear,1.940916602,1.7936525728545896
lodging,svr_linear,1.365806212,1.2986721196108837
lodging,svr_linear,1.510106607,1.9444598527582706
lodging,svr_linear,1.74642917,1.922993800854135
lodging,svr_linear,1.487665602,1.7818488789718916
lodging,svr_linear,1.959194849,1.4995170861102567
lodging,svr_linear,2.134539728,1.8841511131281807
lodging,svr_linear,1.827586585,1.4077014730023771
lodging,svr_linear,1.818257974,1.657660521033948
lodging,svr_linear,1.817372322,1.5582826557383784
lodging,svr_linear,1.439763956,1.3954143598803443
lodging,svr_linear,1.500180074,1.6475349430850732
lodging,svr_linear,1.49342233,1.2998530182733683
lodging,svr_linear,1.676955457,1.9807304545163404
lodging,svr_linear,1.867121101,2.332257554242526
lodging,svr_linear,1.85428206,1.7029182677499408
lodging,svr_linear,1.148898128,1.7167618735888024
lodging,svr_linear,2.175295528,1.4974089161561595
lodging,svr_linear,1.878915658,1.550903376985246
lodging,svr_linear,1.790424296,1.9419617883582083
lodging,svr_linear,1.61560033,1.4212105760693778
lodging,svr_linear,1.750917127,1.2450603363340123
lodging,svr_linear,1.385366839,2.0908589518887126
lodging,svr_linear,1.633425128,2.0032947222641475
lodging,svr_linear,1.206546691,1.3005564758219488
lodging,svr_linear,1.275022063,1.902988168295881
lodging,svr_linear,1.427953313,1.572831203089599
lodging,svr_linear,1.180846017,1.2438923754016904
lodging,svr_linear,1.549151256,2.08643101467425
lodging,svr_linear,1.393761863,1.2695404832845898
lodging,svr_linear,1.834635834,1.4681667629263244
lodging,svr_linear,1.486786007,2.4808828767777307
lodging,svr_linear,1.862558477,1.39380538365871
lodging,svr_linear,1.836323398,2.0572070879374635
lodging,svr_linear,0.975118276,1.689533025295523
lodging,svr_linear,1.72295041,1.7483296972540967
lodging,svr_linear,1.439642856,2.04305878007168
lodging,svr_linear,1.391685624,1.313556254323224
lodging,svr_linear,1.468916923,1.4992483674679487
lodging,svr_linear,1.147871917,1.6469573195054787
lodging,svr_linear,1.509668018,1.4632225625485873
lodging,svr_linear,1.331044049,1.6365715841772095
lodging,svr_linear,1.773679045,1.3893064297414979
lodging,svr_linear,1.547875173,1.4866683970480112
lodging,svr_linear,1.357375044,1.595907452469147
lodging,svr_linear,1.17337958,1.4302251098424557
lodging,svr_linear,1.449338201,1.3371814864058225
lodging,svr_linear,1.445600358,2.1910030573218284
lodging,svr_linear,1.229873803,1.3413902754680915
lodging,svr_linear,1.743754915,2.0406110034544787
lodging,svr_linear,1.706855006,1.824458066860113
lodging,svr_linear,1.325813255,1.4919495629519672
lodging,svr_linear,1.297201345,1.2772515530253696
lodging,svr_linear,2.233143456,1.6000787757377704
lodging,svr_linear,1.350200107,1.559223088854289
lodging,svr_linear,1.660671858,1.6274234396681624
lodging,svr_linear,1.760077093,1.6552503808284946
lodging,svr_linear,1.743612369,1.5496769546033116
lodging,svr_linear,1.297346298,1.484101415298381
lodging,svr_linear,1.223807024,1.7352038228577236
lodging,svr_linear,2.456640793,1.4334051033601765
lodging,svr_linear,1.161127788,1.5103911249095865
lodging,svr_linear,1.294585295,1.5321230693118706
lodging,svr_linear,1.135960307,1.4145053648034471
lodging,svr_linear,1.299666628,1.9587386882829592
lodging,svr_linear,1.905735591,1.3206676570429599
lodging,svr_linear,1.423816209,1.7476881377532385
lodging,svr_linear,1.582496151,1.3829010790986542
lodging,svr_linear,1.599451965,2.189667329158355
lodging,svr_linear,1.496044981,1.3380110080516334
lodging,svr_linear,1.482371964,1.2833808243050044
lodging,svr_linear,2.159505115,1.2958559651777883
lodging,svr_linear,2.039812074,1.891309178442527
lodging,svr_linear,1.246098725,1.666433281223315
lodging,svr_linear,1.600795917,1.880471327248718
lodging,svr_linear,1.378768069,1.718161703001667
lodging,svr_linear,2.323874331,1.5883291261443306
lodging,svr_linear,1.0543539,1.5046803719856991
lodging,svr_linear,1.924530472,1.3715389242042964
lodging,svr_linear,1.966952627,1.536217216593109
lodging,svr_linear,1.722567445,1.8396439177203452
lodging,svr_linear,1.87565572,1.5459230108974547
lodging,svr_linear,1.592225204,1.9653267929757852
lodging,svr_linear,1.662921211,1.619956582908945
lodging,svr_linear,1.377220248,1.6522700240766584
lodging,svr_linear,1.785156319,1.6746739313614474
lodging,svr_linear,1.079310903,1.6709444967941096
lodging,svr_linear,1.038879417,1.7559208787221026
lodging,svr_linear,1.8557847,1.7178642354452698
lodging,svr_linear,1.797969229,1.2682061584865751
lodging,svr_linear,1.21462199,1.2857750614379593
lodging,svr_linear,1.411882382,1.9825408137762375
lodging,svr_linear,1.419515321,1.3855071737679574
lodging,svr_linear,1.690417119,1.685677722634738
lodging,svr_linear,2.317425756,1.527120590996418
lodging,svr_linear,1.468285063,1.3970525471345163
lodging,svr_linear,1.445874967,2.049656661050131
lodging,svr_linear,1.354035318,1.9878749893865202
lodging,svr_linear,1.608738995,1.587115979743846
lodging,svr_linear,2.020943696,1.5169239467953943
lodging,svr_linear,1.484247432,1.5735133032336373
lodging,svr_linear,1.870095018,2.1706591503729546
lodging,svr_linear,1.857689791,1.7249444207705593
lodging,svr_linear,1.882448973,1.7635020689119507
lodging,svr_linear,1.736660911,1.4711055989201451
lodging,svr_linear,2.195606986,1.447378787863633
lodging,svr_linear,1.596590086,1.3002492862309665
lodging,svr_linear,1.733215486,1.7181888260006641
lodging,svr_linear,1.112061113,1.4885180932854984
lodging,svr_linear,1.587140357,1.4443947434297346
lodging,svr_linear,1.634174041,1.7233251573586164
lodging,svr_linear,2.178916808,1.8672006289379808
lodging,svr_linear,2.851628346,1.8802105246562768
lodging,svr_linear,1.478683648,1.37396816154761
lodging,svr_linear,1.153062717,2.0809425199448315
lodging,svr_linear,2.156623307,1.2940644470832199
lodging,svr_linear,1.054599367,1.8326184717646008
lodging,svr_linear,1.593133632,1.5911474451762944
lodging,svr_linear,1.491709489,1.2892818149229512
lodging,svr_linear,1.598084436,1.4770293245114021
lodging,svr_linear,1.920316984,1.5617346457791093
lodging,svr_linear,1.243463149,2.0133167814054573
lodging,svr_linear,1.319433809,1.4644967210132163
lodging,svr_linear,1.383527401,1.9599033759031832
lodging,svr_linear,1.222146923,1.3484158812535463
lodging,svr_linear,1.608250487,1.2827530125069417
lodging,svr_linear,1.110620479,1.579826242535276
lodging,svr_linear,1.62727473,1.8111783430359953
lodging,svr_linear,1.738210719,1.727672577805754
lodging,svr_linear,1.716117969,1.537971252528123
lodging,svr_linear,1.782518052,1.6826970847933065
lodging,svr_linear,1.151720715,2.115491452641622
lodging,svr_linear,1.651606099,1.4081486806725723
lodging,svr_linear,1.419185588,2.0222436716902057
lodging,svr_linear,1.794645353,1.2434097241038065
lodging,svr_linear,1.413626487,1.9668122882271561
lodging,svr_linear,1.325395468,1.5521040381161868
lodging,svr_linear,1.463975309,1.5715667561779623
lodging,svr_linear,1.576546262,1.804096892036282
lodging,svr_linear,1.35987865,1.3527994282061426
lodging,svr_linear,1.862132485,1.3986360042539352
lodging,svr_linear,1.711342035,1.6652804608909575
lodging,svr_linear,1.059401865,1.317784988228365
lodging,svr_linear,1.223158561,1.163279998127793
lodging,svr_linear,1.260028983,1.3831440113839837
lodging,svr_linear,1.5207664,1.8361904727151146
lodging,svr_linear,1.249210593,1.68611884518514
lodging,svr_linear,1.373474829,1.4328076419541769
lodging,svr_linear,1.836985563,1.3502884537412565
lodging,svr_linear,1.533551389,1.5140136085004237
lodging,svr_linear,2.011879363,1.5999960413048229
lodging,svr_linear,1.462697538,1.5590815856198441
lodging,svr_linear,1.471198088,1.684275016298238
lodging,svr_linear,1.711186507,1.5386249210547276
lodging,svr_linear,1.48378685,1.5229970555154237
lodging,svr_linear,1.573657384,1.4627299648209169
lodging,svr_linear,1.210990067,1.3933239764115215
lodging,svr_linear,1.29375366,1.614975123758651
lodging,svr_linear,1.931993009,1.6943004802605086
lodging,svr_linear,1.819677164,1.3557354097932057
lodging,svr_linear,1.109247072,1.3014857360565233
lodging,svr_linear,0.993583408,1.5898179987357426
lodging,svr_linear,1.069824135,1.2319142455173568
lodging,svr_linear,2.198843485,1.8226936783314809
lodging,svr_linear,2.557028666,1.8164884120400058
lodging,svr_linear,1.786834572,1.6589351033183248
lodging,svr_linear,1.961614156,1.5067639816181253
lodging,svr_linear,1.73854534,1.5102017642840428
lodging,svr_linear,1.295389302,1.3669952590777754
lodging,svr_linear,1.934289976,1.8892414092876264
lodging,svr_linear,3.896026468,4.593230799359528
lodging,svr_linear,4.439651189,5.308721236255794
lodging,svr_linear,5.974704929,5.088685629765251
lodging,svr_linear,4.311404441,6.06764186041457
lodging,svr_linear,3.898448097,5.640277974087878
lodging,svr_linear,2.4005268,3.821956158173567
lodging,svr_linear,4.196809061,4.337402111588117
lodging,svr_linear,6.44889985,6.094707235851555
lodging,svr_linear,3.680472446,4.770710277784053
lodging,svr_linear,3.472293262,5.033357278354956
lodging,svr_linear,6.006310038,4.979175287866546
lodging,svr_linear,4.378330103,3.9280063239354885
lodging,svr_linear,5.301541467,4.089873577532974
lodging,svr_linear,4.018198831,3.8990624904314193
lodging,svr_linear,2.150761618,2.4146254540516647
lodging,svr_linear,1.846990422,2.273832855679074
lodging,svr_linear,1.847541835,2.8005440096095686
lodging,svr_linear,3.712477994,3.511416005931222
lodging,svr_linear,2.279279412,3.5679582562880827
lodging,svr_linear,2.893861478,2.8253764798403984
lodging,svr_linear,6.137386548,4.251273670350766
lodging,svr_linear,5.903995471,5.35608022436481
lodging,svr_linear,4.158545464,3.642591692637289
lodging,svr_linear,2.428033965,3.661120865339812
lodging,svr_linear,2.025134393,3.1568742760328465
lodging,svr_linear,3.833975178,3.9390834370459773
lodging,svr_linear,3.464739305,3.1004109045792085
lodging,svr_linear,4.557754879,3.7849722933684324
lodging,svr_linear,1.732260846,2.5879123459788125
lodging,svr_linear,5.610611737,5.106543063957901
lodging,svr_linear,4.631430006,4.560498112712626
lodging,svr_linear,4.221243337,4.748547495283785
lodging,svr_linear,4.210396535,4.4564599700665095
lodging,svr_linear,1.331475989,3.7556828203334063
lodging,svr_linear,5.924395753,5.500299254707602
lodging,svr_linear,5.49059074,5.189906073209133
lodging,svr_linear,5.26166452,3.9211661033988046
lodging,svr_linear,6.10153495,5.916926558138076
lodging,svr_linear,4.189357017,4.98442312439611
lodging,svr_linear,1.713467512,3.246248654787302
lodging,svr_linear,2.705356573,3.5775005555466857
lodging,svr_linear,4.436597337,3.6348369097376794
lodging,svr_linear,2.370132372,2.7944711723901507
lodging,svr_linear,4.238393343,3.482034274801912
lodging,svr_linear,4.955320324,4.504528770415678
lodging,svr_linear,4.632944782,4.8020783952601045
lodging,svr_linear,4.191054133,4.018505958748957
lodging,svr_linear,2.634229973,3.153691651755986
lodging,svr_linear,5.832377079,4.175564628968157
lodging,svr_linear,5.420327517,4.135961554831583
lodging,svr_linear,5.191522928,4.731993045126426
lodging,svr_linear,3.937127999,1.2850051830174376
lodging,svr_linear,3.114429781,3.336113658994925
lodging,svr_linear,4.758328879,4.160505310184397
lodging,svr_linear,6.045625336,5.416136351899851
lodging,svr_linear,5.428073661,5.499451893545544
lodging,svr_linear,4.273195052,4.965822873603845
lodging,svr_linear,5.144325785,4.977455512168255
lodging,svr_linear,4.634576879,5.953432658007809
lodging,svr_linear,5.581716746,4.590522836620675
lodging,svr_linear,5.508295105,4.755743136609304
lodging,svr_linear,2.175288427,2.756303270440947
lodging,svr_linear,4.931298096,6.186983711296763
lodging,svr_linear,5.344920372,5.846271206719695
lodging,svr_linear,3.347708844,4.50748609643776
lodging,svr_linear,4.471667602,4.018770433899475
lodging,svr_linear,4.994937047,4.44760472497938
lodging,svr_linear,1.584022955,3.8529163086342617
lodging,svr_linear,5.178256765,5.76497052083947
lodging,svr_linear,5.766552709,5.866847662933809
lodging,svr_linear,3.812042281,4.241084295862546
lodging,svr_linear,5.374889783,4.673324156247595
lodging,svr_linear,4.347813791,4.506511761883008
lodging,svr_linear,4.4116959,4.205698742539106
lodging,svr_linear,1.892882879,2.296546072857432
lodging,svr_linear,3.757816039,4.801291462393781
lodging,svr_linear,2.742599792,5.611432230168898
lodging,svr_linear,5.171269919,4.016648818312249
lodging,svr_linear,5.823737514,5.330346221730301
lodging,svr_linear,6.167182902,4.677815409920511
lodging,svr_linear,1.9551186,2.093363201600713
lodging,svr_linear,6.169369642,6.3947750301902975
lodging,svr_linear,6.50915752,5.775399641441419
lodging,svr_linear,5.956223423,5.718571932003707
lodging,svr_linear,5.197338785,5.738318298010496
lodging,svr_linear,3.165873735,3.1458057905564836
lodging,svr_linear,5.360932478,5.51111216805027
lodging,svr_linear,4.880555925,3.5852520614740664
lodging,svr_linear,5.382606735,3.3357385618612163
lodging,svr_linear,5.693121072,4.16173097048291
lodging,svr_linear,3.854758677,4.813414528273215
lodging,svr_linear,5.185357021,4.313491507714753
lodging,svr_linear,4.614984133,4.704258513800835
lodging,svr_linear,5.30333718,4.7958588630979895
lodging,svr_linear,5.526014976,5.649286719186248
lodging,svr_linear,5.33831448,6.094307083817661
lodging,svr_linear,5.486231915,4.394493395151472
lodging,svr_linear,2.846304125,4.121022210389487
lodging,svr_linear,5.790824839,4.387087945954978
lodging,svr_linear,6.552538765,5.4002363107638764
lodging,svr_linear,5.668091246,6.114684363856833
lodging,svr_linear,5.086837394,3.5099966991226466
lodging,svr_linear,4.054663338,4.17032407245026
lodging,svr_linear,3.809711512,3.5925561663987424
lodging,svr_linear,4.451206295,3.716364307342972
lodging,svr_linear,4.890316246,4.30686498605771
lodging,svr_linear,5.83940246,5.049079416941877
lodging,svr_linear,4.57481975,5.195765766270187
lodging,svr_linear,4.707641308,5.593046625887858
lodging,svr_linear,5.915845941,4.480390735953323
lodging,svr_linear,5.317733602,5.5803861538057244
lodging,svr_linear,3.007658952,2.495289690050913
lodging,svr_linear,5.480262428,4.714691700006057
lodging,svr_linear,3.878657473,4.519886943674853
lodging,svr_linear,4.215039594,2.8628524720613213
lodging,svr_linear,4.272317156,13.260950018615732
lodging,svr_linear,4.597023333,4.255137988891674
lodging,svr_linear,2.495991323,2.1808991227642087
lodging,svr_linear,6.606384456,4.636507590747447
lodging,svr_linear,3.117780187,3.77897139009126
lodging,svr_linear,6.725461894,5.520031989575546
lodging,svr_linear,2.838225815,1.7263671766197166
lodging,svr_linear,2.339632572,2.735274716112447
lodging,svr_linear,4.777638937,4.083944928644152
lodging,svr_linear,4.556355841,5.6172534007486465
lodging,svr_linear,5.945419876,5.104968148615533
lodging,svr_linear,4.050493657,3.194351375988447
lodging,svr_linear,5.302868522,4.055163013219672
lodging,svr_linear,2.729445786,3.2938038671621523
lodging,svr_linear,3.232630847,3.5509154195017265
lodging,svr_linear,3.549975133,5.239108603993237
lodging,svr_linear,2.455953587,2.8843736514662073
lodging,svr_linear,3.972741721,5.70825575597025
lodging,svr_linear,2.477956886,3.214507769244772
lodging,svr_linear,4.650354068,4.8737339296956685
lodging,svr_linear,3.348766365,4.364040789680119
lodging,svr_linear,6.292982436,4.542267302630683
lodging,svr_linear,4.243202869,3.9572068891873617
lodging,svr_linear,2.60421781,3.7606063240741014
lodging,svr_linear,5.071410865,3.1920216009250284
lodging,svr_linear,2.352486133,3.9723322605860214
lodging,svr_linear,3.216436666,3.849662510791791
lodging,svr_linear,4.899199554,4.277298440323333
lodging,svr_linear,4.658669506,3.8092550040575466
lodging,svr_linear,3.590791647,3.9246238985238953
lodging,svr_linear,3.534490455,3.8496417920286463
lodging,svr_linear,3.895758578,4.644444382463243
lodging,svr_linear,6.264105977,5.213450948714913
lodging,svr_linear,4.898612672,4.927386153322907
lodging,svr_linear,4.832225047,4.059235206074375
lodging,svr_linear,3.103622643,4.336063460171722
lodging,svr_linear,5.850636111,4.469899200485619
lodging,svr_linear,3.006257964,4.3468683677552455
lodging,svr_linear,4.260302407,4.567545654286293
lodging,svr_linear,5.526556033,4.793773174078919
lodging,svr_linear,3.194702075,3.654457555039269
lodging,svr_linear,5.683728864,4.889704470209858
lodging,svr_linear,4.633772031,4.885451337260418
lodging,svr_linear,4.245684852,4.36049103874965
lodging,svr_linear,5.475448767,6.055806858130134
lodging,svr_linear,4.37683697,4.255836868363433
lodging,svr_linear,2.696504545,3.175579462382591
lodging,svr_linear,4.02266556,4.286297659072713
lodging,svr_linear,5.111301742,5.538471004209216
lodging,svr_linear,5.539852746,4.635582081201548
lodging,svr_linear,6.872117552,6.268632036924193
lodging,svr_linear,4.183703762,4.295727479617576
lodging,svr_linear,5.181903053,5.532671999948804
lodging,svr_linear,3.775652065,4.086964390401769
lodging,svr_linear,5.821299645,4.12870893340337
lodging,svr_linear,4.327894254,4.150074821495696
lodging,svr_linear,3.582551394,3.7567130828255095
lodging,svr_linear,4.351011006,4.362824323223958
lodging,svr_linear,4.872841609,5.650585102359189
lodging,svr_linear,3.978956337,3.514095703479641
lodging,svr_linear,3.620595705,2.9592999180371646
lodging,svr_linear,4.329065778,4.058311669660522
lodging,svr_linear,4.806399323,4.63402395220864
lodging,svr_linear,4.707846935,4.547841382748595
lodging,svr_linear,3.498895966,3.206313025683198
lodging,svr_linear,5.523333581,5.071802531164474
lodging,svr_linear,4.719864731,4.483822106446637
lodging,svr_linear,5.361344724,4.622570968586457
lodging,svr_linear,5.562203652,7.05376645311904
lodging,svr_linear,4.915984247,3.440349831877101
lodging,svr_linear,5.253851879,5.352976651743259
lodging,svr_linear,5.059527271,3.2661723566606784
lodging,svr_linear,5.135112082,5.4961465089686445
lodging,svr_linear,5.512279283,4.680326539340779
lodging,svr_linear,2.521316042,3.2944570389152132
lodging,svr_linear,5.124428232,5.450536424410597
lodging,svr_linear,3.749274042,3.2374312309321893
lodging,svr_linear,3.658866437,3.412084278920604
lodging,svr_linear,3.919528269,3.921770873267923
lodging,svr_linear,3.926984468,5.302184494921232
lodging,svr_linear,4.397955464,4.818785168411969
lodging,svr_linear,1.652942521,2.172862756098369
lodging,svr_linear,4.969980074,4.006592191305723
lodging,svr_linear,4.649858969,4.538291535309849
lodging,svr_linear,3.790861055,4.366569720885974
lodging,svr_linear,4.594024351,4.526745740411874
lodging,svr_linear,4.990780311,4.206529530812341
lodging,svr_linear,4.620565627,5.854927963190021
lodging,svr_linear,4.652114054,4.502316619883601
lodging,svr_linear,4.321070989,2.8973359629281252
lodging,svr_linear,4.162164063,3.6662576156375297
lodging,svr_linear,4.702770328,4.371091613394365
lodging,svr_linear,6.234887724,6.322659722727233
lodging,svr_linear,4.538992816,4.385234022774961
lodging,svr_linear,5.463588289,3.817283818592992
lodging,svr_linear,4.69526536,4.265190331382948
lodging,svr_linear,3.297521063,3.5528040873020874
lodging,svr_linear,2.929538509,2.566170903682936
lodging,svr_linear,4.656969351,4.173269170805193
lodging,svr_linear,5.020231095,5.704591985516775
lodging,svr_linear,5.114981399,3.39547712809773
lodging,svr_linear,5.650842925,5.434155333935941
lodging,svr_linear,3.061165849,3.214666182608633
lodging,svr_linear,3.816660847,3.532506303102353
lodging,svr_linear,1.76315568,2.0702185622789626
lodging,svr_linear,4.461376421,2.721231054904366
lodging,svr_linear,3.897087598,4.205341920241376
lodging,svr_linear,4.227437727,3.773419725143836
lodging,svr_linear,3.739869741,4.8245867028590865
lodging,svr_linear,3.05781295,2.4795595219898443
lodging,svr_linear,2.123951455,2.153714552087954
lodging,svr_linear,4.668373287,4.185176993375585
lodging,svr_linear,4.856869571,5.932579584491494
lodging,svr_linear,2.846266292,2.715315353468966
lodging,svr_linear,4.712003608,4.783913332229011
lodging,svr_linear,3.362131662,3.303804449434248
lodging,svr_linear,7.622874823,5.804951612228758
lodging,svr_linear,4.497894012,4.995620158099104
lodging,svr_linear,4.399029059,5.211435839515502
lodging,svr_linear,4.357475075,4.731248332983847
lodging,svr_linear,4.084908202,4.427385790946928
lodging,svr_linear,2.931079574,3.5792130671861346
lodging,svr_linear,5.118345116,5.708972779185052
lodging,svr_linear,5.227534284,4.32246353886562
lodging,svr_linear,4.760308786,3.803590469539625
lodging,svr_linear,4.961383238,3.352261403415475
lodging,svr_linear,2.987004774,2.6479653010008426
lodging,svr_linear,3.94705695,4.111165416447681
lodging,svr_linear,4.084518834,4.777109103563771
lodging,svr_linear,3.385490985,4.359593046491131
lodging,svr_linear,3.332437308,3.387024724196069
lodging,svr_linear,4.092816532,5.495238458855496
lodging,svr_linear,5.750686866,5.57398893904346
lodging,svr_linear,4.046082841,2.8748315985767454
lodging,svr_linear,3.911884515,4.79073433630632
lodging,svr_linear,3.032681467,3.3057407572407094
lodging,svr_linear,1.842241512,2.4446387356677564
lodging,svr_linear,1.521855278,2.2842550552444543
lodging,svr_linear,1.852497718,2.8795689303053993
lodging,svr_linear,1.991830975,2.5565898576938073
lodging,svr_linear,3.25416796,3.111484676716458
lodging,svr_linear,5.861620171,5.339137256409811
lodging,svr_linear,3.973206476,3.6883235192372315
lodging,svr_linear,3.855542112,4.684421163554602
lodging,svr_linear,4.415043957,4.594370196759252
lodging,svr_linear,4.788720722,4.582321872569962
lodging,svr_linear,5.27621314,3.313631519614074
lodging,svr_linear,3.12442764,3.2571733346031553
lodging,svr_linear,4.916196659,4.017477821457417
lodging,svr_linear,4.174916025,3.6510983169940814
lodging,svr_linear,3.018373684,2.6280891975222596
lodging,svr_linear,3.654144662,2.827737790206746
lodging,svr_linear,4.788902379,3.844025706572444
lodging,svr_linear,5.345048071,4.4704555406614155
lodging,svr_linear,3.797265608,3.8182189194375464
lodging,svr_linear,4.226098546,3.4245412397905204
lodging,svr_linear,4.726022542,5.464888832810139
lodging,svr_linear,4.347589164,4.570912063827007
lodging,svr_linear,4.388137225,4.190920303606907
lodging,svr_linear,5.520380141,4.966146636845995
lodging,svr_linear,5.151347886,2.8611187390858515
lodging,svr_linear,6.547075227,5.176752792596597
lodging,svr_linear,2.006057878,4.252481743776727
lodging,svr_linear,4.467419511,4.939251522474511
lodging,svr_linear,2.109106784,3.3528955235826925
lodging,svr_linear,4.432711994,4.867084975992231
lodging,svr_linear,5.334823806,3.5129647879603305
lodging,svr_linear,4.351484117,3.4877019787153207
lodging,svr_linear,2.8356063,3.5436175450283214
lodging,svr_linear,4.656178745,3.7303178927368035
lodging,svr_linear,2.226618446,3.526518194776924
lodging,svr_linear,5.115806316,5.177713914955134
lodging,svr_linear,4.717028951,3.9769983133825892
lodging,svr_linear,5.230518033,6.131133070111336
lodging,svr_linear,4.4583204,3.8806275615106345
lodging,svr_linear,3.184280556,4.719955404499203
lodging,svr_linear,4.02314869,3.0330108026025897
lodging,svr_linear,5.469011821,3.4855291976373035
lodging,svr_linear,4.292328015,5.219992135624103
lodging,svr_linear,4.941436323,5.476538248662498
lodging,svr_linear,4.656513771,3.6293177820263027
lodging,svr_linear,5.129638566,5.859366840937835
lodging,svr_linear,4.364490175,5.763818731528352
lodging,svr_linear,6.398037925,6.094964149643369
lodging,svr_linear,5.898260402,4.854741485113728
lodging,svr_linear,6.445446333,5.724467706000663
lodging,svr_linear,4.485682849,3.6571832178273898
lodging,svr_linear,4.104672636,2.803615003335102
lodging,svr_linear,4.343036868,3.4448003624245627
lodging,svr_linear,4.721548166,4.171232881402284
lodging,svr_linear,2.721797518,2.9103203713349597
lodging,svr_linear,3.927073481,3.569267824500081
lodging,svr_linear,3.897246117,3.835402112227522
lodging,svr_linear,1.959922517,3.1853699182911956
lodging,svr_linear,1.345335356,2.1152125966406583
lodging,svr_linear,2.483123379,3.38072075624168
lodging,svr_linear,3.535152614,3.6037623997057824
lodging,svr_linear,3.905811507,3.788862200546966
lodging,svr_linear,4.792873996,4.448378469836377
lodging,svr_linear,5.422952208,4.9684442401952085
lodging,svr_linear,5.858145806,4.424667881734216
lodging,svr_linear,2.714066514,3.635818103024998
lodging,svr_linear,3.557785783,3.747240077710559
lodging,svr_linear,4.239419192,5.358037122099442
lodging,svr_linear,4.879896412,4.0019376203567925
lodging,svr_linear,2.199258873,2.8388068053337134
lodging,svr_linear,4.310518118,3.9002078956788733
lodging,svr_linear,3.458677396,3.417856411549814
lodging,svr_linear,5.126184026,5.143287713401312
lodging,svr_linear,3.157951198,3.799029556251155
lodging,svr_linear,2.495654859,3.7318314404103683
lodging,svr_linear,3.17187251,2.6290364762354206
lodging,svr_linear,4.231189011,3.3608933340322755
lodging,svr_linear,2.839871118,3.1133193827458867
lodging,svr_linear,6.114884823,6.393172610105667
lodging,svr_linear,4.519585972,4.6590708047355305
lodging,svr_linear,2.836531508,4.368154318328671
lodging,svr_linear,4.280409351,4.095446816030165
lodging,svr_linear,3.302575963,4.330590443155777
lodging,svr_linear,2.762068049,3.3299554861103426
lodging,svr_linear,4.277552963,4.0062848775384365
lodging,svr_linear,4.740483969,4.280567565862067
lodging,svr_linear,4.78344071,4.203000291725814
lodging,svr_linear,3.3086576,3.5642835229466163
lodging,svr_linear,4.420136557,3.753190651595598
lodging,svr_linear,4.228182347,3.454824861084089
lodging,svr_linear,3.622257198,4.455338990562286
lodging,svr_linear,3.800183974,4.371749849660022
lodging,svr_linear,3.077478694,2.7281679875889813
lodging,svr_linear,3.80419515,3.872953067128015
lodging,svr_linear,4.554386761,3.6127316702200813
lodging,svr_linear,2.944961573,2.7477354112014494
lodging,svr_linear,2.766499021,3.9544006609546725
lodging,svr_linear,4.423300721,3.572993941397976
lodging,svr_linear,4.616495526,3.655242982599163
lodging,svr_linear,5.078188354,4.016648942684365
lodging,svr_linear,4.921836463,3.5232601768938863
lodging,svr_linear,6.354450241,4.460216284597722
lodging,svr_linear,4.164241775,3.746060433470801
lodging,svr_linear,4.622479531,3.6173761063174497
lodging,svr_linear,4.32803416,4.983108020915087
lodging,svr_linear,4.888426596,4.838670191483496
lodging,svr_linear,5.130013638,5.780245890215104
lodging,svr_linear,4.912231624,4.636177032711222
lodging,svr_linear,5.313829485,4.005276563464683
lodging,svr_linear,2.910019696,2.0323930503516054
lodging,svr_linear,5.949283225,6.3366847807278095
lodging,svr_linear,6.213324731,6.352049841605339
lodging,svr_linear,3.582525186,4.25490697264586
lodging,svr_linear,5.718219152,4.896111675222832
lodging,svr_linear,4.784482872,5.0700087333467465
lodging,svr_linear,3.20561382,3.598333630678427
lodging,svr_linear,2.157534855,3.1137978756599134
lodging,svr_linear,4.569913543,3.772507463565808
lodging,svr_linear,6.429281313,6.292265591014095
lodging,svr_linear,2.272441004,2.7701268521446565
lodging,svr_linear,1.684594722,2.669405094727644
lodging,svr_linear,5.351767574,4.652006411828222
lodging,svr_linear,3.461243287,4.162916965262172
lodging,svr_linear,5.951598285,5.865132159995245
lodging,svr_linear,4.775419338,5.117292675890253
lodging,svr_linear,5.594345263,4.28847767148655
lodging,svr_linear,4.647939538,4.99261935711241
lodging,svr_linear,4.384931256,5.0279945400815365
lodging,svr_linear,5.867212696,4.7171225412848
lodging,svr_linear,6.433244562,5.669707527326533
lodging,svr_linear,2.975325383,4.330937212331281
lodging,svr_linear,5.535560789,5.169716142049082
lodging,svr_linear,5.374501518,4.773341956140467
lodging,svr_linear,3.412517888,3.6843721756672303
lodging,svr_linear,5.007931087,5.100778924545053
lodging,svr_linear,2.824084032,2.8896782413701008
lodging,svr_linear,5.461442303,5.669740023954223
lodging,svr_linear,2.221533451,3.4046157127334915
lodging,svr_linear,5.339080212,3.7694604765894213
lodging,svr_linear,3.00941801,3.4682044178423888
lodging,svr_linear,4.050293724,3.544351006497752
lodging,svr_linear,4.828747404,4.0257698503589046
lodging,svr_linear,3.471794706,4.938622811944333
lodging,svr_linear,4.276882324,5.710550494374766
lodging,svr_linear,5.712272697,4.939665776042487
lodging,svr_linear,2.75195233,2.8235605269860704
lodging,svr_linear,4.425545405,4.61752941207638
lodging,svr_linear,5.035453277,5.764366908200648
lodging,svr_linear,5.833932351,5.832941683977357
lodging,svr_linear,5.796110096,5.2474544064619675
lodging,svr_linear,4.947919417,4.737088149605814
lodging,svr_linear,5.107548571,4.418786207147665
lodging,svr_linear,3.61060408,3.829333749669095
lodging,svr_linear,3.019364291,2.7816445403719507
lodging,svr_linear,6.251530686,4.906961821747095
lodging,svr_linear,4.414177121,4.059129778461393
lodging,svr_linear,4.220568237,5.371758055547091
lodging,svr_linear,4.262197652,4.569730350468847
lodging,svr_linear,2.256176744,2.4054028560082217
lodging,svr_linear,5.504238808,4.383144231825511
lodging,svr_linear,5.349120378,4.786807511837402
lodging,svr_linear,1.948802947,3.2489258628417343
lodging,svr_linear,5.045576705,5.008929676020979
lodging,svr_linear,4.45909478,5.210562336966248
lodging,svr_linear,3.115109204,5.092111648921442
lodging,svr_linear,3.2519328535,4.779332026122793
lodging,svr_linear,4.586131284,4.580550369317322
lodging,svr_linear,7.573818309,4.927427658344777
lodging,svr_linear,4.784326574,5.253932569781504
lodging,svr_linear,5.317745894,4.926364474886022
lodging,svr_linear,4.944483525,4.1070487354810465
lodging,svr_linear,4.416832099,5.523445448887383
lodging,svr_linear,4.566377849,4.949558332185373
lodging,svr_linear,6.13393837,4.637947791584869
lodging,svr_linear,4.161002275,4.892053963615819
lodging,svr_linear,4.077029973,4.4412564577060945
lodging,svr_linear,2.911577251,3.8462097999683036
lodging,svr_linear,5.047151684,5.054476902925726
lodging,svr_linear,4.786826873,4.656032359030276
lodging,svr_linear,6.139518626,5.090696485190932
lodging,svr_linear,4.919173356,4.953562836254981
lodging,svr_linear,4.476460842,4.733582580576196
lodging,svr_linear,1.812338882,2.9022793627219388
lodging,svr_linear,1.602527523,2.939348957352361
lodging,svr_linear,6.467910165,5.564482401807402
lodging,svr_linear,3.796933208,3.3538592944979855
lodging,svr_linear,2.847636652,3.067588140060723
lodging,svr_linear,2.801179323,3.982419777166304
lodging,svr_linear,4.503331147,4.562848557746952
lodging,svr_linear,4.697404464,3.3062789432085924
lodging,svr_linear,3.452804531,3.18935039377025
lodging,svr_linear,4.473978076,3.204837859477702
lodging,svr_linear,5.179140491,3.6842797795313316
lodging,svr_linear,4.023612906,3.784188952463258
lodging,svr_linear,3.431845789,2.8254585803557055
lodging,svr_linear,5.740444128,6.3788758523485605
lodging,svr_linear,6.868828198,6.144676576036968
lodging,svr_linear,5.104171755,5.098289340909496
lodging,svr_linear,4.76863407,6.404288151792585
lodging,svr_linear,6.751134334,6.205073022039261
lodging,svr_linear,5.439629806,5.94365640137808
lodging,svr_linear,4.672937649,4.861097346944854
lodging,svr_linear,6.787596732,6.330605947532606
lodging,svr_linear,5.475898943,6.058360290992663
lodging,svr_linear,7.265955874,6.138192196536586
lodging,svr_linear,4.872031548,4.8413644806081395
lodging,svr_linear,3.382035541,4.088889101788051
lodging,svr_linear,4.525669767,4.351224366938475
lodging,svr_linear,4.623861384,5.256164150606748
lodging,svr_linear,6.223058511,5.168259603963253
lodging,svr_linear,4.37548774,4.905368720067511
lodging,svr_linear,4.499155652,5.336365731704206
lodging,svr_linear,6.104600126,5.426245724530666
lodging,svr_linear,5.053382437,5.384145558532113
lodging,svr_linear,3.63390081,5.144242936139915
lodging,svr_linear,6.115412217,5.324821225913842
lodging,svr_linear,6.058013171,5.222916080768466
lodging,svr_linear,6.000484175,5.503390275083037
lodging,svr_linear,6.014842728,5.187735998684509
lodging,svr_linear,5.01647163,4.689487431726626
lodging,svr_linear,3.953235103,3.694665890964878
lodging,svr_linear,4.179331082,3.783163229654484
lodging,svr_linear,4.392127321,5.857430888371709
lodging,svr_linear,6.763826753,5.911275467563842
lodging,svr_linear,6.779607827,6.145351645691733
lodging,svr_linear,6.703613377,5.615109238758682
lodging,svr_linear,5.396830176,6.079142439364642
lodging,svr_linear,5.868403779,5.18566062579153
lodging,svr_linear,5.421888563,4.624652432683123
lodging,svr_linear,3.411879072,5.95717595662291
lodging,svr_linear,5.160703488,5.523587140504299
lodging,svr_linear,4.366121199,4.926113679353746
lodging,svr_linear,3.544802343,2.890831848637169
lodging,svr_linear,5.557012284,5.136372450350088
lodging,svr_linear,1.680536011,2.199367129341186
lodging,svr_linear,1.778381997,2.5549957609357463
lodging,svr_linear,5.68494121,5.468390100013128
lodging,svr_linear,3.856466636,4.3137600831084395
lodging,svr_linear,3.117689596,5.057166697083538
lodging,svr_linear,5.119732307,4.861531143814915
lodging,svr_linear,3.862444722,3.685019092874848
lodging,svr_linear,3.301610727,3.4740372264089894
lodging,svr_linear,3.299030754,4.0175202465818645
lodging,svr_linear,4.638951363,4.865640496549246
lodging,svr_linear,4.015279224,2.333250207251842
lodging,svr_linear,4.576371766,3.419263784540921
lodging,svr_linear,4.371463961,3.895816355029022
lodging,svr_linear,3.347167778,2.343991156083592
lodging,svr_linear,3.853084511,4.6382665088973045
lodging,svr_linear,1.337708735,1.89925709766294
lodging,svr_linear,4.092336223,5.136328918242857
lodging,svr_linear,4.584704065,3.1144453724400774
lodging,svr_linear,4.641198522,4.68409393843615
lodging,svr_linear,4.043323334,4.9235658114675545
lodging,svr_linear,4.364560795,3.385369726611538
lodging,svr_linear,0.893707226,3.152694493416368
lodging,svr_linear,3.875339844,3.5290551208125134
lodging,svr_linear,3.396556025,3.675711066042189
lodging,svr_linear,4.28998733,3.496908463896928
lodging,svr_linear,3.860008033,3.191069324198496
lodging,svr_linear,7.067088669,5.316166137417242
lodging,svr_linear,4.740083449,4.895084890184735
lodging,svr_linear,4.834950951,4.995761939042067
lodging,svr_linear,1.218162723,3.2434112008442564
lodging,svr_linear,1.248560567,2.3228952810620807
lodging,svr_linear,4.320385706,4.834633358724776
lodging,svr_linear,3.989236797,4.731151184208111
lodging,svr_linear,1.964620369,2.832307541069709
lodging,svr_linear,3.764629335,3.2832990160899964
lodging,svr_linear,4.772437166,4.890716971200527
lodging,svr_linear,4.55920976,4.39497285402239
lodging,svr_linear,4.829363796,4.325316998374333
lodging,svr_linear,5.22506268,5.742888373422941
lodging,svr_linear,5.505694965,4.977074889124786
lodging,svr_linear,4.327852354,3.566521090952386
lodging,svr_linear,5.197882276,5.40922860154169
lodging,svr_linear,1.632720397,1.9097739294725928
lodging,svr_linear,1.54784709,1.8709197610333215
lodging,svr_linear,5.004945045,3.9359632638466024
lodging,svr_linear,5.146490773,4.616710465992282
lodging,svr_linear,2.508978419,3.204005130533235
lodging,svr_linear,3.584736855,4.223330960451606
lodging,svr_linear,2.064772446,2.7829580392615902
lodging,svr_linear,3.919152409,4.649788611962997
lodging,svr_linear,4.657951759,5.010858489926834
lodging,svr_linear,5.649148764,4.659306982127056
lodging,svr_linear,3.841546978,4.004408687111818
lodging,svr_linear,5.385630271,5.723421426972282
lodging,svr_linear,5.039232182,5.193980670251843
lodging,svr_linear,3.760815206,4.32183970129276
lodging,svr_linear,5.346277948,4.70089918503813
lodging,svr_linear,4.266503751,4.865276477411596
lodging,svr_linear,6.566555523,5.442744133121091
lodging,svr_linear,4.531366111,4.118589590883501
lodging,svr_linear,3.914885439,3.8015894793718044
lodging,svr_linear,5.150057616,5.962681827897767
lodging,svr_linear,1.801756288,2.0797000642797374
lodging,svr_linear,2.432197243,2.6944860942948905
lodging,svr_linear,1.99320788,2.5915385109443205
lodging,svr_linear,6.504567262,5.727669811443363
lodging,svr_linear,2.301614905,2.636680430629135
lodging,svr_linear,5.071310959,3.8202837171817223
lodging,svr_linear,1.969593308,2.216200702564657
lodging,svr_linear,5.476465658,3.5295452465989805
lodging,svr_linear,4.099072818,4.754827208257594
lodging,svr_linear,3.89988251,4.994723134432968
lodging,svr_linear,1.741193104,2.4237692382624374
lodging,svr_linear,2.559948281,2.42345145385357
lodging,svr_linear,4.479070022,4.553496090708775
lodging,svr_linear,1.101869328,2.1995583287663827
lodging,svr_linear,1.809142825,2.730516256045435
lodging,svr_linear,2.325586512,2.770981298379456
lodging,svr_linear,6.022132232,5.089634384304251
lodging,svr_linear,2.403801113,2.221476778236055
lodging,svr_linear,5.19670088,4.953673212765542
lodging,svr_linear,3.304496575,4.406424840007071
lodging,svr_linear,3.882299353,4.385733850344032
lodging,svr_linear,4.321430004,4.696935587947795
lodging,svr_linear,5.117319238,4.337064185172524
lodging,svr_linear,4.199238013,4.081356228302488
lodging,svr_linear,3.94259445,4.940777237961376
lodging,svr_linear,6.144647904,5.382070196635111
lodging,svr_linear,4.65571242,4.515730429170933
lodging,svr_linear,3.019690362,2.7507698031317362
lodging,svr_linear,4.672617719,4.398230761282475
lodging,svr_linear,4.74200161,5.479226402497696
lodging,svr_linear,4.906033452,5.8260270309454505
lodging,svr_linear,3.707176796,4.951240723887967
lodging,svr_linear,4.104879749,3.9888689340612546
lodging,svr_linear,5.307473856,4.560341726840265
lodging,svr_linear,4.838346722,3.7724793184993275
lodging,svr_linear,6.991458199,4.786837091544847
lodging,svr_linear,4.463347296,4.8216657237085645
lodging,svr_linear,4.298862098,3.730900249807099
lodging,svr_linear,6.975004619,4.345501290177873
lodging,svr_linear,5.241783201,5.1338858746858556
lodging,svr_linear,4.88884554,4.1527753042363145
lodging,svr_linear,5.622153822,5.964583771817981
lodging,svr_linear,6.112798407,5.761817926114101
lodging,svr_linear,5.784897284,4.2603234405547346
lodging,svr_linear,3.625195196,2.9345243302328257
lodging,svr_linear,2.394888765,4.11781766487579
lodging,svr_linear,3.660392061,3.5798719422424594
lodging,svr_linear,3.853187623,3.643489433249896
lodging,svr_linear,4.167079841,4.394939029885433
lodging,svr_linear,1.844759632,3.856836196699808
lodging,svr_linear,3.641194674,3.6590928455552616
lodging,svr_linear,2.896456547,3.7100109413462454
lodging,svr_linear,4.053443693,3.777836589796953
lodging,svr_linear,5.453390512,3.463231316320406
lodging,svr_linear,3.839919072,3.3526535489811042
lodging,svr_linear,5.075445612,3.5573277978927917
lodging,svr_linear,3.063298141,3.948172195717326
lodging,svr_linear,4.939951446,4.9960984585272605
lodging,svr_linear,1.892332919,3.5511874608458784
lodging,svr_linear,3.493881131,3.7305789150862303
lodging,svr_linear,5.191209619,3.9304029339797464
lodging,svr_linear,4.379345952,3.7390286493868334
lodging,svr_linear,3.971284143,3.526440375114428
lodging,svr_linear,4.296070344,4.783541494151808
lodging,svr_linear,2.213588334,2.05703860690336
lodging,svr_linear,1.477866342,2.5186809902459357
lodging,svr_linear,3.291478704,4.121124129839407
lodging,svr_linear,4.098301531,4.603151450790687
lodging,svr_linear,2.593418654,3.683370626191914
lodging,svr_linear,3.840692807,3.7377397793274043
lodging,svr_linear,2.559092228,5.175881039214306
lodging,svr_linear,2.228494701,3.7015220906860273
lodging,svr_linear,6.122793352,4.540694865166238
lodging,svr_linear,3.897611651,4.125757067059997
lodging,svr_linear,4.089283519,3.77119078915638
lodging,svr_linear,3.935390208,5.702062033827144
lodging,svr_linear,5.471261277,4.499437287404924
lodging,svr_linear,4.773921412,4.666225244762137
lodging,svr_linear,4.448736192,5.279186632270292
lodging,svr_linear,4.480610067,3.400548639893263
lodging,svr_linear,4.678029094,4.181547571560814
lodging,svr_linear,4.478901922,2.944244803597778
lodging,svr_linear,2.979226226,2.8447146202248836
lodging,svr_linear,3.145577394,3.4413992516009397
lodging,svr_linear,3.287340025,3.1615518805685343
lodging,svr_linear,2.896896744,3.60254737534586
lodging,svr_linear,4.654163806,4.374490651417275
lodging,svr_linear,2.13623792,4.523403065287546
lodging,svr_linear,2.522362427,2.954425878703815
lodging,svr_linear,4.550783543,4.228696578858095
lodging,svr_linear,3.508206028,3.9494824022776367
lodging,svr_linear,2.440079575,2.1774143454702504
lodging,svr_linear,2.770383488,3.025265802765811
lodging,svr_linear,6.145358316,4.385181803535151
lodging,svr_linear,5.021682448,4.367468449623818
lodging,svr_linear,5.658259837,4.579684153223161
lodging,svr_linear,5.185553415,6.5103083329300615
lodging,svr_linear,3.851277592,3.8820068002466286
lodging,svr_linear,3.425438489,4.316486707190545
lodging,svr_linear,4.301141772,4.064890618664712
lodging,svr_linear,5.2022527,3.6098895502688264
lodging,svr_linear,4.491685657,3.836091077416297
lodging,svr_linear,4.978795668,4.36656596452362
lodging,svr_linear,3.655321858,3.3945154994600677
lodging,svr_linear,4.201783085,3.3903739117344265
lodging,svr_linear,5.01590734,3.5219926679778517
lodging,svr_linear,4.085441218,3.9166173923452448
lodging,svr_linear,3.335592615,3.6247645848983225
lodging,svr_linear,4.677931074,3.982985083470271
lodging,svr_linear,4.005514319,3.8036100494815743
lodging,svr_linear,4.069880307,3.773162436461221
lodging,svr_linear,1.93872088,3.272644854234839
lodging,svr_linear,3.063977908,3.19771399262448
lodging,svr_linear,6.184711275,5.564267437025492
lodging,svr_linear,5.238867392,5.924174737602148
lodging,svr_linear,2.939160487,3.6863942427694796
lodging,svr_linear,1.975639885,2.313884960960079
lodging,svr_linear,4.465176718,3.32861349237422
lodging,svr_linear,1.649528363,2.493990126748829
lodging,svr_linear,6.533970428,4.978348139024389
lodging,svr_linear,1.626141594,2.8926043807687263
lodging,svr_linear,3.23236706,3.9716171721024556
lodging,svr_linear,3.635696551,4.128200384250404
lodging,svr_linear,7.046709444,5.398541111994506
lodging,svr_linear,3.2595745,3.7960832454366598
lodging,svr_linear,5.275306215,5.382224015990539
lodging,svr_linear,4.770455151,6.172857553401324
lodging,svr_linear,3.101062896,2.9960289753728824
lodging,svr_linear,5.448852153,3.429276152269752
lodging,svr_linear,2.268932395,3.337072745306325
lodging,svr_linear,3.292886999,3.924918554627201
lodging,svr_linear,2.589895923,2.9543614537699514
lodging,svr_linear,3.220548623,4.298850390468483
lodging,svr_linear,3.693989962,4.262527458082694
lodging,svr_linear,4.823767638,3.2525180076994378
lodging,svr_linear,7.120885983,5.448370981377057
lodging,svr_linear,2.21593201,2.885946183923629
lodging,svr_linear,4.15241155,3.719416259568124
lodging,svr_linear,2.228217887,2.912966795058734
lodging,svr_linear,2.517946235,3.472657813517137
lodging,svr_linear,3.353558237,4.028016560680973
lodging,svr_linear,4.067579367,3.7648773568282685
lodging,svr_linear,2.555535004,2.696544610540986
lodging,svr_linear,4.043781643,2.8131696554611096
lodging,svr_linear,2.841172485,3.534291129131701
lodging,svr_linear,1.714144661,3.5419033266192876
lodging,svr_linear,2.776561476,2.067314514485994
lodging,svr_linear,2.082461683,2.691874790061799
lodging,svr_linear,2.166396948,2.3839553126611284
lodging,svr_linear,1.951992416,2.3363278295066916
lodging,svr_linear,5.113659853,4.204262407827827
lodging,svr_linear,2.338540393,4.39639738285961
lodging,svr_linear,4.094321262,3.780570241779319
lodging,svr_linear,5.065734276,3.924084944061838
lodging,svr_linear,3.970811604,4.397558001946646
lodging,svr_linear,2.764819695,3.9988308112056634
lodging,svr_linear,3.25990035,3.6065243902982607
lodging,svr_linear,2.10433678,4.120472479216171
lodging,svr_linear,3.934116573,4.307813717601097
lodging,svr_linear,3.592001336,4.170612740687462
lodging,svr_linear,2.937346268,3.5080476757349364
lodging,svr_linear,4.100097883,3.981498741586646
lodging,svr_linear,3.179139799,3.755635560163111
lodging,svr_linear,4.922221525,3.8791074194015374
lodging,svr_linear,4.752816507,3.363114031434134
lodging,svr_linear,1.699062358,2.6795431922394086
lodging,svr_linear,3.710430428,3.714468005555225
lodging,svr_linear,5.206733713,4.787670355197388
lodging,svr_linear,4.740848426,5.139017713036077
lodging,svr_linear,4.575616763,4.899872432677107
lodging,svr_linear,4.658890847,3.8995419277866734
lodging,svr_linear,3.370972835,3.7633793892804133
lodging,svr_linear,1.655833443,4.229347813180137
lodging,svr_linear,4.071623016,3.654532816256829
lodging,svr_linear,2.850522506,2.6750941460271154
lodging,svr_linear,4.904154521,3.701019452256717
lodging,svr_linear,5.128696682,4.564877571207841
lodging,svr_linear,2.714575671,3.6869468808853036
lodging,svr_linear,6.619358192,6.131111434642654
lodging,svr_linear,6.682052132,6.1944155735623765
lodging,svr_linear,3.424358949,3.656566784263453
lodging,svr_linear,5.435596619,-1.5599222991301303
lodging,svr_linear,4.649489391,4.54326344957019
lodging,svr_linear,3.78364287,4.153299044914772
lodging,svr_linear,2.886957236,3.1231520087490408
lodging,svr_linear,3.013890058,3.688618012544429
lodging,svr_linear,3.998086448,3.0265286303045142
lodging,svr_linear,3.281364759,4.773492996104217
lodging,svr_linear,5.290636593,3.220349749674718
lodging,svr_linear,4.340169102,4.028353482686203
lodging,svr_linear,3.733036173,4.24870872608928
lodging,svr_linear,5.34012693,4.74876383916531
lodging,svr_linear,4.838967055,3.3683179875733584
lodging,svr_linear,4.433693233,4.361246044759266
lodging,svr_linear,2.50922651,2.8105855938952913
lodging,svr_linear,2.95930357,2.2427379474258977
lodging,svr_linear,4.029511883,3.312403082454884
lodging,svr_linear,2.908271205,4.533455581670241
lodging,svr_linear,5.270220734,3.926795075803069
lodging,svr_linear,3.674294241,3.9494169232048106
lodging,svr_linear,2.527545919,4.868406932606441
lodging,svr_linear,5.040342662,3.817280718707597
lodging,svr_linear,3.190825378,3.8502805549283634
lodging,svr_linear,4.964198949,4.737380946854168
lodging,svr_linear,6.010167046,4.224737141999072
lodging,svr_linear,5.488039634,4.293771402540311
lodging,svr_linear,4.81630653,4.056893564886014
lodging,svr_linear,2.824581554,3.193272418886269
lodging,svr_linear,4.604293052,3.6133825019340775
lodging,svr_linear,3.407849723,3.1441889903637468
lodging,svr_linear,3.832855444,4.194578734453611
lodging,svr_linear,3.775659337,3.0371694664373656
lodging,svr_linear,5.041832854,4.647567096557808
lodging,svr_linear,3.053894606,3.800530885829643
lodging,svr_linear,4.472557711,3.9370832871501453
lodging,svr_linear,5.367492761,5.809103074975072
lodging,svr_linear,5.377026626,5.455877928593182
lodging,svr_linear,4.973949939,5.375305682442321
lodging,svr_linear,3.391987873,5.193987915963131
lodging,svr_linear,4.386450984,4.933053977179708
lodging,svr_linear,4.59991347,5.836994878756124
lodging,svr_linear,5.646128936,4.400415977549727
lodging,svr_linear,4.745899951,4.644088020127529
lodging,svr_linear,4.699786608,4.782857918765283
lodging,svr_linear,4.512807754,5.037159514326452
lodging,svr_linear,3.279521909,4.1498223977251225
lodging,svr_linear,5.252116469,5.546706668209111
lodging,svr_linear,4.415609183,4.827468032219176
lodging,svr_linear,2.91278604,3.7885095357862957
lodging,svr_linear,4.632283408,4.465245800009212
lodging,svr_linear,4.568497404,4.728771109668584
lodging,svr_linear,4.305513966,4.828321365580338
lodging,svr_linear,4.990581624,3.6646854216430484
lodging,svr_linear,2.331689427,3.4944312582747408
lodging,svr_linear,4.507277735,3.9089020967031867
lodging,svr_linear,4.540685481,4.733062887491637
lodging,svr_linear,3.026729048,3.355044058669277
lodging,svr_linear,1.83496115,3.914667151956797
lodging,svr_linear,3.58208097,3.8470263357975782
lodging,svr_linear,2.273316558,2.7835751885207047
lodging,svr_linear,3.106137155,4.584592451225776
lodging,svr_linear,4.643834597,5.868708163092084
lodging,svr_linear,1.591202136,2.4466721683172477
lodging,svr_linear,5.317955963,4.3314791042065055
lodging,svr_linear,2.698977413,2.43621087170208
lodging,svr_linear,2.462774602,2.9035460490251466
lodging,svr_linear,5.111591289,3.650520753285853
lodging,svr_linear,2.046054587,2.936304103973695
lodging,svr_linear,6.30724436,4.616780634753393
lodging,svr_linear,5.671323962,4.682813449051084
lodging,svr_linear,5.437253231,4.294847864246304
lodging,svr_linear,3.453043868,3.2118722337291947
lodging,svr_linear,5.304788893,4.908329730273357
lodging,svr_linear,2.179415141,2.0353479098175074
lodging,svr_linear,5.375732395,3.9330868062428808
lodging,svr_linear,2.797350437,3.2331554974292733
lodging,svr_linear,5.044807382,4.42845659375004
lodging,svr_linear,3.876511978,5.22554966302371
lodging,svr_linear,5.02322295,4.637267860215979
lodging,svr_linear,4.940800869,4.688711216750674
lodging,svr_linear,4.777156571,3.9458753864148925
lodging,svr_linear,5.477913353,5.198597683707053
lodging,svr_linear,4.261307129,4.260795797153579
lodging,svr_linear,4.973536271,4.0949728883624035
lodging,svr_linear,3.114161643,3.866841583256205
plant_height,svr_linear,75.67769594,78.93719034680339
plant_height,svr_linear,84.55449674,80.45939388941675
plant_height,svr_linear,73.03060308,86.47550371134741
plant_height,svr_linear,83.591326,82.9572931076741
plant_height,svr_linear,84.01965112,83.25170110660804
plant_height,svr_linear,80.04021115,83.72293529461238
plant_height,svr_linear,81.69455686,80.78026737469919
plant_height,svr_linear,81.5700258,83.4043990694871
plant_height,svr_linear,77.22669886,78.03250408398114
plant_height,svr_linear,82.92253771,100.41122329703852
plant_height,svr_linear,80.77550615,85.28735067461068
plant_height,svr_linear,84.37134405,85.13548744917028
plant_height,svr_linear,84.27392326,79.75476244761005
plant_height,svr_linear,82.73914471,91.26395552192753
plant_height,svr_linear,81.77065709,84.04403454885362
plant_height,svr_linear,82.87641502,79.14245516205294
plant_height,svr_linear,83.7984174,83.05450353114314
plant_height,svr_linear,84.68236134,83.38668745570683
plant_height,svr_linear,86.95854211,83.85901800204373
plant_height,svr_linear,73.64524526,78.02059837017394
plant_height,svr_linear,83.18163398,84.47138878488252
plant_height,svr_linear,81.79162537,83.5532105898552
plant_height,svr_linear,84.19010671,83.88759218705299
plant_height,svr_linear,91.23067919,88.16310611060196
plant_height,svr_linear,79.58098299,84.68215921046543
plant_height,svr_linear,86.53196357,79.76659194436759
plant_height,svr_linear,87.60935176,89.51361842841163
plant_height,svr_linear,85.26875092,78.03444947722232
plant_height,svr_linear,84.79656269,84.23042933255046
plant_height,svr_linear,81.65845898,83.09768157356618
plant_height,svr_linear,79.19504919,83.18756666598138
plant_height,svr_linear,77.22195544,78.58982219495287
plant_height,svr_linear,78.80499912,77.85341246666076
plant_height,svr_linear,90.69975005,84.72197868328436
plant_height,svr_linear,78.58061471,82.822864479789
plant_height,svr_linear,78.4224302,82.64342559649484
plant_height,svr_linear,83.05011296,82.57104753157603
plant_height,svr_linear,80.60449466,82.35568301607503
plant_height,svr_linear,85.87863387,80.03944933421631
plant_height,svr_linear,82.10460558,81.53966866106856
plant_height,svr_linear,84.47748544,91.29429819959195
plant_height,svr_linear,80.99994393,83.98090697123268
plant_height,svr_linear,76.9130623,79.29951155502191
plant_height,svr_linear,84.99348103,78.13164613456709
plant_height,svr_linear,80.1499059,82.81393329352865
plant_height,svr_linear,79.43039047,83.35665691772908
plant_height,svr_linear,75.25906779,80.22516011567592
plant_height,svr_linear,81.7058996,79.63386587901522
plant_height,svr_linear,84.66399821,83.07303244530384
plant_height,svr_linear,72.08291102,87.28868049320505
plant_height,svr_linear,80.49454892,83.07465539755385
plant_height,svr_linear,78.0534873,83.2145661791456
plant_height,svr_linear,83.14791631,80.24674307267863
plant_height,svr_linear,80.71921434,83.14871525852828
plant_height,svr_linear,82.02358175,83.72054902595082
plant_height,svr_linear,80.71873988,84.88422446258913
plant_height,svr_linear,81.01173788,78.13398141454634
plant_height,svr_linear,82.57606969,83.76787291658506
plant_height,svr_linear,84.54075078,88.61366308098476
plant_height,svr_linear,80.25869303,79.64808678980069
plant_height,svr_linear,79.02601328,79.36123169080545
plant_height,svr_linear,73.52007095,78.67676723815612
plant_height,svr_linear,81.13481848,84.27543456603527
plant_height,svr_linear,89.05232152,87.93856770077498
plant_height,svr_linear,73.74680528,83.5421164714694
plant_height,svr_linear,76.46907607,79.38033254198923
plant_height,svr_linear,84.27503345,83.96232987766159
plant_height,svr_linear,85.42685187,83.12633291811737
plant_height,svr_linear,88.13248437,83.27709391647481
plant_height,svr_linear,75.6804869,82.51808545937698
plant_height,svr_linear,80.57622999,81.18435638311276
plant_height,svr_linear,88.48635068,87.19091158325588
plant_height,svr_linear,79.09958284,83.48718822747725
plant_height,svr_linear,73.75944618,85.23212112940855
plant_height,svr_linear,78.63114062,79.79780064925423
plant_height,svr_linear,79.27130673,80.11217886254813
plant_height,svr_linear,80.26252419,85.1061178089847
plant_height,svr_linear,78.81578703,88.83502080681544
plant_height,svr_linear,79.29505914,82.82667819620247
plant_height,svr_linear,77.28224185,83.42897583091195
plant_height,svr_linear,86.97534513,83.31162776355414
plant_height,svr_linear,75.45900069,82.73229131096174
plant_height,svr_linear,76.79553268,86.66003884141627
plant_height,svr_linear,80.8613035,82.98578246343382
plant_height,svr_linear,79.13978463,79.2622028207505
plant_height,svr_linear,82.51456253,84.78113734068326
plant_height,svr_linear,75.31281983,78.50505386688994
plant_height,svr_linear,82.02537275,90.03727611685638
plant_height,svr_linear,82.76665597,84.51685676635395
plant_height,svr_linear,80.29783312,80.32165506216566
plant_height,svr_linear,80.48778323,85.73382244667529
plant_height,svr_linear,84.46987751,84.2544541902865
plant_height,svr_linear,80.59116622,81.32320117536679
plant_height,svr_linear,78.49164353,86.14917020232373
plant_height,svr_linear,84.0483785,85.08903803024165
plant_height,svr_linear,83.2423667,83.01718931189365
plant_height,svr_linear,85.2154447,84.29650775464373
plant_height,svr_linear,79.46970653,83.09095396386378
plant_height,svr_linear,81.25849712,77.81220205587574
plant_height,svr_linear,88.49311104,85.79103822423455
plant_height,svr_linear,84.24077708,83.07395903807694
plant_height,svr_linear,76.46679904,84.36931206812928
plant_height,svr_linear,79.80926236,82.94647535065056
plant_height,svr_linear,86.17282795,81.93831261068374
plant_height,svr_linear,73.67137912,85.3235163626
plant_height,svr_linear,85.95560233,83.08081727969184
plant_height,svr_linear,87.69108092,83.99876647841833
plant_height,svr_linear,76.92458344,83.91338004404643
plant_height,svr_linear,79.91594751,77.75327360651674
plant_height,svr_linear,79.78638915,79.01876764401679
plant_height,svr_linear,80.5121691,82.94210101707901
plant_height,svr_linear,84.34711009,77.9603824658188
plant_height,svr_linear,85.18601784,83.64046138852596
plant_height,svr_linear,80.19722132,78.88977696176761
plant_height,svr_linear,85.48879873,78.21208653053344
plant_height,svr_linear,80.56804861,82.6922508500229
plant_height,svr_linear,86.38292335,83.53586372065462
plant_height,svr_linear,80.54354941,83.79213625326616
plant_height,svr_linear,82.31942524,90.69648703387094
plant_height,svr_linear,76.66361372,82.40334745038925
plant_height,svr_linear,84.10942349,85.66093582909566
plant_height,svr_linear,82.40398891,82.57913261481761
plant_height,svr_linear,77.45356743,78.13031488752696
plant_height,svr_linear,79.20619546,82.95188761266522
plant_height,svr_linear,82.62154378,86.30135087621137
plant_height,svr_linear,90.64790242,84.72246341019627
plant_height,svr_linear,81.66368003,82.95183936789697
plant_height,svr_linear,82.4413102,85.03123141436564
plant_height,svr_linear,104.791498,107.50333314143099
plant_height,svr_linear,99.20515494,97.13674315197875
plant_height,svr_linear,98.78307495,101.17798521944721
plant_height,svr_linear,103.3252682,106.05001748011901
plant_height,svr_linear,103.9044492,108.76822930734672
plant_height,svr_linear,116.3946672,106.72137706440752
plant_height,svr_linear,112.5064244,110.87919873498358
plant_height,svr_linear,102.1124159,99.12635225030877
plant_height,svr_linear,102.1741851,106.40064500705519
plant_height,svr_linear,94.03272203,98.24554444939437
plant_height,svr_linear,104.246231,106.46740679994758
plant_height,svr_linear,106.7733509,106.1634178638141
plant_height,svr_linear,94.32760749,97.47194472107387
plant_height,svr_linear,104.7526378,109.96862550639922
plant_height,svr_linear,102.0692666,114.54804988142023
plant_height,svr_linear,105.0106756,109.47135907282637
plant_height,svr_linear,110.0003506,105.59310578458764
plant_height,svr_linear,96.99404335,99.12406626848598
plant_height,svr_linear,96.09480052,103.77607531914836
plant_height,svr_linear,99.5696815,105.25657938793452
plant_height,svr_linear,101.7519867,100.00286513819518
plant_height,svr_linear,109.024991,96.3942850159526
plant_height,svr_linear,103.980509,106.36857681999304
plant_height,svr_linear,104.6206106,102.09818158924851
plant_height,svr_linear,94.24850069,98.39257967047644
plant_height,svr_linear,104.4195437,95.80026144705172
plant_height,svr_linear,104.0304646,105.40895584790688
plant_height,svr_linear,97.59420792,95.94513251800234
plant_height,svr_linear,96.81429649,98.05077109009517
plant_height,svr_linear,99.11287444,97.96604658662659
plant_height,svr_linear,96.32051368,100.2288014181633
plant_height,svr_linear,108.3237741,113.96185535650389
plant_height,svr_linear,96.61128006,98.23450070120981
plant_height,svr_linear,94.70584238,106.62923324558795
plant_height,svr_linear,104.2868666,108.65998606796747
plant_height,svr_linear,103.8891834,102.3128437743744
plant_height,svr_linear,96.55054534,98.6294405429299
plant_height,svr_linear,108.4903826,104.59673304517452
plant_height,svr_linear,101.4465517,96.08167629473046
plant_height,svr_linear,98.30788836,98.4380902884449
plant_height,svr_linear,105.2792598,102.41247824176017
plant_height,svr_linear,90.83806671,81.12119677281721
plant_height,svr_linear,103.5988195,97.22542900617366
plant_height,svr_linear,110.3599232,107.67598523405114
plant_height,svr_linear,109.3947486,106.10544295523371
plant_height,svr_linear,96.90966801,97.58079591313698
plant_height,svr_linear,103.6874679,95.61344838087804
plant_height,svr_linear,106.7925269,104.6245853202313
plant_height,svr_linear,98.05793894,105.15889214268678
plant_height,svr_linear,99.5416485,105.18824356912978
plant_height,svr_linear,100.0177059,106.10901614630737
plant_height,svr_linear,97.23551854,103.1319777599014
plant_height,svr_linear,92.75667519,96.48731663889806
plant_height,svr_linear,98.8143873,106.22387153874759
plant_height,svr_linear,96.53566874,100.6388727460714
plant_height,svr_linear,101.970682,108.7035756336847
plant_height,svr_linear,109.7277137,93.46261482196462
plant_height,svr_linear,106.4612861,106.26579288302052
plant_height,svr_linear,104.146509,99.36107948111646
plant_height,svr_linear,97.19875513,98.65835485118366
plant_height,svr_linear,114.170941,107.7618699280532
plant_height,svr_linear,103.8896708,107.67501883166872
plant_height,svr_linear,100.5953734,107.76149666437611
plant_height,svr_linear,106.7774917,99.5946654403946
plant_height,svr_linear,91.14937633,95.84840460437977
plant_height,svr_linear,104.4515707,108.27113062799631
plant_height,svr_linear,101.752935,97.29223846093569
plant_height,svr_linear,100.8114874,98.93711079206182
plant_height,svr_linear,116.8216544,106.00300736308952
plant_height,svr_linear,105.3134495,105.1610526293282
plant_height,svr_linear,109.4322557,107.02062170795448
plant_height,svr_linear,100.299066,96.92163216999043
plant_height,svr_linear,98.60864638,101.58832713454501
plant_height,svr_linear,100.928808,106.78541583480009
plant_height,svr_linear,108.3167101,107.22764855969362
plant_height,svr_linear,102.8735597,102.88606284243569
plant_height,svr_linear,103.1319352,107.08322126775364
plant_height,svr_linear,111.5330853,108.09760956987569
plant_height,svr_linear,97.75735645,97.74049714106037
plant_height,svr_linear,110.0622273,108.47309268537188
plant_height,svr_linear,112.7413188,108.89582570375254
plant_height,svr_linear,110.9119601,108.04598766588475
plant_height,svr_linear,95.20452448,108.78573666451675
plant_height,svr_linear,104.330075,108.15467934858086
plant_height,svr_linear,105.5206968,109.04797374044897
plant_height,svr_linear,108.7834547,105.49193041892161
plant_height,svr_linear,109.3727733,108.42537481701865
plant_height,svr_linear,105.9322173,101.08584995259156
plant_height,svr_linear,108.9360538,108.99842104296411
plant_height,svr_linear,103.7742883,98.06643131993765
plant_height,svr_linear,98.74725919,99.11401089265328
plant_height,svr_linear,104.7375295,111.89678099200364
plant_height,svr_linear,103.6692247,96.09699768153958
plant_height,svr_linear,110.5487373,109.51279070406204
plant_height,svr_linear,105.1393866,107.17153319310708
plant_height,svr_linear,106.667641,107.19636756448573
plant_height,svr_linear,106.501074,111.60597578289463
plant_height,svr_linear,104.9363333,112.88585869956071
plant_height,svr_linear,100.1005164,98.83229037064135
plant_height,svr_linear,101.235131,97.305002472481
plant_height,svr_linear,107.4743003,100.58984073412567
plant_height,svr_linear,110.2426237,107.31739807106058
plant_height,svr_linear,108.9027117,108.72018999327778
plant_height,svr_linear,120.4452243,107.6075920118033
plant_height,svr_linear,107.6675622,108.22440011615993
plant_height,svr_linear,113.7609905,108.06960119293367
plant_height,svr_linear,111.1100484,107.21395720558027
plant_height,svr_linear,108.5208902,109.76178369163728
plant_height,svr_linear,104.0465541,97.21821656805896
plant_height,svr_linear,95.90703063,100.20869424574886
plant_height,svr_linear,94.39482296,98.28172196022851
plant_height,svr_linear,80.77938497,84.48473686152788
plant_height,svr_linear,106.0164131,110.21494386206274
plant_height,svr_linear,97.57521687,99.19908238590881
plant_height,svr_linear,101.1178121,111.8441247618018
plant_height,svr_linear,105.8691642,106.82842922351954
plant_height,svr_linear,95.1190889,96.70076342594673
plant_height,svr_linear,102.9203889,107.50295559384654
plant_height,svr_linear,108.0935143,104.27411386415451
plant_height,svr_linear,103.1544626,99.40376406009372
plant_height,svr_linear,116.8681285,105.86832746226499
plant_height,svr_linear,108.4804085,101.40741601503056
plant_height,svr_linear,110.8602885,96.48758113958657
plant_height,svr_linear,85.68837231,84.20130018370357
plant_height,svr_linear,100.1621169,98.16433758253751
plant_height,svr_linear,98.03175529,104.30771804028966
plant_height,svr_linear,111.7053923,108.4990693872391
plant_height,svr_linear,106.5930212,108.45517319774153
plant_height,svr_linear,99.21238619,99.02822024620599
plant_height,svr_linear,102.7849337,100.0524595097457
plant_height,svr_linear,109.5134214,109.65733365870805
plant_height,svr_linear,89.78788889,98.96525582054824
plant_height,svr_linear,99.12037382,99.38781559932242
plant_height,svr_linear,100.2821818,103.0689302223798
plant_height,svr_linear,94.03898944,96.79329957716917
plant_height,svr_linear,109.1602251,106.95220448585356
plant_height,svr_linear,73.73313728,79.48139882858644
plant_height,svr_linear,113.298086,105.81377069784908
plant_height,svr_linear,112.889645,108.10645742867193
plant_height,svr_linear,101.4950246,96.3074223154027
plant_height,svr_linear,105.1080631,106.81055699136863
plant_height,svr_linear,104.6973589,108.07252357333986
plant_height,svr_linear,96.27874363,97.55584698657003
plant_height,svr_linear,111.0084496,104.37487866191863
plant_height,svr_linear,107.0314671,107.65401257670067
plant_height,svr_linear,98.16360098,99.94707681738292
plant_height,svr_linear,118.9339867,105.54535259140303
plant_height,svr_linear,111.3384583,106.54605701498154
plant_height,svr_linear,105.7811473,107.33504457079246
plant_height,svr_linear,100.3572381,93.08214846221993
plant_height,svr_linear,99.38865715,99.06705948169699
plant_height,svr_linear,103.8241276,108.75461892093242
plant_height,svr_linear,99.66216213,99.91958600125348
plant_height,svr_linear,98.92377445,97.06719413409175
plant_height,svr_linear,109.4109648,107.60711868811754
plant_height,svr_linear,102.8439996,105.22752610857455
plant_height,svr_linear,109.1208799,108.07544737920131
plant_height,svr_linear,94.9364603,98.65354567930065
plant_height,svr_linear,93.92980373,106.5668204271696
plant_height,svr_linear,108.5189343,108.0841251423552
plant_height,svr_linear,96.66033913,98.06570460843258
plant_height,svr_linear,100.0459788,98.87281379064625
plant_height,svr_linear,101.7688817,97.65501107994564
plant_height,svr_linear,105.801013,105.15069149939453
plant_height,svr_linear,98.04811998,105.57193177385305
plant_height,svr_linear,105.5450639,105.58531937123627
plant_height,svr_linear,104.3853684,100.2496522632502
plant_height,svr_linear,99.00841826,100.11666717802602
plant_height,svr_linear,102.0987762,101.61146569850123
plant_height,svr_linear,107.6273416,104.85397037650814
plant_height,svr_linear,83.86573033,87.50456272249741
plant_height,svr_linear,82.36976729,87.67537176738972
plant_height,svr_linear,83.00407693,80.06105608393574
plant_height,svr_linear,79.61730782,85.74056760476964
plant_height,svr_linear,83.07234736,83.58981709041922
plant_height,svr_linear,99.9663455,108.88730840449489
plant_height,svr_linear,110.325811,106.2074825304741
plant_height,svr_linear,85.62237777,97.39026312836393
plant_height,svr_linear,74.22363819,78.40329620409454
plant_height,svr_linear,89.78247485,99.46419177713035
plant_height,svr_linear,88.15031468,87.22145729759086
plant_height,svr_linear,107.8062342,105.11420416545984
plant_height,svr_linear,93.69927225,91.2794726576657
plant_height,svr_linear,72.03673557,76.42873092235992
plant_height,svr_linear,92.68431785,91.77238943428345
plant_height,svr_linear,81.77488455,92.0798476735757
plant_height,svr_linear,84.4806443,94.01682005406636
plant_height,svr_linear,95.21317445,99.51653200621708
plant_height,svr_linear,93.26990043,93.42306532062764
plant_height,svr_linear,102.0967015,96.01204092041313
plant_height,svr_linear,92.46136525,79.84478319007727
plant_height,svr_linear,82.74160158,89.30023685053064
plant_height,svr_linear,92.84373657,95.16959614032582
plant_height,svr_linear,109.0753435,106.77990205273579
plant_height,svr_linear,108.1507133,95.62596092823576
plant_height,svr_linear,110.0759924,108.45444291346023
plant_height,svr_linear,98.06478855,102.08532239734653
plant_height,svr_linear,107.1791835,104.80638131012452
plant_height,svr_linear,89.93535703,98.00529864770314
plant_height,svr_linear,96.27733681,93.41263235154955
plant_height,svr_linear,92.58562559,98.23827137030179
plant_height,svr_linear,103.6429528,106.84851665272302
plant_height,svr_linear,101.931634,112.02257579867745
plant_height,svr_linear,79.45165828,103.98748001233741
plant_height,svr_linear,89.33985941,91.56313303507375
plant_height,svr_linear,91.21761717,109.38346654618157
plant_height,svr_linear,87.92114871,101.84696232515034
plant_height,svr_linear,88.68702545,92.63125560548086
plant_height,svr_linear,92.18943817,89.6441389307845
plant_height,svr_linear,81.57909749,113.97373941411394
plant_height,svr_linear,91.20890632,110.49167316539283
plant_height,svr_linear,99.73852339,108.89541824325738
plant_height,svr_linear,81.05885781,97.49567859282078
plant_height,svr_linear,84.98866213,88.66472315089081
plant_height,svr_linear,97.79142946,89.36584965236248
plant_height,svr_linear,71.40652934,79.68591800468393
plant_height,svr_linear,93.18502842,89.65797629760301
plant_height,svr_linear,102.7504563,102.30500005439177
plant_height,svr_linear,96.67936805,99.21270396740763
plant_height,svr_linear,99.92336829,105.29948572210093
plant_height,svr_linear,91.56739166,87.07147211210808
plant_height,svr_linear,93.83657478,84.53101929364013
plant_height,svr_linear,83.5764621,94.4277606880718
plant_height,svr_linear,90.61648175,98.3645068991179
plant_height,svr_linear,91.14447172,97.34073965204549
plant_height,svr_linear,89.59623822,87.13388767040043
plant_height,svr_linear,88.74276627,90.77049994023128
plant_height,svr_linear,93.21460078,107.87461639459897
plant_height,svr_linear,95.80578738,107.19592251236126
plant_height,svr_linear,96.08150115,108.69689788216985
plant_height,svr_linear,90.83744163,103.13465966903458
plant_height,svr_linear,95.63735365,95.93217450104751
plant_height,svr_linear,98.08150426,110.41839620552746
plant_height,svr_linear,81.61785554,89.9682146001092
plant_height,svr_linear,66.3101114,103.65607810364087
plant_height,svr_linear,102.6807941,110.4293539491982
plant_height,svr_linear,94.26519986,103.47559220495282
plant_height,svr_linear,73.16132585,88.6808793749968
plant_height,svr_linear,97.20543927,95.64514931230943
plant_height,svr_linear,88.86433788,88.15696592605774
plant_height,svr_linear,96.2041398,96.68802546768234
plant_height,svr_linear,93.54042754,93.77312358036573
plant_height,svr_linear,94.11657605,105.65732253765616
plant_height,svr_linear,88.50475551,98.21795690270139
plant_height,svr_linear,88.35105943,94.98072925062331
plant_height,svr_linear,93.12664668,110.12581258535818
plant_height,svr_linear,85.85433889,101.94655036852087
plant_height,svr_linear,108.1045859,110.64512008370876
plant_height,svr_linear,86.15823439,89.63290974673696
plant_height,svr_linear,85.77189621,87.16197288774279
plant_height,svr_linear,74.2605139,88.32926799716851
plant_height,svr_linear,88.27665912,86.54671466983022
plant_height,svr_linear,84.19708766,82.68206184494636
plant_height,svr_linear,86.61799263,84.34394901628737
plant_height,svr_linear,89.61881575,95.11076678452655
plant_height,svr_linear,99.8265961,89.99635744438925
plant_height,svr_linear,82.16621302,92.08825502718379
plant_height,svr_linear,91.82146772,88.87176100358778
plant_height,svr_linear,88.02095063,108.70650503540745
plant_height,svr_linear,102.2708998,92.01344509274908
plant_height,svr_linear,116.6076322,104.72273835491022
plant_height,svr_linear,111.6093318,109.79458826839137
plant_height,svr_linear,80.96116487,90.55886492353127
plant_height,svr_linear,94.95110589,88.6586203174396
plant_height,svr_linear,83.28304574,92.69017318353133
plant_height,svr_linear,89.89586377,101.88210184040264
plant_height,svr_linear,93.68048662,98.11555031519288
plant_height,svr_linear,104.7569813,110.9641932397848
plant_height,svr_linear,93.07734934,94.86875139350528
plant_height,svr_linear,91.0950076,94.45100222430464
plant_height,svr_linear,90.12732613,88.20463083678617
plant_height,svr_linear,98.22980571,94.41001721267976
plant_height,svr_linear,97.78471971,93.80503125036819
plant_height,svr_linear,107.5955002,103.02538190072502
plant_height,svr_linear,108.0754297,98.65172427445167
plant_height,svr_linear,104.4255443,98.62713863879655
plant_height,svr_linear,90.51806291,97.66208114450559
plant_height,svr_linear,83.65178452,93.52928957374415
plant_height,svr_linear,87.05285265,87.89498245141111
plant_height,svr_linear,104.3698783,100.49392253448994
plant_height,svr_linear,85.45195539,89.31826141026431
plant_height,svr_linear,96.96682828,107.62897801690806
plant_height,svr_linear,97.34539586,106.34891961219505
plant_height,svr_linear,83.58577129,80.51410284612713
plant_height,svr_linear,98.54539476,96.68744773945501
plant_height,svr_linear,79.51210903,103.52923481755467
plant_height,svr_linear,105.7817781,104.14707930240336
plant_height,svr_linear,90.26525573,90.5612269422818
plant_height,svr_linear,92.99528625,98.57185643059843
plant_height,svr_linear,109.6810866,110.95338626440957
plant_height,svr_linear,90.03838849,83.41633732568681
plant_height,svr_linear,89.87602392,99.35524290563917
plant_height,svr_linear,105.1500541,99.31662148073414
plant_height,svr_linear,108.8844434,95.27714093120379
plant_height,svr_linear,90.3855594,95.48146224686933
plant_height,svr_linear,93.93749025,94.97977116655815
plant_height,svr_linear,100.975592,102.16890244096729
plant_height,svr_linear,110.2157095,109.23388187539933
plant_height,svr_linear,99.62432681,99.0790672594272
plant_height,svr_linear,104.3883324,102.61817405065293
plant_height,svr_linear,92.83016437,94.37670638089745
plant_height,svr_linear,92.9545496,99.4782239261046
plant_height,svr_linear,79.76125308,93.77434999332421
plant_height,svr_linear,92.90133233,96.37405073791375
plant_height,svr_linear,88.44499286,90.67120493281885
plant_height,svr_linear,79.50375766,84.63837629150134
plant_height,svr_linear,82.95021912,85.87017039980395
plant_height,svr_linear,107.0200314,103.30746261221964
plant_height,svr_linear,104.3274562,104.14955030826927
plant_height,svr_linear,103.5610738,104.36325417313655
plant_height,svr_linear,90.55282543,103.31051607708119
plant_height,svr_linear,97.45717879,119.67777291560876
plant_height,svr_linear,95.01354398,96.88630845354986
plant_height,svr_linear,99.33351585,108.43700877082641
plant_height,svr_linear,107.9939957,107.36333394189174
plant_height,svr_linear,107.6610272,104.26775332155657
plant_height,svr_linear,99.70262913,99.06411860910124
plant_height,svr_linear,90.14015096,97.01026438303492
plant_height,svr_linear,92.35472025,94.88858790812324
plant_height,svr_linear,90.53223812,93.21534109586929
plant_height,svr_linear,92.25907558,96.83589657019394
plant_height,svr_linear,89.99475165,88.72516204901827
plant_height,svr_linear,101.2149781,103.25911406110399
plant_height,svr_linear,88.41866461,87.61615231233512
plant_height,svr_linear,101.4455263,84.98944742788197
plant_height,svr_linear,103.2295644,107.86026832868565
plant_height,svr_linear,82.49330603,91.23013277911639
plant_height,svr_linear,86.98784999,88.41649088305769
plant_height,svr_linear,97.91399361,111.31484428070053
plant_height,svr_linear,90.85053973,103.7032908866494
plant_height,svr_linear,97.86645237,102.59821742631713
plant_height,svr_linear,92.06027526,93.02931807000276
plant_height,svr_linear,86.87349,101.20790127288473
plant_height,svr_linear,80.01782359,87.22346716498305
plant_height,svr_linear,94.78277458,104.25397173768755
plant_height,svr_linear,91.63196399,87.1383479866566
plant_height,svr_linear,98.27207117,92.4184082682995
plant_height,svr_linear,93.9112139,96.19766240698198
plant_height,svr_linear,101.8603085,111.18146993535605
plant_height,svr_linear,100.3548018,104.42484266135554
plant_height,svr_linear,102.3658083,98.5904614148846
plant_height,svr_linear,105.7532843,98.74993005783035
plant_height,svr_linear,80.9252771,75.70449944276588
plant_height,svr_linear,83.24132617,98.3967409333982
plant_height,svr_linear,99.30898653,103.70119967852979
plant_height,svr_linear,106.986275,107.48330077149197
plant_height,svr_linear,99.85758039,122.05478678199246
plant_height,svr_linear,94.11243585,108.0940309109414
plant_height,svr_linear,86.16494672,85.29000928754695
plant_height,svr_linear,94.5381267,117.98705284638959
plant_height,svr_linear,90.87429799,96.41304494724243
plant_height,svr_linear,94.17872961,108.01387406288767
plant_height,svr_linear,97.49081831,108.82365664392616
plant_height,svr_linear,87.52455273,104.69435659719706
plant_height,svr_linear,101.5743995,108.12665744286463
plant_height,svr_linear,81.07266711,121.19149745200158
plant_height,svr_linear,94.88799048,98.95994676406329
plant_height,svr_linear,95.3048723,90.8136476366704
plant_height,svr_linear,102.2000116,103.30109960898943
plant_height,svr_linear,80.28901523,90.48203107674185
plant_height,svr_linear,92.65211123,96.67243152869179
plant_height,svr_linear,100.6380351,99.88076071723799
plant_height,svr_linear,93.09491006,103.25008951207195
plant_height,svr_linear,101.2780417,110.34679291847365
plant_height,svr_linear,72.93520903,96.92899354282626
plant_height,svr_linear,87.40570658,86.30934825994647
plant_height,svr_linear,91.63098253,93.04832098295856
plant_height,svr_linear,112.8696856,106.99867051800575
plant_height,svr_linear,101.5124057,110.17341542660215
plant_height,svr_linear,102.8302531,94.9383285526311
plant_height,svr_linear,90.40487933,93.89445216390962
plant_height,svr_linear,82.66104785,83.58092897532285
plant_height,svr_linear,80.8029244,84.6110511131646
plant_height,svr_linear,112.4304997,103.75982200680997
plant_height,svr_linear,100.8328358,97.81389057562387
plant_height,svr_linear,102.4329582,101.01486469914207
plant_height,svr_linear,108.3203668,98.94838062881048
plant_height,svr_linear,78.36013371,88.2571656224869
plant_height,svr_linear,106.2872517,97.47364857598042
plant_height,svr_linear,110.8625699,103.76197580570678
plant_height,svr_linear,107.2225892,101.0537087772032
plant_height,svr_linear,86.80831265,112.1897062786735
plant_height,svr_linear,87.19512563,88.67058365435281
plant_height,svr_linear,91.48452389,95.42155795397477
plant_height,svr_linear,91.66918297,106.46479509102178
plant_height,svr_linear,101.2045466,94.38148755573917
plant_height,svr_linear,83.7734547,91.2808965567834
plant_height,svr_linear,82.11459949,95.52833369408944
plant_height,svr_linear,101.8103868,111.06539308208622
plant_height,svr_linear,82.13611393,101.91798163735098
plant_height,svr_linear,98.20337607,90.91985377464422
plant_height,svr_linear,96.89248171,102.16479603952538
plant_height,svr_linear,109.6950841,107.75720097212148
plant_height,svr_linear,86.51905437,89.83182731972279
plant_height,svr_linear,84.44738245,101.70282108527908
plant_height,svr_linear,94.59613288,91.48055996194753
plant_height,svr_linear,104.6365623,107.94265648934784
plant_height,svr_linear,98.53764568,92.4208753896675
plant_height,svr_linear,102.287211,93.06789637880689
plant_height,svr_linear,85.88911154,95.73132797479438
plant_height,svr_linear,110.5770655,100.3992180631839
plant_height,svr_linear,85.00402025,88.99163410886682
plant_height,svr_linear,94.12568464,97.61969024696471
plant_height,svr_linear,85.6865942,89.84711023623488
plant_height,svr_linear,101.2763783,99.48136577723967
plant_height,svr_linear,100.9214867,98.14514426088581
plant_height,svr_linear,98.96481792,94.91578678955574
plant_height,svr_linear,76.44910994,84.55884464423818
plant_height,svr_linear,96.74038545,103.70712176247636
plant_height,svr_linear,91.76990655,97.53825373056739
plant_height,svr_linear,96.15003032,88.76164952333912
plant_height,svr_linear,106.7884072,91.58746615368722
plant_height,svr_linear,86.9773999,100.59697752000652
plant_height,svr_linear,88.44902954,83.86128499491628
plant_height,svr_linear,94.71098097,96.34964115547653
plant_height,svr_linear,90.57164215,101.86062431031918
plant_height,svr_linear,110.7999823,105.74054306347476
plant_height,svr_linear,85.77532328,100.53426724019333
plant_height,svr_linear,95.00876793,93.31633082583632
plant_height,svr_linear,103.6494551,109.10973272109713
plant_height,svr_linear,93.95843198,95.62331176447876
plant_height,svr_linear,89.80174646,86.53864696400878
plant_height,svr_linear,79.05109541,83.91996748432723
plant_height,svr_linear,81.70231687,89.61543451302505
plant_height,svr_linear,85.62724103,91.797515243526
plant_height,svr_linear,75.96277283,90.21307723368301
plant_height,svr_linear,93.68379802,86.93084103343358
plant_height,svr_linear,90.84451163,99.94511990896463
plant_height,svr_linear,78.45068352,91.97144321033224
plant_height,svr_linear,115.9595296,118.46078386393864
plant_height,svr_linear,112.8265909,90.83344936377799
plant_height,svr_linear,95.09269706,101.9862596755042
plant_height,svr_linear,91.51174405,99.32275036877175
plant_height,svr_linear,76.46784831,82.82254254250995
plant_height,svr_linear,108.9166387,108.0260659654256
plant_height,svr_linear,92.39500219,94.13776353416453
plant_height,svr_linear,103.0688764,96.88044823099591
plant_height,svr_linear,89.37668701,117.18857244520598
plant_height,svr_linear,95.98489621,101.19023702498075
plant_height,svr_linear,106.4278214,102.93933512818707
plant_height,svr_linear,87.98510007,115.74535567686507
plant_height,svr_linear,90.01750134,64.56341121303674
plant_height,svr_linear,105.9284186,103.20787571484884
plant_height,svr_linear,83.63759729,79.10986322817614
plant_height,svr_linear,98.5510901,107.77181445357513
plant_height,svr_linear,99.15920035,93.47309302664982
plant_height,svr_linear,82.97079929,93.34283894209668
plant_height,svr_linear,108.1953586,103.17636060527099
plant_height,svr_linear,95.11626001,93.57452708084442
plant_height,svr_linear,102.2555453,110.09193081947551
plant_height,svr_linear,81.55850266,95.47974994766143
plant_height,svr_linear,105.6584417,98.72988558124743
plant_height,svr_linear,111.7417001,102.23815217230545
plant_height,svr_linear,106.8264418,117.86980759509935
plant_height,svr_linear,110.7216595,105.20678353046455
plant_height,svr_linear,94.64988014,112.87346873597838
plant_height,svr_linear,90.25444912,94.61555164993928
plant_height,svr_linear,101.9885565,100.90000995406866
plant_height,svr_linear,93.02744592,98.46937370921333
plant_height,svr_linear,109.8373751,101.68376423135517
plant_height,svr_linear,91.32702914,106.748738187931
plant_height,svr_linear,100.8570212,107.0927848364246
plant_height,svr_linear,92.83593233,97.64053653735056
plant_height,svr_linear,73.93123592,95.11215698231567
plant_height,svr_linear,76.56268311,86.97508718620904
plant_height,svr_linear,105.9722022,97.4118039112882
plant_height,svr_linear,75.78023632,90.05070904371951
plant_height,svr_linear,99.58922651,93.91370787432086
plant_height,svr_linear,78.39382498,93.33275287343703
plant_height,svr_linear,81.27816945,81.59663027354692
plant_height,svr_linear,89.98158156,95.76875739276076
plant_height,svr_linear,116.3783949,104.60042578543838
plant_height,svr_linear,97.19902174,99.672547469245
plant_height,svr_linear,101.925029,96.53829600916622
plant_height,svr_linear,82.64115506,93.97380562240892
plant_height,svr_linear,98.13064022,100.40737146759295
plant_height,svr_linear,109.2997446,94.79456579096782
plant_height,svr_linear,106.1721755,101.55310401176813
plant_height,svr_linear,95.26236224,105.65335067450403
plant_height,svr_linear,86.77441825,85.28775086440965
plant_height,svr_linear,104.5038944,114.84981569308306
plant_height,svr_linear,107.7563274,106.77849346371569
plant_height,svr_linear,110.0923634,103.58873923105106
plant_height,svr_linear,99.39564722,94.70509680970025
plant_height,svr_linear,94.01223372,92.27019852167288
plant_height,svr_linear,90.41461351,89.80334794644864
plant_height,svr_linear,99.29713955,101.18695653839312
plant_height,svr_linear,98.4596998,102.9408131124688
plant_height,svr_linear,90.59218977,98.0613935523575
plant_height,svr_linear,94.25892661,96.84676100021574
plant_height,svr_linear,97.09351122,93.69858979161539
plant_height,svr_linear,96.82532137,100.00940402424901
plant_height,svr_linear,107.4388482,104.81064168917851
plant_height,svr_linear,96.60746906,94.22409470671477
plant_height,svr_linear,103.5389344,107.2428554039036
plant_height,svr_linear,114.3082585,113.49560035955247
plant_height,svr_linear,92.84728508,99.18855221044035
plant_height,svr_linear,103.7590678,102.2095426482048
plant_height,svr_linear,91.50745685,90.50644537239998
plant_height,svr_linear,86.52266266,95.89219343648345
plant_height,svr_linear,96.93154962,95.8538021473045
plant_height,svr_linear,97.57174041,97.61808169273998
plant_height,svr_linear,106.3146747,95.15447854714076
plant_height,svr_linear,96.2139742,89.08329567489331
plant_height,svr_linear,104.9498695,105.98937555518818
plant_height,svr_linear,100.621356,102.30414112056833
plant_height,svr_linear,86.41832977,86.07095643237548
plant_height,svr_linear,94.00058218,100.56088370647264
plant_height,svr_linear,104.298222,116.64716822440222
plant_height,svr_linear,106.4852336,105.26006421713578
plant_height,svr_linear,117.2249163,109.75382708644372
plant_height,svr_linear,100.5336269,87.95996841462978
plant_height,svr_linear,88.28695041,80.2394505679348
plant_height,svr_linear,90.71549651,93.111503317045
plant_height,svr_linear,97.52299,108.67519834664867
plant_height,svr_linear,110.6560574,101.70547897181356
plant_height,svr_linear,99.14900562,93.15427850754914
plant_height,svr_linear,96.43698067,101.45829902843711
plant_height,svr_linear,93.6597647,102.16158591838244
plant_height,svr_linear,118.5807341,110.98273242751955
plant_height,svr_linear,116.2383174,102.3714602308533
plant_height,svr_linear,99.83281363,99.84751188674548
plant_height,svr_linear,92.42178259,93.8773355562241
plant_height,svr_linear,113.6730373,95.29301442908606
plant_height,svr_linear,99.50510007,104.40018129204013
plant_height,svr_linear,93.90072001,102.56925915888235
plant_height,svr_linear,94.73467444,98.64874932270747
plant_height,svr_linear,95.92147277,91.3854734444176
plant_height,svr_linear,96.23719726,94.88478300992783
plant_height,svr_linear,96.30577138,104.81084007211398
plant_height,svr_linear,82.03007582,82.41078538075124
plant_height,svr_linear,89.49573497,87.1062740539485
plant_height,svr_linear,99.09666009,99.72948931049274
plant_height,svr_linear,107.7439345,107.50091048364128
plant_height,svr_linear,98.63883955,98.08137116305414
plant_height,svr_linear,98.11511886,106.26837554499821
plant_height,svr_linear,105.2054305,101.36110439338866
plant_height,svr_linear,87.45087081,103.53471815289134
plant_height,svr_linear,108.0192496,102.63209547236224
plant_height,svr_linear,89.15822067,87.73316356009228
plant_height,svr_linear,81.28465509,98.63214545776573
plant_height,svr_linear,86.87653964,92.79995143832045
plant_height,svr_linear,94.03620962,102.48019726671065
plant_height,svr_linear,111.9612001,104.90212644782825
plant_height,svr_linear,91.78888738,91.32244762962307
plant_height,svr_linear,80.8133772,94.69514710412201
plant_height,svr_linear,98.02511523,89.43528594323611
plant_height,svr_linear,96.49555734,101.4242520514846
plant_height,svr_linear,91.66075449,106.87258860762383
plant_height,svr_linear,85.36639794,95.7239255214349
plant_height,svr_linear,85.79261859,91.53085960879434
plant_height,svr_linear,92.50055045,95.73178903495804
plant_height,svr_linear,86.40597445,92.21800453407393
plant_height,svr_linear,103.5484041,104.77980388940641
plant_height,svr_linear,105.1569546,106.90653857376181
plant_height,svr_linear,90.59187755,89.29610310787528
plant_height,svr_linear,89.73079159,92.40666233587842
plant_height,svr_linear,91.35865629,93.48961861890531
plant_height,svr_linear,95.786828,107.2128435478108
plant_height,svr_linear,98.61811595,95.21586763751836
plant_height,svr_linear,105.869282,101.0438469646435
plant_height,svr_linear,103.4061452,100.68860293417774
plant_height,svr_linear,102.1304711,111.22871575809619
plant_height,svr_linear,96.58935449,101.36582369379025
plant_height,svr_linear,91.46092881,93.44540979764942
plant_height,svr_linear,94.30556025,94.7017490299826
plant_height,svr_linear,96.67775241,95.48640590505924
plant_height,svr_linear,101.3874801,92.31725063323543
plant_height,svr_linear,85.27013815,93.50009814822563
plant_height,svr_linear,95.56395762,92.078409476175
plant_height,svr_linear,92.4486877,88.9616615996085
plant_height,svr_linear,103.4177386,104.66724207784169
plant_height,svr_linear,96.30511339,94.76733760694029
plant_height,svr_linear,96.82598333,98.01526748685617
plant_height,svr_linear,110.9122038,97.77430217915526
plant_height,svr_linear,100.1733929,98.20143451553776
plant_height,svr_linear,111.0307751,117.66175057646655
plant_height,svr_linear,97.5423318,93.24130994468706
plant_height,svr_linear,103.7662347,108.00454696143144
plant_height,svr_linear,87.55878109,91.801831735452
plant_height,svr_linear,96.1133149,101.38116615683563
plant_height,svr_linear,89.32349401,83.59673632046622
plant_height,svr_linear,79.24470152,93.18843198245055
plant_height,svr_linear,88.78641202,90.55850281473529
plant_height,svr_linear,94.22291177,96.99861782315949
plant_height,svr_linear,85.11079492,91.6320393723387
plant_height,svr_linear,84.263067895,87.43430389046114
plant_height,svr_linear,108.0760429,95.43618762069123
plant_height,svr_linear,86.29826806,87.86993673135179
plant_height,svr_linear,90.81127497,98.68180151970174
plant_height,svr_linear,91.29930062,88.02728150182023
plant_height,svr_linear,93.33444071,94.11103739809519
plant_height,svr_linear,88.63747531,88.6345535324513
plant_height,svr_linear,88.8422075,87.54865092288472
plant_height,svr_linear,101.9399793,95.83608329155507
plant_height,svr_linear,83.37382318,86.57642719746298
plant_height,svr_linear,85.58533965,81.92699675848974
plant_height,svr_linear,93.67960902,106.09237827292374
plant_height,svr_linear,93.98356301,98.03099364724466
plant_height,svr_linear,81.97423357,85.11532346052812
plant_height,svr_linear,94.75637695,85.29306058366572
plant_height,svr_linear,96.04735603,108.52324524550298
plant_height,svr_linear,96.17489811,88.57748567476723
plant_height,svr_linear,82.63456552,91.75597407176026
plant_height,svr_linear,82.8799028,92.88807720098842
plant_height,svr_linear,97.12279726,99.79048827621564
plant_height,svr_linear,111.5737383,106.02646995357584
plant_height,svr_linear,94.15870671,102.37104005574903
plant_height,svr_linear,96.652988,92.10284221270334
plant_height,svr_linear,93.45888835,101.78195684587804
plant_height,svr_linear,94.66963915,96.90053305787117
plant_height,svr_linear,86.97685492,96.04163784032936
plant_height,svr_linear,92.27208101,92.87899606658617
plant_height,svr_linear,103.7810771,100.71508575246797
plant_height,svr_linear,97.40294272,100.53386120382615
plant_height,svr_linear,103.5172017,98.66225088571385
plant_height,svr_linear,80.38038345,86.3800219394995
plant_height,svr_linear,84.77291061,87.74052342309875
plant_height,svr_linear,95.39830176,106.5181107154702
plant_height,svr_linear,79.71883683,84.55065517382653
plant_height,svr_linear,85.20871113,87.00029290775386
plant_height,svr_linear,92.04978041,84.78634669862129
plant_height,svr_linear,99.81277816,96.96878000208022
plant_height,svr_linear,78.98586831,86.10756453280983
plant_height,svr_linear,71.07498529,97.39711946788127
plant_height,svr_linear,73.83890661,89.24223309082586
plant_height,svr_linear,101.1261014,110.6275952808235
plant_height,svr_linear,110.2101014,109.20282022678572
plant_height,svr_linear,90.59281627,101.74670743455673
plant_height,svr_linear,91.09275144,95.10883394827592
plant_height,svr_linear,85.89483973,90.21483242359547
plant_height,svr_linear,83.54492948,96.98183561940438
plant_height,svr_linear,86.82978865,89.80934029764148
plant_height,svr_linear,91.13618964,91.66727223621625
plant_height,svr_linear,91.70707738,94.46342077559791
plant_height,svr_linear,77.0593542,91.55701773670022
plant_height,svr_linear,87.60550923,93.10036512129435
plant_height,svr_linear,84.45001434,90.99273495091396
plant_height,svr_linear,91.56391085,87.53869287044357
plant_height,svr_linear,82.80771585,93.66669185417818
plant_height,svr_linear,91.2889956,94.21566782144257
plant_height,svr_linear,98.8608462,110.54363001034147
plant_height,svr_linear,104.9375769,103.3821236193225
plant_height,svr_linear,96.07172926,87.78920382195447
plant_height,svr_linear,88.52620989,85.88882674045718
plant_height,svr_linear,79.33157179,83.95929080726904
plant_height,svr_linear,83.99232838,83.53303915352018
plant_height,svr_linear,87.09385846,85.88018501941937
plant_height,svr_linear,84.27006224,96.97427781848552
plant_height,svr_linear,82.06431585,89.07100744213604
plant_height,svr_linear,93.31959778,88.81694996772754
plant_height,svr_linear,89.38528502,91.49310560938224
plant_height,svr_linear,85.69767975,88.49172630451213
plant_height,svr_linear,84.6587866,85.54367998683644
plant_height,svr_linear,87.83242622,94.99953179612181
plant_height,svr_linear,85.11824993,88.36528573983097
plant_height,svr_linear,84.26109346,93.58247425520767
plant_height,svr_linear,90.09862518,92.80813084748829
plant_height,svr_linear,72.6890734,84.10275295435497
plant_height,svr_linear,82.88512467,102.10306039515469
plant_height,svr_linear,88.97181625,95.6904141931933
plant_height,svr_linear,99.37217035,104.13578910487506
plant_height,svr_linear,111.9805724,101.24974201714808
plant_height,svr_linear,108.0467308,87.12741675547312
plant_height,svr_linear,95.43058289,92.06445715545199
plant_height,svr_linear,107.4834911,94.53401852942788
plant_height,svr_linear,96.79084992,99.31550483104255
plant_height,svr_linear,87.94720623,110.9837101148365
plant_height,svr_linear,92.91195053,95.81745927463537
plant_height,svr_linear,99.21646783,104.42052158170492
plant_height,svr_linear,87.84583949,88.88876405859305
plant_height,svr_linear,96.71215559,97.00320111231255
plant_height,svr_linear,85.01668747,93.04470323649618
plant_height,svr_linear,91.97563125,98.75867268607706
plant_height,svr_linear,93.90439132,123.03105684269012
plant_height,svr_linear,101.963723,107.48635926726828
plant_height,svr_linear,88.72164229,96.2165223548159
plant_height,svr_linear,100.2086967,109.76825667406352
plant_height,svr_linear,107.3659081,104.71156544944179
plant_height,svr_linear,100.3724687,109.71196487146327
plant_height,svr_linear,105.3077727,103.17625694310911
plant_height,svr_linear,93.03038061,111.93053727367152
plant_height,svr_linear,97.12731776,92.50296654389766
plant_height,svr_linear,99.51496059,98.22869710161835
plant_height,svr_linear,88.15851674,94.35322156829699
plant_height,svr_linear,83.89901146,87.78363692012276
plant_height,svr_linear,97.30154832,107.9378093206607
plant_height,svr_linear,103.4501222,95.38790727463017
plant_height,svr_linear,82.80045056,99.56586511122505
plant_height,svr_linear,81.84742999,91.06599274262267
plant_height,svr_linear,93.7413237,109.93434090176122
plant_height,svr_linear,114.6078129,102.95895270314308
plant_height,svr_linear,81.63241141,72.50932682391345
plant_height,svr_linear,92.24217789,96.46075410195064
plant_height,svr_linear,112.9856187,106.24342911108907
plant_height,svr_linear,111.0592254,115.72343113363915
plant_height,svr_linear,117.6815014,92.99302190298626
plant_height,svr_linear,100.8863322,100.41889941263088
plant_height,svr_linear,104.3176497,103.36517458259456
plant_height,svr_linear,115.0017166,119.10487875359998
plant_height,svr_linear,134.2032372,103.82949666942616
plant_height,svr_linear,104.7756389,112.48192199202707
plant_height,svr_linear,120.0037493,118.77282160072909
plant_height,svr_linear,111.9928546,109.07276296111178
plant_height,svr_linear,98.13518877,99.22305993594904
plant_height,svr_linear,113.2057444,110.05632083585627
plant_height,svr_linear,119.8767512,114.42935873665927
plant_height,svr_linear,128.8262383,106.22053498506804
plant_height,svr_linear,103.9651263,109.8023906257199
plant_height,svr_linear,123.3284954,111.87486017562628
plant_height,svr_linear,114.6641715,118.11663848739839
plant_height,svr_linear,119.7987061,103.7556910585017
plant_height,svr_linear,117.1596799,108.8280691935077
plant_height,svr_linear,110.943086,108.53743481360725
plant_height,svr_linear,124.6985306,112.46033293382956
plant_height,svr_linear,120.7892784,116.09094149425752
plant_height,svr_linear,104.1902739,107.16162759124049
plant_height,svr_linear,109.7854309,98.17178409341533
plant_height,svr_linear,103.7636031,93.66487866531652
plant_height,svr_linear,92.97204184,93.97659820235532
plant_height,svr_linear,107.9267938,106.71225692925817
plant_height,svr_linear,89.98129009,97.52635184746788
plant_height,svr_linear,117.9460621,120.48108851561753
plant_height,svr_linear,119.4864733,101.09066597466762
plant_height,svr_linear,118.9143735,100.73611033079504
plant_height,svr_linear,131.0093086,113.4128469807041
plant_height,svr_linear,124.4575767,107.97572756943273
plant_height,svr_linear,113.832301,112.01487023723558
plant_height,svr_linear,107.6234853,98.42888229289055
plant_height,svr_linear,121.5593403,105.53689947105966
plant_height,svr_linear,107.2437435,99.76356606014272
plant_height,svr_linear,103.2290453,113.1149385633359
plant_height,svr_linear,107.8473284,107.48962909185454
plant_height,svr_linear,120.0981307,115.27122327286477
plant_height,svr_linear,99.65769757,108.31496248378963
plant_height,svr_linear,122.5409639,111.01804149770837
plant_height,svr_linear,119.9971094,111.17455551781927
plant_height,svr_linear,116.3721885,111.73595826736069
plant_height,svr_linear,129.8039584,115.08193687608666
plant_height,svr_linear,110.1851792,114.71148403543084
plant_height,svr_linear,116.9036982,112.16539953651991
plant_height,svr_linear,120.9437699,125.16519678074374
plant_height,svr_linear,107.9376623,101.60228205309758
plant_height,svr_linear,122.2950428,116.95192706517122
plant_height,svr_linear,117.057289,109.08322128242486
plant_height,svr_linear,120.9205654,105.21878451065402
plant_height,svr_linear,110.3116322,93.74399651200852
plant_height,svr_linear,96.11443676,97.19132669729076
plant_height,svr_linear,104.8526051,118.53767498528747
plant_height,svr_linear,105.5795579,104.71078917721414
plant_height,svr_linear,111.4781726,94.38918125700206
plant_height,svr_linear,112.8974152,93.21593082369246
plant_height,svr_linear,106.2794595,90.22162350635321
plant_height,svr_linear,108.8342622,89.68305683907882
plant_height,svr_linear,100.4415968,104.15701141632208
plant_height,svr_linear,109.8410857,92.52157446197995
plant_height,svr_linear,111.5325127,98.00271373499093
plant_height,svr_linear,123.1449085,125.99095385732922
plant_height,svr_linear,106.9502258,101.35582171405575
plant_height,svr_linear,106.3775416,98.2394324724306
plant_height,svr_linear,99.85621683,88.22781348521049
plant_height,svr_linear,110.4937157,112.16798476539395
plant_height,svr_linear,113.5789047,116.55355284119754
plant_height,svr_linear,124.2590065,105.66036534828224
plant_height,svr_linear,127.1060947,105.06058535183297
plant_height,svr_linear,123.222434,99.43633917325212
plant_height,svr_linear,101.7823413,97.90726082314198
plant_height,svr_linear,123.5673197,108.27815068843475
plant_height,svr_linear,112.1456235,107.7731718572102
plant_height,svr_linear,118.6357679,107.60956007317257
plant_height,svr_linear,121.1457073,100.42818092286474
plant_height,svr_linear,128.7756457,111.9067686395798
plant_height,svr_linear,127.8431057,106.81912029728011
plant_height,svr_linear,131.1735789,117.85602986119514
plant_height,svr_linear,121.4925814,110.06531839760356
plant_height,svr_linear,111.2514026,106.84529244633565
plant_height,svr_linear,115.8479139,115.28082605429427
plant_height,svr_linear,100.9397008,98.57351255707988
plant_height,svr_linear,132.5448914,111.76720181409587
plant_height,svr_linear,124.2067106,115.6257354104948
plant_height,svr_linear,100.4364716,89.6456663646529
plant_height,svr_linear,106.0942215,103.33100331847
plant_height,svr_linear,101.6131454,100.72909981267122
plant_height,svr_linear,99.88740211,94.20045308812551
plant_height,svr_linear,121.4822652,110.57676021388153
plant_height,svr_linear,92.05281075,79.77000144179203
plant_height,svr_linear,100.2304319,100.64904479735637
plant_height,svr_linear,92.36898962,100.61776738780188
plant_height,svr_linear,131.4877533,115.55138869553477
plant_height,svr_linear,96.52340573,97.7723553347376
plant_height,svr_linear,108.0248674,121.26589937655781
plant_height,svr_linear,117.3514622,122.55303111912976
plant_height,svr_linear,114.6001764,94.9916450997765
plant_height,svr_linear,114.0998233,95.09861171754
plant_height,svr_linear,125.9711733,113.688604169454
plant_height,svr_linear,116.329911,96.4338906314018
plant_height,svr_linear,116.7333687,113.3818404035616
plant_height,svr_linear,134.1641679,120.89404387252716
plant_height,svr_linear,102.159687,110.81784585608054
plant_height,svr_linear,104.9180994,112.76427535623891
plant_height,svr_linear,107.4827731,94.8661539344455
plant_height,svr_linear,127.1523107,111.73351694004182
plant_height,svr_linear,119.6107411,115.66187887094895
plant_height,svr_linear,121.4267711,110.81864927156775
plant_height,svr_linear,113.6376429,115.13264964449714
plant_height,svr_linear,107.5984431,97.83772905410048
plant_height,svr_linear,126.0761084,105.72146326412505
plant_height,svr_linear,122.7039175,124.45684252886508
plant_height,svr_linear,115.4979735,106.9005553344069
plant_height,svr_linear,119.965915,115.85979512883264
plant_height,svr_linear,114.7913446,101.35596884633713
plant_height,svr_linear,120.546945,107.2709669699126
plant_height,svr_linear,120.1732907,115.36889265240299
plant_height,svr_linear,108.255772,97.00526615416733
plant_height,svr_linear,118.1172453,115.30676070296772
plant_height,svr_linear,134.0601499,114.85388004871194
plant_height,svr_linear,124.5093919,111.14481718944901
plant_height,svr_linear,124.5675657,117.51236542040185
plant_height,svr_linear,118.5242,119.00704471522883
plant_height,svr_linear,128.9837841,108.27146435387161
plant_height,svr_linear,103.9559692,100.69329675711009
plant_height,svr_linear,117.5632389,112.03065919296822
plant_height,svr_linear,129.198765,116.20995819711688
plant_height,svr_linear,108.3414896,106.81656013602904
plant_height,svr_linear,134.792114,109.99222336258372
plant_height,svr_linear,124.1292222,115.74243773724479
plant_height,svr_linear,121.3359072,115.07487284782866
plant_height,svr_linear,111.0551308,115.21425875002953
plant_height,svr_linear,111.4538046,108.8150917477172
plant_height,svr_linear,118.2068554,109.53205722459833
plant_height,svr_linear,106.1752828,101.26258576300927
plant_height,svr_linear,113.0290573,113.1452179370838
plant_height,svr_linear,121.3036825,105.9108913292114
plant_height,svr_linear,112.1755482,113.8231481599225
plant_height,svr_linear,128.5293717,112.78883258467384
plant_height,svr_linear,112.6047348,114.80553538151891
plant_height,svr_linear,96.48112943,96.66203889433774
plant_height,svr_linear,123.8850126,108.40821173972698
plant_height,svr_linear,118.3442201,112.57306521376576
plant_height,svr_linear,128.7420327,116.15079348829887
plant_height,svr_linear,101.0732787,97.41928116193012
plant_height,svr_linear,125.0581682,116.29059885332273
plant_height,svr_linear,113.6957067,108.38933986998643
plant_height,svr_linear,96.73207526,95.09481569606463
plant_height,svr_linear,113.6029867,110.32441995184514
plant_height,svr_linear,121.5157387,116.64185805976615
plant_height,svr_linear,113.1422743,112.49285442835344
plant_height,svr_linear,114.9461614,122.02021375908716
plant_height,svr_linear,116.2453591,119.89759522239868
plant_height,svr_linear,123.2389691,114.31149314697942
plant_height,svr_linear,122.7038643,108.88215364891172
plant_height,svr_linear,119.0875068,118.03994700885501
plant_height,svr_linear,113.0776477,99.63671411884188
plant_height,svr_linear,109.0012811,109.81762649944777
plant_height,svr_linear,116.8389657,104.02286965943318
plant_height,svr_linear,118.8033249,116.68353427201892
plant_height,svr_linear,122.9353699,111.27314872172104
plant_height,svr_linear,105.9639661,118.26498504954748
plant_height,svr_linear,121.1614896,120.49158802842136
plant_height,svr_linear,125.4899128,112.17711943622368
plant_height,svr_linear,112.9204173,113.02487118599355
plant_height,svr_linear,136.4899649,110.45640402332957
plant_height,svr_linear,126.2951438,114.77990970592293
plant_height,svr_linear,103.7261679,107.78535650467177
plant_height,svr_linear,111.4762383,114.5385707973167
plant_height,svr_linear,107.7206036,98.6852766723299
plant_height,svr_linear,115.4693022,109.99900871977074
plant_height,svr_linear,108.7609985,101.10320026043532
plant_height,svr_linear,106.1624157,117.44365102365559
plant_height,svr_linear,116.1540014,116.02959979699604
plant_height,svr_linear,128.8110556,119.90926099367715
plant_height,svr_linear,116.6905255,113.6919182897496
plant_height,svr_linear,112.3455719,112.79668306191284
plant_height,svr_linear,119.4079634,106.56598518519601
plant_height,svr_linear,105.4857894,100.19706620514525
plant_height,svr_linear,128.8412042,118.4891093136229
plant_height,svr_linear,121.1790246,106.6232962070087
plant_height,svr_linear,108.7023681,114.45334440370823
plant_height,svr_linear,107.3247625,103.67068716559726
plant_height,svr_linear,120.4673523,120.76901950932452
plant_height,svr_linear,123.1473043,102.67456860847793
plant_height,svr_linear,121.0450272,119.60191860775983
plant_height,svr_linear,127.1053566,111.93812588062005
plant_height,svr_linear,110.4228253,114.19172469346225
plant_height,svr_linear,122.6781527,121.49848712042635
plant_height,svr_linear,127.6582223,123.35877834332429
plant_height,svr_linear,127.7041339,126.21667136727083
plant_height,svr_linear,123.2301247,121.28969189270691
plant_height,svr_linear,116.2204672,116.44280614617836
plant_height,svr_linear,146.069066,118.66571062966909
plant_height,svr_linear,127.1685311,115.85771975870637
plant_height,svr_linear,130.6183339,117.43206153685144
plant_height,svr_linear,124.9086073,104.65653216230534
plant_height,svr_linear,122.6643701,110.86177307860927
plant_height,svr_linear,122.1227675,117.87983720784534
plant_height,svr_linear,105.7065746,96.61013129207629
plant_height,svr_linear,103.7348078,90.80784170011181
plant_height,svr_linear,120.769991,120.99807357750356
plant_height,svr_linear,90.66226899,86.18169414601276
plant_height,svr_linear,117.4531979,110.31722533434103
plant_height,svr_linear,125.9418267,110.13667497613278
plant_height,svr_linear,122.9698614,119.68572175788174
plant_height,svr_linear,130.4924975,120.01587956216986
plant_height,svr_linear,115.9380008,117.80616139092854
plant_height,svr_linear,136.6347445,116.35473338687623
plant_height,svr_linear,123.3448183,110.76957687598764
plant_height,svr_linear,119.6957499,104.95668390240498
plant_height,svr_linear,113.7035045,99.46010304404936
plant_height,svr_linear,120.8808453,109.75396355657338
plant_height,svr_linear,118.3564356,121.25556795571428
plant_height,svr_linear,128.846156,125.56065276133334
plant_height,svr_linear,115.6154636,112.31228830901678
plant_height,svr_linear,116.9716221,111.89747533090448
plant_height,svr_linear,123.3686299,125.19203718902236
plant_height,svr_linear,117.250566,114.54417338001497
plant_height,svr_linear,113.1441259,123.18325814788284
plant_height,svr_linear,118.7915277,121.57893136855299
plant_height,svr_linear,120.2736169,127.48984383393866
plant_height,svr_linear,124.8702481,124.92712165170688
plant_height,svr_linear,118.5874503,101.61473462146463
plant_height,svr_linear,111.3179896,110.30348424216714
plant_height,svr_linear,120.2774982,121.27058776040653
plant_height,svr_linear,116.4943304,118.74891437641838
plant_height,svr_linear,123.7604556,101.20039443033879
plant_height,svr_linear,119.9605898,108.81199928292763
plant_height,svr_linear,125.2551565,118.2599756521189
plant_height,svr_linear,117.936323,111.86844355467467
plant_height,svr_linear,129.5564533,112.73795226757494
plant_height,svr_linear,128.0826243,114.60138471416784
plant_height,svr_linear,126.482528,112.09025499017054
plant_height,svr_linear,126.7914052,115.22729571748643
plant_height,svr_linear,119.9671751,117.84540075742497
plant_height,svr_linear,131.3403719,132.17468468534685
plant_height,svr_linear,127.8967911,120.62475619548424
plant_height,svr_linear,110.4340489,100.13151237829985
plant_height,svr_linear,108.4366725,103.39639154059935
plant_height,svr_linear,113.072724,103.42549947557148
plant_height,svr_linear,107.9040514,98.1697412406375
plant_height,svr_linear,121.1457828,115.11841710846124
plant_height,svr_linear,140.5558154,120.95770791048659
plant_height,svr_linear,122.334033,108.24098530798994
plant_height,svr_linear,129.8368486,131.35559987453544
plant_height,svr_linear,121.2942359,94.86107951683076
plant_height,svr_linear,122.8885492,96.06844440149206
plant_height,svr_linear,120.4771385,102.85552504780753
plant_height,svr_linear,117.680709,110.98041457818113
plant_height,svr_linear,126.7330912,118.6108330339764
plant_height,svr_linear,123.9806073,103.2095251800577
plant_height,svr_linear,112.4696835,104.07612660170926
plant_height,svr_linear,120.3251529,113.04961608372165
plant_height,svr_linear,116.709175,110.05701277470526
plant_height,svr_linear,127.0856392,113.47044530010609
plant_height,svr_linear,126.1563203,119.45102079727111
plant_height,svr_linear,122.2539265,113.5510097085782
plant_height,svr_linear,104.3796509,109.78380628092559
plant_height,svr_linear,109.1061281,110.26547867003029
plant_height,svr_linear,115.905697,112.78117328488823
plant_height,svr_linear,97.46148845,125.64439789550859
plant_height,svr_linear,104.7726078,75.68194791083883
plant_height,svr_linear,111.902964,108.31500571888147
plant_height,svr_linear,110.3634195,105.66859055476742
plant_height,svr_linear,119.1098221,113.0994054797493
plant_height,svr_linear,124.6855763,121.33132688237156
plant_height,svr_linear,123.4609767,122.0455463894953
plant_height,svr_linear,109.4556853,113.17065724658657
plant_height,svr_linear,118.4901227,116.55086235051189
plant_height,svr_linear,111.1233027,90.84590272362736
plant_height,svr_linear,113.1904993,97.88988658167271
plant_height,svr_linear,128.3876327,114.35631764767584
plant_height,svr_linear,129.2049453,119.91847167917041
plant_height,svr_linear,97.74058152,102.96935887981181
plant_height,svr_linear,111.3507427,102.3881766687963
plant_height,svr_linear,112.0007882,111.98283917006174
plant_height,svr_linear,128.7050068,98.72658842428854
plant_height,svr_linear,136.0994915,109.76520557922836
plant_height,svr_linear,138.383599,103.08759116441642
plant_height,svr_linear,132.9095952,103.84426453268293
plant_height,svr_linear,96.87507935,94.54035864606223
plant_height,svr_linear,107.4392418,100.99989230045318
plant_height,svr_linear,120.7834278,96.24329919888774
plant_height,svr_linear,132.678896,110.00249487588607
plant_height,svr_linear,120.4586215,108.91228776540814
puccinia_hordei,svr_linear,3.277472024,3.001136229809068
puccinia_hordei,svr_linear,2.704659937,3.002749067880114
puccinia_hordei,svr_linear,3.987689749,3.477838298534325
puccinia_hordei,svr_linear,2.936407423,3.0690697311478567
puccinia_hordei,svr_linear,2.339840503,3.1761526097632706
puccinia_hordei,svr_linear,2.23818106,3.2249182576827726
puccinia_hordei,svr_linear,2.36839872,2.9541323614624257
puccinia_hordei,svr_linear,2.435159827,3.1164610922568805
puccinia_hordei,svr_linear,4.285290114,3.0868277062612712
puccinia_hordei,svr_linear,3.013334901,3.1160455438548325
puccinia_hordei,svr_linear,3.180363224,3.358036385381669
puccinia_hordei,svr_linear,2.559396466,3.0465786650795126
puccinia_hordei,svr_linear,3.227694049,2.9541815419345023
puccinia_hordei,svr_linear,3.653139978,3.4395848838058063
puccinia_hordei,svr_linear,2.151695764,3.2154401020440457
puccinia_hordei,svr_linear,3.586529899,2.921294380758841
puccinia_hordei,svr_linear,2.575955544,3.0252594730530995
puccinia_hordei,svr_linear,3.29189463,3.182116475957222
puccinia_hordei,svr_linear,3.122467129,3.114214979868371
puccinia_hordei,svr_linear,3.681231306,3.0531172494966663
puccinia_hordei,svr_linear,3.419676527,3.068169543735925
puccinia_hordei,svr_linear,2.50903281,3.1493663398617318
puccinia_hordei,svr_linear,2.755863966,3.078666675394852
puccinia_hordei,svr_linear,3.030632551,3.667854601149178
puccinia_hordei,svr_linear,3.544363585,3.0525469808962473
puccinia_hordei,svr_linear,3.452074517,3.0335635281131115
puccinia_hordei,svr_linear,3.212672784,3.5345450147335704
puccinia_hordei,svr_linear,3.613287387,2.9944921331623005
puccinia_hordei,svr_linear,3.327161818,3.1868337821299475
puccinia_hordei,svr_linear,1.694911443,3.1172119784057664
puccinia_hordei,svr_linear,3.642335315,3.1093662319870496
puccinia_hordei,svr_linear,2.850409116,2.9576050023416194
puccinia_hordei,svr_linear,2.127103216,2.9880293723542803
puccinia_hordei,svr_linear,3.069837308,3.171518383281011
puccinia_hordei,svr_linear,2.582454207,3.1924443585970796
puccinia_hordei,svr_linear,3.481789567,2.9911760421764093
puccinia_hordei,svr_linear,3.503111504,3.1226898397750684
puccinia_hordei,svr_linear,3.655794005,3.179053126825692
puccinia_hordei,svr_linear,3.215957119,3.121252774711004
puccinia_hordei,svr_linear,1.934419049,3.0089768432269106
puccinia_hordei,svr_linear,3.245047476,3.240151620046949
puccinia_hordei,svr_linear,2.330782329,3.0753284073150535
puccinia_hordei,svr_linear,2.692185626,2.9621544328753466
puccinia_hordei,svr_linear,3.259357504,2.839351642230911
puccinia_hordei,svr_linear,3.668898241,3.088945617435485
puccinia_hordei,svr_linear,3.722300922,3.2170028659045613
puccinia_hordei,svr_linear,3.485160564,3.067075957655467
puccinia_hordei,svr_linear,3.101516215,2.8847418039395913
puccinia_hordei,svr_linear,2.52351814,2.992745995995498
puccinia_hordei,svr_linear,3.455529152,3.1637819409370644
puccinia_hordei,svr_linear,2.491589388,3.099339314501484
puccinia_hordei,svr_linear,2.747696887,3.069685748328067
puccinia_hordei,svr_linear,3.539816433,3.0156975377679083
puccinia_hordei,svr_linear,3.156730065,3.189954348822356
puccinia_hordei,svr_linear,2.251752855,3.164150150519214
puccinia_hordei,svr_linear,3.224428432,3.1158748023122955
puccinia_hordei,svr_linear,3.298355298,2.9547775669858405
puccinia_hordei,svr_linear,2.485937804,3.052205092255778
puccinia_hordei,svr_linear,3.201214853,3.467216195598895
puccinia_hordei,svr_linear,3.534294529,2.968268430623654
puccinia_hordei,svr_linear,3.870549068,3.0475816328032663
puccinia_hordei,svr_linear,3.435513967,2.9250487758018
puccinia_hordei,svr_linear,2.187329704,3.1234776640163426
puccinia_hordei,svr_linear,2.847834612,3.5155885594150704
puccinia_hordei,svr_linear,4.14361593,3.215408463117866
puccinia_hordei,svr_linear,2.415050198,3.0695496388686294
puccinia_hordei,svr_linear,1.887397576,3.169002040685191
puccinia_hordei,svr_linear,4.241806878,3.0735190335784637
puccinia_hordei,svr_linear,3.040840407,3.0589966386465304
puccinia_hordei,svr_linear,3.152653976,3.12431882116656
puccinia_hordei,svr_linear,3.094822419,2.8505618580359546
puccinia_hordei,svr_linear,2.840948973,3.068939986060087
puccinia_hordei,svr_linear,3.423078891,3.1508280864169422
puccinia_hordei,svr_linear,3.56963414,3.0317780227945983
puccinia_hordei,svr_linear,2.900417363,2.9627931765836037
puccinia_hordei,svr_linear,3.490592946,2.9547919784069894
puccinia_hordei,svr_linear,2.655641478,3.129621393510749
puccinia_hordei,svr_linear,4.196592221,3.13205124400288
puccinia_hordei,svr_linear,3.654297906,3.084144480498985
puccinia_hordei,svr_linear,1.897279566,2.9400227545583886
puccinia_hordei,svr_linear,2.843900985,3.0680346338599254
puccinia_hordei,svr_linear,4.104650059,3.151721923264307
puccinia_hordei,svr_linear,2.75148623,3.2527273810873742
puccinia_hordei,svr_linear,3.515686406,3.0495191707404716
puccinia_hordei,svr_linear,2.422133949,3.031182436446479
puccinia_hordei,svr_linear,2.453013617,3.1763060945782096
puccinia_hordei,svr_linear,2.439909945,2.880077464370864
puccinia_hordei,svr_linear,2.337096095,3.238968537402812
puccinia_hordei,svr_linear,3.301891917,3.099107358203035
puccinia_hordei,svr_linear,2.684202513,3.002865242445319
puccinia_hordei,svr_linear,2.992472873,3.0883167662347066
puccinia_hordei,svr_linear,2.843604603,3.1743409794523614
puccinia_hordei,svr_linear,2.824497168,3.087924761705609
puccinia_hordei,svr_linear,3.311040749,3.254807783349018
puccinia_hordei,svr_linear,3.663168131,3.24320293664062
puccinia_hordei,svr_linear,2.917100952,3.1777165836972516
puccinia_hordei,svr_linear,2.688501234,3.1744889902172484
puccinia_hordei,svr_linear,3.507935788,3.0500950089444387
puccinia_hordei,svr_linear,3.577773861,2.877962238250057
puccinia_hordei,svr_linear,4.392170107,3.3979128717335385
puccinia_hordei,svr_linear,2.939003143,3.0851841410946337
puccinia_hordei,svr_linear,3.375402593,3.1035422147327285
puccinia_hordei,svr_linear,3.378501294,3.084780284207529
puccinia_hordei,svr_linear,2.532428429,3.1277541744203066
puccinia_hordei,svr_linear,2.311449485,3.0206151125669645
puccinia_hordei,svr_linear,3.52203928,3.1768085800199164
puccinia_hordei,svr_linear,3.545318486,3.1661086984550977
puccinia_hordei,svr_linear,3.621145305,3.1775914656373088
puccinia_hordei,svr_linear,3.553013262,2.8235556680749956
puccinia_hordei,svr_linear,4.246663348,2.922869024953096
puccinia_hordei,svr_linear,3.126109544,3.086147708382315
puccinia_hordei,svr_linear,3.89029475,3.0501799550123594
puccinia_hordei,svr_linear,2.606335367,3.147802136159216
puccinia_hordei,svr_linear,2.735197398,2.9895807460576584
puccinia_hordei,svr_linear,2.651647807,2.9623153705499115
puccinia_hordei,svr_linear,3.503593726,3.148675089715457
puccinia_hordei,svr_linear,3.026223848,3.0372259535468507
puccinia_hordei,svr_linear,3.045311468,3.0757185497060187
puccinia_hordei,svr_linear,2.389406597,3.3047445602326984
puccinia_hordei,svr_linear,3.911573142,3.1970660882870043
puccinia_hordei,svr_linear,2.020286019,3.1930524479797593
puccinia_hordei,svr_linear,3.682322422,3.12571300685127
puccinia_hordei,svr_linear,3.258138848,3.0315997215238597
puccinia_hordei,svr_linear,4.321117532,2.925393477607261
puccinia_hordei,svr_linear,3.112914363,3.2025328980708867
puccinia_hordei,svr_linear,2.157948781,3.0668144800121775
puccinia_hordei,svr_linear,3.259205402,3.162179991431019
puccinia_hordei,svr_linear,2.474510058,3.2881276851208154
puccinia_hordei,svr_linear,4.704376164,3.914150754546149
puccinia_hordei,svr_linear,2.996081601,2.7083071563816845
puccinia_hordei,svr_linear,3.078000571,3.4222745885602732
puccinia_hordei,svr_linear,3.724975859,3.7100892198668625
puccinia_hordei,svr_linear,3.800702182,3.9351230202374614
puccinia_hordei,svr_linear,4.153108705,3.882180677394745
puccinia_hordei,svr_linear,3.316778808,4.008149771672529
puccinia_hordei,svr_linear,2.244565353,2.8317501588028673
puccinia_hordei,svr_linear,5.660555098,3.6309413668394326
puccinia_hordei,svr_linear,3.363905464,2.89882866435779
puccinia_hordei,svr_linear,4.834584662,3.6594064199396446
puccinia_hordei,svr_linear,3.183891717,3.785183359553729
puccinia_hordei,svr_linear,2.777285482,2.693606908564605
puccinia_hordei,svr_linear,5.033953443,3.9273040118888947
puccinia_hordei,svr_linear,4.955517329,4.246001280527184
puccinia_hordei,svr_linear,3.935124328,3.8045229873746997
puccinia_hordei,svr_linear,4.278917309,3.904979501920489
puccinia_hordei,svr_linear,3.390786197,3.107970464993814
puccinia_hordei,svr_linear,3.96995203,3.438636160554253
puccinia_hordei,svr_linear,4.035830004,3.5181984803464523
puccinia_hordei,svr_linear,3.292926101,2.8092751201819715
puccinia_hordei,svr_linear,2.850452156,2.812586149964809
puccinia_hordei,svr_linear,3.492930467,3.842740150669666
puccinia_hordei,svr_linear,4.853022147,3.6434370158197567
puccinia_hordei,svr_linear,2.625468412,2.774319836909757
puccinia_hordei,svr_linear,2.485006993,3.224860822609189
puccinia_hordei,svr_linear,3.435232216,3.5721040746408352
puccinia_hordei,svr_linear,2.394827239,2.53524147106509
puccinia_hordei,svr_linear,2.201137565,3.401531417748515
puccinia_hordei,svr_linear,3.15448517,2.775271025501022
puccinia_hordei,svr_linear,2.822002793,2.876016188793505
puccinia_hordei,svr_linear,3.895829864,4.131837585246309
puccinia_hordei,svr_linear,3.367690134,2.991928224113704
puccinia_hordei,svr_linear,3.545386202,3.696548759471667
puccinia_hordei,svr_linear,4.335581173,3.8061603547755953
puccinia_hordei,svr_linear,3.733577503,3.7087260547581424
puccinia_hordei,svr_linear,2.70743914,3.3249473766149227
puccinia_hordei,svr_linear,4.482906013,3.7761370388060045
puccinia_hordei,svr_linear,2.318754641,2.8194663525189343
puccinia_hordei,svr_linear,2.433929439,3.1522551426816934
puccinia_hordei,svr_linear,3.801690551,3.7478264410667688
puccinia_hordei,svr_linear,4.365719835,2.886409197808539
puccinia_hordei,svr_linear,2.740921654,2.6445807886824895
puccinia_hordei,svr_linear,4.075720076,3.7911946437228004
puccinia_hordei,svr_linear,2.98485908,3.80049141697096
puccinia_hordei,svr_linear,3.189461862,2.758346595089781
puccinia_hordei,svr_linear,3.016803459,2.691921262378084
puccinia_hordei,svr_linear,5.546862832,4.096359800692473
puccinia_hordei,svr_linear,3.754008315,3.634776854965168
puccinia_hordei,svr_linear,5.233900646,3.736467992080381
puccinia_hordei,svr_linear,3.425608465,3.961147461133393
puccinia_hordei,svr_linear,4.759420795,3.4197005866815093
puccinia_hordei,svr_linear,2.435437232,2.6348440217241076
puccinia_hordei,svr_linear,3.527622595,3.8540132972054906
puccinia_hordei,svr_linear,3.694697124,3.130940199198144
puccinia_hordei,svr_linear,4.883169536,3.818225404606648
puccinia_hordei,svr_linear,1.950576409,2.950803877417298
puccinia_hordei,svr_linear,2.608922607,3.6076626648144723
puccinia_hordei,svr_linear,2.637789542,3.1393699216285142
puccinia_hordei,svr_linear,2.5668081,3.1773105358067397
puccinia_hordei,svr_linear,4.51785379,3.830236812254305
puccinia_hordei,svr_linear,3.29845433,3.9063299553347535
puccinia_hordei,svr_linear,3.580885016,3.8260432504114013
puccinia_hordei,svr_linear,2.359486864,2.9548881552716777
puccinia_hordei,svr_linear,2.302934061,3.143882693504803
puccinia_hordei,svr_linear,3.431809402,3.8435021556119113
puccinia_hordei,svr_linear,4.425092876,3.2348460494851903
puccinia_hordei,svr_linear,2.38644984,2.847999619641137
puccinia_hordei,svr_linear,3.259365758,4.224502884443318
puccinia_hordei,svr_linear,4.543606227,3.618247361178048
puccinia_hordei,svr_linear,4.437109031,3.6694500378266133
puccinia_hordei,svr_linear,6.732138521,2.831955050848239
puccinia_hordei,svr_linear,2.286749536,3.319319373906692
puccinia_hordei,svr_linear,3.586890105,3.963510362712168
puccinia_hordei,svr_linear,3.847656786,3.7923845171846216
puccinia_hordei,svr_linear,4.511306501,3.927734514905299
puccinia_hordei,svr_linear,3.297578566,3.8095860774736128
puccinia_hordei,svr_linear,3.210091574,3.9956458244004347
puccinia_hordei,svr_linear,3.084104415,2.779961281861092
puccinia_hordei,svr_linear,3.240887432,3.8245494496685324
puccinia_hordei,svr_linear,4.369050314,4.2691977129029315
puccinia_hordei,svr_linear,3.602862624,3.8316430178069236
puccinia_hordei,svr_linear,4.05174367,3.90462105119055
puccinia_hordei,svr_linear,4.617894444,3.9425054617021824
puccinia_hordei,svr_linear,4.493664086,3.916687105925313
puccinia_hordei,svr_linear,3.941010324,3.962159678744768
puccinia_hordei,svr_linear,3.207944726,4.042601907974221
puccinia_hordei,svr_linear,2.987776782,3.368823857118239
puccinia_hordei,svr_linear,4.220586142,3.916952710871101
puccinia_hordei,svr_linear,5.139909598,3.1415529526797945
puccinia_hordei,svr_linear,2.292733071,2.875685728411355
puccinia_hordei,svr_linear,3.98105119,4.086008871365563
puccinia_hordei,svr_linear,2.434904658,2.6865041292527945
puccinia_hordei,svr_linear,3.499322479,3.986998872667336
puccinia_hordei,svr_linear,3.409550091,3.724779592412143
puccinia_hordei,svr_linear,3.190417333,3.7379588692942924
puccinia_hordei,svr_linear,3.894144759,3.8750185163698196
puccinia_hordei,svr_linear,3.301038624,4.228629692912049
puccinia_hordei,svr_linear,3.006552355,2.9527499605240974
puccinia_hordei,svr_linear,2.416579566,2.7773362999375504
puccinia_hordei,svr_linear,2.216430104,3.3069965541753397
puccinia_hordei,svr_linear,3.890102553,3.975235737570761
puccinia_hordei,svr_linear,4.067255282,3.8742744656453594
puccinia_hordei,svr_linear,4.384195279,3.973414585649126
puccinia_hordei,svr_linear,3.87921308,3.9662610896030857
puccinia_hordei,svr_linear,2.902092619,3.928305898083285
puccinia_hordei,svr_linear,3.820092496,3.7809637577534447
puccinia_hordei,svr_linear,3.025008995,3.9567019449109315
puccinia_hordei,svr_linear,3.225244892,2.8184539273094438
puccinia_hordei,svr_linear,2.382297749,2.7308804761882035
puccinia_hordei,svr_linear,3.491801679,3.2360410783575873
puccinia_hordei,svr_linear,4.752133911,3.0888090247606383
puccinia_hordei,svr_linear,3.038948346,3.9231110830264324
puccinia_hordei,svr_linear,2.061989595,2.8726230769702004
puccinia_hordei,svr_linear,4.865424415,4.0316596841683445
puccinia_hordei,svr_linear,4.054610666,3.761837154924543
puccinia_hordei,svr_linear,2.997159288,3.1208300055873988
puccinia_hordei,svr_linear,4.167600868,3.8091241725210834
puccinia_hordei,svr_linear,5.206443538,3.478995809721337
puccinia_hordei,svr_linear,2.536685187,3.241075340294339
puccinia_hordei,svr_linear,3.422121213,3.8562144187403473
puccinia_hordei,svr_linear,2.672359935,3.667242887658526
puccinia_hordei,svr_linear,2.291861143,2.675777909526898
puccinia_hordei,svr_linear,4.252229468,3.119268099665507
puccinia_hordei,svr_linear,2.36968538,2.7264371940140517
puccinia_hordei,svr_linear,3.019232724,3.687979490402748
puccinia_hordei,svr_linear,3.422231878,3.98436462198047
puccinia_hordei,svr_linear,4.012427564,3.769504604510111
puccinia_hordei,svr_linear,3.544412291,3.131877155144405
puccinia_hordei,svr_linear,2.352113465,3.3236095731098585
puccinia_hordei,svr_linear,3.996819878,4.016555198050906
puccinia_hordei,svr_linear,2.129006955,3.514741366035695
puccinia_hordei,svr_linear,2.635985504,2.947466283345073
puccinia_hordei,svr_linear,4.824819093,3.822384870217103
puccinia_hordei,svr_linear,3.005197388,2.6482438870224367
puccinia_hordei,svr_linear,3.283135611,3.8587093170579605
puccinia_hordei,svr_linear,3.213854989,2.8752277375839537
puccinia_hordei,svr_linear,2.904180983,3.879604239436459
puccinia_hordei,svr_linear,3.990675395,3.8877852414670304
puccinia_hordei,svr_linear,3.178215111,2.6894027048881592
puccinia_hordei,svr_linear,4.208782789,3.622510485288085
puccinia_hordei,svr_linear,4.209667083,3.8985996109763272
puccinia_hordei,svr_linear,3.021880704,2.754152593260817
puccinia_hordei,svr_linear,2.997767347,3.567149855748647
puccinia_hordei,svr_linear,3.929371235,3.752990682454948
puccinia_hordei,svr_linear,3.823862364,3.1708397495840988
puccinia_hordei,svr_linear,3.458364316,3.8543679377565185
puccinia_hordei,svr_linear,3.554952507,3.722421240675641
puccinia_hordei,svr_linear,4.495270668,3.8666107588479077
puccinia_hordei,svr_linear,3.753172901,2.7796613815645084
puccinia_hordei,svr_linear,2.230148973,3.1213963454826237
puccinia_hordei,svr_linear,2.489197525,3.9154359050619867
puccinia_hordei,svr_linear,5.14920616,3.484125382770408
puccinia_hordei,svr_linear,2.725553038,2.8812483746452227
puccinia_hordei,svr_linear,3.208613182,3.9027416371684818
puccinia_hordei,svr_linear,4.288239778,3.605765076742858
puccinia_hordei,svr_linear,3.805014659,3.803139401370693
puccinia_hordei,svr_linear,3.296138908,2.7309768273473543
puccinia_hordei,svr_linear,3.736892102,3.8662150497696564
puccinia_hordei,svr_linear,3.924627931,3.7677436501966484
puccinia_hordei,svr_linear,3.042942123,2.737657184316987
puccinia_hordei,svr_linear,2.79359558,3.041494428067995
puccinia_hordei,svr_linear,2.630860408,2.763899707100463
puccinia_hordei,svr_linear,3.934773756,3.990482774222655
puccinia_hordei,svr_linear,3.178047993,3.7518622897856515
puccinia_hordei,svr_linear,3.080001886,3.6575505131837547
puccinia_hordei,svr_linear,3.298762807,3.165643579113185
puccinia_hordei,svr_linear,2.037578347,3.21918595189961
puccinia_hordei,svr_linear,4.302396377,3.42380856020049
puccinia_hordei,svr_linear,4.871193964,3.6179207047925823
puccinia_hordei,svr_linear,6.159276674,5.212401553660995
puccinia_hordei,svr_linear,5.545036274,5.528087911127661
puccinia_hordei,svr_linear,6.617436693,5.568561737123353
puccinia_hordei,svr_linear,5.974325564,6.142352122828746
puccinia_hordei,svr_linear,6.390596062,6.281375557660327
puccinia_hordei,svr_linear,4.5597863,5.085625768864963
puccinia_hordei,svr_linear,2.926005732,3.605194221032364
puccinia_hordei,svr_linear,4.866128898,4.871111594125074
puccinia_hordei,svr_linear,5.942990037,3.801392878798981
puccinia_hordei,svr_linear,4.551163469,3.8470245351616517
puccinia_hordei,svr_linear,4.67386539,4.539227580147455
puccinia_hordei,svr_linear,3.650349529,4.540567175173757
puccinia_hordei,svr_linear,5.516817921,4.053040312946484
puccinia_hordei,svr_linear,4.188099474,4.2080830500624415
puccinia_hordei,svr_linear,3.722916558,3.546637283663097
puccinia_hordei,svr_linear,2.291571549,3.3133623396338834
puccinia_hordei,svr_linear,4.884865343,3.7886952902027415
puccinia_hordei,svr_linear,4.252943974,4.809632575592024
puccinia_hordei,svr_linear,2.98566495,4.360413196236761
puccinia_hordei,svr_linear,2.058572759,3.4128369519646
puccinia_hordei,svr_linear,3.659636669,3.3595265406228063
puccinia_hordei,svr_linear,4.894147838,5.218031980370424
puccinia_hordei,svr_linear,3.617064811,4.892735761453588
puccinia_hordei,svr_linear,5.27885052,5.4039392037189735
puccinia_hordei,svr_linear,4.726271006,4.6905853197838585
puccinia_hordei,svr_linear,4.712618739,4.7120453854039175
puccinia_hordei,svr_linear,5.365833824,5.1791112478
puccinia_hordei,svr_linear,4.350912703,4.273656283925617
puccinia_hordei,svr_linear,6.199935744,4.320529785511825
puccinia_hordei,svr_linear,4.65316017,5.285010539178109
puccinia_hordei,svr_linear,4.090260303,4.56850943221007
puccinia_hordei,svr_linear,3.616646348,3.593175361491311
puccinia_hordei,svr_linear,4.579586246,3.367054666182997
puccinia_hordei,svr_linear,3.398025096,4.851070423645605
puccinia_hordei,svr_linear,4.174465326,5.253451790207368
puccinia_hordei,svr_linear,6.01474557,6.9107238058669065
puccinia_hordei,svr_linear,3.992743152,6.346380332833078
puccinia_hordei,svr_linear,4.900736251,5.912525964815689
puccinia_hordei,svr_linear,4.997227105,5.1106787208487745
puccinia_hordei,svr_linear,4.901974511,5.11965900996344
puccinia_hordei,svr_linear,5.075318654,4.635048124322674
puccinia_hordei,svr_linear,4.455145629,5.351721463466458
puccinia_hordei,svr_linear,2.481614469,3.860340227684153
puccinia_hordei,svr_linear,4.719276822,5.333884457035754
puccinia_hordei,svr_linear,4.899075576,3.2882834985333087
puccinia_hordei,svr_linear,4.271300291,4.092005371231092
puccinia_hordei,svr_linear,3.449587438,3.9253978606762314
puccinia_hordei,svr_linear,3.94621894,4.228223600989938
puccinia_hordei,svr_linear,3.249016218,3.5607223630941167
puccinia_hordei,svr_linear,4.870237253,6.021053870091778
puccinia_hordei,svr_linear,5.391160985,5.257569307207558
puccinia_hordei,svr_linear,5.807178616,6.989302453561871
puccinia_hordei,svr_linear,5.667100245,6.145163493779717
puccinia_hordei,svr_linear,3.849916634,4.046236647040757
puccinia_hordei,svr_linear,5.999044022,5.38301199719276
puccinia_hordei,svr_linear,5.922888009,5.527573451123663
puccinia_hordei,svr_linear,3.364563149,3.8300007255494846
puccinia_hordei,svr_linear,4.344678804,4.1839167438140885
puccinia_hordei,svr_linear,3.844594026,4.422895718432533
puccinia_hordei,svr_linear,3.11067437,4.325138143991936
puccinia_hordei,svr_linear,5.16892617,4.510150959800193
puccinia_hordei,svr_linear,4.295867062,4.086571078421685
puccinia_hordei,svr_linear,3.811055463,4.425308317858476
puccinia_hordei,svr_linear,6.300599924,5.78429332721767
puccinia_hordei,svr_linear,3.603779553,4.5271620121461424
puccinia_hordei,svr_linear,5.107347502,4.537458943928085
puccinia_hordei,svr_linear,3.892149974,4.340484814321706
puccinia_hordei,svr_linear,6.037754899,6.051310004576976
puccinia_hordei,svr_linear,2.986500288,4.039077777957166
puccinia_hordei,svr_linear,5.085301335,5.271178330031971
puccinia_hordei,svr_linear,3.75953967,4.207916949620335
puccinia_hordei,svr_linear,3.867121615,5.1841916613771755
puccinia_hordei,svr_linear,4.934474187,4.277737188538843
puccinia_hordei,svr_linear,3.557623393,4.316334307940682
puccinia_hordei,svr_linear,3.694606242,3.7980249695931234
puccinia_hordei,svr_linear,3.743767297,3.2789179085039404
puccinia_hordei,svr_linear,4.811330702,4.383038698131966
puccinia_hordei,svr_linear,5.48575449,4.504750598700498
puccinia_hordei,svr_linear,3.439067514,3.7709542264320826
puccinia_hordei,svr_linear,4.79729568,3.504919098458766
puccinia_hordei,svr_linear,3.15352416,3.369741818552118
puccinia_hordei,svr_linear,5.882034504,6.143096102981614
puccinia_hordei,svr_linear,5.863594491,5.932116967881762
puccinia_hordei,svr_linear,5.769068013,5.961786504053411
puccinia_hordei,svr_linear,5.597621919,5.01864415319389
puccinia_hordei,svr_linear,4.087469778,3.7500905736368546
puccinia_hordei,svr_linear,5.297600796,4.787289549521986
puccinia_hordei,svr_linear,5.694146769,4.333230492712947
puccinia_hordei,svr_linear,4.916357531,3.8457657152179228
puccinia_hordei,svr_linear,4.013740811,4.687571356910305
puccinia_hordei,svr_linear,3.264362148,3.7462162121167992
puccinia_hordei,svr_linear,5.186607252,4.6927910563158255
puccinia_hordei,svr_linear,5.305322064,3.785889083740726
puccinia_hordei,svr_linear,4.034457326,4.021150250877939
puccinia_hordei,svr_linear,5.370473982,5.291031070681312
puccinia_hordei,svr_linear,3.665065449,3.786858025380237
puccinia_hordei,svr_linear,3.904151627,4.585292012662014
puccinia_hordei,svr_linear,3.465693914,4.507618127655242
puccinia_hordei,svr_linear,4.739315934,4.446849712687065
puccinia_hordei,svr_linear,4.677228227,4.640156454342495
puccinia_hordei,svr_linear,4.906338264,5.224730360530382
puccinia_hordei,svr_linear,4.245558176,3.8428143773860417
puccinia_hordei,svr_linear,4.059026695,4.486733076058999
puccinia_hordei,svr_linear,3.76358415,4.016628457176984
puccinia_hordei,svr_linear,4.184214872,3.621075485261466
puccinia_hordei,svr_linear,5.058798432,3.850320267100859
puccinia_hordei,svr_linear,4.008280335,4.9479413845659215
puccinia_hordei,svr_linear,5.643715611,5.248285177261911
puccinia_hordei,svr_linear,5.239935078,5.1272238930552785
puccinia_hordei,svr_linear,3.080240091,4.467758367293805
puccinia_hordei,svr_linear,3.779871727,4.803356541437252
puccinia_hordei,svr_linear,2.103124196,4.304508605904519
puccinia_hordei,svr_linear,3.148806516,3.7935406821794952
puccinia_hordei,svr_linear,5.663335825,4.933748023157584
puccinia_hordei,svr_linear,3.33456567,3.8021559428277616
puccinia_hordei,svr_linear,5.059118732,9.515574831946196
puccinia_hordei,svr_linear,2.91762368,3.989909018966826
puccinia_hordei,svr_linear,3.717596471,2.956872563367974
puccinia_hordei,svr_linear,3.569822237,4.1707954017929545
puccinia_hordei,svr_linear,3.002257017,4.3685808521009095
puccinia_hordei,svr_linear,6.497600366,6.425264389083834
puccinia_hordei,svr_linear,5.538474763,5.485931743144895
puccinia_hordei,svr_linear,5.852271628,4.813166124690964
puccinia_hordei,svr_linear,5.637326704,5.3226966961161
puccinia_hordei,svr_linear,4.083270138,4.270420098628073
puccinia_hordei,svr_linear,5.093261544,4.919866992773161
puccinia_hordei,svr_linear,4.848950102,4.805576154422829
puccinia_hordei,svr_linear,4.86946176,4.474726387295899
puccinia_hordei,svr_linear,4.583306968,4.895233091640728
puccinia_hordei,svr_linear,4.545383864,4.69605591234111
puccinia_hordei,svr_linear,4.701328131,5.156579449907589
puccinia_hordei,svr_linear,4.861684252,4.939657534150557
puccinia_hordei,svr_linear,6.000967952,5.625323448601661
puccinia_hordei,svr_linear,5.47049407,4.120123348544936
puccinia_hordei,svr_linear,6.004139063,5.007115294343498
puccinia_hordei,svr_linear,2.90591926,4.779695683287351
puccinia_hordei,svr_linear,3.595792888,4.865027764564816
puccinia_hordei,svr_linear,3.742547336,4.485906777637151
puccinia_hordei,svr_linear,3.926045157,4.9841283799145435
puccinia_hordei,svr_linear,4.10638058,4.611759107558753
puccinia_hordei,svr_linear,5.819141386,4.896457769150694
puccinia_hordei,svr_linear,3.852033452,4.762452731594586
puccinia_hordei,svr_linear,3.466896958,3.974892681063523
puccinia_hordei,svr_linear,3.121519459,4.386889832370083
puccinia_hordei,svr_linear,2.626746852,4.806645633446331
puccinia_hordei,svr_linear,5.524248201,4.772838578048111
puccinia_hordei,svr_linear,5.653535504,5.603641134076902
puccinia_hordei,svr_linear,5.375965049,4.508090977730448
puccinia_hordei,svr_linear,5.463966235,4.841725283182942
puccinia_hordei,svr_linear,4.934323666,5.4137448973851345
puccinia_hordei,svr_linear,5.856312,5.01996442301498
puccinia_hordei,svr_linear,5.074007487,4.763587032109921
puccinia_hordei,svr_linear,4.800183115,5.113120862520595
puccinia_hordei,svr_linear,4.848370155,5.1608917340756655
puccinia_hordei,svr_linear,5.71047576,4.998187912695929
puccinia_hordei,svr_linear,5.087022338,4.639666835539206
puccinia_hordei,svr_linear,4.127803289,4.869579285984894
puccinia_hordei,svr_linear,4.922041341,5.343450141319965
puccinia_hordei,svr_linear,4.82250767,4.648694600861712
puccinia_hordei,svr_linear,5.326418857,5.275607260290887
puccinia_hordei,svr_linear,5.656986911,4.9851937232814745
puccinia_hordei,svr_linear,5.602496487,5.062720860696524
puccinia_hordei,svr_linear,5.720915105,7.084872165946775
puccinia_hordei,svr_linear,5.050148355,4.789537031254927
puccinia_hordei,svr_linear,4.6183157,4.467341190278976
puccinia_hordei,svr_linear,6.028429495,4.534727923673783
puccinia_hordei,svr_linear,4.043158845,4.022519323010566
puccinia_hordei,svr_linear,5.538998703,4.994678837649569
puccinia_hordei,svr_linear,3.386979033,3.8889315112312155
puccinia_hordei,svr_linear,3.921671116,4.057864072991732
puccinia_hordei,svr_linear,3.857271585,4.139773699798746
puccinia_hordei,svr_linear,3.435175658,3.883708162216812
puccinia_hordei,svr_linear,4.965261045,4.803549288696219
puccinia_hordei,svr_linear,4.223525895,4.754868741714183
puccinia_hordei,svr_linear,3.455699374,4.776390756913606
puccinia_hordei,svr_linear,5.647607553,5.669620151056782
puccinia_hordei,svr_linear,4.703847485,4.741116919504739
puccinia_hordei,svr_linear,4.19960416,4.175311295987787
puccinia_hordei,svr_linear,4.751856953,5.04292755579914
puccinia_hordei,svr_linear,3.904698802,4.967465476806722
puccinia_hordei,svr_linear,4.969817642,3.7427829677371776
puccinia_hordei,svr_linear,3.625439002,3.7737700236152874
puccinia_hordei,svr_linear,4.669522589,4.335742516614974
puccinia_hordei,svr_linear,4.134243211,1.0388350058576759
puccinia_hordei,svr_linear,5.12332523,5.653590303425471
puccinia_hordei,svr_linear,3.986774417,3.9308975595215947
puccinia_hordei,svr_linear,5.174359391,2.16645595759517
puccinia_hordei,svr_linear,4.530805269,5.466935913024201
puccinia_hordei,svr_linear,4.531428282,4.411229493961359
puccinia_hordei,svr_linear,4.852406174,4.1491250413642184
puccinia_hordei,svr_linear,4.489280749,4.664175601970113
puccinia_hordei,svr_linear,4.633206945,4.431682023008644
puccinia_hordei,svr_linear,4.455678871,4.341869367927388
puccinia_hordei,svr_linear,5.41148054,4.648814454188276
puccinia_hordei,svr_linear,4.535905114,4.5534673831112
puccinia_hordei,svr_linear,4.549321502,5.067603972443258
puccinia_hordei,svr_linear,3.607289483,3.547731196857824
puccinia_hordei,svr_linear,3.907498686,4.593346714503348
puccinia_hordei,svr_linear,3.958437643,3.884769258981477
puccinia_hordei,svr_linear,5.106923718,4.604717858102227
puccinia_hordei,svr_linear,5.377003654,4.2850666395562165
puccinia_hordei,svr_linear,4.568067401,5.252243336305764
puccinia_hordei,svr_linear,6.09178368,5.722829457519691
puccinia_hordei,svr_linear,4.082630528,4.245252737041864
puccinia_hordei,svr_linear,4.438538148,4.606428299849381
puccinia_hordei,svr_linear,4.385093768,4.141409180749726
puccinia_hordei,svr_linear,3.692774327,4.654031128472043
puccinia_hordei,svr_linear,5.679074842,6.301705118151263
puccinia_hordei,svr_linear,4.647541678,4.659283877013185
puccinia_hordei,svr_linear,3.846789238,4.649709114368809
puccinia_hordei,svr_linear,4.346915323,4.854724484114165
puccinia_hordei,svr_linear,5.207567498,4.538219121193837
puccinia_hordei,svr_linear,3.362645237,3.3764633266742985
puccinia_hordei,svr_linear,4.313143032,4.442403075089552
puccinia_hordei,svr_linear,2.521830956,4.550740916147649
puccinia_hordei,svr_linear,4.672090341,4.0178793710107765
puccinia_hordei,svr_linear,5.510220644,5.841250699580606
puccinia_hordei,svr_linear,4.992737536,4.0483299322363635
puccinia_hordei,svr_linear,5.571061885,4.928891856612605
puccinia_hordei,svr_linear,4.839797396,3.510727080286876
puccinia_hordei,svr_linear,3.586721187,3.472027314301158
puccinia_hordei,svr_linear,4.094695229,4.475342337347135
puccinia_hordei,svr_linear,2.948983953,4.595346583902448
puccinia_hordei,svr_linear,5.739080027,5.147368824931229
puccinia_hordei,svr_linear,4.525223178,3.795530337652857
puccinia_hordei,svr_linear,3.430325804,3.4732325276450475
puccinia_hordei,svr_linear,4.825098332,4.380941682831134
puccinia_hordei,svr_linear,4.941104162,5.646832393158988
puccinia_hordei,svr_linear,3.102552644,3.7202600360011306
puccinia_hordei,svr_linear,5.041372359,4.173780255224925
puccinia_hordei,svr_linear,4.978419346,4.419862815137582
puccinia_hordei,svr_linear,5.419200692,4.140411438770558
puccinia_hordei,svr_linear,3.410690058,4.018902445384539
puccinia_hordei,svr_linear,5.160131284,5.240753110885604
puccinia_hordei,svr_linear,3.671626843,4.866061919539241
puccinia_hordei,svr_linear,4.468252791,4.521121504234493
puccinia_hordei,svr_linear,4.900481838,4.877766815467248
puccinia_hordei,svr_linear,5.903498933,5.852397319022597
puccinia_hordei,svr_linear,4.518984673,3.934393644227588
puccinia_hordei,svr_linear,5.295476952,6.332564063878529
puccinia_hordei,svr_linear,3.433155592,4.098362261861734
puccinia_hordei,svr_linear,3.558267531,3.7183442358877565
puccinia_hordei,svr_linear,4.136747266,4.7028307435939265
puccinia_hordei,svr_linear,6.029060577,5.3749548514417365
puccinia_hordei,svr_linear,5.014044238,5.012449316555826
puccinia_hordei,svr_linear,5.088079196,5.143968439955258
puccinia_hordei,svr_linear,3.975110727,3.527789161137881
puccinia_hordei,svr_linear,3.997853383,3.644324587785721
puccinia_hordei,svr_linear,5.109265525,3.4718092547973716
puccinia_hordei,svr_linear,4.057626893,5.631548118797191
puccinia_hordei,svr_linear,4.086296693,3.8733002719689704
puccinia_hordei,svr_linear,4.634814595,3.518631069877501
puccinia_hordei,svr_linear,2.555611844,3.413514404794805
puccinia_hordei,svr_linear,3.407975487,3.4290134921205837
puccinia_hordei,svr_linear,3.010003602,3.486798884686091
puccinia_hordei,svr_linear,5.481629511,6.621023253048698
puccinia_hordei,svr_linear,5.227385109,5.807272840368677
puccinia_hordei,svr_linear,4.80791175,6.89171050286993
puccinia_hordei,svr_linear,5.50703143,4.119932189633634
puccinia_hordei,svr_linear,3.096080413,4.904768617032023
puccinia_hordei,svr_linear,4.50764515,3.810666754762966
puccinia_hordei,svr_linear,4.319122344,4.6430802743599875
puccinia_hordei,svr_linear,3.824176995,4.301361671531805
puccinia_hordei,svr_linear,4.100141003,5.1227178944551355
puccinia_hordei,svr_linear,4.443141645,4.845329164012044
puccinia_hordei,svr_linear,2.971688826,3.7241105941741317
puccinia_hordei,svr_linear,3.696541077,3.691884723256951
puccinia_hordei,svr_linear,4.745375507,4.5710901321561614
puccinia_hordei,svr_linear,4.350952086,4.65092873390813
puccinia_hordei,svr_linear,4.86964648,4.439092152038224
puccinia_hordei,svr_linear,4.202576015,5.0302990985447344
puccinia_hordei,svr_linear,4.363643853,4.203325692272507
puccinia_hordei,svr_linear,3.896403524,4.649484617064065
puccinia_hordei,svr_linear,3.615140713,4.6147690766064295
puccinia_hordei,svr_linear,3.05812978,4.4256907670398595
puccinia_hordei,svr_linear,3.339806624,3.6100912471892146
puccinia_hordei,svr_linear,5.236616573,4.835454790095045
puccinia_hordei,svr_linear,3.16213825,4.556909627912195
puccinia_hordei,svr_linear,5.724021594,3.862512104936103
puccinia_hordei,svr_linear,3.497067139,4.650603970550833
puccinia_hordei,svr_linear,4.896840812,4.822588339506914
puccinia_hordei,svr_linear,3.949604005,3.6060263092223432
puccinia_hordei,svr_linear,4.428101252,4.176385491275648
puccinia_hordei,svr_linear,4.904667963,4.870774017643286
puccinia_hordei,svr_linear,4.081287755,4.164901363435143
puccinia_hordei,svr_linear,5.285811494,4.927243360967691
puccinia_hordei,svr_linear,4.896686515,5.006132818560536
puccinia_hordei,svr_linear,3.732297059,4.029725598390271
puccinia_hordei,svr_linear,4.420422042,5.461483067634023
puccinia_hordei,svr_linear,4.868603108,3.837669617737406
puccinia_hordei,svr_linear,3.899499026,4.4311570151715625
puccinia_hordei,svr_linear,4.013155235,5.016037904081819
puccinia_hordei,svr_linear,3.794360838,3.9746008725757886
puccinia_hordei,svr_linear,6.444457289,5.101645488882844
puccinia_hordei,svr_linear,5.197134184,5.950290906413184
puccinia_hordei,svr_linear,3.066799223,3.522611577989795
puccinia_hordei,svr_linear,6.620807864,6.238232433764026
puccinia_hordei,svr_linear,5.765854794,4.48839071099917
puccinia_hordei,svr_linear,6.19995437,5.87416511173818
puccinia_hordei,svr_linear,5.433274636,6.360212776183825
puccinia_hordei,svr_linear,6.38845092,5.634641957223448
puccinia_hordei,svr_linear,4.787595621,4.970222226765174
puccinia_hordei,svr_linear,5.525437754,4.384625983682793
puccinia_hordei,svr_linear,3.344554043,3.8861764729443813
puccinia_hordei,svr_linear,6.267438295,9.224550237449197
puccinia_hordei,svr_linear,5.544931122,4.508270191992555
puccinia_hordei,svr_linear,3.456472424,4.4737053712364485
puccinia_hordei,svr_linear,6.039983709,4.288035952370102
puccinia_hordei,svr_linear,5.44120136,5.5487331383102
puccinia_hordei,svr_linear,2.785763907,3.1537219995881545
puccinia_hordei,svr_linear,3.119575943,4.376317059525851
puccinia_hordei,svr_linear,5.35484517,4.7349137063330575
puccinia_hordei,svr_linear,4.120542269,4.850216019982646
puccinia_hordei,svr_linear,5.241229794,5.736089839996587
puccinia_hordei,svr_linear,5.099732813,5.7787728829459875
puccinia_hordei,svr_linear,5.705215963,4.8422569286113
puccinia_hordei,svr_linear,4.042952541,4.1073744617551515
puccinia_hordei,svr_linear,5.765191154,4.915140997098133
puccinia_hordei,svr_linear,4.817727217,5.279097663742398
puccinia_hordei,svr_linear,4.14271312,4.493074101359531
puccinia_hordei,svr_linear,4.05445961,4.019310498537977
puccinia_hordei,svr_linear,3.630235921,4.147745737819144
puccinia_hordei,svr_linear,5.316746772,6.017794945214513
puccinia_hordei,svr_linear,5.349038142,4.754253047725304
puccinia_hordei,svr_linear,4.297290653,4.903987363713321
puccinia_hordei,svr_linear,4.24629282,5.369048680003631
puccinia_hordei,svr_linear,3.577584274,3.6239326972761656
puccinia_hordei,svr_linear,4.252503562,4.334564674880353
puccinia_hordei,svr_linear,3.938115162,3.9353976284661862
puccinia_hordei,svr_linear,4.026439413,5.4292904079785105
puccinia_hordei,svr_linear,2.936467325,3.6526969956046127
puccinia_hordei,svr_linear,3.494077012,4.4170027754661385
puccinia_hordei,svr_linear,3.943247746,5.085705719129905
puccinia_hordei,svr_linear,4.004435333,5.3985808815846
puccinia_hordei,svr_linear,3.711776611,4.756804195306606
puccinia_hordei,svr_linear,3.495590721,4.828997269888413
puccinia_hordei,svr_linear,5.008356167,5.336880646781285
puccinia_hordei,svr_linear,4.030562748,4.664799979191672
puccinia_hordei,svr_linear,4.573895269,4.552606817194648
puccinia_hordei,svr_linear,3.830039131,4.803902685311523
puccinia_hordei,svr_linear,3.393259304,4.769525250350119
puccinia_hordei,svr_linear,4.598259415,4.852603037616095
puccinia_hordei,svr_linear,5.335554388,4.8156459719467115
puccinia_hordei,svr_linear,2.969744743,3.4838256381127977
puccinia_hordei,svr_linear,4.221697571,4.868128897376307
puccinia_hordei,svr_linear,4.263509389,4.188323614828839
puccinia_hordei,svr_linear,3.541075254,3.5194617578418064
puccinia_hordei,svr_linear,3.792012981,4.118856596327457
puccinia_hordei,svr_linear,4.271702693,3.8141646853786138
puccinia_hordei,svr_linear,4.16990622,4.7855387587587686
puccinia_hordei,svr_linear,5.107867709,4.673803170154707
puccinia_hordei,svr_linear,2.964698411,4.302290464657099
puccinia_hordei,svr_linear,3.864113318,3.640326247573971
puccinia_hordei,svr_linear,4.422938185,4.922816219892401
puccinia_hordei,svr_linear,5.521443783,4.816059889811217
puccinia_hordei,svr_linear,4.516980963,4.488816534233368
puccinia_hordei,svr_linear,3.661490862,3.365907706214224
puccinia_hordei,svr_linear,5.206190171,5.173016655182442
puccinia_hordei,svr_linear,4.163978409,4.288244990883042
puccinia_hordei,svr_linear,4.68621716,4.089343464920281
puccinia_hordei,svr_linear,4.643771431,7.279389197302743
puccinia_hordei,svr_linear,6.497719785,5.69623423608375
puccinia_hordei,svr_linear,4.712747766,5.673386932356896
puccinia_hordei,svr_linear,5.29316104,5.018345636883709
puccinia_hordei,svr_linear,3.850808413,5.4643082000203815
puccinia_hordei,svr_linear,2.817666015,4.363596240518012
puccinia_hordei,svr_linear,5.324818828,4.4172554234670764
puccinia_hordei,svr_linear,2.798906716,4.015905139685087
puccinia_hordei,svr_linear,3.326486445,4.0349587742976505
puccinia_hordei,svr_linear,5.758948123,5.582278335746094
puccinia_hordei,svr_linear,4.522150471,3.811435268300381
puccinia_hordei,svr_linear,4.19222051,3.559845933898972
puccinia_hordei,svr_linear,4.889351019,4.217839088241241
puccinia_hordei,svr_linear,3.349282165,3.9290695015957966
puccinia_hordei,svr_linear,4.894538768,4.9679401797499825
puccinia_hordei,svr_linear,5.577261257,5.201855350683337
puccinia_hordei,svr_linear,4.561562062,5.351648423520032
puccinia_hordei,svr_linear,5.051885203,4.131534480529557
puccinia_hordei,svr_linear,4.175492147,4.304643098169489
puccinia_hordei,svr_linear,5.821787061,5.857604860432413
puccinia_hordei,svr_linear,5.579656745,5.512851532323118
puccinia_hordei,svr_linear,4.862943299,5.930603978540877
puccinia_hordei,svr_linear,5.430246734,5.189307197636214
puccinia_hordei,svr_linear,4.226174685,4.17691409152273
puccinia_hordei,svr_linear,5.052717324,4.6532080651348995
puccinia_hordei,svr_linear,4.629827894,4.898195125533546
puccinia_hordei,svr_linear,3.83315006,3.7441087221635554
puccinia_hordei,svr_linear,3.3889216,3.8951828916085303
puccinia_hordei,svr_linear,3.165540835,4.31493705940187
puccinia_hordei,svr_linear,4.383542268,3.8465129606458794
puccinia_hordei,svr_linear,5.403716878,4.552098823126747
puccinia_hordei,svr_linear,4.539167507,4.653490909873687
puccinia_hordei,svr_linear,3.724590194,4.4259720554960165
puccinia_hordei,svr_linear,5.771486819,4.680904670710056
puccinia_hordei,svr_linear,4.952567492,5.142397238131724
puccinia_hordei,svr_linear,5.010515738,4.85867184521165
puccinia_hordei,svr_linear,5.263843284,4.2537976800878345
puccinia_hordei,svr_linear,2.657051554,4.6120490305108515
puccinia_hordei,svr_linear,4.748758793,5.32784584267324
puccinia_hordei,svr_linear,5.182112679,5.264505677074244
puccinia_hordei,svr_linear,5.179698314,4.986832119421296
puccinia_hordei,svr_linear,3.527817983,4.023662271373927
puccinia_hordei,svr_linear,4.009452371,4.6456418264139305
puccinia_hordei,svr_linear,3.364840056,4.167788426403017
puccinia_hordei,svr_linear,3.861971881,3.7502123768189066
puccinia_hordei,svr_linear,3.432145705,4.714512532685298
puccinia_hordei,svr_linear,4.868892999,4.836314723271549
puccinia_hordei,svr_linear,5.862539121,5.366093405108085
puccinia_hordei,svr_linear,4.034815353,4.484547654881791
puccinia_hordei,svr_linear,4.664127628,3.310598774759953
puccinia_hordei,svr_linear,3.285346936,4.106219317067725
puccinia_hordei,svr_linear,5.010424909,4.6740289110863245
puccinia_hordei,svr_linear,5.074368633,3.914350065270177
puccinia_hordei,svr_linear,5.241909893,5.076381547530435
puccinia_hordei,svr_linear,3.682242283,4.0599974074093135
puccinia_hordei,svr_linear,5.434867234,5.047470260075102
puccinia_hordei,svr_linear,5.6613006734999995,5.031072603790542
puccinia_hordei,svr_linear,3.229585757,4.044334722651365
puccinia_hordei,svr_linear,3.663392335,5.442026079259995
puccinia_hordei,svr_linear,4.960693099,5.273731056856455
puccinia_hordei,svr_linear,5.868809945,5.595861464896691
puccinia_hordei,svr_linear,4.890440306,4.587440564550883
puccinia_hordei,svr_linear,4.83733673,5.966638415367461
puccinia_hordei,svr_linear,4.692139715,5.580718344512944
puccinia_hordei,svr_linear,3.03867019,4.012665187796458
puccinia_hordei,svr_linear,5.583360352,5.154154802841809
puccinia_hordei,svr_linear,4.748978196,4.5028910639004645
puccinia_hordei,svr_linear,5.428134624,5.64051423527954
puccinia_hordei,svr_linear,2.977593898,3.9816118020182785
puccinia_hordei,svr_linear,4.658850812,5.181779412039271
puccinia_hordei,svr_linear,5.776782656,5.594744122466008
puccinia_hordei,svr_linear,4.082488022,4.037855419604126
puccinia_hordei,svr_linear,4.89567263,5.345794680905341
puccinia_hordei,svr_linear,4.20501813,3.4175548790182866
puccinia_hordei,svr_linear,2.729399592,3.8619445603847335
puccinia_hordei,svr_linear,3.653255173,3.7546108654559482
puccinia_hordei,svr_linear,5.872121331,5.065575425632775
puccinia_hordei,svr_linear,3.447762162,4.103068290031469
puccinia_hordei,svr_linear,4.676304311,4.510317674118979
puccinia_hordei,svr_linear,5.217024954,4.518173378316374
puccinia_hordei,svr_linear,3.207299013,3.555478059173332
puccinia_hordei,svr_linear,4.847468854,4.071747286890244
puccinia_hordei,svr_linear,4.830592296,3.9266362257931817
puccinia_hordei,svr_linear,3.339689623,4.189597822307214
puccinia_hordei,svr_linear,3.488740747,4.83063677863024
puccinia_hordei,svr_linear,3.439518465,3.8867745883943847
puccinia_hordei,svr_linear,5.833532868,6.310070066657372
puccinia_hordei,svr_linear,5.726448185,5.984021337842677
puccinia_hordei,svr_linear,3.780428288,4.087017138886031
puccinia_hordei,svr_linear,5.527012979,6.115815216629624
puccinia_hordei,svr_linear,5.843337056,6.0875986962508435
puccinia_hordei,svr_linear,5.2576874,5.720141966427314
puccinia_hordei,svr_linear,3.022248958,4.054052606719932
puccinia_hordei,svr_linear,6.685474056,5.694442770305884
puccinia_hordei,svr_linear,5.86449009,5.33864992802318
puccinia_hordei,svr_linear,5.954275428,5.658402507731521
puccinia_hordei,svr_linear,3.28654681,4.58368854537984
puccinia_hordei,svr_linear,3.85782238,4.110122373761084
puccinia_hordei,svr_linear,4.481067802,4.565683192050219
puccinia_hordei,svr_linear,4.400099721,4.995929230964972
puccinia_hordei,svr_linear,4.782022514,5.183997643179816
puccinia_hordei,svr_linear,4.825730713,5.179635768756813
puccinia_hordei,svr_linear,5.691663641,4.926598897313491
puccinia_hordei,svr_linear,5.104549447,5.177486353306092
puccinia_hordei,svr_linear,4.642575309,5.136628552373001
puccinia_hordei,svr_linear,5.396360299,4.682056327887604
puccinia_hordei,svr_linear,4.550016155,5.077795335291436
puccinia_hordei,svr_linear,5.414262648,4.87913196454902
puccinia_hordei,svr_linear,5.24630128,5.177886531491786
puccinia_hordei,svr_linear,5.498271636,4.880189024935211
puccinia_hordei,svr_linear,5.473429974,5.020680871538775
puccinia_hordei,svr_linear,4.82153375,5.136619473446281
puccinia_hordei,svr_linear,3.482597714,4.572795327690825
puccinia_hordei,svr_linear,5.927656802,5.788325368422463
puccinia_hordei,svr_linear,5.826212559,6.015465821069863
puccinia_hordei,svr_linear,5.759761174,5.729580757040483
puccinia_hordei,svr_linear,6.341249515,5.955066911797069
puccinia_hordei,svr_linear,5.67509724,6.245582282852824
puccinia_hordei,svr_linear,4.91831111,5.684709029009698
puccinia_hordei,svr_linear,6.141965853,5.3427159041505075
puccinia_hordei,svr_linear,3.993190548,5.40414491572779
puccinia_hordei,svr_linear,3.347731522,5.603034183647399
puccinia_hordei,svr_linear,5.277420574,5.076297288572158
puccinia_hordei,svr_linear,5.970150625,5.13980554979503
puccinia_hordei,svr_linear,3.49127002,3.5326060709373817
puccinia_hordei,svr_linear,3.753245093,3.397042626605563
puccinia_hordei,svr_linear,2.332783491,3.431845511094239
puccinia_hordei,svr_linear,2.683943119,3.885182032290986
puccinia_hordei,svr_linear,3.738838783,4.775846442704742
puccinia_hordei,svr_linear,4.279829602,4.51249695254321
puccinia_hordei,svr_linear,5.905016495,5.132730153146413
puccinia_hordei,svr_linear,5.385033333,4.760949026234411
puccinia_hordei,svr_linear,4.386601769,4.105108328431366
puccinia_hordei,svr_linear,4.028763501,3.7886505087853335
puccinia_hordei,svr_linear,4.700050791,5.678237435516413
puccinia_hordei,svr_linear,3.365292138,3.5910676229628486
puccinia_hordei,svr_linear,2.953068205,5.72916663980935
puccinia_hordei,svr_linear,5.433006589,4.519365488901769
puccinia_hordei,svr_linear,3.007970722,3.5988080214357927
puccinia_hordei,svr_linear,4.275437384,4.012393020986552
puccinia_hordei,svr_linear,2.709740814,3.3868715150957818
puccinia_hordei,svr_linear,4.292255029,4.724816593395589
puccinia_hordei,svr_linear,5.886303936,7.361190756828583
puccinia_hordei,svr_linear,3.480316969,4.859616319387941
puccinia_hordei,svr_linear,4.333216835,4.6273882187715145
puccinia_hordei,svr_linear,3.920769911,4.777867184903972
puccinia_hordei,svr_linear,3.513263431,3.637384181053287
puccinia_hordei,svr_linear,4.646092256,5.0258442775146825
puccinia_hordei,svr_linear,5.74539154,4.8161783596289
puccinia_hordei,svr_linear,3.931890687,4.117909491866807
puccinia_hordei,svr_linear,3.897114854,4.159821119940418
puccinia_hordei,svr_linear,5.771386368,6.540120305437604
puccinia_hordei,svr_linear,4.403653465,3.9378766363562407
puccinia_hordei,svr_linear,4.425953405,4.743471203136868
puccinia_hordei,svr_linear,3.73658681,3.686833171926998
puccinia_hordei,svr_linear,3.95518653,3.3530756427541224
puccinia_hordei,svr_linear,3.817785793,3.3099168671456516
puccinia_hordei,svr_linear,3.130920046,4.6622013841323735
puccinia_hordei,svr_linear,5.59360552,5.200793142368186
puccinia_hordei,svr_linear,4.84819905,4.208106510973192
puccinia_hordei,svr_linear,3.201428656,3.2208655548851373
puccinia_hordei,svr_linear,3.409885012,3.148316367407833
puccinia_hordei,svr_linear,3.764890926,3.7846711340241037
puccinia_hordei,svr_linear,5.814374148,5.955270737638218
puccinia_hordei,svr_linear,3.728880277,4.725998100580682
puccinia_hordei,svr_linear,5.910693124,4.496737921602637
puccinia_hordei,svr_linear,5.489845179,3.636694570851149
puccinia_hordei,svr_linear,3.14263305,3.7336460446909685
puccinia_hordei,svr_linear,2.854584712,4.075161386425088
puccinia_hordei,svr_linear,6.29308379,4.341023642348997
puccinia_hordei,svr_linear,5.486235387,3.8611487053524223
puccinia_hordei,svr_linear,4.828328054,4.200175035216466
puccinia_hordei,svr_linear,3.600879732,4.429396025232343
puccinia_hordei,svr_linear,3.013072399,3.8171688103776953
puccinia_hordei,svr_linear,6.978953069,4.629197947495694
puccinia_hordei,svr_linear,4.099397844,4.540335632003569
puccinia_hordei,svr_linear,6.28062142,4.415267538274175
puccinia_hordei,svr_linear,5.216375639,4.184617553513805
puccinia_hordei,svr_linear,3.926738647,4.218882204454123
puccinia_hordei,svr_linear,2.994304006,4.456490106489094
puccinia_hordei,svr_linear,4.452775001,4.825738365030383
puccinia_hordei,svr_linear,3.492837986,4.334951277317619
puccinia_hordei,svr_linear,6.660369389,6.060578626555719
puccinia_hordei,svr_linear,6.000833412,4.571501043643146
puccinia_hordei,svr_linear,3.706879108,4.639264029294423
puccinia_hordei,svr_linear,4.410125616,4.667883904530136
puccinia_hordei,svr_linear,3.893309743,4.152039617564006
puccinia_hordei,svr_linear,3.366426244,3.564632747606118
puccinia_hordei,svr_linear,6.28583978,3.769795092575369
puccinia_hordei,svr_linear,5.410506064,3.7467264824359425
puccinia_hordei,svr_linear,4.928978647,4.335520528792843
puccinia_hordei,svr_linear,5.56034475,4.138698616887696
puccinia_hordei,svr_linear,4.20630793,4.9281182290600265
puccinia_hordei,svr_linear,5.766364463,3.6480214526667485
puccinia_hordei,svr_linear,4.461187988,4.439720782011524
puccinia_hordei,svr_linear,4.391928618,4.477377588913724
puccinia_hordei,svr_linear,4.951212932,4.182234483904202
puccinia_hordei,svr_linear,3.100514446,4.555835806081774
puccinia_hordei,svr_linear,3.65550809,3.5483529113445638
puccinia_hordei,svr_linear,5.154977936,5.287668823577269
puccinia_hordei,svr_linear,3.574311524,3.550933524763333
puccinia_hordei,svr_linear,4.512866397,4.433958549150251
puccinia_hordei,svr_linear,3.189763183,4.076225579504337
puccinia_hordei,svr_linear,4.515335705,4.759956362000497
puccinia_hordei,svr_linear,4.587312235,3.8936180775766505
puccinia_hordei,svr_linear,4.645168871,4.703337021755709
puccinia_hordei,svr_linear,3.843870823,4.6008074880671845
puccinia_hordei,svr_linear,6.080432576,6.67189480889563
puccinia_hordei,svr_linear,5.473671975,5.021463563657923
puccinia_hordei,svr_linear,5.79300262,4.333988140486174
puccinia_hordei,svr_linear,5.246789933,4.7175828985639505
puccinia_hordei,svr_linear,6.973048002,6.972978785978281
puccinia_hordei,svr_linear,3.250193053,4.875201512046797
puccinia_hordei,svr_linear,4.609314309,4.876837186052009
puccinia_hordei,svr_linear,3.542777887,3.969166227684753
puccinia_hordei,svr_linear,6.389609511,6.154291533442251
puccinia_hordei,svr_linear,7.702860857,5.396210387126925
puccinia_hordei,svr_linear,6.772145694,5.663194618449246
puccinia_hordei,svr_linear,6.590323465,5.552012961434938
puccinia_hordei,svr_linear,7.85144456,6.246649755634738
puccinia_hordei,svr_linear,7.044387211,5.351817840311478
puccinia_hordei,svr_linear,7.327804153,5.9186139555995965
puccinia_hordei,svr_linear,6.962556899,5.271216822314105
puccinia_hordei,svr_linear,5.122119826,4.296042799761078
puccinia_hordei,svr_linear,7.327437091,5.876512106736735
puccinia_hordei,svr_linear,7.444561933,5.551720488483851
puccinia_hordei,svr_linear,3.666045076,4.846903216549383
puccinia_hordei,svr_linear,4.634229918,4.8167652280695945
puccinia_hordei,svr_linear,6.243156559,5.56588987016731
puccinia_hordei,svr_linear,7.679669242,5.433765042519466
puccinia_hordei,svr_linear,7.626089798,5.053749817777076
puccinia_hordei,svr_linear,4.607272932,5.0106978137570755
puccinia_hordei,svr_linear,5.116937701,4.758786135521088
puccinia_hordei,svr_linear,6.258365644,4.71002223889048
puccinia_hordei,svr_linear,6.400456816,4.782340515450096
puccinia_hordei,svr_linear,4.731585335,4.782037714405277
puccinia_hordei,svr_linear,7.939244019,5.743876755270598
puccinia_hordei,svr_linear,7.059298658,5.051758479095367
puccinia_hordei,svr_linear,5.005057076,4.421939584550174
puccinia_hordei,svr_linear,7.231759129,5.0834831685143
puccinia_hordei,svr_linear,7.478580528,4.446429075769826
puccinia_hordei,svr_linear,6.147850097,4.337449382079909
puccinia_hordei,svr_linear,6.326648927,4.883213824308179
puccinia_hordei,svr_linear,3.499184401,4.643398060093505
puccinia_hordei,svr_linear,4.006980044,4.23363476880726
puccinia_hordei,svr_linear,4.747942198,4.170045172951817
puccinia_hordei,svr_linear,5.755382146,4.567013294972044
puccinia_hordei,svr_linear,5.427565557,4.526898128862006
puccinia_hordei,svr_linear,5.198219102,5.524575590771357
puccinia_hordei,svr_linear,6.734494454,4.974311410111717
puccinia_hordei,svr_linear,7.47009636,5.702776181717894
puccinia_hordei,svr_linear,3.597395332,3.653875775584428
puccinia_hordei,svr_linear,4.002905548,3.776514587465747
puccinia_hordei,svr_linear,7.476520184,5.617856462873681
puccinia_hordei,svr_linear,4.861004285,6.1276720048054045
puccinia_hordei,svr_linear,8.093166541,5.528760824368655
puccinia_hordei,svr_linear,6.819796492,4.00950667132288
puccinia_hordei,svr_linear,3.849530618,4.262560195077014
puccinia_hordei,svr_linear,4.377696448,4.815418041122551
puccinia_hordei,svr_linear,6.34619391,4.209029998824684
puccinia_hordei,svr_linear,6.73611763,7.016760556064111
puccinia_hordei,svr_linear,5.149779317,4.987980510712411
puccinia_hordei,svr_linear,6.073667991,4.977856738694441
puccinia_hordei,svr_linear,6.278210338,4.913737018018635
puccinia_hordei,svr_linear,6.652321365,4.470894548387579
puccinia_hordei,svr_linear,4.744101861,5.466031520821139
puccinia_hordei,svr_linear,4.519386415,4.781639618960808
puccinia_hordei,svr_linear,5.131927331,4.632901816611471
puccinia_hordei,svr_linear,3.290128528,4.756842138469349
puccinia_hordei,svr_linear,4.322166549,4.371065586564194
puccinia_hordei,svr_linear,7.3685328,4.2969162342382266
puccinia_hordei,svr_linear,4.747206199,4.071552826819119
puccinia_hordei,svr_linear,5.39248977,4.737357964233898
puccinia_hordei,svr_linear,4.628830582,4.548361595951865
puccinia_hordei,svr_linear,5.586630558,5.0616996049839305
puccinia_hordei,svr_linear,4.819397731,4.09279801198766
puccinia_hordei,svr_linear,5.882579651,4.328754789954125
puccinia_hordei,svr_linear,3.882566594,5.227243591411727
puccinia_hordei,svr_linear,4.25260685,3.8868514659548623
puccinia_hordei,svr_linear,3.422757421,4.211287668065954
puccinia_hordei,svr_linear,4.66690479,3.8662620519863493
puccinia_hordei,svr_linear,3.369868257,4.887882915084267
puccinia_hordei,svr_linear,5.798976521,4.912268484307346
puccinia_hordei,svr_linear,5.044229551,6.069182849586855
puccinia_hordei,svr_linear,6.070301802,4.991081195543184
puccinia_hordei,svr_linear,4.320681985,4.304057882716562
puccinia_hordei,svr_linear,5.887386159,4.467547820918482
puccinia_hordei,svr_linear,3.884277193,4.6933842812647395
puccinia_hordei,svr_linear,5.015881165,4.507322430790125
puccinia_hordei,svr_linear,5.493784573,4.951730665024586
puccinia_hordei,svr_linear,7.264382377,4.378414903369376
puccinia_hordei,svr_linear,4.459435086,4.629621225079329
puccinia_hordei,svr_linear,3.864537645,4.721348215900901
puccinia_hordei,svr_linear,5.745644342,4.644347533981237
puccinia_hordei,svr_linear,5.126994484,4.763897512120322
puccinia_hordei,svr_linear,6.735798354,5.044229247997607
puccinia_hordei,svr_linear,4.948915492,4.8913350908123965
puccinia_hordei,svr_linear,5.17573623,4.697318101321046
puccinia_hordei,svr_linear,4.056998575,4.379804863142214
puccinia_hordei,svr_linear,3.981486084,4.188359979557732
puccinia_hordei,svr_linear,6.538963069,5.530324692055886
puccinia_hordei,svr_linear,5.048118279,4.743355474813927
puccinia_hordei,svr_linear,5.748510962,4.535239095353724
puccinia_hordei,svr_linear,4.359883824,4.1415734558367525
puccinia_hordei,svr_linear,4.267503833,4.399592668452029
puccinia_hordei,svr_linear,5.310756612,4.152764899440516
puccinia_hordei,svr_linear,7.063812889,5.329236133668694
puccinia_hordei,svr_linear,5.48973374,4.384817970009595
puccinia_hordei,svr_linear,5.461725521,4.673534998047189
puccinia_hordei,svr_linear,4.562018473,4.839827836526086
puccinia_hordei,svr_linear,7.459779078,5.617814907439775
puccinia_hordei,svr_linear,4.127580151,5.356871735080664
puccinia_hordei,svr_linear,3.642940767,5.35510635567174
puccinia_hordei,svr_linear,4.862029809,6.0514366333259275
puccinia_hordei,svr_linear,5.249207065,4.389381603775048
puccinia_hordei,svr_linear,5.217444844,4.910945540565069
puccinia_hordei,svr_linear,4.849444904,4.783810299615803
puccinia_hordei,svr_linear,5.160133421,4.771501991564113
puccinia_hordei,svr_linear,5.52739809,4.557882097363666
puccinia_hordei,svr_linear,2.868919948,4.420341799524906
puccinia_hordei,svr_linear,4.730945872,4.11921503633225
puccinia_hordei,svr_linear,5.173872249,4.718910035651904
puccinia_hordei,svr_linear,3.658997027,5.014646993989608
puccinia_hordei,svr_linear,7.236860124,4.467955346733585
puccinia_hordei,svr_linear,4.299447722,4.066495484002647
puccinia_hordei,svr_linear,5.426322312,4.503569500681818
puccinia_hordei,svr_linear,5.950832849,4.398886388991991
puccinia_hordei,svr_linear,5.213057779,4.783911347171969
puccinia_hordei,svr_linear,4.865274488,5.031592880359619
puccinia_hordei,svr_linear,4.867723082,4.285466545296815
puccinia_hordei,svr_linear,5.143924962,4.396313098704927
puccinia_hordei,svr_linear,3.968176135,4.716491592455803
puccinia_hordei,svr_linear,4.066935446,4.295348989350335
puccinia_hordei,svr_linear,3.950058107,3.6702157133418103
puccinia_hordei,svr_linear,4.536593529,4.390313673950201
puccinia_hordei,svr_linear,3.416596015,3.6284434478420167
puccinia_hordei,svr_linear,7.650137699,4.077564578613477
puccinia_hordei,svr_linear,5.398832602,4.560378259648406
puccinia_hordei,svr_linear,7.284788597,5.142033995382479
puccinia_hordei,svr_linear,5.354730654,4.56728768702753
puccinia_hordei,svr_linear,4.885314141,5.188606495557836
puccinia_hordei,svr_linear,4.240043797,5.028652179998814
puccinia_hordei,svr_linear,4.641064941,4.9015848011322385
puccinia_hordei,svr_linear,5.143507319,4.725574036663236
puccinia_hordei,svr_linear,6.03631095,3.9994292015719997
puccinia_hordei,svr_linear,4.225547042,4.810875940490021
puccinia_hordei,svr_linear,5.836061598,4.0466056460679845
puccinia_hordei,svr_linear,5.167076556,4.301503161086615
puccinia_hordei,svr_linear,4.036781422,4.281546920418867
puccinia_hordei,svr_linear,4.417839463,4.825099446809194
puccinia_hordei,svr_linear,3.639976681,4.186110001828919
puccinia_hordei,svr_linear,5.987516619,4.3010299205897855
puccinia_hordei,svr_linear,4.494502967,4.536121942574655
puccinia_hordei,svr_linear,6.156348025,4.962665073895556
puccinia_hordei,svr_linear,6.656670676,5.504631149684556
puccinia_hordei,svr_linear,4.422635503,5.442611687790748
puccinia_hordei,svr_linear,5.43325413,5.390214319782053
puccinia_hordei,svr_linear,5.842569008,4.915948907571768
puccinia_hordei,svr_linear,5.489107666,4.616245216882936
puccinia_hordei,svr_linear,4.737523018,4.736578289202856
puccinia_hordei,svr_linear,5.208242913,4.407242619650846
puccinia_hordei,svr_linear,2.925686915,4.8581710653994366
puccinia_hordei,svr_linear,5.467036268,3.9951694982494836
puccinia_hordei,svr_linear,5.188375335,4.5602044793523895
puccinia_hordei,svr_linear,4.171336165,4.3004958305664465
puccinia_hordei,svr_linear,5.553508835,5.89731251682605
puccinia_hordei,svr_linear,6.924642944,5.914353027186966
puccinia_hordei,svr_linear,5.136772164,4.817790778523
puccinia_hordei,svr_linear,7.124137334,-9.426174964766094
puccinia_hordei,svr_linear,5.315779948,6.443007026835065
puccinia_hordei,svr_linear,4.694676045,5.201885449595872
puccinia_hordei,svr_linear,5.049195782,4.904988839901189
puccinia_hordei,svr_linear,6.22060281,5.107432435237193
puccinia_hordei,svr_linear,4.057733594,4.443048135012543
puccinia_hordei,svr_linear,3.985132155,4.685604234184884
puccinia_hordei,svr_linear,3.66628953,4.406968270304405
puccinia_hordei,svr_linear,5.895013112,4.60257431406971
puccinia_hordei,svr_linear,4.885329568,4.843312346032329
puccinia_hordei,svr_linear,4.884830023,4.619968808540476
puccinia_hordei,svr_linear,4.398845747,4.804743126401008
puccinia_hordei,svr_linear,3.764212472,4.790135854660774
puccinia_hordei,svr_linear,3.886758025,4.352056782678505
puccinia_hordei,svr_linear,5.147600028,4.14784917445616
puccinia_hordei,svr_linear,4.314173173,4.740737475451633
puccinia_hordei,svr_linear,4.471529445,4.919941840364905
puccinia_hordei,svr_linear,5.16214936,4.890014999448464
puccinia_hordei,svr_linear,4.515009561,4.7138500602335105
puccinia_hordei,svr_linear,3.763589436,5.164930271526386
puccinia_hordei,svr_linear,5.170574619,4.785764743747011
puccinia_hordei,svr_linear,4.511233328,4.306135705955364
puccinia_hordei,svr_linear,8.067492668,6.308551408259811
puccinia_hordei,svr_linear,4.361056318,4.669081482241241
puccinia_hordei,svr_linear,6.480310919,5.124405227515311
puccinia_hordei,svr_linear,4.94419022,4.627249119474904
puccinia_hordei,svr_linear,3.049792542,3.8906056916267633
puccinia_hordei,svr_linear,4.208752825,4.206926934541978
puccinia_hordei,svr_linear,5.225720404,4.215475501645026
puccinia_hordei,svr_linear,4.217569149,4.592479853547411
puccinia_hordei,svr_linear,4.270095325,4.647740272532378
puccinia_hordei,svr_linear,4.867465776,4.10764652620215
puccinia_hordei,svr_linear,3.021471829,4.554304225856075
puccinia_hordei,svr_linear,4.064916933,4.354967380876915
puccinia_hordei,svr_linear,3.465709765,9.738987695328863
puccinia_hordei,svr_linear,4.48112822,4.700015080527151
puccinia_hordei,svr_linear,6.455532845,5.696689613570458
puccinia_hordei,svr_linear,6.188745677,4.562788612560533
puccinia_hordei,svr_linear,6.390215263,4.153294438332923
puccinia_hordei,svr_linear,4.584778207,4.614404741889135
puccinia_hordei,svr_linear,5.127639253,4.681469163055941
puccinia_hordei,svr_linear,5.640975082,4.480534662051055
puccinia_hordei,svr_linear,4.199636259,4.488104295451807
puccinia_hordei,svr_linear,5.782022612,4.360146541642898
puccinia_hordei,svr_linear,6.01106057,4.793259196958433
puccinia_hordei,svr_linear,4.612048952,5.4688524400788125
puccinia_hordei,svr_linear,4.891330052,4.722811714774791
puccinia_hordei,svr_linear,4.045849095,4.076845662650292
puccinia_hordei,svr_linear,3.912457511,4.748755065988815
puccinia_hordei,svr_linear,5.493977556,4.009127546864364
puccinia_hordei,svr_linear,4.795768896,4.271785391883974
puccinia_hordei,svr_linear,5.988599249,4.749344296460055
puccinia_hordei,svr_linear,2.905339463,4.1914744463598845
puccinia_hordei,svr_linear,4.946174224,4.476745389633425
puccinia_hordei,svr_linear,4.660712258,5.233364923896634
puccinia_hordei,svr_linear,4.561313541,4.252280069645764
puccinia_hordei,svr_linear,2.982930532,4.355735267456518
puccinia_hordei,svr_linear,3.210027499,4.652492605222693
puccinia_hordei,svr_linear,3.605301178,4.628505986699838
puccinia_hordei,svr_linear,7.41107463,4.642501399969413
puccinia_hordei,svr_linear,6.575702367,6.37277062621718
puccinia_hordei,svr_linear,4.461074907,4.216865581884349
puccinia_hordei,svr_linear,6.522792196,5.5456837121715346
puccinia_hordei,svr_linear,3.681549496,4.301056358419471
puccinia_hordei,svr_linear,4.213584611,4.978734155824997
puccinia_hordei,svr_linear,5.593371537,4.72216475396662
puccinia_hordei,svr_linear,3.217875897,4.357048298764896
puccinia_hordei,svr_linear,5.272623229,4.581053566777855
puccinia_hordei,svr_linear,5.587370321,5.228685325899688
puccinia_hordei,svr_linear,6.134679473,5.008535278239601
puccinia_hordei,svr_linear,3.658027429,4.76025111204382
puccinia_hordei,svr_linear,4.431011159,4.646236495976278
puccinia_hordei,svr_linear,4.465605687,3.6762702468501365
puccinia_hordei,svr_linear,6.22094112,4.227020837634109
puccinia_hordei,svr_linear,3.653623009,4.087847713465849
puccinia_hordei,svr_linear,3.674036726,3.647304008395989
puccinia_hordei,svr_linear,1.749900931,3.2808415414303616
puccinia_hordei,svr_linear,2.159521207,3.5603216960273634
puccinia_hordei,svr_linear,5.072514591,3.9443664688213502
puccinia_hordei,svr_linear,7.783960463,5.889898172503573
puccinia_hordei,svr_linear,6.628729405,5.452664059980153
puccinia_hordei,svr_linear,3.092675575,3.9994732982535046
puccinia_hordei,svr_linear,5.87886159,4.617617016923354
puccinia_hordei,svr_linear,3.80887168,4.36669934453815
ramularia_collo_cygni,svr_linear,3.42831066,4.119475486279379
ramularia_collo_cygni,svr_linear,4.365826741,3.9983720474229383
ramularia_collo_cygni,svr_linear,4.500978139,3.7154169504157735
ramularia_collo_cygni,svr_linear,4.437046039,4.014401396532254
ramularia_collo_cygni,svr_linear,3.094091779,3.936468782228449
ramularia_collo_cygni,svr_linear,4.521557705,3.8027025868236373
ramularia_collo_cygni,svr_linear,4.385427381,3.9609903843659247
ramularia_collo_cygni,svr_linear,3.302585212,3.8916239815517346
ramularia_collo_cygni,svr_linear,3.745519057,4.162673582798755
ramularia_collo_cygni,svr_linear,2.589831131,3.728352542390393
ramularia_collo_cygni,svr_linear,3.714680823,3.733105020219792
ramularia_collo_cygni,svr_linear,3.700189432,3.788115394458921
ramularia_collo_cygni,svr_linear,3.362848265,4.130926100998741
ramularia_collo_cygni,svr_linear,4.31236669,3.5606413227113913
ramularia_collo_cygni,svr_linear,5.283981982,3.9562947847058814
ramularia_collo_cygni,svr_linear,4.596461477,4.115234275513475
ramularia_collo_cygni,svr_linear,3.320986172,3.8909935459587253
ramularia_collo_cygni,svr_linear,4.138210508,4.06814320343676
ramularia_collo_cygni,svr_linear,3.765495759,3.837749866323415
ramularia_collo_cygni,svr_linear,4.170570139,4.207385593000067
ramularia_collo_cygni,svr_linear,4.072371337,3.998509376225832
ramularia_collo_cygni,svr_linear,3.865577065,3.903098107174086
ramularia_collo_cygni,svr_linear,5.289792753,3.8330365020001844
ramularia_collo_cygni,svr_linear,3.773536525,3.7253351627186295
ramularia_collo_cygni,svr_linear,4.037617072,3.8824689715851197
ramularia_collo_cygni,svr_linear,4.417133438,3.943888577446812
ramularia_collo_cygni,svr_linear,4.038302282,3.477010171374953
ramularia_collo_cygni,svr_linear,3.430470077,4.113377535613679
ramularia_collo_cygni,svr_linear,2.85184877,3.9303782486784797
ramularia_collo_cygni,svr_linear,3.930260901,3.869003575224839
ramularia_collo_cygni,svr_linear,4.203571359,3.900682517174111
ramularia_collo_cygni,svr_linear,3.817322722,4.113728380488953
ramularia_collo_cygni,svr_linear,4.179563889,4.140462163328985
ramularia_collo_cygni,svr_linear,3.333262525,3.737221287738403
ramularia_collo_cygni,svr_linear,4.316585924,3.940722330269659
ramularia_collo_cygni,svr_linear,3.064781666,3.916347973934659
ramularia_collo_cygni,svr_linear,3.387541643,4.001485091524119
ramularia_collo_cygni,svr_linear,4.036693317,4.01945930530726
ramularia_collo_cygni,svr_linear,3.36014906,4.071030141614184
ramularia_collo_cygni,svr_linear,5.088292905,3.9310243071207536
ramularia_collo_cygni,svr_linear,3.402715799,3.848745758682561
ramularia_collo_cygni,svr_linear,4.53295124,3.9562558274423845
ramularia_collo_cygni,svr_linear,3.751793022,4.085666204680862
ramularia_collo_cygni,svr_linear,3.973647393,4.081864302348758
ramularia_collo_cygni,svr_linear,3.974826325,3.9321651278562295
ramularia_collo_cygni,svr_linear,3.849774107,3.976798005018534
ramularia_collo_cygni,svr_linear,4.78646123,4.087913369168551
ramularia_collo_cygni,svr_linear,2.988031234,4.128445311248851
ramularia_collo_cygni,svr_linear,4.080663826,3.8735230009632593
ramularia_collo_cygni,svr_linear,3.558470747,3.844482067597625
ramularia_collo_cygni,svr_linear,4.756529725,3.9555671306338636
ramularia_collo_cygni,svr_linear,4.215241727,3.929091491296988
ramularia_collo_cygni,svr_linear,4.448866604,4.08591102733752
ramularia_collo_cygni,svr_linear,4.34311344,3.968539784359884
ramularia_collo_cygni,svr_linear,3.245382506,3.9165637144523666
ramularia_collo_cygni,svr_linear,4.791254677,3.8143608423221846
ramularia_collo_cygni,svr_linear,3.970313676,4.159307703440336
ramularia_collo_cygni,svr_linear,2.806980064,3.8816745043760204
ramularia_collo_cygni,svr_linear,3.347413123,3.9832447796623947
ramularia_collo_cygni,svr_linear,3.649279464,4.119746143242184
ramularia_collo_cygni,svr_linear,3.693710974,3.9677207621574735
ramularia_collo_cygni,svr_linear,3.184434296,4.103844696316938
ramularia_collo_cygni,svr_linear,3.000614552,3.897775598859472
ramularia_collo_cygni,svr_linear,4.274323001,3.5380584956479733
ramularia_collo_cygni,svr_linear,4.238150826,3.935690651828092
ramularia_collo_cygni,svr_linear,4.853581407,3.9853695068810313
ramularia_collo_cygni,svr_linear,2.973693739,3.896486172791476
ramularia_collo_cygni,svr_linear,2.923482933,3.93650236694463
ramularia_collo_cygni,svr_linear,4.408453061,3.8537873970298397
ramularia_collo_cygni,svr_linear,3.875791798,4.020063988802682
ramularia_collo_cygni,svr_linear,3.194287141,4.083189391349664
ramularia_collo_cygni,svr_linear,3.165124262,3.739849359479657
ramularia_collo_cygni,svr_linear,4.308725802,3.776834756471239
ramularia_collo_cygni,svr_linear,4.675516423,3.822324299362445
ramularia_collo_cygni,svr_linear,5.296268304,4.084479640114907
ramularia_collo_cygni,svr_linear,4.182686034,4.022785342784738
ramularia_collo_cygni,svr_linear,3.486470521,3.7854157221569356
ramularia_collo_cygni,svr_linear,4.532100579,3.624893175187467
ramularia_collo_cygni,svr_linear,4.061512428,3.9287878893236083
ramularia_collo_cygni,svr_linear,4.745048095,3.846766659347569
ramularia_collo_cygni,svr_linear,3.314666414,4.011778156899307
ramularia_collo_cygni,svr_linear,5.051852949,3.8477948480258712
ramularia_collo_cygni,svr_linear,3.862011819,3.7427608044801017
ramularia_collo_cygni,svr_linear,4.671023008,3.9154301731498244
ramularia_collo_cygni,svr_linear,3.757631532,3.9768248441766056
ramularia_collo_cygni,svr_linear,3.509173338,3.889407198041801
ramularia_collo_cygni,svr_linear,4.307256327,4.121929259985205
ramularia_collo_cygni,svr_linear,4.476386063,3.574152085361675
ramularia_collo_cygni,svr_linear,4.749510665,3.843655034429974
ramularia_collo_cygni,svr_linear,4.025395323,4.036321051839814
ramularia_collo_cygni,svr_linear,3.726838091,3.785715589360517
ramularia_collo_cygni,svr_linear,4.444371446,3.904900795122676
ramularia_collo_cygni,svr_linear,4.533859707,3.9413222819799953
ramularia_collo_cygni,svr_linear,3.757215397,3.940184680853955
ramularia_collo_cygni,svr_linear,4.041297363,3.7993057688481415
ramularia_collo_cygni,svr_linear,4.501342217,3.9696092517029866
ramularia_collo_cygni,svr_linear,4.283747399,3.897378828463629
ramularia_collo_cygni,svr_linear,4.21679931,3.8598324245288396
ramularia_collo_cygni,svr_linear,4.096388791,4.157105188931977
ramularia_collo_cygni,svr_linear,3.625770914,4.00853889067897
ramularia_collo_cygni,svr_linear,4.258178831,3.950688533071506
ramularia_collo_cygni,svr_linear,3.812246476,3.925782256032287
ramularia_collo_cygni,svr_linear,3.522152517,3.897845188752008
ramularia_collo_cygni,svr_linear,3.731348212,3.9864869523796678
ramularia_collo_cygni,svr_linear,4.208891682,3.8221714292667115
ramularia_collo_cygni,svr_linear,3.358982509,3.955904297674635
ramularia_collo_cygni,svr_linear,3.946425984,3.836129013286509
ramularia_collo_cygni,svr_linear,4.653991324,3.914065661434398
ramularia_collo_cygni,svr_linear,4.765418798,4.154238822907546
ramularia_collo_cygni,svr_linear,3.522068041,4.1430840340496475
ramularia_collo_cygni,svr_linear,4.097671692,3.8795784479299265
ramularia_collo_cygni,svr_linear,3.120199241,4.194842753126174
ramularia_collo_cygni,svr_linear,3.082427739,3.963026951371543
ramularia_collo_cygni,svr_linear,4.236243964,4.1317630241845364
ramularia_collo_cygni,svr_linear,3.890559573,4.130671951357594
ramularia_collo_cygni,svr_linear,3.797054665,3.981973988233298
ramularia_collo_cygni,svr_linear,3.43963234,3.842218940223386
ramularia_collo_cygni,svr_linear,4.660988772,3.870665953056418
ramularia_collo_cygni,svr_linear,4.955657674,3.8600422614221013
ramularia_collo_cygni,svr_linear,3.616000315,3.992435481128253
ramularia_collo_cygni,svr_linear,3.419957287,3.7387029219845296
ramularia_collo_cygni,svr_linear,4.500533302,3.995046384251994
ramularia_collo_cygni,svr_linear,3.987552262,4.18825416278049
ramularia_collo_cygni,svr_linear,3.278140392,3.8860987308286585
ramularia_collo_cygni,svr_linear,3.758529682,3.8246318936246055
ramularia_collo_cygni,svr_linear,4.23502664,3.7898519367815027
ramularia_collo_cygni,svr_linear,3.008098001,4.0137263430901156
ramularia_collo_cygni,svr_linear,4.409118156,4.008791706259068
ramularia_collo_cygni,svr_linear,3.522105046,3.808300154989142
ramularia_collo_cygni,svr_linear,3.807928287,3.8972916448606654
ramularia_collo_cygni,svr_linear,3.885331597,3.8889794567952105
ramularia_collo_cygni,svr_linear,4.368788682,3.740960568684492
ramularia_collo_cygni,svr_linear,3.222187996,3.906074093888322
ramularia_collo_cygni,svr_linear,4.90238914,3.8568258752808977
ramularia_collo_cygni,svr_linear,3.604785307,3.7489874698021057
ramularia_collo_cygni,svr_linear,4.449291347,3.8227972448985095
ramularia_collo_cygni,svr_linear,5.87231137,3.766346543706036
ramularia_collo_cygni,svr_linear,3.343437831,3.736382695695305
ramularia_collo_cygni,svr_linear,5.285032347,3.834827520570693
ramularia_collo_cygni,svr_linear,5.773812397,3.7897760235688382
ramularia_collo_cygni,svr_linear,3.115672116,3.805794850101093
ramularia_collo_cygni,svr_linear,4.218407129,3.827969729559925
ramularia_collo_cygni,svr_linear,3.266417174,3.746805190657674
ramularia_collo_cygni,svr_linear,4.765773931,3.780462155051528
ramularia_collo_cygni,svr_linear,3.138177838,3.7400453023733586
ramularia_collo_cygni,svr_linear,4.744789554,3.7357350005905707
ramularia_collo_cygni,svr_linear,3.138558791,3.7796036557608605
ramularia_collo_cygni,svr_linear,5.877005546,3.6235624824357227
ramularia_collo_cygni,svr_linear,5.142060256,3.8009653786361928
ramularia_collo_cygni,svr_linear,6.024987263,3.659367553569173
ramularia_collo_cygni,svr_linear,4.156710931,3.7118894035975316
ramularia_collo_cygni,svr_linear,3.57251506,3.7272919504305095
ramularia_collo_cygni,svr_linear,3.769583908,3.6645568751017863
ramularia_collo_cygni,svr_linear,1.85093372,3.654777106902695
ramularia_collo_cygni,svr_linear,3.90149874,3.6849168491498077
ramularia_collo_cygni,svr_linear,4.81842325,3.791064586317643
ramularia_collo_cygni,svr_linear,4.068987193,3.717867738559661
ramularia_collo_cygni,svr_linear,4.210645459,3.663377749805002
ramularia_collo_cygni,svr_linear,4.239543277,3.732583807381125
ramularia_collo_cygni,svr_linear,3.851000155,3.77141573237492
ramularia_collo_cygni,svr_linear,3.342424765,3.6286438719164376
ramularia_collo_cygni,svr_linear,3.976996093,3.794042454730429
ramularia_collo_cygni,svr_linear,4.061231721,3.8451410244494633
ramularia_collo_cygni,svr_linear,3.973305043,3.832662413611018
ramularia_collo_cygni,svr_linear,3.565326738,3.608709931831505
ramularia_collo_cygni,svr_linear,4.915981086,3.8428696580941786
ramularia_collo_cygni,svr_linear,3.579897855,3.9255155216274176
ramularia_collo_cygni,svr_linear,2.572022057,3.803581872189382
ramularia_collo_cygni,svr_linear,4.330824164,3.6912210061968893
ramularia_collo_cygni,svr_linear,3.111195423,4.020046259371363
ramularia_collo_cygni,svr_linear,3.364712912,3.9385994957801533
ramularia_collo_cygni,svr_linear,2.691247854,3.8813260919482597
ramularia_collo_cygni,svr_linear,4.026538823,3.9935339399884535
ramularia_collo_cygni,svr_linear,4.739010462,3.7682817694324506
ramularia_collo_cygni,svr_linear,4.009999189,3.855683404867107
ramularia_collo_cygni,svr_linear,3.609860498,3.7965576103891636
ramularia_collo_cygni,svr_linear,1.107948288,3.9219950551288987
ramularia_collo_cygni,svr_linear,4.473240284,3.782683527147586
ramularia_collo_cygni,svr_linear,4.419433643,3.812268068529647
ramularia_collo_cygni,svr_linear,3.840786937,3.9094148896778376
ramularia_collo_cygni,svr_linear,3.604136333,3.626793286146165
ramularia_collo_cygni,svr_linear,3.931930066,3.896187368241386
ramularia_collo_cygni,svr_linear,4.124553604,3.7332884594339513
ramularia_collo_cygni,svr_linear,4.650085273,3.7949098527050973
ramularia_collo_cygni,svr_linear,4.355699602,3.710130682674111
ramularia_collo_cygni,svr_linear,3.927495725,3.915338963782038
ramularia_collo_cygni,svr_linear,3.419133123,3.667443700187166
ramularia_collo_cygni,svr_linear,3.219421238,3.891942391579137
ramularia_collo_cygni,svr_linear,2.691546827,3.8942659242536335
ramularia_collo_cygni,svr_linear,3.498578876,3.6850129003813743
ramularia_collo_cygni,svr_linear,3.900161724,3.8149638146652896
ramularia_collo_cygni,svr_linear,4.897208793,3.573069403962237
ramularia_collo_cygni,svr_linear,3.648807584,3.7148796683783454
ramularia_collo_cygni,svr_linear,3.494499315,4.043622561813286
ramularia_collo_cygni,svr_linear,4.221923865,3.603266964822474
ramularia_collo_cygni,svr_linear,2.498699498,3.5808398363145173
ramularia_collo_cygni,svr_linear,2.002335288,3.672818596106949
ramularia_collo_cygni,svr_linear,4.79096325,3.9005894035373907
ramularia_collo_cygni,svr_linear,5.054962,3.8478585217531713
ramularia_collo_cygni,svr_linear,3.400488818,3.7853273875434037
ramularia_collo_cygni,svr_linear,3.303715053,3.8662279835998237
ramularia_collo_cygni,svr_linear,4.411942162,3.627402526557324
ramularia_collo_cygni,svr_linear,3.963405174,3.761855442209101
ramularia_collo_cygni,svr_linear,3.165001373,3.9091494590531766
ramularia_collo_cygni,svr_linear,5.257198235,3.7963644272933545
ramularia_collo_cygni,svr_linear,3.372764387,3.6705200213252787
ramularia_collo_cygni,svr_linear,4.63030133,3.9198937343353664
ramularia_collo_cygni,svr_linear,3.371829154,3.863485668973875
ramularia_collo_cygni,svr_linear,3.430387774,3.8657382290039637
ramularia_collo_cygni,svr_linear,3.380218053,3.809717042741723
ramularia_collo_cygni,svr_linear,3.133307332,3.7590817924935216
ramularia_collo_cygni,svr_linear,2.390930461,3.7765547511897233
ramularia_collo_cygni,svr_linear,3.500977493,3.833985615211852
ramularia_collo_cygni,svr_linear,3.606934822,3.8389643962198616
ramularia_collo_cygni,svr_linear,2.850743,4.048775233512954
ramularia_collo_cygni,svr_linear,5.242865986,3.7357615952426224
ramularia_collo_cygni,svr_linear,3.920316302,3.7310405182773865
ramularia_collo_cygni,svr_linear,3.257116547,3.7721824533589485
ramularia_collo_cygni,svr_linear,3.131876564,3.805889980278957
ramularia_collo_cygni,svr_linear,3.864930471,3.6122617108676263
ramularia_collo_cygni,svr_linear,4.114688409,3.8258520296551795
ramularia_collo_cygni,svr_linear,4.560012196,3.9046857204939474
ramularia_collo_cygni,svr_linear,4.730976823,4.009420586311898
ramularia_collo_cygni,svr_linear,4.269068034,3.895577769102112
ramularia_collo_cygni,svr_linear,4.340829046,3.6583024754114333
ramularia_collo_cygni,svr_linear,3.513606783,3.7370538365345958
ramularia_collo_cygni,svr_linear,4.246042695,3.6716860647822336
ramularia_collo_cygni,svr_linear,3.686307157,3.802959960810971
ramularia_collo_cygni,svr_linear,3.768162003,3.789464518349057
ramularia_collo_cygni,svr_linear,3.258915185,3.7508355478354294
ramularia_collo_cygni,svr_linear,4.522461519,3.717520361444396
ramularia_collo_cygni,svr_linear,2.676557903,3.64024600076435
ramularia_collo_cygni,svr_linear,3.578401133,3.663697464814904
ramularia_collo_cygni,svr_linear,3.133982724,3.7235848304135106
ramularia_collo_cygni,svr_linear,2.934768869,3.9873882742874804
ramularia_collo_cygni,svr_linear,3.566447198,3.8092428554192233
ramularia_collo_cygni,svr_linear,3.791161481,3.8840760566308736
ramularia_collo_cygni,svr_linear,1.462217794,3.7549748636752147
ramularia_collo_cygni,svr_linear,3.097393664,3.8192385148689505
ramularia_collo_cygni,svr_linear,4.816455289,3.8464392218420183
ramularia_collo_cygni,svr_linear,4.61626316,3.7833464001800827
ramularia_collo_cygni,svr_linear,4.495393011,3.8828239663055744
ramularia_collo_cygni,svr_linear,3.195293186,3.6757168974233863
ramularia_collo_cygni,svr_linear,3.606165577,3.87843720994871
ramularia_collo_cygni,svr_linear,3.664927065,3.820964040539085
ramularia_collo_cygni,svr_linear,3.856945458,3.791202850483153
ramularia_collo_cygni,svr_linear,4.3889316,3.9047365139908474
ramularia_collo_cygni,svr_linear,2.400981843,3.7965484117536796
ramularia_collo_cygni,svr_linear,4.287945823,3.7175889178593655
ramularia_collo_cygni,svr_linear,3.562814098,3.7061108062626396
ramularia_collo_cygni,svr_linear,2.818188106,3.799617971300197
ramularia_collo_cygni,svr_linear,5.43967518,3.8505993484765084
ramularia_collo_cygni,svr_linear,3.062052984,3.9160321087633516
ramularia_collo_cygni,svr_linear,4.094779953,3.8613631846265033
ramularia_collo_cygni,svr_linear,2.261776301,3.8582720617540422
ramularia_collo_cygni,svr_linear,2.947566375,3.7839133868737855
ramularia_collo_cygni,svr_linear,3.312466922,3.820202162716172
ramularia_collo_cygni,svr_linear,2.28738143,3.8120420897812424
ramularia_collo_cygni,svr_linear,3.739037375,3.693757371616364
ramularia_collo_cygni,svr_linear,2.022751817,3.8192493583045897
ramularia_collo_cygni,svr_linear,4.346449643,3.7752310552037147
ramularia_collo_cygni,svr_linear,4.031793298,3.706407093014616
ramularia_collo_cygni,svr_linear,4.351179102,3.6362588122088706
ramularia_collo_cygni,svr_linear,4.431300847,3.7243887592673284
ramularia_collo_cygni,svr_linear,6.243061825,4.067500535303822
ramularia_collo_cygni,svr_linear,3.325721687,3.699398804631623
ramularia_collo_cygni,svr_linear,1.154549373,3.784922967853198
ramularia_collo_cygni,svr_linear,4.041940652,3.9172782093957412
ramularia_collo_cygni,svr_linear,3.547357078,3.8202054703844004
ramularia_collo_cygni,svr_linear,3.684698903,3.709212121362564
ramularia_collo_cygni,svr_linear,3.916528085,3.780880054541256
ramularia_collo_cygni,svr_linear,3.194391196,4.015189745914971
ramularia_collo_cygni,svr_linear,2.806923021,4.056191812033918
ramularia_collo_cygni,svr_linear,4.689523269,3.8110224797567236
ramularia_collo_cygni,svr_linear,2.80472813,4.0444646223297465
ramularia_collo_cygni,svr_linear,4.602095218,3.8636085982288653
ramularia_collo_cygni,svr_linear,4.844544966,3.7076633360254143
ramularia_collo_cygni,svr_linear,0.916171488,3.7776338338512097
ramularia_collo_cygni,svr_linear,3.616341218,3.7913629304379484
ramularia_collo_cygni,svr_linear,1.318238564,3.7977862353384526
ramularia_collo_cygni,svr_linear,3.177990537,3.7282948401874534
ramularia_collo_cygni,svr_linear,3.9993053,3.8267269655178198
ramularia_collo_cygni,svr_linear,4.141506889,3.6849410307478383
ramularia_collo_cygni,svr_linear,5.062196411,3.682878050700453
ramularia_collo_cygni,svr_linear,4.370872461,3.9940273726482274
ramularia_collo_cygni,svr_linear,2.933696544,3.78228817766963
ramularia_collo_cygni,svr_linear,4.369807717,3.796482863514133
ramularia_collo_cygni,svr_linear,4.036868588,3.915908452969861
ramularia_collo_cygni,svr_linear,3.608224085,3.8948437286635005
ramularia_collo_cygni,svr_linear,2.58169415,3.828495281493477
ramularia_collo_cygni,svr_linear,2.670617168,3.760427358356692
ramularia_collo_cygni,svr_linear,4.495853904,3.915751476246446
ramularia_collo_cygni,svr_linear,4.914672444,3.7958446517194337
ramularia_collo_cygni,svr_linear,3.13269646,3.7676996174838577
ramularia_collo_cygni,svr_linear,3.122540442,3.730635275130543
ramularia_collo_cygni,svr_linear,2.530995978,3.798449498284378
ramularia_collo_cygni,svr_linear,4.240286695,3.772924166245832
ramularia_collo_cygni,svr_linear,3.781473213,3.7081339288501534
ramularia_collo_cygni,svr_linear,3.432719508,4.4951411970707555
ramularia_collo_cygni,svr_linear,3.933261311,4.3862249601442835
ramularia_collo_cygni,svr_linear,3.581771184,3.894893474830151
ramularia_collo_cygni,svr_linear,3.430087584,2.80627388323835
ramularia_collo_cygni,svr_linear,2.763131086,3.2669693006189973
ramularia_collo_cygni,svr_linear,1.450327339,2.807687355752218
ramularia_collo_cygni,svr_linear,3.282822827,2.819140210393228
ramularia_collo_cygni,svr_linear,4.293328581,2.8890408915901435
ramularia_collo_cygni,svr_linear,5.290598459,5.728524982222158
ramularia_collo_cygni,svr_linear,5.360588196,5.3960174519539095
ramularia_collo_cygni,svr_linear,5.775340651,5.254991634103414
ramularia_collo_cygni,svr_linear,2.488838603,3.572881502480855
ramularia_collo_cygni,svr_linear,2.144960571,2.9012615704743894
ramularia_collo_cygni,svr_linear,6.851032269,5.483508379878796
ramularia_collo_cygni,svr_linear,4.927429627,3.4414412182608904
ramularia_collo_cygni,svr_linear,4.021618678,3.636759203435197
ramularia_collo_cygni,svr_linear,5.21519891,3.381924580969641
ramularia_collo_cygni,svr_linear,3.190131874,2.909787914230244
ramularia_collo_cygni,svr_linear,3.035504362,3.910949238329367
ramularia_collo_cygni,svr_linear,4.572778053,3.6127203627210926
ramularia_collo_cygni,svr_linear,5.194459305,5.149734575994382
ramularia_collo_cygni,svr_linear,3.114654861,3.6533194416349466
ramularia_collo_cygni,svr_linear,7.002524163,4.4573221472669236
ramularia_collo_cygni,svr_linear,1.233856615,3.202025292236858
ramularia_collo_cygni,svr_linear,2.427392164,2.9995388742411664
ramularia_collo_cygni,svr_linear,2.53771847,2.6155204575286994
ramularia_collo_cygni,svr_linear,3.270127226,3.0548778435356123
ramularia_collo_cygni,svr_linear,2.204159501,3.0522703832630533
ramularia_collo_cygni,svr_linear,1.754134029,2.962237634297513
ramularia_collo_cygni,svr_linear,4.404584833,3.764679200025743
ramularia_collo_cygni,svr_linear,4.996330779,3.434587064898443
ramularia_collo_cygni,svr_linear,2.531023314,3.1664762878725834
ramularia_collo_cygni,svr_linear,2.943167526,2.578499121074132
ramularia_collo_cygni,svr_linear,4.297870077,3.121638268002381
ramularia_collo_cygni,svr_linear,4.467355525,3.612245053749731
ramularia_collo_cygni,svr_linear,3.700006213,3.9952428356097482
ramularia_collo_cygni,svr_linear,2.396070063,3.9880393870167152
ramularia_collo_cygni,svr_linear,5.06595948,3.3867342327169556
ramularia_collo_cygni,svr_linear,1.201291163,3.915523714861197
ramularia_collo_cygni,svr_linear,4.592503068,3.0988755951565565
ramularia_collo_cygni,svr_linear,5.985831643,3.4563882350769317
ramularia_collo_cygni,svr_linear,3.524422024,2.5245168917708662
ramularia_collo_cygni,svr_linear,4.158736277,3.6301077341089174
ramularia_collo_cygni,svr_linear,8.548221744,4.258314206111822
ramularia_collo_cygni,svr_linear,2.649326853,4.898259082099592
ramularia_collo_cygni,svr_linear,6.297236061,6.068596483730567
ramularia_collo_cygni,svr_linear,3.267106376,3.3494020056543223
ramularia_collo_cygni,svr_linear,3.573618611,2.9040217360748324
ramularia_collo_cygni,svr_linear,4.354431994,3.9466221031600335
ramularia_collo_cygni,svr_linear,4.284855867,3.5321048641453103
ramularia_collo_cygni,svr_linear,5.74864388,5.0483769503659826
ramularia_collo_cygni,svr_linear,3.857893905,5.21266676982173
ramularia_collo_cygni,svr_linear,3.757455848,3.9027431156374988
ramularia_collo_cygni,svr_linear,2.898364027,3.2008797191814593
ramularia_collo_cygni,svr_linear,1.448175396,3.2758496176231326
ramularia_collo_cygni,svr_linear,2.024299449,3.0196504538572357
ramularia_collo_cygni,svr_linear,4.405236324,4.357743897096161
ramularia_collo_cygni,svr_linear,4.479770129,3.7649173888713454
ramularia_collo_cygni,svr_linear,5.041228187,5.08701501343189
ramularia_collo_cygni,svr_linear,6.082941713,4.044353278662745
ramularia_collo_cygni,svr_linear,3.880730578,3.5771237121383366
ramularia_collo_cygni,svr_linear,2.718036423,3.533995616382984
ramularia_collo_cygni,svr_linear,4.944623844,5.187740283922638
ramularia_collo_cygni,svr_linear,2.282427154,3.5571007735930844
ramularia_collo_cygni,svr_linear,4.031759375,3.172929774567252
ramularia_collo_cygni,svr_linear,2.035319327,3.1302510524637204
ramularia_collo_cygni,svr_linear,3.578148727,2.978870859750093
ramularia_collo_cygni,svr_linear,1.904222669,3.7649255164135558
ramularia_collo_cygni,svr_linear,4.261597524,4.750300759600359
ramularia_collo_cygni,svr_linear,4.018955858,3.69106115942067
ramularia_collo_cygni,svr_linear,3.340896845,3.398340093636864
ramularia_collo_cygni,svr_linear,2.650359724,4.069438250421528
ramularia_collo_cygni,svr_linear,2.563984631,3.716339772753992
ramularia_collo_cygni,svr_linear,4.708284147,3.415607949171221
ramularia_collo_cygni,svr_linear,4.737661973,2.9710861044408112
ramularia_collo_cygni,svr_linear,3.464831831,2.7136085342159393
ramularia_collo_cygni,svr_linear,6.889271424,4.1653845660823245
ramularia_collo_cygni,svr_linear,3.514604737,3.155452677904285
ramularia_collo_cygni,svr_linear,6.274130982,4.798889344717178
ramularia_collo_cygni,svr_linear,4.662675867,5.178353367749498
ramularia_collo_cygni,svr_linear,2.162742673,3.81113204485393
ramularia_collo_cygni,svr_linear,5.124570604,3.848129861758434
ramularia_collo_cygni,svr_linear,3.259773822,3.2666262732561577
ramularia_collo_cygni,svr_linear,1.490526643,3.2438476507425063
ramularia_collo_cygni,svr_linear,3.173582338,3.862233052753461
ramularia_collo_cygni,svr_linear,3.008664127,3.6854614360575564
ramularia_collo_cygni,svr_linear,6.176567578,3.278076492597861
ramularia_collo_cygni,svr_linear,3.816714459,3.6787434472750253
ramularia_collo_cygni,svr_linear,2.694371236,3.3946920999617345
ramularia_collo_cygni,svr_linear,3.709263623,3.4178674557988815
ramularia_collo_cygni,svr_linear,2.807043859,3.626155217618235
ramularia_collo_cygni,svr_linear,3.233772746,3.2570163523534457
ramularia_collo_cygni,svr_linear,6.610941082,4.842668895150128
ramularia_collo_cygni,svr_linear,3.505148456,4.609107856158301
ramularia_collo_cygni,svr_linear,2.149242967,3.548435628970107
ramularia_collo_cygni,svr_linear,5.228883358,3.4912229101183136
ramularia_collo_cygni,svr_linear,3.986991452,3.7699102555318835
ramularia_collo_cygni,svr_linear,2.412601509,3.029018571206519
ramularia_collo_cygni,svr_linear,4.734468412,3.328423984134307
ramularia_collo_cygni,svr_linear,3.076640751,3.202378397681286
ramularia_collo_cygni,svr_linear,3.122931051,3.6005722864238026
ramularia_collo_cygni,svr_linear,2.141887878,3.3968742868220887
ramularia_collo_cygni,svr_linear,2.457865499,3.2540334313659134
ramularia_collo_cygni,svr_linear,2.347164566,3.217165903881392
ramularia_collo_cygni,svr_linear,1.220141441,3.4501412067686306
ramularia_collo_cygni,svr_linear,2.13605753,3.3091479556895336
ramularia_collo_cygni,svr_linear,3.935382247,3.409156591547578
ramularia_collo_cygni,svr_linear,2.775908336,4.028870052932272
ramularia_collo_cygni,svr_linear,5.740205657,4.475012893864847
ramularia_collo_cygni,svr_linear,3.38855013,3.5739142428257726
ramularia_collo_cygni,svr_linear,2.426675868,4.689006532364188
ramularia_collo_cygni,svr_linear,2.75058108,3.7250451439389103
ramularia_collo_cygni,svr_linear,4.864051027,3.67585408028804
ramularia_collo_cygni,svr_linear,5.520170426,5.353803354860686
ramularia_collo_cygni,svr_linear,4.326983478,3.2914428352390885
ramularia_collo_cygni,svr_linear,6.037651804,10.703073504486696
ramularia_collo_cygni,svr_linear,2.476557312,3.764332154817644
ramularia_collo_cygni,svr_linear,3.855057112,3.826416861712342
ramularia_collo_cygni,svr_linear,1.640472479,3.0188818892560914
ramularia_collo_cygni,svr_linear,2.578341755,3.316433636657135
ramularia_collo_cygni,svr_linear,2.799388991,3.123779535740124
ramularia_collo_cygni,svr_linear,5.071548359,4.156866996144473
ramularia_collo_cygni,svr_linear,2.141703083,2.6760487818549907
ramularia_collo_cygni,svr_linear,3.197686802,3.338411672707617
ramularia_collo_cygni,svr_linear,4.329645726,4.197186158196939
ramularia_collo_cygni,svr_linear,3.161037997,5.414169744177242
ramularia_collo_cygni,svr_linear,3.061859671,2.3769370808455106
ramularia_collo_cygni,svr_linear,2.573876061,2.2778860491355157
ramularia_collo_cygni,svr_linear,1.345417781,2.5560431582605494
ramularia_collo_cygni,svr_linear,3.105801781,2.782268483509999
ramularia_collo_cygni,svr_linear,4.384087039,4.774975168221833
ramularia_collo_cygni,svr_linear,2.198534702,2.3743538198066862
ramularia_collo_cygni,svr_linear,3.121071022,3.4491126738090974
ramularia_collo_cygni,svr_linear,3.040769483,3.0327569335845372
ramularia_collo_cygni,svr_linear,1.0890685,5.041563227482092
ramularia_collo_cygni,svr_linear,5.496895266,5.131031149520618
ramularia_collo_cygni,svr_linear,4.610307375,5.5761811104801975
ramularia_collo_cygni,svr_linear,3.389230908,2.6390176296591767
ramularia_collo_cygni,svr_linear,1.687163261,3.2109011008816295
ramularia_collo_cygni,svr_linear,2.902023966,2.656891078368117
ramularia_collo_cygni,svr_linear,3.630364881,3.760024496532157
ramularia_collo_cygni,svr_linear,2.569358823,3.4914257190362563
ramularia_collo_cygni,svr_linear,2.288140407,3.7637679849791073
ramularia_collo_cygni,svr_linear,4.416633139,3.4698799284897603
ramularia_collo_cygni,svr_linear,2.69384033,2.9376772123745827
ramularia_collo_cygni,svr_linear,3.076856246,3.336474664912055
ramularia_collo_cygni,svr_linear,3.08092805,4.05055030085678
ramularia_collo_cygni,svr_linear,2.924983962,3.8431791813290586
ramularia_collo_cygni,svr_linear,1.705884254,3.4564268867195054
ramularia_collo_cygni,svr_linear,3.894886322,3.0000035540271375
ramularia_collo_cygni,svr_linear,3.855620725,3.820874148253002
ramularia_collo_cygni,svr_linear,3.627686052,5.023083300926009
ramularia_collo_cygni,svr_linear,2.136632229,3.130453830530728
ramularia_collo_cygni,svr_linear,3.204825077,5.237539469229067
ramularia_collo_cygni,svr_linear,3.19596072,4.314869964122904
ramularia_collo_cygni,svr_linear,1.897774277,2.2963130615254164
ramularia_collo_cygni,svr_linear,4.85067705,4.924419309407206
ramularia_collo_cygni,svr_linear,4.392169051,3.5739098588951297
ramularia_collo_cygni,svr_linear,4.095418006,3.2976034894951325
ramularia_collo_cygni,svr_linear,3.86799669,3.295447950576277
ramularia_collo_cygni,svr_linear,2.884306008,3.1195794364703593
ramularia_collo_cygni,svr_linear,6.598511048,5.15556338100358
ramularia_collo_cygni,svr_linear,3.463569664,4.172356001541337
ramularia_collo_cygni,svr_linear,5.414865704,4.192195113812717
ramularia_collo_cygni,svr_linear,3.388154499,3.5340983645286723
ramularia_collo_cygni,svr_linear,2.557460867,3.207808718906446
ramularia_collo_cygni,svr_linear,4.419656093,3.6819508638728515
ramularia_collo_cygni,svr_linear,3.726341105,3.3214495094021155
ramularia_collo_cygni,svr_linear,2.247824888,3.524884387224611
ramularia_collo_cygni,svr_linear,3.815346786,3.2024680517043564
ramularia_collo_cygni,svr_linear,3.835370751,3.25257270962988
ramularia_collo_cygni,svr_linear,3.506211748,3.4465996424419414
ramularia_collo_cygni,svr_linear,4.869271382,5.437201424513316
ramularia_collo_cygni,svr_linear,2.914906526,4.057276500326107
ramularia_collo_cygni,svr_linear,2.00274482,3.0507395578562453
ramularia_collo_cygni,svr_linear,3.087213814,3.1130760316493564
ramularia_collo_cygni,svr_linear,3.75312319,3.615386372851666
ramularia_collo_cygni,svr_linear,2.946496284,3.2590960141899874
ramularia_collo_cygni,svr_linear,5.71286631,4.904787861044422
ramularia_collo_cygni,svr_linear,2.721500554,3.5031278361230513
ramularia_collo_cygni,svr_linear,4.736381382,5.57625126682623
ramularia_collo_cygni,svr_linear,4.937605208,3.183810829562941
ramularia_collo_cygni,svr_linear,1.675700747,3.3832158471306597
ramularia_collo_cygni,svr_linear,4.26409092,7.881888539627001
ramularia_collo_cygni,svr_linear,3.038330779,3.1459041617970334
ramularia_collo_cygni,svr_linear,5.399140213,2.7700585839706595
ramularia_collo_cygni,svr_linear,3.099776861,2.379311410185008
ramularia_collo_cygni,svr_linear,2.4131964,3.9221703118644275
ramularia_collo_cygni,svr_linear,4.87738971,3.5562042130589875
ramularia_collo_cygni,svr_linear,6.434082362,3.5405806237079567
ramularia_collo_cygni,svr_linear,4.93447029,4.659634275944759
ramularia_collo_cygni,svr_linear,3.365553261,2.5395633908479778
ramularia_collo_cygni,svr_linear,1.280916407,3.1470812803852537
ramularia_collo_cygni,svr_linear,1.377580101,2.9261617237449964
ramularia_collo_cygni,svr_linear,4.717755792,4.611503933663016
ramularia_collo_cygni,svr_linear,2.961774616,4.168843019441024
ramularia_collo_cygni,svr_linear,2.345039678,3.6215143154584597
ramularia_collo_cygni,svr_linear,2.588567421,3.1018523787810506
ramularia_collo_cygni,svr_linear,2.125766079,3.558680039638876
ramularia_collo_cygni,svr_linear,4.008527949,3.475340497576246
ramularia_collo_cygni,svr_linear,4.506492525,4.003066559807602
ramularia_collo_cygni,svr_linear,6.476028084,5.051983550352089
ramularia_collo_cygni,svr_linear,1.764895617,3.7257477607800156
ramularia_collo_cygni,svr_linear,3.104401162,2.936514131259364
ramularia_collo_cygni,svr_linear,2.906608396,2.9468812030353817
ramularia_collo_cygni,svr_linear,3.318745079,2.922392289261986
ramularia_collo_cygni,svr_linear,2.636440892,3.3192944643683258
ramularia_collo_cygni,svr_linear,4.646836048,3.8244709190265946
ramularia_collo_cygni,svr_linear,2.036641273,3.04288874879519
ramularia_collo_cygni,svr_linear,2.673417615,3.111654918877816
ramularia_collo_cygni,svr_linear,1.550159709,3.195465801356316
ramularia_collo_cygni,svr_linear,4.513120959,3.7310085705330667
ramularia_collo_cygni,svr_linear,4.107966245,3.8189305668114852
ramularia_collo_cygni,svr_linear,2.736106536,3.6529457423536984
ramularia_collo_cygni,svr_linear,4.837276781,4.186202036148744
ramularia_collo_cygni,svr_linear,4.238231441,3.4349761683475584
ramularia_collo_cygni,svr_linear,3.824216105,4.163264559728848
ramularia_collo_cygni,svr_linear,4.560709146,3.188588310503474
ramularia_collo_cygni,svr_linear,3.519437238,3.1285406786788448
ramularia_collo_cygni,svr_linear,4.478654864,3.6478078900326154
ramularia_collo_cygni,svr_linear,2.527374749,3.5603257528827803
ramularia_collo_cygni,svr_linear,4.253695514,2.8904833800931278
ramularia_collo_cygni,svr_linear,2.450242583,3.0586979731387562
ramularia_collo_cygni,svr_linear,4.959045319,4.484334274747829
ramularia_collo_cygni,svr_linear,2.97119362,3.6760369597756872
ramularia_collo_cygni,svr_linear,2.702798303,3.5003964389770736
ramularia_collo_cygni,svr_linear,3.420231336,3.4684891424292568
ramularia_collo_cygni,svr_linear,3.537439326,3.59856173173225
ramularia_collo_cygni,svr_linear,2.909600554,3.551220888774134
ramularia_collo_cygni,svr_linear,5.764115368,4.787603324844954
ramularia_collo_cygni,svr_linear,1.936129039,3.3989997892703157
ramularia_collo_cygni,svr_linear,3.405083485,2.722601558946189
ramularia_collo_cygni,svr_linear,3.428346769,3.940825925967946
ramularia_collo_cygni,svr_linear,4.25820283,4.325061980801454
ramularia_collo_cygni,svr_linear,4.891236629,4.3816398647671475
ramularia_collo_cygni,svr_linear,3.40126358,3.293257527291576
ramularia_collo_cygni,svr_linear,2.48877912,3.73027710304459
ramularia_collo_cygni,svr_linear,2.744944513,3.23345671011586
ramularia_collo_cygni,svr_linear,3.994317308,3.6652869931780696
ramularia_collo_cygni,svr_linear,2.024380657,3.806740226397623
ramularia_collo_cygni,svr_linear,2.734240062,3.470990041903583
ramularia_collo_cygni,svr_linear,3.459146427,3.802460943181375
ramularia_collo_cygni,svr_linear,4.960260512,3.5812614911318406
ramularia_collo_cygni,svr_linear,2.075838609,4.472565790362073
ramularia_collo_cygni,svr_linear,4.966769522,3.621874726570559
ramularia_collo_cygni,svr_linear,3.845437759,3.394128115433998
ramularia_collo_cygni,svr_linear,3.099281261,3.8200734334924293
ramularia_collo_cygni,svr_linear,5.401392483,3.968643889424289
ramularia_collo_cygni,svr_linear,3.259294302,3.600082540780418
ramularia_collo_cygni,svr_linear,3.12497194,4.259447437388828
ramularia_collo_cygni,svr_linear,2.50199137,3.146677741959948
ramularia_collo_cygni,svr_linear,2.413393425,3.754615075869839
ramularia_collo_cygni,svr_linear,6.32558943,3.870346566146147
ramularia_collo_cygni,svr_linear,3.416019284,3.61091573029564
ramularia_collo_cygni,svr_linear,2.524910406,3.495008558465368
ramularia_collo_cygni,svr_linear,4.268662724,2.6508174678453895
ramularia_collo_cygni,svr_linear,3.309878547,2.538444840446158
ramularia_collo_cygni,svr_linear,5.99485731,4.187046988480561
ramularia_collo_cygni,svr_linear,5.665475341,4.74688121769406
ramularia_collo_cygni,svr_linear,2.884749052,3.4818457265336455
ramularia_collo_cygni,svr_linear,3.995458448,3.765689480521652
ramularia_collo_cygni,svr_linear,2.948209598,2.7403005244676293
ramularia_collo_cygni,svr_linear,3.760367429,3.5328341523668896
ramularia_collo_cygni,svr_linear,4.799642917,5.271497001967811
ramularia_collo_cygni,svr_linear,2.926128078,2.763590423188116
ramularia_collo_cygni,svr_linear,3.643332334,3.3929489028137967
ramularia_collo_cygni,svr_linear,3.43440072,3.3089962973643505
ramularia_collo_cygni,svr_linear,7.392783657,3.8935303608647605
ramularia_collo_cygni,svr_linear,2.917245967,3.7806022675823394
ramularia_collo_cygni,svr_linear,1.761814835,3.0527680366538403
ramularia_collo_cygni,svr_linear,1.865185043,4.017585120613827
ramularia_collo_cygni,svr_linear,2.876749188,4.255554732385063
ramularia_collo_cygni,svr_linear,2.484843149,3.827261216116401
ramularia_collo_cygni,svr_linear,5.896337905,5.162115009449698
ramularia_collo_cygni,svr_linear,2.579220491,3.58609435585587
ramularia_collo_cygni,svr_linear,3.597219811,3.7024114182584227
ramularia_collo_cygni,svr_linear,3.175306769,3.567663259691313
ramularia_collo_cygni,svr_linear,2.626497646,2.8909833581272064
ramularia_collo_cygni,svr_linear,4.715294154,4.358522713875722
ramularia_collo_cygni,svr_linear,4.154898698,3.1970046649554122
ramularia_collo_cygni,svr_linear,4.751582918,3.477543488917701
ramularia_collo_cygni,svr_linear,3.163699705,3.977535618161173
ramularia_collo_cygni,svr_linear,3.454596767,3.228918304270664
ramularia_collo_cygni,svr_linear,1.995635846,3.3733125535380126
ramularia_collo_cygni,svr_linear,3.459933102,2.921884896041461
ramularia_collo_cygni,svr_linear,2.262293476,3.169335914875646
ramularia_collo_cygni,svr_linear,3.229686625,3.820530974726927
ramularia_collo_cygni,svr_linear,2.542971992,3.2964916290967756
ramularia_collo_cygni,svr_linear,3.417921067,3.1750432286288492
ramularia_collo_cygni,svr_linear,2.495533359,3.376836660586994
ramularia_collo_cygni,svr_linear,3.035047283,4.239113954058467
ramularia_collo_cygni,svr_linear,2.366379384,3.085308645431316
ramularia_collo_cygni,svr_linear,4.950227997,3.0949107040645942
ramularia_collo_cygni,svr_linear,2.934761374,4.936445584305292
ramularia_collo_cygni,svr_linear,1.609135652,3.2302682196327095
ramularia_collo_cygni,svr_linear,3.631397141,3.4036450515124983
ramularia_collo_cygni,svr_linear,2.394825673,3.5039577600836007
ramularia_collo_cygni,svr_linear,1.714128763,3.8494000003651587
ramularia_collo_cygni,svr_linear,4.828344921,2.9329857414029687
ramularia_collo_cygni,svr_linear,2.676800441,3.2439948051886454
ramularia_collo_cygni,svr_linear,2.219621162,3.0477891057457898
ramularia_collo_cygni,svr_linear,1.269995021,3.188531056394356
ramularia_collo_cygni,svr_linear,4.198350055,3.1868256393688617
ramularia_collo_cygni,svr_linear,2.580800729,3.4110545655444104
ramularia_collo_cygni,svr_linear,5.895995422,1.0784690213144899
ramularia_collo_cygni,svr_linear,3.23861038,2.198154482189331
ramularia_collo_cygni,svr_linear,2.132216086,3.688006451975458
ramularia_collo_cygni,svr_linear,2.697672234,2.8262396300884025
ramularia_collo_cygni,svr_linear,1.995342421,2.777121381567341
ramularia_collo_cygni,svr_linear,4.04849834,3.8533107986301696
ramularia_collo_cygni,svr_linear,1.379596989,3.4223417369756355
ramularia_collo_cygni,svr_linear,2.528756836,3.232418912489697
ramularia_collo_cygni,svr_linear,3.2204298,2.3538821094492213
ramularia_collo_cygni,svr_linear,3.944384101,3.346010796316199
ramularia_collo_cygni,svr_linear,3.493605964,3.3948598790645703
ramularia_collo_cygni,svr_linear,1.468025776,3.7460040603509146
ramularia_collo_cygni,svr_linear,3.705096507,2.9912705618112767
ramularia_collo_cygni,svr_linear,3.248482937,4.008526066213966
ramularia_collo_cygni,svr_linear,2.404233258,3.913958277597128
ramularia_collo_cygni,svr_linear,3.223963411,3.5457184914518955
ramularia_collo_cygni,svr_linear,3.26313003,3.420780572822424
ramularia_collo_cygni,svr_linear,3.032379058,3.2633078270341764
ramularia_collo_cygni,svr_linear,3.773309223,3.5647850336063223
ramularia_collo_cygni,svr_linear,2.758507881,5.377520935942519
ramularia_collo_cygni,svr_linear,4.515359173,3.4148782449676274
ramularia_collo_cygni,svr_linear,3.023334769,3.2271701053477484
ramularia_collo_cygni,svr_linear,4.377569538,3.1424983172250087
ramularia_collo_cygni,svr_linear,2.749119607,2.673437204012073
ramularia_collo_cygni,svr_linear,3.629104928,3.6210435054448284
ramularia_collo_cygni,svr_linear,4.481511759,3.40848253245896
ramularia_collo_cygni,svr_linear,2.312755669,4.196985492415003
ramularia_collo_cygni,svr_linear,5.022894253,3.1563381740119656
ramularia_collo_cygni,svr_linear,6.473476598,3.752975835850554
ramularia_collo_cygni,svr_linear,4.905271878,5.27201384469307
ramularia_collo_cygni,svr_linear,2.257163915,2.9286089633868957
ramularia_collo_cygni,svr_linear,3.062720262,3.3197915159574816
ramularia_collo_cygni,svr_linear,6.453292221,4.825621580625644
ramularia_collo_cygni,svr_linear,3.707519962,4.686445062962136
ramularia_collo_cygni,svr_linear,2.378921726,3.5537581238447844
ramularia_collo_cygni,svr_linear,2.585558854,3.3079225788440754
ramularia_collo_cygni,svr_linear,3.026681536,2.7790446997544116
ramularia_collo_cygni,svr_linear,2.232717824,4.096513117047848
ramularia_collo_cygni,svr_linear,4.725632349,5.016964290951867
ramularia_collo_cygni,svr_linear,2.785731238,3.4660748762164486
ramularia_collo_cygni,svr_linear,2.883765112,2.522747513272214
ramularia_collo_cygni,svr_linear,2.025951147,3.140160030136619
ramularia_collo_cygni,svr_linear,2.594676733,3.501042708464276
ramularia_collo_cygni,svr_linear,2.818139828,3.066252147373052
ramularia_collo_cygni,svr_linear,2.283454127,3.215262551751002
ramularia_collo_cygni,svr_linear,2.821696306,2.857268281605047
ramularia_collo_cygni,svr_linear,3.007580614,3.1763827376825504
ramularia_collo_cygni,svr_linear,2.85916878,3.35589855058268
ramularia_collo_cygni,svr_linear,2.578256026,4.466266103698156
ramularia_collo_cygni,svr_linear,2.821392866,3.618534763570713
ramularia_collo_cygni,svr_linear,2.514597673,3.8239911186362763
ramularia_collo_cygni,svr_linear,4.177928981,3.883231332504436
ramularia_collo_cygni,svr_linear,3.311945574,3.6948675523178336
ramularia_collo_cygni,svr_linear,4.532230443,3.0654646303790374
ramularia_collo_cygni,svr_linear,3.421079755,4.222962284663047
ramularia_collo_cygni,svr_linear,3.200617315,4.228812584392236
ramularia_collo_cygni,svr_linear,5.08050109,3.228210948963664
ramularia_collo_cygni,svr_linear,3.638899688,3.008929471331137
ramularia_collo_cygni,svr_linear,3.456848545,3.4070199944943056
ramularia_collo_cygni,svr_linear,2.07417155,3.458863795635166
ramularia_collo_cygni,svr_linear,2.787417022,3.1669328965817582
ramularia_collo_cygni,svr_linear,4.945459399,3.668506241979596
ramularia_collo_cygni,svr_linear,3.045417883,2.5590636608674067
ramularia_collo_cygni,svr_linear,3.994740891,3.5251063605751987
ramularia_collo_cygni,svr_linear,2.681116279,3.1963793091928556
ramularia_collo_cygni,svr_linear,1.961541095,3.65616767965874
ramularia_collo_cygni,svr_linear,3.553626424,3.1738129956151617
ramularia_collo_cygni,svr_linear,2.791185155,3.3643447198535474
ramularia_collo_cygni,svr_linear,3.547001743,3.762738294307476
ramularia_collo_cygni,svr_linear,2.341523802,3.3539059284169443
ramularia_collo_cygni,svr_linear,3.59775894,2.9213158988991346
ramularia_collo_cygni,svr_linear,2.877121589,4.646890580892046
ramularia_collo_cygni,svr_linear,3.585528338,4.402312828653818
ramularia_collo_cygni,svr_linear,3.647624243,3.7284663198529717
ramularia_collo_cygni,svr_linear,3.478650494,3.7528881129072476
ramularia_collo_cygni,svr_linear,5.285380786,3.502203410477462
ramularia_collo_cygni,svr_linear,5.550408685,4.237071202087415
ramularia_collo_cygni,svr_linear,5.239179351,3.5886784919966366
ramularia_collo_cygni,svr_linear,4.401479629,4.058474451258753
ramularia_collo_cygni,svr_linear,3.506192159,3.580224578680728
ramularia_collo_cygni,svr_linear,3.567025994,2.6872443262189214
ramularia_collo_cygni,svr_linear,4.077914898,5.17750142151259
ramularia_collo_cygni,svr_linear,4.024790387,3.4533502604140356
ramularia_collo_cygni,svr_linear,4.044241807,4.5701033760338845
ramularia_collo_cygni,svr_linear,3.722318491,3.501767006941351
ramularia_collo_cygni,svr_linear,2.121753296,3.754313968650812
ramularia_collo_cygni,svr_linear,2.896969564,2.7146012054172592
ramularia_collo_cygni,svr_linear,4.279852668,4.644655545360269
ramularia_collo_cygni,svr_linear,2.203441626,2.90267884825807
ramularia_collo_cygni,svr_linear,3.536834135,3.5512999270510304
ramularia_collo_cygni,svr_linear,5.288690925,3.341136922429885
ramularia_collo_cygni,svr_linear,4.443297334,3.485259833723698
ramularia_collo_cygni,svr_linear,2.560804452,2.9390677031360553
ramularia_collo_cygni,svr_linear,2.56277974,2.651995341208586
ramularia_collo_cygni,svr_linear,3.103139733,3.5339585987994693
ramularia_collo_cygni,svr_linear,3.285279158,3.973482493571544
ramularia_collo_cygni,svr_linear,3.749509455,4.110736449164753
ramularia_collo_cygni,svr_linear,1.846640664,3.634128914859248
ramularia_collo_cygni,svr_linear,3.563807504,3.595789157253747
ramularia_collo_cygni,svr_linear,4.725567919,3.3371324194179666
ramularia_collo_cygni,svr_linear,2.820378375,3.3577664845640203
ramularia_collo_cygni,svr_linear,3.833067311,3.4358415545844405
ramularia_collo_cygni,svr_linear,3.859638477,3.2737532742535818
ramularia_collo_cygni,svr_linear,2.273804712,3.517652330208734
ramularia_collo_cygni,svr_linear,3.341534023,3.3270729767318725
ramularia_collo_cygni,svr_linear,2.551762557,3.5462884423566
ramularia_collo_cygni,svr_linear,3.239318252,3.7377532803561397
ramularia_collo_cygni,svr_linear,4.941599489,5.592565318096526
ramularia_collo_cygni,svr_linear,4.675626764,3.4991647829355093
ramularia_collo_cygni,svr_linear,5.418930035,5.434353915034579
ramularia_collo_cygni,svr_linear,3.603778592,4.641903264888266
ramularia_collo_cygni,svr_linear,4.773843321,4.998473919198147
ramularia_collo_cygni,svr_linear,6.10085344,5.0814727624247755
ramularia_collo_cygni,svr_linear,2.789382434,4.3546153436732435
ramularia_collo_cygni,svr_linear,3.246976209,4.377668063719444
ramularia_collo_cygni,svr_linear,3.405392688,3.8117949278527457
ramularia_collo_cygni,svr_linear,6.266704312,5.199635189704315
ramularia_collo_cygni,svr_linear,3.547937644,3.409090314667111
ramularia_collo_cygni,svr_linear,3.432035666,3.0895604967391486
ramularia_collo_cygni,svr_linear,4.575312137,5.152609201780638
ramularia_collo_cygni,svr_linear,4.203844661,4.588855639638062
ramularia_collo_cygni,svr_linear,4.428609383,5.842267758288469
ramularia_collo_cygni,svr_linear,5.768947126,5.160652007798976
ramularia_collo_cygni,svr_linear,5.087406811,3.560412251480827
ramularia_collo_cygni,svr_linear,5.850030434,4.560326045074867
ramularia_collo_cygni,svr_linear,4.529621301,4.919941846686919
ramularia_collo_cygni,svr_linear,3.987652996,3.638513422660842
ramularia_collo_cygni,svr_linear,2.821261723,3.484178474689518
ramularia_collo_cygni,svr_linear,4.885907108,5.107913323884327
ramularia_collo_cygni,svr_linear,4.261444672,3.4819972392343224
ramularia_collo_cygni,svr_linear,4.093869485,3.257356871107372
ramularia_collo_cygni,svr_linear,3.011464279,4.039856717916291
ramularia_collo_cygni,svr_linear,2.181853119,3.016470604017111
ramularia_collo_cygni,svr_linear,4.080442172,3.141467421569391
ramularia_collo_cygni,svr_linear,3.392410972,3.5569699090473184
ramularia_collo_cygni,svr_linear,2.793423956,3.221583784736845
ramularia_collo_cygni,svr_linear,2.067225015,3.4568844145644304
ramularia_collo_cygni,svr_linear,2.647936909,3.3998711437020463
ramularia_collo_cygni,svr_linear,4.60339488,3.7082345537750983
ramularia_collo_cygni,svr_linear,3.207127644,3.231910858634347
ramularia_collo_cygni,svr_linear,5.477360192,4.509265267114256
ramularia_collo_cygni,svr_linear,2.587664835,2.903918505240342
ramularia_collo_cygni,svr_linear,2.85361331,3.5897455784651906
ramularia_collo_cygni,svr_linear,2.912007506,3.8730379393239462
ramularia_collo_cygni,svr_linear,3.605552384,3.4982207766108733
ramularia_collo_cygni,svr_linear,2.686727591,3.6058807408711173
ramularia_collo_cygni,svr_linear,4.161470519,3.645701672582807
ramularia_collo_cygni,svr_linear,4.094530922,3.68462439859768
ramularia_collo_cygni,svr_linear,3.700595574,4.295530615663456
ramularia_collo_cygni,svr_linear,3.589567946,3.58034808019814
ramularia_collo_cygni,svr_linear,5.167707153,3.4437587511795895
ramularia_collo_cygni,svr_linear,4.976781985,3.7413604927292177
ramularia_collo_cygni,svr_linear,2.981036124,3.3859901496153797
ramularia_collo_cygni,svr_linear,1.934766171,3.482304660347079
ramularia_collo_cygni,svr_linear,2.457538063,4.007183555629014
ramularia_collo_cygni,svr_linear,3.813297204,4.0168651071884796
ramularia_collo_cygni,svr_linear,4.784532818,4.330837275215249
ramularia_collo_cygni,svr_linear,5.641355229,3.950666747135391
ramularia_collo_cygni,svr_linear,4.268353806,4.28622792068468
ramularia_collo_cygni,svr_linear,1.916796457,4.088189092284653
ramularia_collo_cygni,svr_linear,3.180723486,4.237413549109664
ramularia_collo_cygni,svr_linear,4.497063188,3.329272154743226
ramularia_collo_cygni,svr_linear,4.600415743,3.67268752157939
ramularia_collo_cygni,svr_linear,2.589009647,4.161709766398734
ramularia_collo_cygni,svr_linear,5.121012268,4.260574250429039
ramularia_collo_cygni,svr_linear,5.714832154,4.052305684566146
ramularia_collo_cygni,svr_linear,2.399790388,3.8615090505976735
ramularia_collo_cygni,svr_linear,2.883699798,2.321041390671945
ramularia_collo_cygni,svr_linear,1.84906439,3.130426919436617
ramularia_collo_cygni,svr_linear,1.152231625,3.6255822230944923
ramularia_collo_cygni,svr_linear,4.802934616,3.7609007959615584
ramularia_collo_cygni,svr_linear,3.743532797,3.0639179997473462
ramularia_collo_cygni,svr_linear,4.041996855,3.502258698745082
ramularia_collo_cygni,svr_linear,3.591401207,3.59001983014651
ramularia_collo_cygni,svr_linear,6.134557667,4.651386422237399
ramularia_collo_cygni,svr_linear,5.35826487,4.804157590526383
ramularia_collo_cygni,svr_linear,2.375793414,3.760181946351118
ramularia_collo_cygni,svr_linear,3.366106575,3.6207562263219106
ramularia_collo_cygni,svr_linear,4.107306663,5.543744230529541
ramularia_collo_cygni,svr_linear,4.361707918,4.709797349247083
ramularia_collo_cygni,svr_linear,6.594091469,4.2343416143901305
ramularia_collo_cygni,svr_linear,4.308905283,3.687025957952495
ramularia_collo_cygni,svr_linear,4.18397681,3.596012684501462
ramularia_collo_cygni,svr_linear,4.80999667,4.76756246972798
ramularia_collo_cygni,svr_linear,5.702008013,5.127360357910667
ramularia_collo_cygni,svr_linear,5.168934426,3.7505038517300737
ramularia_collo_cygni,svr_linear,3.274845099,4.354159317601155
ramularia_collo_cygni,svr_linear,3.260999846,4.2962704304801385
ramularia_collo_cygni,svr_linear,2.836712807,2.624997477173025
ramularia_collo_cygni,svr_linear,2.916695638,4.52404363374729
ramularia_collo_cygni,svr_linear,4.411263815,4.971294469920385
ramularia_collo_cygni,svr_linear,2.942746578,3.0605185940812314
ramularia_collo_cygni,svr_linear,3.313049094,2.593788679087254
ramularia_collo_cygni,svr_linear,3.324902719,3.860546559007974
ramularia_collo_cygni,svr_linear,3.36595316,3.6336433794792766
ramularia_collo_cygni,svr_linear,2.605692417,3.360055786133032
ramularia_collo_cygni,svr_linear,2.967903146,3.7317992021926445
ramularia_collo_cygni,svr_linear,3.917309573,3.6321057096003395
ramularia_collo_cygni,svr_linear,3.878615155,3.0937966120828735
ramularia_collo_cygni,svr_linear,5.102677644,3.6745944616226685
ramularia_collo_cygni,svr_linear,1.962848078,3.417512379914034
ramularia_collo_cygni,svr_linear,3.833500065,2.66244004728006
ramularia_collo_cygni,svr_linear,1.780891635,3.61146228468373
ramularia_collo_cygni,svr_linear,2.465654743,2.3361457661701888
ramularia_collo_cygni,svr_linear,2.938385175,2.9407710150982043
ramularia_collo_cygni,svr_linear,3.148012422,3.7151992037328916
ramularia_collo_cygni,svr_linear,5.185656631,3.242292998103403
ramularia_collo_cygni,svr_linear,4.950109023,3.8892053554856605
ramularia_collo_cygni,svr_linear,4.219673819,3.756370689212044
ramularia_collo_cygni,svr_linear,3.686608589,4.787643609024323
ramularia_collo_cygni,svr_linear,3.336622593,3.502511604162343
ramularia_collo_cygni,svr_linear,5.092895008,3.6641009689625017
ramularia_collo_cygni,svr_linear,2.052345551,3.0463372877534067
ramularia_collo_cygni,svr_linear,2.364933613,3.761234834992377
ramularia_collo_cygni,svr_linear,3.53496635,3.5346343729311256
ramularia_collo_cygni,svr_linear,4.401780525,3.6732413572087426
ramularia_collo_cygni,svr_linear,3.358527067,2.7293346581561897
ramularia_collo_cygni,svr_linear,3.670143081,2.795063813864654
ramularia_collo_cygni,svr_linear,2.014016309,6.03062366812941
ramularia_collo_cygni,svr_linear,1.960530286,3.9962350792501455
ramularia_collo_cygni,svr_linear,5.172937334,4.167687563339665
ramularia_collo_cygni,svr_linear,4.283459272,2.879841672663731
ramularia_collo_cygni,svr_linear,2.925395363,4.512060221396231
ramularia_collo_cygni,svr_linear,3.42247289,3.7953246576088753
ramularia_collo_cygni,svr_linear,4.515746299,3.4972899080544253
ramularia_collo_cygni,svr_linear,4.191695379,3.534546411311153
ramularia_collo_cygni,svr_linear,3.606880456,3.1183918938445414
ramularia_collo_cygni,svr_linear,5.105749703,3.5992989531190864
ramularia_collo_cygni,svr_linear,3.056245208,3.697847904752756
ramularia_collo_cygni,svr_linear,4.364984067,3.7530832519645787
ramularia_collo_cygni,svr_linear,5.383216251,4.581472414103625
ramularia_collo_cygni,svr_linear,3.328242805,4.7516302532568675
ramularia_collo_cygni,svr_linear,4.299196503,4.263725319775353
ramularia_collo_cygni,svr_linear,2.861931624,3.5616972245929324
ramularia_collo_cygni,svr_linear,5.418319692,5.200848585328625
ramularia_collo_cygni,svr_linear,4.521262301,3.993360884483266
ramularia_collo_cygni,svr_linear,4.121323765,4.016038290038807
ramularia_collo_cygni,svr_linear,3.966327195,3.745028882053983
ramularia_collo_cygni,svr_linear,2.145341559,3.861880204556572
ramularia_collo_cygni,svr_linear,4.147352865,4.962342154262107
ramularia_collo_cygni,svr_linear,5.899597746,3.841999968743877
ramularia_collo_cygni,svr_linear,2.245947462,3.91018814263596
ramularia_collo_cygni,svr_linear,5.91872848,4.916745429408536
ramularia_collo_cygni,svr_linear,5.393861608,3.560697118831423
ramularia_collo_cygni,svr_linear,4.257490261,3.417348573046161
ramularia_collo_cygni,svr_linear,6.282555558,3.1146280578283223
ramularia_collo_cygni,svr_linear,6.859493481,5.0597089229332
ramularia_collo_cygni,svr_linear,4.708309131,2.810599104283888
ramularia_collo_cygni,svr_linear,4.720761253,4.018881202537997
ramularia_collo_cygni,svr_linear,3.908208118,3.6107975440672115
ramularia_collo_cygni,svr_linear,4.899081514,3.926327545861372
ramularia_collo_cygni,svr_linear,5.281835445,3.759082395288446
ramularia_collo_cygni,svr_linear,5.032160195,4.36775898366601
ramularia_collo_cygni,svr_linear,5.517781468,3.4687405514944816
ramularia_collo_cygni,svr_linear,4.314165211,3.6064859176049042
ramularia_collo_cygni,svr_linear,4.035735845,4.32090804605285
ramularia_collo_cygni,svr_linear,4.344159778,3.5700686264630055
ramularia_collo_cygni,svr_linear,2.312160739,3.7714625351351723
ramularia_collo_cygni,svr_linear,2.83038719,3.5889435758260944
ramularia_collo_cygni,svr_linear,4.599680006,4.455581399603672
ramularia_collo_cygni,svr_linear,1.879105656,3.673926884297863
ramularia_collo_cygni,svr_linear,5.692827358,4.30596459227264
ramularia_collo_cygni,svr_linear,3.379602875,4.081423966748625
ramularia_collo_cygni,svr_linear,3.169491497,3.938229487987047
ramularia_collo_cygni,svr_linear,4.685454688,4.22523267014452
ramularia_collo_cygni,svr_linear,3.025492215,4.407506697452492
ramularia_collo_cygni,svr_linear,4.308853114,4.299645168193888
ramularia_collo_cygni,svr_linear,2.889358684,4.1668964630968475
ramularia_collo_cygni,svr_linear,3.918952634,4.026320578581798
ramularia_collo_cygni,svr_linear,3.634395405,3.54214600599153
ramularia_collo_cygni,svr_linear,4.396953124,3.672874095068038
ramularia_collo_cygni,svr_linear,3.608744614,3.598112985784172
ramularia_collo_cygni,svr_linear,3.711884855,4.457740902401013
ramularia_collo_cygni,svr_linear,3.451430151,2.8961705443782773
ramularia_collo_cygni,svr_linear,3.101452885,3.2955120004705987
ramularia_collo_cygni,svr_linear,3.573299311,4.027705856586078
ramularia_collo_cygni,svr_linear,5.932678396,4.565329701560952
ramularia_collo_cygni,svr_linear,5.56570577,3.9445788992263773
ramularia_collo_cygni,svr_linear,5.353029659,5.119514926458534
ramularia_collo_cygni,svr_linear,5.379636672,5.657023721821638
ramularia_collo_cygni,svr_linear,3.736429595,3.5954561816741526
ramularia_collo_cygni,svr_linear,4.457101364,3.2329578709800484
ramularia_collo_cygni,svr_linear,3.897659932,4.424070275473479
ramularia_collo_cygni,svr_linear,2.054417732,3.6371025294635975
ramularia_collo_cygni,svr_linear,4.924119115,3.265117571908385
ramularia_collo_cygni,svr_linear,4.942875189,3.4129874013671313
ramularia_collo_cygni,svr_linear,5.124787577,4.797861027514134
ramularia_collo_cygni,svr_linear,4.208323136,4.345113095793458
ramularia_collo_cygni,svr_linear,3.764073537,3.662949506470192
ramularia_collo_cygni,svr_linear,4.280333381,3.0055313175701546
ramularia_collo_cygni,svr_linear,4.097195533,3.1159921491627447
ramularia_collo_cygni,svr_linear,2.971079525,3.427256269612318
ramularia_collo_cygni,svr_linear,2.791846957,4.503150174516311
ramularia_collo_cygni,svr_linear,2.96989492,3.011044102355268
ramularia_collo_cygni,svr_linear,3.62670802,2.9423879171559193
ramularia_collo_cygni,svr_linear,1.058412984,3.065102338098589
ramularia_collo_cygni,svr_linear,3.637462746,3.3706660622162072
ramularia_collo_cygni,svr_linear,4.198037082,3.1062821375505147
ramularia_collo_cygni,svr_linear,2.806247735,3.0337403905497533
ramularia_collo_cygni,svr_linear,3.187094494,3.34348886621431
ramularia_collo_cygni,svr_linear,4.572081454,3.3532390851532416
ramularia_collo_cygni,svr_linear,1.377134412,3.399214960078016
ramularia_collo_cygni,svr_linear,2.20076438,3.4241937534397677
ramularia_collo_cygni,svr_linear,4.001062911,3.4237756120544613
ramularia_collo_cygni,svr_linear,3.979907854,3.434483879869695
ramularia_collo_cygni,svr_linear,4.094413014,3.5701988048474496
ramularia_collo_cygni,svr_linear,7.912654034,4.094169897797312
ramularia_collo_cygni,svr_linear,4.602135083,3.73958525869913
ramularia_collo_cygni,svr_linear,3.281307401,3.417267206695459
ramularia_collo_cygni,svr_linear,1.967202572,3.139223620264983
ramularia_collo_cygni,svr_linear,4.026223815,3.711487614641134
ramularia_collo_cygni,svr_linear,6.539995772,2.3189684938099555
ramularia_collo_cygni,svr_linear,3.748131232,3.388265292484936
ramularia_collo_cygni,svr_linear,4.846660504,3.924207860832588
ramularia_collo_cygni,svr_linear,2.34483348,3.6696431409269836
ramularia_collo_cygni,svr_linear,4.506167921,4.955128058605882
ramularia_collo_cygni,svr_linear,3.635939077,4.321876716525439
ramularia_collo_cygni,svr_linear,4.142354605,3.671833482166771
ramularia_collo_cygni,svr_linear,3.374663247,3.848174144379353
ramularia_collo_cygni,svr_linear,5.756445066,3.665513025371625
ramularia_collo_cygni,svr_linear,3.674601278,3.1370598631235835
ramularia_collo_cygni,svr_linear,3.324055877,4.634333552872428
ramularia_collo_cygni,svr_linear,2.7807053,3.6153366579135096
ramularia_collo_cygni,svr_linear,4.894689472,3.552021112248133
ramularia_collo_cygni,svr_linear,3.100060051,3.5202931341786257
ramularia_collo_cygni,svr_linear,2.781169457,3.763312404173023
ramularia_collo_cygni,svr_linear,4.882267891,3.193220590721697
ramularia_collo_cygni,svr_linear,3.356692615,3.4111924898841735
ramularia_collo_cygni,svr_linear,3.748821937,3.825291063337944
ramularia_collo_cygni,svr_linear,6.178172917,3.220409510801722
ramularia_collo_cygni,svr_linear,3.147795686,3.685569225758231
ramularia_collo_cygni,svr_linear,3.772567524,3.7714434689146787
ramularia_collo_cygni,svr_linear,3.465270808,2.880617700351597
ramularia_collo_cygni,svr_linear,4.466200077,3.6688985806131047
ramularia_collo_cygni,svr_linear,3.014228158,3.6285867567677044
ramularia_collo_cygni,svr_linear,4.18621684,3.515163880975348
ramularia_collo_cygni,svr_linear,4.885353121,3.9521106138892734
ramularia_collo_cygni,svr_linear,2.896596825,4.066731546630114
ramularia_collo_cygni,svr_linear,4.36834635,3.284732276628616
ramularia_collo_cygni,svr_linear,3.332716693,2.454767213200922
ramularia_collo_cygni,svr_linear,3.236620609,3.4897484922477573
ramularia_collo_cygni,svr_linear,4.095243662,3.4632203150765575
ramularia_collo_cygni,svr_linear,5.132430577,3.41857391147195
ramularia_collo_cygni,svr_linear,4.966375253,3.7290406692690947
ramularia_collo_cygni,svr_linear,3.766851454,3.5975412860489397
ramularia_collo_cygni,svr_linear,2.780572046,3.62172951078499
ramularia_collo_cygni,svr_linear,5.209136069,4.45443061490557
ramularia_collo_cygni,svr_linear,4.908590413,3.6636398933661045
ramularia_collo_cygni,svr_linear,0.772513064,3.7012417341968966
ramularia_collo_cygni,svr_linear,4.933122661,3.838226566196856
ramularia_collo_cygni,svr_linear,2.422759972,2.8705498124771385
ramularia_collo_cygni,svr_linear,5.232655849,3.479158849433574
ramularia_collo_cygni,svr_linear,5.047861795,3.0460634672173805
ramularia_collo_cygni,svr_linear,2.916785295,3.7945559778526787
ramularia_collo_cygni,svr_linear,4.654387945,3.6054046211528137
ramularia_collo_cygni,svr_linear,1.93062327,3.485541340385551
ramularia_collo_cygni,svr_linear,4.994512049,3.4164065143667592
ramularia_collo_cygni,svr_linear,4.761266522,4.8315908807355115
ramularia_collo_cygni,svr_linear,4.478468915,3.6278569717126525
ramularia_collo_cygni,svr_linear,3.612838272,3.712039008760018
ramularia_collo_cygni,svr_linear,3.720366044,3.758016357027676
ramularia_collo_cygni,svr_linear,3.268945899,3.7684207051134377
ramularia_collo_cygni,svr_linear,3.509920814,3.699203658652361
ramularia_collo_cygni,svr_linear,2.902518827,3.528052938395863
ramularia_collo_cygni,svr_linear,2.758478011,3.6439085411001124
ramularia_collo_cygni,svr_linear,3.298315347,3.2456139208791326
ramularia_collo_cygni,svr_linear,3.24430407,3.285337422937523
ramularia_collo_cygni,svr_linear,2.052194097,3.9857097888493436
ramularia_collo_cygni,svr_linear,3.936873726,3.4456772663025634
ramularia_collo_cygni,svr_linear,4.984592729,2.605062043734966
ramularia_collo_cygni,svr_linear,3.840652164,3.748394235502068
ramularia_collo_cygni,svr_linear,3.818425112,3.6005953998593734
ramularia_collo_cygni,svr_linear,3.532386837,3.6132181871750104
ramularia_collo_cygni,svr_linear,3.216726866,3.7229709096862114
ramularia_collo_cygni,svr_linear,3.579921635,3.6754234005830098
ramularia_collo_cygni,svr_linear,3.236319367,3.5742531742739536
ramularia_collo_cygni,svr_linear,2.642613298,3.4266773656573335
ramularia_collo_cygni,svr_linear,4.354321111,3.6586838257955385
ramularia_collo_cygni,svr_linear,5.614259509,3.8967397202473117
ramularia_collo_cygni,svr_linear,1.945137839,3.6398640216762956
ramularia_collo_cygni,svr_linear,4.225988032,4.137175590062525
ramularia_collo_cygni,svr_linear,2.925201645,3.634000284596872
ramularia_collo_cygni,svr_linear,3.101281019,3.7318008377597343
ramularia_collo_cygni,svr_linear,5.535770599,3.3689701205893225
ramularia_collo_cygni,svr_linear,2.788529878,3.336954065191135
ramularia_collo_cygni,svr_linear,3.667776838,3.71767941681515
ramularia_collo_cygni,svr_linear,4.24250557,3.6492106147999595
ramularia_collo_cygni,svr_linear,3.543947456,3.596548358204471
ramularia_collo_cygni,svr_linear,1.943472971,3.4779619074727943
ramularia_collo_cygni,svr_linear,4.570598289,3.6466466072241
ramularia_collo_cygni,svr_linear,4.197081682,3.565206234445691
ramularia_collo_cygni,svr_linear,2.653980556,3.6710089724121056
ramularia_collo_cygni,svr_linear,4.211633251,3.7159698327967168
ramularia_collo_cygni,svr_linear,3.960757063,3.525889365281794
ramularia_collo_cygni,svr_linear,3.834533361,3.395973440514636
ramularia_collo_cygni,svr_linear,6.670582425,3.409781739778068
ramularia_collo_cygni,svr_linear,2.482367824,3.7875455030077463
ramularia_collo_cygni,svr_linear,5.613125232,3.412090595990558
ramularia_collo_cygni,svr_linear,5.076323998,2.9908967314439345
ramularia_collo_cygni,svr_linear,5.060772723,3.613092791768158
ramularia_collo_cygni,svr_linear,5.766442162,3.592273554556608
ramularia_collo_cygni,svr_linear,5.229388598,3.773124078930946
ramularia_collo_cygni,svr_linear,3.412965916,3.69192401283656
ramularia_collo_cygni,svr_linear,3.825129378,3.7146206665144565
ramularia_collo_cygni,svr_linear,3.038109583,2.299731449242067
ramularia_collo_cygni,svr_linear,3.932260925,3.559530464714768
ramularia_collo_cygni,svr_linear,3.323076629,3.692341974957064
ramularia_collo_cygni,svr_linear,2.283147278,3.2704973266181456
ramularia_collo_cygni,svr_linear,2.764524705,3.716553561962861
ramularia_collo_cygni,svr_linear,5.130832621,3.494258778526573
ramularia_collo_cygni,svr_linear,4.614598134,3.7949515682071806
ramularia_collo_cygni,svr_linear,4.120846027,3.716643440131876
ramularia_collo_cygni,svr_linear,4.057256154,3.9443870480838865
ramularia_collo_cygni,svr_linear,5.018066575,3.6709929131497208
ramularia_collo_cygni,svr_linear,4.203911834,3.512587661478005
ramularia_collo_cygni,svr_linear,3.350155655,3.2607749609944685
ramularia_collo_cygni,svr_linear,2.700511078,3.560719619128286
ramularia_collo_cygni,svr_linear,5.435757346,3.5383495665787055
ramularia_collo_cygni,svr_linear,5.744139393,3.7059611298787587
ramularia_collo_cygni,svr_linear,2.082386316,3.752150455846293
ramularia_collo_cygni,svr_linear,3.442166582,3.323607282613035
ramularia_collo_cygni,svr_linear,2.633708499,2.920829586211637
ramularia_collo_cygni,svr_linear,5.006632025,2.8524798235941295
ramularia_collo_cygni,svr_linear,2.809406345,3.5217202031227215
ramularia_collo_cygni,svr_linear,5.86691796,14.132813479796729
ramularia_collo_cygni,svr_linear,4.96490818,3.9233640822567515
ramularia_collo_cygni,svr_linear,4.361131337,4.187466560809116
ramularia_collo_cygni,svr_linear,3.186026337,3.6205544800061316
ramularia_collo_cygni,svr_linear,3.066823366,3.472678900741976
ramularia_collo_cygni,svr_linear,3.271356448,3.618085770109306
ramularia_collo_cygni,svr_linear,3.242413327,3.1565851705930754
ramularia_collo_cygni,svr_linear,3.36176845,3.8160270957978613
ramularia_collo_cygni,svr_linear,7.428986112,3.1966781567907523
ramularia_collo_cygni,svr_linear,5.549428508,4.2791685377457505
ramularia_collo_cygni,svr_linear,3.244212607,3.7057334465007377
ramularia_collo_cygni,svr_linear,4.244248246,3.481584034574057
ramularia_collo_cygni,svr_linear,4.317522933,3.6130595920111617
ramularia_collo_cygni,svr_linear,2.548050553,3.7028739764090064
ramularia_collo_cygni,svr_linear,4.031171262,3.8005494787429703
ramularia_collo_cygni,svr_linear,4.159968901,3.5585927968173174
ramularia_collo_cygni,svr_linear,2.386557644,4.0024977105561454
ramularia_collo_cygni,svr_linear,2.49070038,3.6454195377868177
ramularia_collo_cygni,svr_linear,4.014262556,3.6564460753337125
ramularia_collo_cygni,svr_linear,4.053531802,3.5823677666841904
ramularia_collo_cygni,svr_linear,4.986592774,3.549789778548175
ramularia_collo_cygni,svr_linear,5.128380095,3.63870339223777
ramularia_collo_cygni,svr_linear,3.19479583,3.9589985062310675
ramularia_collo_cygni,svr_linear,3.961847816,3.657415899904046
ramularia_collo_cygni,svr_linear,5.172772762,2.9882812866082884
ramularia_collo_cygni,svr_linear,3.947623385,4.243848480933833
ramularia_collo_cygni,svr_linear,3.871761849,3.7894027147622387
ramularia_collo_cygni,svr_linear,3.976043434,3.1954686764647366
ramularia_collo_cygni,svr_linear,3.498114796,3.3544489395414434
ramularia_collo_cygni,svr_linear,2.097208233,3.1101403349749908
ramularia_collo_cygni,svr_linear,2.978758553,3.55148214949306
ramularia_collo_cygni,svr_linear,3.092853738,3.125838907830717
ramularia_collo_cygni,svr_linear,3.976198132,3.2493468323497146
ramularia_collo_cygni,svr_linear,3.464276137,3.2431523745907658
ramularia_collo_cygni,svr_linear,2.392332433,6.428366429042036
ramularia_collo_cygni,svr_linear,1.564335835,3.3993076747595796
ramularia_collo_cygni,svr_linear,3.747707792,3.6373840230198455
ramularia_collo_cygni,svr_linear,4.691661168,3.6777715547995276
ramularia_collo_cygni,svr_linear,5.685102941,3.5061701357763715
ramularia_collo_cygni,svr_linear,4.326022413,3.584160283581091
ramularia_collo_cygni,svr_linear,6.181568149,3.6325471923196977
ramularia_collo_cygni,svr_linear,2.594955535,3.020287779287644
ramularia_collo_cygni,svr_linear,3.422066567,3.45077901176658
ramularia_collo_cygni,svr_linear,5.089783175,2.220765814887158
ramularia_collo_cygni,svr_linear,5.667261938,4.212459076699937
ramularia_collo_cygni,svr_linear,4.703529731,4.574659877400778
ramularia_collo_cygni,svr_linear,3.936011539,3.869855416666915
ramularia_collo_cygni,svr_linear,3.963781073,3.751290933089611
ramularia_collo_cygni,svr_linear,2.513943088,3.460385467578118
ramularia_collo_cygni,svr_linear,4.816860958,3.6810464210028453
ramularia_collo_cygni,svr_linear,2.963390923,3.8122340786510907
ramularia_collo_cygni,svr_linear,4.415387441,3.7465400819591967
ramularia_collo_cygni,svr_linear,3.421875007,3.3988708374794
ramularia_collo_cygni,svr_linear,3.091254785,3.584635162718607
ramularia_collo_cygni,svr_linear,2.734206549,3.6980257488259713
ramularia_collo_cygni,svr_linear,4.641817846,3.534351480477496
ramularia_collo_cygni,svr_linear,2.753001933,3.6140160538086885
ramularia_collo_cygni,svr_linear,4.083835137,3.884079797434451
ramularia_collo_cygni,svr_linear,0.943149133,3.4548722128003453
ramularia_collo_cygni,svr_linear,2.498818324,3.535578581419402
ramularia_collo_cygni,svr_linear,5.45167807,2.6325259710229276
ramularia_collo_cygni,svr_linear,3.648534566,3.576909126761065
ramularia_collo_cygni,svr_linear,3.242660677,3.3935169869766195
ramularia_collo_cygni,svr_linear,3.352884116,3.837533484979773
ramularia_collo_cygni,svr_linear,2.913844398,3.676438863617022
ramularia_collo_cygni,svr_linear,2.945929577,3.680424883312573
ramularia_collo_cygni,svr_linear,3.782103229,3.4723614220221273
ramularia_collo_cygni,svr_linear,5.120479034,4.073293349478426
ramularia_collo_cygni,svr_linear,5.343574256,4.89053822509045
ramularia_collo_cygni,svr_linear,6.860258267,3.486147487089926
ramularia_collo_cygni,svr_linear,4.883654271,3.801839085306137
ramularia_collo_cygni,svr_linear,5.257686547,3.606966971456582
ramularia_collo_cygni,svr_linear,3.553791047,3.767949963901422
ramularia_collo_cygni,svr_linear,5.662357093,3.3222355762827926
ramularia_collo_cygni,svr_linear,3.221431133,3.728875311602541
ramularia_collo_cygni,svr_linear,3.432403154,3.8968764526957367
ramularia_collo_cygni,svr_linear,3.886985639,3.1032236871571564
ramularia_collo_cygni,svr_linear,2.707898616,3.489853495768163
ramularia_collo_cygni,svr_linear,2.025316763,3.6506366736070675
ramularia_collo_cygni,svr_linear,5.86222209,3.3377897349625556
ramularia_collo_cygni,svr_linear,5.662238007,3.5177427749679757
ramularia_collo_cygni,svr_linear,5.890842927,4.120263175900914
ramularia_collo_cygni,svr_linear,3.277553284,3.7267025677649457
ramularia_collo_cygni,svr_linear,3.369604407,4.256750012763806
rhynchosporium,svr_linear,1.310326236,1.77495720810869
rhynchosporium,svr_linear,1.344107518,1.756915845351724
rhynchosporium,svr_linear,1.309002242,1.7866749703541578
rhynchosporium,svr_linear,1.324556844,1.7258311819515417
rhynchosporium,svr_linear,1.312321401,1.7966227408112083
rhynchosporium,svr_linear,1.309149836,1.8084552255184105
rhynchosporium,svr_linear,1.316316184,1.7690618384791001
rhynchosporium,svr_linear,1.3057131,1.760817028500575
rhynchosporium,svr_linear,1.30807905,1.7965855407998093
rhynchosporium,svr_linear,1.398461187,1.5537177065648933
rhynchosporium,svr_linear,1.347799677,1.8194801125370468
rhynchosporium,svr_linear,1.255117837,1.6896838745619929
rhynchosporium,svr_linear,1.309443889,1.76367471154874
rhynchosporium,svr_linear,1.308237993,1.7763472674523586
rhynchosporium,svr_linear,1.309252336,1.7633196012497883
rhynchosporium,svr_linear,1.307989944,1.749526818764078
rhynchosporium,svr_linear,1.301401881,1.765095001319246
rhynchosporium,svr_linear,1.312510549,1.751052802975616
rhynchosporium,svr_linear,1.308943569,1.7144815764185612
rhynchosporium,svr_linear,1.309306927,1.8100098821031974
rhynchosporium,svr_linear,1.308841766,1.7314366315184642
rhynchosporium,svr_linear,1.312800815,1.7688749962325274
rhynchosporium,svr_linear,1.310054512,1.7207531755919843
rhynchosporium,svr_linear,1.308703013,1.7886317634334161
rhynchosporium,svr_linear,1.312103602,1.6622699283134148
rhynchosporium,svr_linear,1.314996021,1.7798964024754695
rhynchosporium,svr_linear,1.308676098,1.7972984913561376
rhynchosporium,svr_linear,1.32482464,1.7832761386970533
rhynchosporium,svr_linear,1.322951217,1.740432023178198
rhynchosporium,svr_linear,1.267071087,1.7466596469682674
rhynchosporium,svr_linear,1.314265219,1.7667614116142545
rhynchosporium,svr_linear,1.309905797,1.7981027457290415
rhynchosporium,svr_linear,1.318010051,1.7843794631036767
rhynchosporium,svr_linear,1.322779797,1.7579882653443444
rhynchosporium,svr_linear,1.252998815,1.817166851423639
rhynchosporium,svr_linear,1.316599262,1.754568722615315
rhynchosporium,svr_linear,1.307150585,1.7835499552106686
rhynchosporium,svr_linear,1.315671734,1.796907408606626
rhynchosporium,svr_linear,1.300729129,1.7828603400159597
rhynchosporium,svr_linear,1.310931866,1.7601273006105953
rhynchosporium,svr_linear,1.316058707,1.7675938760727339
rhynchosporium,svr_linear,1.307164241,1.7367114758857167
rhynchosporium,svr_linear,1.290038545,1.7621653193483853
rhynchosporium,svr_linear,1.308237993,1.7685129435099676
rhynchosporium,svr_linear,1.316175088,1.7769121063243787
rhynchosporium,svr_linear,1.81538176,1.7755769564332955
rhynchosporium,svr_linear,1.311018919,1.7797400959961251
rhynchosporium,svr_linear,1.307961342,1.7325361128265249
rhynchosporium,svr_linear,1.307469195,1.7584785984463205
rhynchosporium,svr_linear,1.268497884,1.7409445384721263
rhynchosporium,svr_linear,1.305901404,1.7694186235355065
rhynchosporium,svr_linear,1.308050027,1.756491689416893
rhynchosporium,svr_linear,1.309096144,1.7732606616782525
rhynchosporium,svr_linear,1.308247643,1.7854566807378207
rhynchosporium,svr_linear,1.309079766,1.7666901234633587
rhynchosporium,svr_linear,1.307694076,1.754934351065612
rhynchosporium,svr_linear,1.309096144,1.7874277377970205
rhynchosporium,svr_linear,1.313883603,1.6628860754001489
rhynchosporium,svr_linear,1.309006625,1.710522730652803
rhynchosporium,svr_linear,1.309212467,1.789071234324687
rhynchosporium,svr_linear,1.308198495,1.7920967652357231
rhynchosporium,svr_linear,1.315560425,1.7819021986770027
rhynchosporium,svr_linear,1.312120559,1.7483278761709895
rhynchosporium,svr_linear,1.808301646,1.7769192866178403
rhynchosporium,svr_linear,1.328080852,1.7971310016144024
rhynchosporium,svr_linear,1.322951217,1.7871220708120983
rhynchosporium,svr_linear,1.308239795,1.7716103548842201
rhynchosporium,svr_linear,1.278771807,1.7338386079876857
rhynchosporium,svr_linear,1.329407666,1.7227851557513665
rhynchosporium,svr_linear,1.308260727,1.7483714291082009
rhynchosporium,svr_linear,1.275090296,1.746298786749599
rhynchosporium,svr_linear,1.307673316,1.737257988628911
rhynchosporium,svr_linear,1.274338592,1.7643432373386045
rhynchosporium,svr_linear,1.30866066,1.690970991263553
rhynchosporium,svr_linear,1.324421665,1.756471401103592
rhynchosporium,svr_linear,1.307093272,1.7630405061000074
rhynchosporium,svr_linear,1.309095755,1.7211612114528343
rhynchosporium,svr_linear,1.315213226,1.7406226846607973
rhynchosporium,svr_linear,1.315018532,1.7842123673160755
rhynchosporium,svr_linear,1.258830292,1.6929056706394972
rhynchosporium,svr_linear,1.327624404,1.7876483210035645
rhynchosporium,svr_linear,1.317228039,1.7821951955351192
rhynchosporium,svr_linear,1.312866393,1.7546858891354489
rhynchosporium,svr_linear,1.309335211,1.7342152877863584
rhynchosporium,svr_linear,1.342810291,1.7868033592166708
rhynchosporium,svr_linear,1.302186095,1.7527379777126044
rhynchosporium,svr_linear,1.306884244,1.7947697784520045
rhynchosporium,svr_linear,1.310472929,1.7159198195904577
rhynchosporium,svr_linear,1.308016728,1.7571815917636469
rhynchosporium,svr_linear,2.827815956,1.7431094300928878
rhynchosporium,svr_linear,1.300518857,1.6504893545989532
rhynchosporium,svr_linear,1.252689086,1.7802207397308845
rhynchosporium,svr_linear,1.313219661,1.7630251134493238
rhynchosporium,svr_linear,1.313806303,1.727533520930772
rhynchosporium,svr_linear,1.31361679,1.7690303385406336
rhynchosporium,svr_linear,1.310758946,1.8088979303963366
rhynchosporium,svr_linear,1.309051787,1.7644402068393945
rhynchosporium,svr_linear,1.308016728,1.7633124582171502
rhynchosporium,svr_linear,1.308494695,1.7807464656691776
rhynchosporium,svr_linear,1.667037446,1.8002119062807156
rhynchosporium,svr_linear,1.308143677,1.7733723189400319
rhynchosporium,svr_linear,1.310023317,1.7156581795343144
rhynchosporium,svr_linear,1.310350169,1.7719606622769093
rhynchosporium,svr_linear,1.327478504,1.7916771641978275
rhynchosporium,svr_linear,1.322836722,1.739274536513778
rhynchosporium,svr_linear,1.30752193,1.784262982806013
rhynchosporium,svr_linear,1.315414499,1.7797067002401787
rhynchosporium,svr_linear,1.31653304,1.7839515564910449
rhynchosporium,svr_linear,1.272442298,1.765487577495358
rhynchosporium,svr_linear,1.279118075,1.7784806125869588
rhynchosporium,svr_linear,1.308947469,1.7592339223939704
rhynchosporium,svr_linear,1.308369146,1.801869729736139
rhynchosporium,svr_linear,1.339424681,1.7541095136175513
rhynchosporium,svr_linear,1.316674426,1.7749131081166687
rhynchosporium,svr_linear,1.309926121,1.7734667020609225
rhynchosporium,svr_linear,1.309306927,1.7895062379768123
rhynchosporium,svr_linear,1.309890252,1.7226633653986119
rhynchosporium,svr_linear,1.314600533,1.6978271319229559
rhynchosporium,svr_linear,1.273468868,1.7896795133696806
rhynchosporium,svr_linear,1.308904143,1.7924694875903668
rhynchosporium,svr_linear,1.253999664,1.7470884293764206
rhynchosporium,svr_linear,1.308713182,1.7931989618796407
rhynchosporium,svr_linear,1.285008082,1.804785781413632
rhynchosporium,svr_linear,1.328948698,1.7497647192578152
rhynchosporium,svr_linear,1.308096772,1.7604951519782335
rhynchosporium,svr_linear,1.308621299,1.6966317237746118
rhynchosporium,svr_linear,1.31146662,1.7587072253722662
rhynchosporium,svr_linear,1.301544971,1.754744100433535
rhynchosporium,svr_linear,1.51603867,1.5452959250859295
rhynchosporium,svr_linear,0.937511538,1.5524848798982895
rhynchosporium,svr_linear,1.079658797,1.576338145704781
rhynchosporium,svr_linear,1.677442248,1.5890962270253126
rhynchosporium,svr_linear,1.079658759,1.649664927719095
rhynchosporium,svr_linear,1.286671559,1.6363994140257814
rhynchosporium,svr_linear,1.795364238,1.5764276726328692
rhynchosporium,svr_linear,1.166565918,1.5375639613457597
rhynchosporium,svr_linear,1.23174408,1.5557765494780453
rhynchosporium,svr_linear,1.373891306,1.5668914141507493
rhynchosporium,svr_linear,1.291022042,1.5241895363673512
rhynchosporium,svr_linear,1.037759143,1.510533461049642
rhynchosporium,svr_linear,1.917653567,1.527192062440547
rhynchosporium,svr_linear,3.179617596,1.5951546272389818
rhynchosporium,svr_linear,1.295372633,1.663835037516732
rhynchosporium,svr_linear,1.084627797,1.5916654100773389
rhynchosporium,svr_linear,1.226775079,1.5875748313926432
rhynchosporium,svr_linear,1.286671565,1.568209666624193
rhynchosporium,svr_linear,1.286671546,1.5997517686219545
rhynchosporium,svr_linear,1.166565887,1.591384160394284
rhynchosporium,svr_linear,1.368922367,1.496031777269006
rhynchosporium,svr_linear,1.03775914,1.5671085212850544
rhynchosporium,svr_linear,2.50610068,1.6144754952007883
rhynchosporium,svr_linear,1.27106203,1.6047186765173824
rhynchosporium,svr_linear,1.511069701,1.5321110098184745
rhynchosporium,svr_linear,1.162215282,1.5561386250621525
rhynchosporium,svr_linear,1.663078025,1.580466471838585
rhynchosporium,svr_linear,1.291022078,1.53775905364506
rhynchosporium,svr_linear,1.226775054,1.5836920689400023
rhynchosporium,svr_linear,1.084627821,1.5728728486838037
rhynchosporium,svr_linear,2.299723209,1.5260905302132106
rhynchosporium,svr_linear,1.037759175,1.6239164486517947
rhynchosporium,svr_linear,0.937511516,1.5722105858560194
rhynchosporium,svr_linear,1.664390598,1.5943264696672665
rhynchosporium,svr_linear,1.404219362,1.5682032894555016
rhynchosporium,svr_linear,1.937511561,1.6581083425775558
rhynchosporium,svr_linear,1.521488009,1.5589389510006386
rhynchosporium,svr_linear,1.150956341,1.5812013076759919
rhynchosporium,svr_linear,1.084627763,1.5371014103305058
rhynchosporium,svr_linear,1.166565869,1.5320003181332216
rhynchosporium,svr_linear,1.524324946,1.5759204461709457
rhynchosporium,svr_linear,6.158751803,1.7422004409513485
rhynchosporium,svr_linear,1.95241852,1.562191425720304
rhynchosporium,svr_linear,1.544285,1.5778388761097144
rhynchosporium,svr_linear,0.937511479,1.6856888379786517
rhynchosporium,svr_linear,2.061187515,1.5276419380758086
rhynchosporium,svr_linear,1.291022057,1.5505180064654838
rhynchosporium,svr_linear,2.226775064,1.6935447145265718
rhynchosporium,svr_linear,1.368922407,1.6335777845929786
rhynchosporium,svr_linear,1.773237299,1.6040047797607357
rhynchosporium,svr_linear,2.299723207,1.5930863620409474
rhynchosporium,svr_linear,1.800333245,1.5936841683509178
rhynchosporium,svr_linear,1.544284931,1.5536638890244374
rhynchosporium,svr_linear,1.363953375,1.6137549620633262
rhynchosporium,svr_linear,1.162215353,1.5477244517034223
rhynchosporium,svr_linear,1.668123863,1.556490333771543
rhynchosporium,svr_linear,1.399868796,1.6131628065605337
rhynchosporium,svr_linear,1.648781129,1.5892084286988708
rhynchosporium,svr_linear,1.02214961,1.579178944009137
rhynchosporium,svr_linear,1.037759133,1.5529085558904887
rhynchosporium,svr_linear,1.03775913,1.6078620925546117
rhynchosporium,svr_linear,1.275412633,1.5625861681782256
rhynchosporium,svr_linear,1.419828814,1.5855130264675885
rhynchosporium,svr_linear,1.552986156,1.551131742499724
rhynchosporium,svr_linear,1.291022071,1.5804201866312326
rhynchosporium,svr_linear,1.926354595,1.660996340975879
rhynchosporium,svr_linear,1.437846618,1.6087420128500662
rhynchosporium,svr_linear,0.937511523,1.5423314707814093
rhynchosporium,svr_linear,1.415478252,1.6760442035090646
rhynchosporium,svr_linear,1.913303026,1.5599606072809082
rhynchosporium,svr_linear,1.816741229,1.538322784776505
rhynchosporium,svr_linear,1.226775117,1.55966785306256
rhynchosporium,svr_linear,1.221806107,1.576884827115125
rhynchosporium,svr_linear,2.521007615,1.6145439346525197
rhynchosporium,svr_linear,1.516038669,1.6296358861154514
rhynchosporium,svr_linear,1.51603864,1.6233061063949878
rhynchosporium,svr_linear,1.810271116,1.5583381007344077
rhynchosporium,svr_linear,1.653216953,1.5559107400617322
rhynchosporium,svr_linear,2.777628285,1.5521418779824416
rhynchosporium,svr_linear,1.279763126,1.572545488356007
rhynchosporium,svr_linear,1.653216943,1.6477236583170887
rhynchosporium,svr_linear,1.43784663,1.578558545616962
rhynchosporium,svr_linear,1.777587875,1.5605056290630168
rhynchosporium,svr_linear,1.216484223,1.5764876189091224
rhynchosporium,svr_linear,1.037759125,1.594563488498129
rhynchosporium,svr_linear,1.769890301,1.6404195939046071
rhynchosporium,svr_linear,2.162215319,1.7320437827182658
rhynchosporium,svr_linear,1.166565905,1.574240990845366
rhynchosporium,svr_linear,1.291022093,1.5568786474180767
rhynchosporium,svr_linear,1.079658848,1.577353938541307
rhynchosporium,svr_linear,2.40856985,1.505851398031048
rhynchosporium,svr_linear,1.937511479,1.5933139662660114
rhynchosporium,svr_linear,1.926354621,1.5513342313410963
rhynchosporium,svr_linear,1.415478213,1.5686246042533385
rhynchosporium,svr_linear,1.788846803,1.6594789926834894
rhynchosporium,svr_linear,1.331034388,1.5848492986882052
rhynchosporium,svr_linear,2.299723204,1.5677524425673155
rhynchosporium,svr_linear,1.947506556,1.6244322575584864
rhynchosporium,svr_linear,1.079658805,1.6056732181946094
rhynchosporium,svr_linear,1.55239688,1.5666565691509946
rhynchosporium,svr_linear,1.101933874,1.5425863575492944
rhynchosporium,svr_linear,1.08462778,1.6161565621723422
rhynchosporium,svr_linear,1.4111277,1.5492088611333663
rhynchosporium,svr_linear,1.291022039,1.5749893474437953
rhynchosporium,svr_linear,1.363953384,1.5565665639563728
rhynchosporium,svr_linear,1.212615101,1.5473251700446637
rhynchosporium,svr_linear,1.511069629,1.6485571800194019
rhynchosporium,svr_linear,1.937511524,1.579005564549862
rhynchosporium,svr_linear,1.231744048,1.5655162059161452
rhynchosporium,svr_linear,1.216484127,1.5108916428974466
rhynchosporium,svr_linear,1.404219404,1.5807031459420409
rhynchosporium,svr_linear,6.459407529,1.7634226071654306
rhynchosporium,svr_linear,1.468817719,1.56622512983554
rhynchosporium,svr_linear,1.216484168,1.5213038223019932
rhynchosporium,svr_linear,1.162215357,1.602650288901887
rhynchosporium,svr_linear,1.552986087,1.5267565225292579
rhynchosporium,svr_linear,1.022149615,1.5676401207325965
rhynchosporium,svr_linear,1.150956396,1.573393841743712
rhynchosporium,svr_linear,1.037759195,1.5673600074130143
rhynchosporium,svr_linear,1.084627815,1.5363565496685267
rhynchosporium,svr_linear,1.415478249,1.5888159203950676
rhynchosporium,svr_linear,1.368922286,1.5973577747764598
rhynchosporium,svr_linear,1.668123855,1.5822229593023116
rhynchosporium,svr_linear,6.459407487,1.7273317362770753
rhynchosporium,svr_linear,1.166565898,1.5440144450347562
rhynchosporium,svr_linear,1.820929035,1.5656299708882577
rhynchosporium,svr_linear,1.226775013,1.5747788419920403
rhynchosporium,svr_linear,1.415478216,1.6083703983029414
rhynchosporium,svr_linear,1.275412589,1.540672314554539
rhynchosporium,svr_linear,1.561187543,1.5421370024673022
rhynchosporium,svr_linear,1.216484175,1.540164027286112
rhynchosporium,svr_linear,2.224399466,1.6225685935068654
rhynchosporium,svr_linear,1.037759159,1.5575104008502938
rhynchosporium,svr_linear,1.08462777,1.6103662652773167
rhynchosporium,svr_linear,3.393767266,1.549069359773789
rhynchosporium,svr_linear,1.373891396,1.6118344842741261
rhynchosporium,svr_linear,6.459407488,1.7390878366051263
rhynchosporium,svr_linear,1.368922349,1.5859899029586109
rhynchosporium,svr_linear,2.166565885,1.5764428826584942
rhynchosporium,svr_linear,1.373891317,1.5544931979999208
rhynchosporium,svr_linear,1.295372638,1.5675147255333333
rhynchosporium,svr_linear,1.275412571,1.5612068961396453
rhynchosporium,svr_linear,1.913303013,1.5317432338568877
rhynchosporium,svr_linear,1.399868752,1.6332606883312724
rhynchosporium,svr_linear,1.295372592,1.6567567309231936
rhynchosporium,svr_linear,1.363953381,1.5741090503131112
rhynchosporium,svr_linear,1.788846828,1.6699451226924467
rhynchosporium,svr_linear,1.037759186,1.545964694145126
rhynchosporium,svr_linear,1.331034461,1.5186564644025968
rhynchosporium,svr_linear,1.895068956,1.6062243145707664
rhynchosporium,svr_linear,0.937511542,1.5302180407265564
rhynchosporium,svr_linear,1.291022061,1.581052751032966
rhynchosporium,svr_linear,1.327165361,1.5919536646207852
rhynchosporium,svr_linear,1.162215314,1.552178561245622
rhynchosporium,svr_linear,1.539934443,1.5583624782351406
rhynchosporium,svr_linear,1.942480466,1.5899358017422314
rhynchosporium,svr_linear,2.815240088,1.6365748797392021
rhynchosporium,svr_linear,1.022149652,1.564976576390926
rhynchosporium,svr_linear,1.331034471,1.5634399539840453
rhynchosporium,svr_linear,1.441715617,1.5508175952606509
rhynchosporium,svr_linear,2.286671505,1.5366659099045767
rhynchosporium,svr_linear,1.162215317,1.5093585587886622
rhynchosporium,svr_linear,2.271062039,1.5352763794991258
rhynchosporium,svr_linear,2.937511467,1.6901087574560052
rhynchosporium,svr_linear,1.411127733,1.6118553636871613
rhynchosporium,svr_linear,1.32716541,1.5788645407884716
rhynchosporium,svr_linear,1.231744003,1.5623509170618162
rhynchosporium,svr_linear,1.084627807,1.5701730459520145
rhynchosporium,svr_linear,1.942480435,1.5538584819913426
rhynchosporium,svr_linear,2.00285975,1.594960066267894
rhynchosporium,svr_linear,1.310662828,1.7009439028469246
rhynchosporium,svr_linear,1.345295665,1.8828646660722188
rhynchosporium,svr_linear,1.308152926,1.7524584647488703
rhynchosporium,svr_linear,1.329615671,1.6445421538146414
rhynchosporium,svr_linear,1.309136661,1.809098629992302
rhynchosporium,svr_linear,1.347090622,1.8593435574831592
rhynchosporium,svr_linear,1.345964928,1.7961954535163618
rhynchosporium,svr_linear,1.32218118,0.7985613037941783
rhynchosporium,svr_linear,1.312014403,1.7322996878564385
rhynchosporium,svr_linear,1.345987229,1.9064904982556141
rhynchosporium,svr_linear,1.376770695,1.8581952987814536
rhynchosporium,svr_linear,1.361658452,1.739616132734508
rhynchosporium,svr_linear,1.373389813,1.7752376785714958
rhynchosporium,svr_linear,1.307816663,1.5640581226524481
rhynchosporium,svr_linear,1.31737709,1.7689665342595366
rhynchosporium,svr_linear,1.309189968,1.733936117415848
rhynchosporium,svr_linear,2.349505539,1.7794368892855008
rhynchosporium,svr_linear,1.3471061,1.8036885060300496
rhynchosporium,svr_linear,1.343521037,1.7541260203064022
rhynchosporium,svr_linear,1.328575392,1.7917937014391567
rhynchosporium,svr_linear,1.339987066,1.6687518539216357
rhynchosporium,svr_linear,1.345611308,1.773489180769627
rhynchosporium,svr_linear,1.343836725,1.9314154649891093
rhynchosporium,svr_linear,1.347981651,1.7699966954432904
rhynchosporium,svr_linear,1.346664439,1.8086751771056824
rhynchosporium,svr_linear,1.3438632,1.7579224803000961
rhynchosporium,svr_linear,1.361658452,1.821240653092543
rhynchosporium,svr_linear,1.343884369,1.7576945579794436
rhynchosporium,svr_linear,1.308494695,1.7866922435865975
rhynchosporium,svr_linear,1.34529899,1.765060921559057
rhynchosporium,svr_linear,1.34599483,1.8337877152809292
rhynchosporium,svr_linear,1.346448141,1.8009373106095894
rhynchosporium,svr_linear,1.344630982,1.8565479429504195
rhynchosporium,svr_linear,1.344338755,1.7131687686968498
rhynchosporium,svr_linear,2.298577029,1.802935654310016
rhynchosporium,svr_linear,1.331018761,2.570774581726318
rhynchosporium,svr_linear,1.30814784,2.78393034856357
rhynchosporium,svr_linear,1.307463626,1.9205977191432702
rhynchosporium,svr_linear,1.358698169,1.7848909980264518
rhynchosporium,svr_linear,1.356796248,2.057581679119184
rhynchosporium,svr_linear,1.362765677,1.7929218459109033
rhynchosporium,svr_linear,1.315504218,1.8766243388149817
rhynchosporium,svr_linear,1.320015099,1.6993231988290871
rhynchosporium,svr_linear,1.343894857,1.7441806758396512
rhynchosporium,svr_linear,1.358698169,1.6778022191613313
rhynchosporium,svr_linear,1.372354411,1.871208025374977
rhynchosporium,svr_linear,1.361337796,1.7899778186401263
rhynchosporium,svr_linear,1.3438632,1.7747085228563297
rhynchosporium,svr_linear,1.320043805,1.8029609536381832
rhynchosporium,svr_linear,1.362765677,2.507796394523292
rhynchosporium,svr_linear,1.346453976,1.766612961897063
rhynchosporium,svr_linear,1.343884369,1.6405264677840772
rhynchosporium,svr_linear,1.673626471,1.9350879898214723
rhynchosporium,svr_linear,1.343290102,1.760024773608493
rhynchosporium,svr_linear,1.345964928,1.0795725642523155
rhynchosporium,svr_linear,1.345987229,1.261636573434116
rhynchosporium,svr_linear,1.347090622,1.7583138659756397
rhynchosporium,svr_linear,1.344101569,1.8445832247075153
rhynchosporium,svr_linear,1.361759762,2.8539034253994364
rhynchosporium,svr_linear,1.307594555,1.7309221694862091
rhynchosporium,svr_linear,1.345419789,1.7620726132420779
rhynchosporium,svr_linear,1.38064486,1.711558856231736
rhynchosporium,svr_linear,1.347090622,3.170918296867873
rhynchosporium,svr_linear,1.274000406,1.6283863632589288
rhynchosporium,svr_linear,1.342984828,1.7856972319311972
rhynchosporium,svr_linear,1.358510891,1.746646234282998
rhynchosporium,svr_linear,1.344116137,1.8675415591990991
rhynchosporium,svr_linear,1.308874274,2.7033803816361077
rhynchosporium,svr_linear,1.868275097,2.0373802612074945
rhynchosporium,svr_linear,1.261762696,1.7674323143957593
rhynchosporium,svr_linear,1.343290102,1.872896341315251
rhynchosporium,svr_linear,1.418277421,1.798812836518713
rhynchosporium,svr_linear,1.342365499,1.8136068665259044
rhynchosporium,svr_linear,1.348299515,1.7860601816306927
rhynchosporium,svr_linear,1.324382238,1.7010781866898375
rhynchosporium,svr_linear,1.313470676,1.809045099331652
rhynchosporium,svr_linear,1.30761712,1.776958577694665
rhynchosporium,svr_linear,1.348299515,1.7571739702090963
rhynchosporium,svr_linear,1.30840155,1.6293975238155083
rhynchosporium,svr_linear,3.345611308,1.5826236389436628
rhynchosporium,svr_linear,1.316608886,1.7656918118080989
rhynchosporium,svr_linear,1.309275417,1.7355972280521983
rhynchosporium,svr_linear,1.358530138,1.7790112375191196
rhynchosporium,svr_linear,1.361658452,1.8798320463719076
rhynchosporium,svr_linear,1.520433454,1.6364940849283427
rhynchosporium,svr_linear,1.345221174,1.7254029889644549
rhynchosporium,svr_linear,1.344338755,1.7404406392961451
rhynchosporium,svr_linear,1.330384449,1.7881828451821553
rhynchosporium,svr_linear,1.345010008,1.6475657431448245
rhynchosporium,svr_linear,1.361337796,1.8307178293736026
rhynchosporium,svr_linear,1.307741567,1.8987035028203105
rhynchosporium,svr_linear,1.344195959,1.7588670583009827
rhynchosporium,svr_linear,1.308810999,1.6706474398020879
rhynchosporium,svr_linear,1.345005202,1.7919477613892534
rhynchosporium,svr_linear,1.347981651,1.6650235374265647
rhynchosporium,svr_linear,1.345164609,1.9402293263176928
rhynchosporium,svr_linear,1.346664439,1.7554050118503361
rhynchosporium,svr_linear,1.343825587,1.8113206171343075
rhynchosporium,svr_linear,1.342365499,1.7664865205409752
rhynchosporium,svr_linear,1.346685288,1.7533791781264227
rhynchosporium,svr_linear,1.3438632,1.773053044902288
rhynchosporium,svr_linear,1.345005202,1.7787991547756237
rhynchosporium,svr_linear,1.348299515,1.7907579665441409
rhynchosporium,svr_linear,1.345221174,1.7500172439985222
rhynchosporium,svr_linear,1.342365499,1.7263021822507476
rhynchosporium,svr_linear,1.345005202,1.7793302461056069
rhynchosporium,svr_linear,1.34529899,1.8046532507699318
rhynchosporium,svr_linear,1.31157668,1.796303177307751
rhynchosporium,svr_linear,1.34098313,1.7552141060979807
rhynchosporium,svr_linear,1.345010008,1.782199462531203
rhynchosporium,svr_linear,1.307140951,1.485217590093722
rhynchosporium,svr_linear,1.308295119,1.591368336554757
rhynchosporium,svr_linear,1.345164609,1.7879595190265278
rhynchosporium,svr_linear,1.362765677,1.634579556548705
rhynchosporium,svr_linear,1.345112701,1.724864667017916
rhynchosporium,svr_linear,1.308095006,-0.7929840774771415
rhynchosporium,svr_linear,2.267762271,1.7602009853281473
rhynchosporium,svr_linear,1.254449435,1.7851160589404405
rhynchosporium,svr_linear,1.343894857,1.574569353049338
rhynchosporium,svr_linear,1.28543033,1.7496233251456257
rhynchosporium,svr_linear,1.361759762,1.9524344132668707
rhynchosporium,svr_linear,1.373389813,1.4722308275129006
rhynchosporium,svr_linear,1.273772365,1.8510960255935314
rhynchosporium,svr_linear,1.344195959,1.7989948422465596
rhynchosporium,svr_linear,1.343836725,1.8722564570443236
rhynchosporium,svr_linear,1.352646083,1.5755826302709734
rhynchosporium,svr_linear,1.343825587,1.8596346897848939
rhynchosporium,svr_linear,1.345221174,1.7400003606413392
rhynchosporium,svr_linear,1.362108974,1.8518866592455088
rhynchosporium,svr_linear,1.343521037,1.824978186511607
rhynchosporium,svr_linear,1.345221174,1.7709023360751064
rhynchosporium,svr_linear,1.362108974,1.849738220457577
rhynchosporium,svr_linear,1.413527402,1.6894437758801664
rhynchosporium,svr_linear,1.308756762,1.7341492310378415
rhynchosporium,svr_linear,1.345955249,1.7393923184829716
rhynchosporium,svr_linear,1.345548918,1.744751216382766
rhynchosporium,svr_linear,1.376770695,1.7404389560417177
rhynchosporium,svr_linear,1.343521037,1.7888900184997374
rhynchosporium,svr_linear,2.298577029,1.7246383693884937
rhynchosporium,svr_linear,1.3471061,1.7835717061399106
rhynchosporium,svr_linear,1.362724719,1.6911752617400113
rhynchosporium,svr_linear,1.373389813,1.7773034128551415
rhynchosporium,svr_linear,1.343775605,1.8113883051316477
rhynchosporium,svr_linear,1.344116137,1.7348647851555092
rhynchosporium,svr_linear,1.268581383,1.8924191234081553
rhynchosporium,svr_linear,1.362108974,1.7539672930822467
rhynchosporium,svr_linear,1.344101569,1.9643251202942538
rhynchosporium,svr_linear,1.352646083,2.0176912582496773
rhynchosporium,svr_linear,1.344003723,1.7278618012716789
rhynchosporium,svr_linear,1.347090622,2.0207730558541313
rhynchosporium,svr_linear,1.342828272,1.847363606090099
rhynchosporium,svr_linear,1.343290102,1.8991190373400775
rhynchosporium,svr_linear,1.343290102,1.717185145793986
rhynchosporium,svr_linear,1.34529899,1.8463218184698673
rhynchosporium,svr_linear,1.347981651,1.7029682152790317
rhynchosporium,svr_linear,1.329598578,1.757931672118864
rhynchosporium,svr_linear,1.342040205,1.812194559839756
rhynchosporium,svr_linear,1.872196484,1.6684891921131442
rhynchosporium,svr_linear,1.345010008,1.7532120584550523
rhynchosporium,svr_linear,1.345221174,1.935457339739256
rhynchosporium,svr_linear,1.344003723,1.7489868851373955
rhynchosporium,svr_linear,1.343661201,1.894160768742396
rhynchosporium,svr_linear,1.346664439,2.035849744639369
rhynchosporium,svr_linear,1.324382238,1.3753784229335833
rhynchosporium,svr_linear,1.34599483,1.7902715079410827
rhynchosporium,svr_linear,1.404285801,1.4659413878204726
rhynchosporium,svr_linear,1.346689537,1.728434369528594
rhynchosporium,svr_linear,1.330384449,1.8446611566429176
rhynchosporium,svr_linear,1.346685288,1.6906993660426142
rhynchosporium,svr_linear,1.32789758,1.8043442894896984
rhynchosporium,svr_linear,1.319540847,1.8133003492458444
rhynchosporium,svr_linear,1.376770695,1.780682327343452
rhynchosporium,svr_linear,1.34529899,1.7510951001078925
rhynchosporium,svr_linear,1.345955249,2.0530150199925075
rhynchosporium,svr_linear,1.347090622,1.8297477475440818
rhynchosporium,svr_linear,1.344116137,1.8260689169835738
rhynchosporium,svr_linear,1.345164609,1.7427267555397052
rhynchosporium,svr_linear,1.346448141,1.760346130509594
rhynchosporium,svr_linear,1.345987229,1.7483342082555662
rhynchosporium,svr_linear,1.376770695,1.707120130934321
rhynchosporium,svr_linear,1.34599483,1.8422885527743507
rhynchosporium,svr_linear,1.346689537,1.817157353355197
rhynchosporium,svr_linear,1.344630982,1.7667913199965004
rhynchosporium,svr_linear,3.343199505,3.812836409945711
rhynchosporium,svr_linear,1.344116137,1.850359300135869
rhynchosporium,svr_linear,1.329598578,1.7317936612571105
rhynchosporium,svr_linear,1.347981651,0.9659537901338168
rhynchosporium,svr_linear,1.343894857,1.7114277441137062
rhynchosporium,svr_linear,1.343836725,1.7968779236140136
rhynchosporium,svr_linear,1.370487668,1.8460423932891648
rhynchosporium,svr_linear,1.346689537,1.9385012908976853
rhynchosporium,svr_linear,1.345112701,1.7727054814065142
rhynchosporium,svr_linear,1.345548918,1.7939591559493662
rhynchosporium,svr_linear,1.345548918,1.724547274546171
rhynchosporium,svr_linear,1.358530138,1.8925930575346677
rhynchosporium,svr_linear,1.342984828,1.6020017183432969
rhynchosporium,svr_linear,1.307571682,1.6392385870905697
rhynchosporium,svr_linear,1.367352762,1.8048006599240956
rhynchosporium,svr_linear,1.345987229,1.710649808524522
rhynchosporium,svr_linear,1.344640469,1.7861777513332333
rhynchosporium,svr_linear,1.342365499,1.8644705364931866
rhynchosporium,svr_linear,1.274951367,1.7367746126063557
rhynchosporium,svr_linear,1.345955249,1.8322681678820736
rhynchosporium,svr_linear,1.362108974,1.7013905925995623
rhynchosporium,svr_linear,1.3471061,1.8107308052450093
rhynchosporium,svr_linear,1.859770775,1.7648100862177445
rhynchosporium,svr_linear,1.323171999,1.7819971676752795
rhynchosporium,svr_linear,1.345964928,1.7589108948470462
rhynchosporium,svr_linear,1.376770695,1.7913896368271334
rhynchosporium,svr_linear,1.345419789,1.7842531631554777
rhynchosporium,svr_linear,1.343836725,1.8141531839839635
rhynchosporium,svr_linear,1.343884369,1.6750685572875335
rhynchosporium,svr_linear,1.346448141,1.6933740891722484
rhynchosporium,svr_linear,1.344640469,1.8189744601913356
rhynchosporium,svr_linear,1.308160209,1.923567014934654
rhynchosporium,svr_linear,1.373389813,1.8049873247783144
rhynchosporium,svr_linear,1.346448141,1.8076105825733306
rhynchosporium,svr_linear,1.344003723,1.7826954819317913
rhynchosporium,svr_linear,1.343775605,1.8020499767376341
rhynchosporium,svr_linear,1.345221174,1.6263472558112226
rhynchosporium,svr_linear,1.352646083,1.760588319210415
rhynchosporium,svr_linear,1.342528747,1.7798648762928093
rhynchosporium,svr_linear,1.323413606,1.8325806540874108
rhynchosporium,svr_linear,1.308576545,1.889551925449335
rhynchosporium,svr_linear,1.358698169,1.7370441002915595
rhynchosporium,svr_linear,1.398877693,1.7175788429761116
rhynchosporium,svr_linear,1.349505539,1.7207276682095103
rhynchosporium,svr_linear,1.34098313,1.1946640204364236
rhynchosporium,svr_linear,1.306815206,1.7393272869456347
rhynchosporium,svr_linear,1.659224765,1.7687402037122317
rhynchosporium,svr_linear,1.349505539,1.7695708193756077
rhynchosporium,svr_linear,1.34599483,1.2513097276721574
rhynchosporium,svr_linear,1.345987229,1.8174893517972612
rhynchosporium,svr_linear,1.345964928,1.8316587244329003
rhynchosporium,svr_linear,1.342828272,1.7399499075237843
rhynchosporium,svr_linear,1.300292809,1.8054265606705617
rhynchosporium,svr_linear,1.345164609,1.950544092450763
rhynchosporium,svr_linear,1.345240852,1.7479215536252477
rhynchosporium,svr_linear,1.307943939,1.7377763187749249
rhynchosporium,svr_linear,1.309751459,2.395195131027173
rhynchosporium,svr_linear,1.273468868,1.7329653669843141
rhynchosporium,svr_linear,1.370487668,1.5955479790199532
rhynchosporium,svr_linear,1.31727149,1.8618228664309682
rhynchosporium,svr_linear,3.344302198,1.6362150155329538
rhynchosporium,svr_linear,1.343884369,1.8306955087942562
rhynchosporium,svr_linear,1.345221174,1.992265477571299
rhynchosporium,svr_linear,1.345955249,2.244638464067439
rhynchosporium,svr_linear,1.373389813,1.7726520770710898
rhynchosporium,svr_linear,1.34298733,1.734103829799442
rhynchosporium,svr_linear,1.372354411,1.8430334692442287
rhynchosporium,svr_linear,1.345611308,1.761672063269322
rhynchosporium,svr_linear,1.346689537,1.8079199581139387
rhynchosporium,svr_linear,1.254267769,1.8103503062422186
rhynchosporium,svr_linear,1.267762271,1.793174438845309
rhynchosporium,svr_linear,1.308397703,1.747363709818907
rhynchosporium,svr_linear,2.321384749,2.4476828811706177
rhynchosporium,svr_linear,1.343825587,1.6505917307211697
rhynchosporium,svr_linear,1.342984828,2.0883875138358254
rhynchosporium,svr_linear,1.345964928,1.741711598488346
rhynchosporium,svr_linear,1.301161561,1.7786906764781922
rhynchosporium,svr_linear,1.344101569,1.7496634874517263
rhynchosporium,svr_linear,1.343661201,1.7790692232457288
rhynchosporium,svr_linear,1.344630982,1.7059096246039596
rhynchosporium,svr_linear,1.308025907,1.722335872116007
rhynchosporium,svr_linear,1.362765677,1.7512621095558036
rhynchosporium,svr_linear,1.358698169,1.7846183485015645
rhynchosporium,svr_linear,1.307560079,1.7553154570878606
rhynchosporium,svr_linear,1.3471061,1.7381204173024352
rhynchosporium,svr_linear,1.345112701,1.7662410067287622
rhynchosporium,svr_linear,1.360066546,1.658398763625409
rhynchosporium,svr_linear,1.345010008,1.7061824122693157
rhynchosporium,svr_linear,1.418277421,0.4470805924050347
rhynchosporium,svr_linear,1.307535089,1.9483015294614943
rhynchosporium,svr_linear,1.345611308,1.7981580783047613
rhynchosporium,svr_linear,1.34298733,1.8327621726759553
rhynchosporium,svr_linear,1.345955249,1.7988741559178738
rhynchosporium,svr_linear,1.352646083,1.779706003819353
rhynchosporium,svr_linear,3.358510891,1.7516763286315695
rhynchosporium,svr_linear,1.312579352,1.9694513983024893
rhynchosporium,svr_linear,1.309600007,1.8707944589054548
rhynchosporium,svr_linear,1.329598578,1.779825589732408
rhynchosporium,svr_linear,1.343661201,1.8595372764483333
rhynchosporium,svr_linear,1.366050664,1.7704590817984358
rhynchosporium,svr_linear,1.306632111,1.7679406658766286
rhynchosporium,svr_linear,1.344640469,1.7327013973126697
rhynchosporium,svr_linear,1.342040205,1.805298772100046
rhynchosporium,svr_linear,1.342528747,1.7974613848180785
rhynchosporium,svr_linear,1.346453976,1.7726681110077525
rhynchosporium,svr_linear,1.345005202,2.2565895369927116
rhynchosporium,svr_linear,1.344338755,1.7691087884453405
rhynchosporium,svr_linear,3.329598578,1.9076574843890783
rhynchosporium,svr_linear,1.343290102,1.8181274453165368
rhynchosporium,svr_linear,1.345419789,1.7429462066898322
rhynchosporium,svr_linear,1.340082861,1.8032203664274564
rhynchosporium,svr_linear,1.343199505,2.3708756024943205
rhynchosporium,svr_linear,1.308804498,1.7391491055434967
rhynchosporium,svr_linear,1.308716982,1.8711627248517004
rhynchosporium,svr_linear,1.34599483,1.8830942693322326
rhynchosporium,svr_linear,1.413527402,2.5415748181799547
rhynchosporium,svr_linear,1.418277421,1.5656483283525404
rhynchosporium,svr_linear,1.376770695,2.481633868188557
rhynchosporium,svr_linear,1.362765677,1.798767001406708
rhynchosporium,svr_linear,1.358510891,1.7220655163711514
rhynchosporium,svr_linear,1.308183347,1.794188968273877
rhynchosporium,svr_linear,2.324939367,0.42902588703095845
rhynchosporium,svr_linear,1.349505539,1.7761490168550402
rhynchosporium,svr_linear,1.31638602,1.6960272694124066
rhynchosporium,svr_linear,1.346685288,1.7680739625674928
rhynchosporium,svr_linear,1.36845848,1.8232924709009712
rhynchosporium,svr_linear,1.343213976,1.75791218091708
rhynchosporium,svr_linear,1.343199505,1.7860263958478115
rhynchosporium,svr_linear,1.308662994,1.8152937690684878
rhynchosporium,svr_linear,1.346689537,1.754895649127257
rhynchosporium,svr_linear,1.345419789,2.120917910158147
rhynchosporium,svr_linear,1.362108974,1.514578815810311
rhynchosporium,svr_linear,1.34098313,1.6457337502120322
rhynchosporium,svr_linear,1.346685288,1.7222302749541787
rhynchosporium,svr_linear,1.349505539,1.7333018344181228
rhynchosporium,svr_linear,1.342365499,1.8164406649394433
rhynchosporium,svr_linear,1.358510891,1.783287592943584
rhynchosporium,svr_linear,1.348299515,1.7865161258359874
rhynchosporium,svr_linear,1.361337796,1.7380743234329508
rhynchosporium,svr_linear,1.330384449,1.8202071858368853
rhynchosporium,svr_linear,1.254152301,1.563908271377664
rhynchosporium,svr_linear,1.344338755,1.8535584720112566
rhynchosporium,svr_linear,1.345295665,1.9672444865814167
rhynchosporium,svr_linear,1.345295665,1.755353075542455
rhynchosporium,svr_linear,1.358698169,1.823463579715273
rhynchosporium,svr_linear,1.345112701,1.76928941700961
rhynchosporium,svr_linear,1.347090622,1.6107563592756078
rhynchosporium,svr_linear,1.345295665,1.794663032959992
rhynchosporium,svr_linear,1.307591499,1.743702031904935
rhynchosporium,svr_linear,1.345112701,1.7802919094187257
rhynchosporium,svr_linear,1.86754999,1.8183712024357208
rhynchosporium,svr_linear,1.344640469,1.8472756582129264
rhynchosporium,svr_linear,1.370487668,1.7764644229328868
rhynchosporium,svr_linear,1.346664439,1.7928572924012163
rhynchosporium,svr_linear,1.343521037,1.8204162538693625
rhynchosporium,svr_linear,1.353220165,1.675552223838838
rhynchosporium,svr_linear,1.322837368,1.7894127715811015
rhynchosporium,svr_linear,1.345010008,1.741742284077136
rhynchosporium,svr_linear,1.3471061,1.798198494476249
rhynchosporium,svr_linear,1.347981651,1.759284635661603
rhynchosporium,svr_linear,1.34098313,1.7318022900773167
rhynchosporium,svr_linear,1.360066546,1.7615546613917359
rhynchosporium,svr_linear,1.34098313,1.7489732182348845
rhynchosporium,svr_linear,1.34599483,1.8135385851381067
rhynchosporium,svr_linear,1.345295665,1.6135926484510155
rhynchosporium,svr_linear,1.345164609,1.7370414130338723
rhynchosporium,svr_linear,1.343775605,1.843355603316006
rhynchosporium,svr_linear,1.353220165,1.7746613879165196
rhynchosporium,svr_linear,1.345548918,1.7965459384606624
rhynchosporium,svr_linear,1.343884369,1.7176225945092072
rhynchosporium,svr_linear,1.308720507,1.7754651661092722
rhynchosporium,svr_linear,1.344630982,1.6978096708603327
rhynchosporium,svr_linear,1.343894857,1.7560671839748527
rhynchosporium,svr_linear,1.301392636,1.8198240795179061
rhynchosporium,svr_linear,1.353220165,0.9308257430385697
rhynchosporium,svr_linear,1.343825587,1.6759202510342532
rhynchosporium,svr_linear,1.343661201,1.6886575957256964
rhynchosporium,svr_linear,1.336920793,1.0579337922731935
rhynchosporium,svr_linear,1.305544366,1.227185923303339
rhynchosporium,svr_linear,1.362765677,1.5732197162297579
rhynchosporium,svr_linear,1.346685288,1.7530856984584622
rhynchosporium,svr_linear,1.340363673,1.896654691054511
rhynchosporium,svr_linear,1.309444785,1.78872840853083
rhynchosporium,svr_linear,1.361658452,1.7818201025568416
rhynchosporium,svr_linear,1.305675356,1.7657943461961727
rhynchosporium,svr_linear,1.307959865,1.7451415725622323
rhynchosporium,svr_linear,1.344630982,1.0325292520494769
rhynchosporium,svr_linear,1.346448141,1.7593213233067289
rhynchosporium,svr_linear,1.348299515,1.7532070137733884
rhynchosporium,svr_linear,1.343836725,1.7168756097770195
rhynchosporium,svr_linear,1.326515081,1.709532749765619
rhynchosporium,svr_linear,1.298577029,0.8061460197737085
rhynchosporium,svr_linear,1.347090622,1.9343871840195317
rhynchosporium,svr_linear,1.343290102,1.7601869822853282
rhynchosporium,svr_linear,1.330384449,1.6788402280244155
rhynchosporium,svr_linear,1.344640469,1.7222622689811684
rhynchosporium,svr_linear,1.360066546,1.7659847697134652
rhynchosporium,svr_linear,1.358510891,1.8026250958826981
rhynchosporium,svr_linear,1.344640469,1.6710608832874565
rhynchosporium,svr_linear,1.345112701,1.8568414553246768
rhynchosporium,svr_linear,1.362108974,1.778100499568031
rhynchosporium,svr_linear,1.345005202,1.8550743618761951
rhynchosporium,svr_linear,1.372354411,1.8207169674320078
rhynchosporium,svr_linear,1.343199505,1.7816930350118325
rhynchosporium,svr_linear,1.3438632,1.7099708351244307
rhynchosporium,svr_linear,1.367836057,1.7243732580426125
rhynchosporium,svr_linear,1.346664439,1.7742114266127738
rhynchosporium,svr_linear,1.349505539,1.8676958767886718
rhynchosporium,svr_linear,1.376770695,1.878168559926043
rhynchosporium,svr_linear,1.344630982,1.7865785968618098
rhynchosporium,svr_linear,1.346685288,1.759721163629263
rhynchosporium,svr_linear,1.346453976,1.7734035320491859
rhynchosporium,svr_linear,1.348299515,1.8020749408371048
rhynchosporium,svr_linear,1.348299515,1.7911420627324754
rhynchosporium,svr_linear,1.3077768,1.6549618448228993
rhynchosporium,svr_linear,1.418277421,1.767090362642105
rhynchosporium,svr_linear,1.342828272,1.792596375355535
rhynchosporium,svr_linear,1.308165434,1.7879445604780357
rhynchosporium,svr_linear,1.346689537,1.713374152209743
rhynchosporium,svr_linear,1.346664439,1.7519152562675093
rhynchosporium,svr_linear,1.301249564,1.8563799460289343
rhynchosporium,svr_linear,1.344101569,1.7793894192450506
rhynchosporium,svr_linear,1.34529899,1.777575219857945
rhynchosporium,svr_linear,1.343775605,1.8043311907256225
rhynchosporium,svr_linear,1.335189025,1.6618155705208586
rhynchosporium,svr_linear,1.344101569,1.7978993083173387
rhynchosporium,svr_linear,1.32933753,1.7398501723897761
rhynchosporium,svr_linear,1.298577029,1.780615666904856
rhynchosporium,svr_linear,1.345295665,1.903651874117213
rhynchosporium,svr_linear,1.315406884,1.7624252434138452
rhynchosporium,svr_linear,1.349505539,1.77107066870698
rhynchosporium,svr_linear,1.34298733,1.8316408704300775
rhynchosporium,svr_linear,1.346664439,1.7869941934689906
rhynchosporium,svr_linear,1.3579537285,1.687050764133312
rhynchosporium,svr_linear,1.398346461,1.7799893550838504
rhynchosporium,svr_linear,1.339987066,1.8680382222893543
rhynchosporium,svr_linear,1.343661201,1.8097844577395283
rhynchosporium,svr_linear,1.345964928,1.8826482233692958
rhynchosporium,svr_linear,1.3471061,1.7437429363056456
rhynchosporium,svr_linear,1.346448141,1.7780115826434877
rhynchosporium,svr_linear,1.343836725,1.878047035429737
rhynchosporium,svr_linear,1.346482527,1.7580913681783845
rhynchosporium,svr_linear,1.360066546,1.748738649086972
rhynchosporium,svr_linear,1.345987229,1.308494288471286
rhynchosporium,svr_linear,1.346453976,1.7695721949537335
rhynchosporium,svr_linear,1.308055837,1.888968838221577
rhynchosporium,svr_linear,1.34098313,1.7142178472417315
rhynchosporium,svr_linear,1.361337796,1.8508760108686788
rhynchosporium,svr_linear,1.343661201,1.8976528352569035
rhynchosporium,svr_linear,1.343521037,1.8989989014038091
rhynchosporium,svr_linear,1.346685288,1.7750539757430448
rhynchosporium,svr_linear,1.309197826,1.7599133165933876
rhynchosporium,svr_linear,1.342040205,1.7949280783405397
rhynchosporium,svr_linear,1.520433454,1.756267006307503
rhynchosporium,svr_linear,1.300671927,1.7597326512275682
rhynchosporium,svr_linear,1.361337796,1.8835007025937678
rhynchosporium,svr_linear,1.361759762,1.8334912466046933
rhynchosporium,svr_linear,2.778129841,1.7108949805245361
rhynchosporium,svr_linear,1.340363673,1.7605713854140113
rhynchosporium,svr_linear,1.343825587,1.7205093187907121
rhynchosporium,svr_linear,1.346453976,1.80377836974862
rhynchosporium,svr_linear,1.358530138,1.9138361921153177
rhynchosporium,svr_linear,1.372354411,1.7679896419043746
rhynchosporium,svr_linear,1.30807905,1.8811682580535793
rhynchosporium,svr_linear,1.866814843,1.8041710897041645
rhynchosporium,svr_linear,1.344003723,1.6799996422325945
rhynchosporium,svr_linear,1.308054608,1.8431038257368502
rhynchosporium,svr_linear,1.349505539,1.7049997707527464
rhynchosporium,svr_linear,1.3438632,1.6890114663825302
rhynchosporium,svr_linear,1.30780901,1.8042414137665153
rhynchosporium,svr_linear,1.305640819,1.7377672723085567
rhynchosporium,svr_linear,1.3094274,2.2141625287649838
rhynchosporium,svr_linear,5.342723977,1.7462718450310857
rhynchosporium,svr_linear,1.345008161,1.7755308921854425
rhynchosporium,svr_linear,1.353220165,1.7524968755162527
rhynchosporium,svr_linear,1.348299515,1.7214418233742834
rhynchosporium,svr_linear,1.346689537,1.6885952108229525
rhynchosporium,svr_linear,1.342040205,1.8245759407532305
rhynchosporium,svr_linear,1.361337796,1.846142271759985
rhynchosporium,svr_linear,1.353220165,1.7851956516281635
rhynchosporium,svr_linear,1.344003723,1.8030941355782484
rhynchosporium,svr_linear,1.343521037,1.687302347700969
rhynchosporium,svr_linear,1.307782504,1.7380726823574355
rhynchosporium,svr_linear,1.344003723,1.8330155534525934
rhynchosporium,svr_linear,1.273690741,1.785224982195834
rhynchosporium,svr_linear,1.347090622,1.8012467405573498
rhynchosporium,svr_linear,1.345005202,1.779784874918356
rhynchosporium,svr_linear,1.358530138,1.7888632072904065
rhynchosporium,svr_linear,1.347981651,1.801944330977441
rhynchosporium,svr_linear,1.344116137,1.7946687079037305
rhynchosporium,svr_linear,1.413527402,1.752865079079302
rhynchosporium,svr_linear,3.889058053,1.7797323858523322
rhynchosporium,svr_linear,1.307550168,1.7116664815957194
rhynchosporium,svr_linear,1.301544971,1.8407667099473812
rhynchosporium,svr_linear,3.811587476,1.6808633346692328
rhynchosporium,svr_linear,1.34599483,1.9347690252277034
rhynchosporium,svr_linear,1.272689828,1.815831884149735
rhynchosporium,svr_linear,1.274764257,1.6408440938725033
rhynchosporium,svr_linear,1.340363673,1.6137786601625645
rhynchosporium,svr_linear,1.34529899,1.7364783884936188
rhynchosporium,svr_linear,1.342828272,1.8184880615370025
rhynchosporium,svr_linear,1.307278278,1.7632152742830542
rhynchosporium,svr_linear,1.348299515,1.7324268462873025
rhynchosporium,svr_linear,1.3239048,1.7636007917008365
rhynchosporium,svr_linear,1.307591499,1.7272988171216734
rhynchosporium,svr_linear,1.345987229,1.7349416943074518
rhynchosporium,svr_linear,1.831244023,2.1624545513664204
rhynchosporium,svr_linear,1.310157253,2.098362066037056
rhynchosporium,svr_linear,1.311861531,1.7485516264702583
rhynchosporium,svr_linear,1.358698169,1.771525800561213
rhynchosporium,svr_linear,1.298577029,1.7461927450272319
rhynchosporium,svr_linear,1.342040205,1.8889215261356807
rhynchosporium,svr_linear,1.322963995,1.7772389210331472
rhynchosporium,svr_linear,1.321444246,2.0937733524162008
rhynchosporium,svr_linear,1.346448141,1.7392884020840242
rhynchosporium,svr_linear,1.308350204,1.7278768037712011
rhynchosporium,svr_linear,1.344195959,1.669928302121848
rhynchosporium,svr_linear,1.850124299,1.6926333556772313
rhynchosporium,svr_linear,1.361658452,1.781652115135539
rhynchosporium,svr_linear,1.321500144,1.766482593185934
rhynchosporium,svr_linear,1.307520684,1.8437216555714493
rhynchosporium,svr_linear,1.370487668,1.801087205753986
rhynchosporium,svr_linear,1.340363673,1.837092273110897
rhynchosporium,svr_linear,1.376770695,1.791878913751047
rhynchosporium,svr_linear,1.346685288,1.8028866504074663
rhynchosporium,svr_linear,1.344338755,1.710654798735036
rhynchosporium,svr_linear,1.329438861,1.660891119391395
rhynchosporium,svr_linear,2.358510891,1.6981762001935174
rhynchosporium,svr_linear,1.342528747,2.6699992180165855
rhynchosporium,svr_linear,1.413527402,1.8665605977476458
rhynchosporium,svr_linear,1.346453976,1.7997878626781685
rhynchosporium,svr_linear,1.360066546,1.7733687131901308
rhynchosporium,svr_linear,1.313352083,1.7441282132837717
rhynchosporium,svr_linear,1.342528747,1.777088748495264
rhynchosporium,svr_linear,1.347981651,1.62988949737062
rhynchosporium,svr_linear,1.344893435,1.849836271625195
rhynchosporium,svr_linear,1.344195959,1.8373623353822077
rhynchosporium,svr_linear,1.352646083,1.8062461462291177
rhynchosporium,svr_linear,1.308812035,1.8103446853870986
rhynchosporium,svr_linear,1.330384449,1.5501560471448697
rhynchosporium,svr_linear,1.3471061,1.971904214466567
rhynchosporium,svr_linear,3.055161343,1.9127502902706772
rhynchosporium,svr_linear,1.150956425,1.6947957557060835
rhynchosporium,svr_linear,2.66439061,1.7460588857192114
rhynchosporium,svr_linear,2.797547908,1.5836598065052496
rhynchosporium,svr_linear,1.166565902,1.701160991511706
rhynchosporium,svr_linear,1.800333172,2.0327112866146826
rhynchosporium,svr_linear,1.226775092,1.8311840956395395
rhynchosporium,svr_linear,1.0846278,1.6690602770215193
rhynchosporium,svr_linear,2.084627793,1.8049313304881203
rhynchosporium,svr_linear,1.084627814,1.6181501345433817
rhynchosporium,svr_linear,3.677442262,1.8370046071233466
rhynchosporium,svr_linear,1.777587867,2.0149764085032182
rhynchosporium,svr_linear,1.926354636,2.0436368461902297
rhynchosporium,svr_linear,2.800333104,1.7484817387746903
rhynchosporium,svr_linear,4.034188774,2.2898597531490013
rhynchosporium,svr_linear,1.539934426,2.3441804305194696
rhynchosporium,svr_linear,3.072987176,2.01591264432345
rhynchosporium,svr_linear,3.383829302,1.8211200941115964
rhynchosporium,svr_linear,1.800333181,2.641229286789959
rhynchosporium,svr_linear,5.942480457,2.0629516341089906
rhynchosporium,svr_linear,2.548635579,2.1560956891482004
rhynchosporium,svr_linear,3.910745141,1.8967875177349034
rhynchosporium,svr_linear,2.094565749,2.1093368704773257
rhynchosporium,svr_linear,1.544284983,1.6378804279504582
rhynchosporium,svr_linear,4.806249044,1.7121505915821165
rhynchosporium,svr_linear,5.937389355,1.7808524279189277
rhynchosporium,svr_linear,4.719895978,2.8448149374950464
rhynchosporium,svr_linear,5.537376594,1.7216771184208683
rhynchosporium,svr_linear,2.327165351,1.7656005162429884
rhynchosporium,svr_linear,1.548527852,1.6377665990497912
rhynchosporium,svr_linear,1.516038609,1.747486888202614
rhynchosporium,svr_linear,4.077337742,1.8599619280265425
rhynchosporium,svr_linear,4.717020916,1.9787794483422716
rhynchosporium,svr_linear,3.81059953,1.6657822797116306
rhynchosporium,svr_linear,1.022149746,1.6469892546216849
rhynchosporium,svr_linear,1.150956412,1.7949166708064648
rhynchosporium,svr_linear,1.795364245,1.6418476559461626
rhynchosporium,svr_linear,2.10580294,1.6835432345874153
rhynchosporium,svr_linear,2.521007582,1.6303386817490655
rhynchosporium,svr_linear,3.428529944,2.164631511735595
rhynchosporium,svr_linear,1.150956416,1.5862896839438076
rhynchosporium,svr_linear,1.295372619,2.0590976284178253
rhynchosporium,svr_linear,3.393767268,1.8069158632426818
rhynchosporium,svr_linear,3.525976592,2.83854598990633
rhynchosporium,svr_linear,2.802384279,1.8009602992132547
rhynchosporium,svr_linear,1.411127677,2.0280241498776643
rhynchosporium,svr_linear,1.373891306,1.9022945387815742
rhynchosporium,svr_linear,2.284113702,3.0537021397550346
rhynchosporium,svr_linear,3.962356462,2.0955371798272973
rhynchosporium,svr_linear,1.793197301,1.8141803476457696
rhynchosporium,svr_linear,1.535583863,1.6131454081894983
rhynchosporium,svr_linear,1.368922381,2.659726699537538
rhynchosporium,svr_linear,4.816695389,1.8442132995638885
rhynchosporium,svr_linear,5.039551927,2.098964503887967
rhynchosporium,svr_linear,3.437231032,2.4946128940542165
rhynchosporium,svr_linear,3.552396836,2.60258910629986
rhynchosporium,svr_linear,5.162620829,1.846840146778087
rhynchosporium,svr_linear,4.717020954,1.8878609813602896
rhynchosporium,svr_linear,6.424179376,1.7829765378265745
rhynchosporium,svr_linear,4.432880485,1.7618606112387576
rhynchosporium,svr_linear,3.231743977,2.443847366522679
rhynchosporium,svr_linear,3.810271171,1.9932903293970685
rhynchosporium,svr_linear,2.399868753,2.0458593555519724
rhynchosporium,svr_linear,2.166565836,1.7755695802856601
rhynchosporium,svr_linear,3.794990068,1.9069836491077263
rhynchosporium,svr_linear,4.806249013,1.9243546402472331
rhynchosporium,svr_linear,4.717020891,1.5197679142232425
rhynchosporium,svr_linear,1.29102209,1.684958087281476
rhynchosporium,svr_linear,2.037759198,1.7727523579700957
rhynchosporium,svr_linear,3.820209121,1.8244951772110132
rhynchosporium,svr_linear,1.368922386,1.810357349614211
rhynchosporium,svr_linear,4.104503709,1.7833556753645399
rhynchosporium,svr_linear,3.677442243,1.6064022813311964
rhynchosporium,svr_linear,3.383829285,1.8450607172391662
rhynchosporium,svr_linear,3.437231044,1.7354379580456385
rhynchosporium,svr_linear,3.228091223,1.8399958210291794
rhynchosporium,svr_linear,3.97028386,1.8001789550995622
rhynchosporium,svr_linear,4.295628113,1.7406316309838668
rhynchosporium,svr_linear,1.399868768,1.8309667377909218
rhynchosporium,svr_linear,1.150956338,1.6953741805605484
rhynchosporium,svr_linear,4.231960254,1.7852018087750694
rhynchosporium,svr_linear,1.995121674,1.7307489149549382
rhynchosporium,svr_linear,4.050810802,1.9035353886195987
rhynchosporium,svr_linear,6.236713047,1.7993897525554376
rhynchosporium,svr_linear,1.995121717,1.937928346638152
rhynchosporium,svr_linear,2.795364243,1.8381836013974884
rhynchosporium,svr_linear,6.255551244,1.7007431931616286
rhynchosporium,svr_linear,2.236713072,1.6175242691931098
rhynchosporium,svr_linear,2.378860355,1.6914723229918474
rhynchosporium,svr_linear,3.281040107,2.2561756007359417
rhynchosporium,svr_linear,2.673092864,2.7555781679100964
rhynchosporium,svr_linear,4.002859751,1.8659150387023415
rhynchosporium,svr_linear,6.077544384,1.8277403999281003
rhynchosporium,svr_linear,5.21484569,1.80699448889992
rhynchosporium,svr_linear,1.084627823,1.723998771854465
rhynchosporium,svr_linear,3.899916617,1.9159466254757829
rhynchosporium,svr_linear,3.613083774,3.201380903695534
rhynchosporium,svr_linear,0.93751152,1.7927197340877918
rhynchosporium,svr_linear,4.104503652,1.64041947996701
rhynchosporium,svr_linear,1.166565829,1.8086926130832304
rhynchosporium,svr_linear,1.291022085,1.9845075068658333
rhynchosporium,svr_linear,1.373891358,1.8450258924139311
rhynchosporium,svr_linear,1.653216896,1.8003593874963584
rhynchosporium,svr_linear,2.226775035,1.7423711119846335
rhynchosporium,svr_linear,4.673091663,1.668175705046181
rhynchosporium,svr_linear,1.216484133,1.6879891854309683
rhynchosporium,svr_linear,4.166489864,1.7522798842571607
rhynchosporium,svr_linear,0.937511537,1.6347861829646178
rhynchosporium,svr_linear,2.521007596,1.7828858317820724
rhynchosporium,svr_linear,1.673091741,1.8045352513823494
rhynchosporium,svr_linear,1.216484222,1.758497083602093
rhynchosporium,svr_linear,4.246650991,1.6536468248953016
rhynchosporium,svr_linear,4.530945561,1.7347844723505348
rhynchosporium,svr_linear,1.101933942,1.8936748007156996
rhynchosporium,svr_linear,2.150956438,1.616338132317818
rhynchosporium,svr_linear,1.216484184,1.7580637345090473
rhynchosporium,svr_linear,2.644430528,1.7562861558222616
rhynchosporium,svr_linear,2.166565854,1.7678763593357787
rhynchosporium,svr_linear,1.913302957,1.7285027432911795
rhynchosporium,svr_linear,2.166565886,2.8244371863849222
rhynchosporium,svr_linear,1.516038645,1.901590801525314
rhynchosporium,svr_linear,2.363953405,1.676627014616059
rhynchosporium,svr_linear,1.295372655,1.7419324700376937
rhynchosporium,svr_linear,1.150956419,1.7374212026386924
rhynchosporium,svr_linear,2.226775042,1.7769126564976503
rhynchosporium,svr_linear,1.793197387,1.6744587790016499
rhynchosporium,svr_linear,3.535914538,1.7437495559026641
rhynchosporium,svr_linear,1.511069651,1.7146128985281157
rhynchosporium,svr_linear,3.113541001,1.7028740076301554
rhynchosporium,svr_linear,1.271062017,1.7571886390578728
rhynchosporium,svr_linear,1.373891344,1.7748894984228227
rhynchosporium,svr_linear,2.42417935,1.6714814728040954
rhynchosporium,svr_linear,2.236713022,1.9124847286620978
rhynchosporium,svr_linear,1.537724038,1.7624275078330203
rhynchosporium,svr_linear,1.653217027,1.6948868631747827
rhynchosporium,svr_linear,1.793197323,1.668680291709475
rhynchosporium,svr_linear,4.424179399,2.02825808806127
rhynchosporium,svr_linear,1.810271144,2.8425714932806354
rhynchosporium,svr_linear,1.677442321,1.7415182341750408
rhynchosporium,svr_linear,1.433977626,1.6592468050780778
rhynchosporium,svr_linear,1.27541261,1.711811317632403
rhynchosporium,svr_linear,1.415478246,1.6277746734343193
rhynchosporium,svr_linear,5.588214198,1.9896791674787886
rhynchosporium,svr_linear,1.942480502,1.6259349893371278
rhynchosporium,svr_linear,2.368922315,1.8055232328900015
rhynchosporium,svr_linear,0.937511542,1.7573230456759559
rhynchosporium,svr_linear,2.657482196,2.5924853817608726
rhynchosporium,svr_linear,2.002859784,1.7962078432355713
rhynchosporium,svr_linear,2.433977617,2.2134829105684686
rhynchosporium,svr_linear,3.668123866,2.7579817764469996
rhynchosporium,svr_linear,1.795364238,1.7053776093524835
rhynchosporium,svr_linear,3.544284971,1.724172685048358
rhynchosporium,svr_linear,1.593738644,1.7901740541801532
rhynchosporium,svr_linear,2.05081083,1.738500606530707
rhynchosporium,svr_linear,1.653131708,1.679592524132786
rhynchosporium,svr_linear,0.937511517,1.7818128417340926
rhynchosporium,svr_linear,1.584627849,1.7386467445109615
rhynchosporium,svr_linear,1.150956381,1.6883691847279678
rhynchosporium,svr_linear,4.957387446,1.941736747724417
rhynchosporium,svr_linear,1.231744074,1.749339366278916
rhynchosporium,svr_linear,2.286671477,1.7206876660495247
rhynchosporium,svr_linear,0.937511531,1.6156261461151642
rhynchosporium,svr_linear,1.221806126,1.723536205936857
rhynchosporium,svr_linear,1.022149651,1.8469323475076225
rhynchosporium,svr_linear,1.658185947,1.8476204449514264
rhynchosporium,svr_linear,1.648247976,1.639274661108457
rhynchosporium,svr_linear,1.037759191,1.7103577962315226
rhynchosporium,svr_linear,1.511069661,1.7085281472357265
rhynchosporium,svr_linear,1.234068626,1.721890321989855
rhynchosporium,svr_linear,1.084627801,1.5510222036795218
rhynchosporium,svr_linear,1.777587835,1.6762259044988534
rhynchosporium,svr_linear,1.664390642,1.6393583553925994
rhynchosporium,svr_linear,1.291022087,1.6042534609083032
rhynchosporium,svr_linear,4.388798298,1.7214410861829739
rhynchosporium,svr_linear,5.383829257,1.9714205529829296
rhynchosporium,svr_linear,4.408569952,1.9191100159198293
rhynchosporium,svr_linear,2.026500251,1.8839166337979292
rhynchosporium,svr_linear,2.4378466,1.7048990967121145
rhynchosporium,svr_linear,1.539934439,1.7364331350777622
rhynchosporium,svr_linear,1.166565894,1.7076513452187778
rhynchosporium,svr_linear,2.059511906,1.702468232844047
rhynchosporium,svr_linear,1.917653563,1.810345183809668
rhynchosporium,svr_linear,1.221806052,1.7159705870371034
rhynchosporium,svr_linear,1.404219315,1.8977369191136124
rhynchosporium,svr_linear,2.516038625,1.7872378122995496
rhynchosporium,svr_linear,2.378860278,1.7393100721428372
rhynchosporium,svr_linear,1.084627778,1.7321129770534516
rhynchosporium,svr_linear,1.516038621,1.799436578256854
rhynchosporium,svr_linear,1.166565922,1.6655125550556342
rhynchosporium,svr_linear,3.712670323,1.7569337515435182
rhynchosporium,svr_linear,1.226775087,2.002777395006521
rhynchosporium,svr_linear,1.037759156,2.103073441104405
rhynchosporium,svr_linear,1.373891335,2.001443925347088
rhynchosporium,svr_linear,2.797547878,1.7998599901272976
rhynchosporium,svr_linear,2.077337735,1.686158329661978
rhynchosporium,svr_linear,2.506100645,1.7912739339351313
rhynchosporium,svr_linear,1.079658796,1.6930050306662368
rhynchosporium,svr_linear,1.552396851,1.6821592773807201
rhynchosporium,svr_linear,1.777587867,1.679413939920042
rhynchosporium,svr_linear,1.800333178,1.6828483486941495
rhynchosporium,svr_linear,1.079658812,1.7308864987917183
rhynchosporium,svr_linear,3.31277491,2.075047530751467
rhynchosporium,svr_linear,5.304073726,1.9043628420234928
rhynchosporium,svr_linear,2.037759125,1.736261530724193
rhynchosporium,svr_linear,4.673092846,2.7799491416079736
rhynchosporium,svr_linear,4.468108579,2.9659704051657334
rhynchosporium,svr_linear,3.241682005,1.7777531517831422
rhynchosporium,svr_linear,2.579856833,1.6956886049055235
rhynchosporium,svr_linear,1.166565842,1.7180875118861467
rhynchosporium,svr_linear,1.231744098,1.620798821182347
rhynchosporium,svr_linear,1.884440496,1.7480344719416565
rhynchosporium,svr_linear,2.050810773,1.725104774521585
rhynchosporium,svr_linear,4.459407456,1.746540698276148
rhynchosporium,svr_linear,1.295372719,1.78628328114924
rhynchosporium,svr_linear,3.31277491,1.822135466426262
rhynchosporium,svr_linear,1.286671536,1.738468455751441
rhynchosporium,svr_linear,1.64824796,1.6969318617126494
rhynchosporium,svr_linear,1.441715643,1.6528610710379081
rhynchosporium,svr_linear,1.942480444,1.5645048081114117
rhynchosporium,svr_linear,2.084627779,1.7431954228610274
rhynchosporium,svr_linear,1.022149666,1.863086477895609
rhynchosporium,svr_linear,1.275412545,1.7206265395762008
rhynchosporium,svr_linear,1.146605826,1.7935491401086092
rhynchosporium,svr_linear,2.666183394,1.7348382688048072
rhynchosporium,svr_linear,1.08462779,1.7740140944578222
rhynchosporium,svr_linear,1.942480489,1.7621936629452077
rhynchosporium,svr_linear,2.445584667,2.6848726863083225
rhynchosporium,svr_linear,1.535583834,1.7568257780545118
rhynchosporium,svr_linear,2.648781076,1.6800907177727349
rhynchosporium,svr_linear,4.219196206,1.743393005918402
rhynchosporium,svr_linear,1.084627748,1.677540384841637
rhynchosporium,svr_linear,1.399868734,1.5925961401800253
rhynchosporium,svr_linear,1.231744032,1.6611210154687146
rhynchosporium,svr_linear,2.524324925,1.7482929963975877
rhynchosporium,svr_linear,1.648781119,1.7031113638951754
rhynchosporium,svr_linear,2.037759174,1.6458408855619895
rhynchosporium,svr_linear,1.942480508,1.720205063923392
rhynchosporium,svr_linear,0.937511521,1.9559885110563888
rhynchosporium,svr_linear,3.428529935,1.9651719431461068
rhynchosporium,svr_linear,1.216484155,1.8292077977764072
rhynchosporium,svr_linear,3.962356371,2.1084625172509783
rhynchosporium,svr_linear,1.516038648,1.7208639343042278
rhynchosporium,svr_linear,1.908952426,1.7996820735477472
rhynchosporium,svr_linear,4.269433029,1.8796535799622285
rhynchosporium,svr_linear,1.279763171,1.7732847308885158
rhynchosporium,svr_linear,1.810271154,1.8162376336752615
rhynchosporium,svr_linear,2.445584659,1.7633969277166615
rhynchosporium,svr_linear,2.087624947,1.7253566619059164
rhynchosporium,svr_linear,2.084627862,1.77401808923893
rhynchosporium,svr_linear,1.327165418,1.812213990269264
rhynchosporium,svr_linear,1.166565928,1.8290464998984102
rhynchosporium,svr_linear,1.664390597,1.649292475830098
rhynchosporium,svr_linear,1.150956433,1.7975632822777705
rhynchosporium,svr_linear,3.52597656,1.6749355837514994
rhynchosporium,svr_linear,1.810271179,1.8287866345962644
rhynchosporium,svr_linear,1.880571458,1.7448721020170868
rhynchosporium,svr_linear,0.937511466,1.7066834470735603
rhynchosporium,svr_linear,1.827165365,1.7249257024516724
rhynchosporium,svr_linear,1.079658813,1.7877256964056139
rhynchosporium,svr_linear,1.795364214,1.6916626478888213
rhynchosporium,svr_linear,2.888309544,1.7068812149486834
rhynchosporium,svr_linear,2.53993443,1.6747573567265714
rhynchosporium,svr_linear,3.560134905,1.7636264782560118
rhynchosporium,svr_linear,2.368922365,1.879501078896761
rhynchosporium,svr_linear,4.468108555,1.1755424455662038
rhynchosporium,svr_linear,1.221806109,1.6617415245820943
rhynchosporium,svr_linear,3.338772488,1.7444272871234232
rhynchosporium,svr_linear,1.653216924,1.6287584575784517
rhynchosporium,svr_linear,0.937511585,1.9872115086523274
rhynchosporium,svr_linear,1.295372587,1.6946436771082167
rhynchosporium,svr_linear,1.275412609,1.648766523836863
rhynchosporium,svr_linear,2.23196032,1.9078467950274618
rhynchosporium,svr_linear,5.712670401,1.8042080461570529
rhynchosporium,svr_linear,3.235829364,1.8178784234471088
rhynchosporium,svr_linear,2.663154846,1.6838307117417237
rhynchosporium,svr_linear,1.884440493,1.7795963879337653
rhynchosporium,svr_linear,1.594565755,1.5830736906644711
rhynchosporium,svr_linear,5.605345756,1.8426736268751371
rhynchosporium,svr_linear,1.079658816,1.6697297123343575
rhynchosporium,svr_linear,1.91765356,1.7753908786967543
rhynchosporium,svr_linear,3.39376729,1.8411858562230559
rhynchosporium,svr_linear,3.91248631,1.8193252458894469
rhynchosporium,svr_linear,1.291022115,1.8220596946043053
rhynchosporium,svr_linear,3.051939641,2.2472186519655226
rhynchosporium,svr_linear,4.806249012,1.983685525023831
rhynchosporium,svr_linear,4.246650957,1.7594916540614751
rhynchosporium,svr_linear,1.212615116,1.6946021783960719
rhynchosporium,svr_linear,1.668741198,1.8859539687293216
blumeria_graminis,svr_rbf,1.607661268,1.5923359524885177
blumeria_graminis,svr_rbf,1.282545663,1.7710799261901644
blumeria_graminis,svr_rbf,1.824626108,2.415090610568092
blumeria_graminis,svr_rbf,3.557255932,2.0779487958210283
blumeria_graminis,svr_rbf,1.422513744,1.69554090429541
blumeria_graminis,svr_rbf,2.118846253,2.06157065029932
blumeria_graminis,svr_rbf,1.658119077,1.7382723083680598
blumeria_graminis,svr_rbf,2.280562163,1.9745114269606612
blumeria_graminis,svr_rbf,1.399851787,1.7043477803096208
blumeria_graminis,svr_rbf,3.163780342,3.198461338052421
blumeria_graminis,svr_rbf,2.835312948,2.254760867633042
blumeria_graminis,svr_rbf,2.169725662,2.145673833428277
blumeria_graminis,svr_rbf,1.474720911,1.7472900082060754
blumeria_graminis,svr_rbf,2.784311373,2.812483403028013
blumeria_graminis,svr_rbf,1.567611335,2.2582226547637485
blumeria_graminis,svr_rbf,0.878362783,1.6196532098864034
blumeria_graminis,svr_rbf,2.454749367,1.9183028613987956
blumeria_graminis,svr_rbf,1.960430977,1.962307085758769
blumeria_graminis,svr_rbf,1.079959671,2.1611881390798366
blumeria_graminis,svr_rbf,1.767445451,1.6376544283732306
blumeria_graminis,svr_rbf,1.080969349,2.1093274126726023
blumeria_graminis,svr_rbf,2.853356049,2.140201079123279
blumeria_graminis,svr_rbf,2.616380327,2.0445540439965546
blumeria_graminis,svr_rbf,1.313348005,2.3573510041963557
blumeria_graminis,svr_rbf,1.18198696,1.8738809959483609
blumeria_graminis,svr_rbf,1.39162445,1.7341192741364084
blumeria_graminis,svr_rbf,1.137216305,2.4655216922990135
blumeria_graminis,svr_rbf,1.647907625,1.6805453251364249
blumeria_graminis,svr_rbf,1.235201359,1.7773912231922333
blumeria_graminis,svr_rbf,2.108077598,1.9424056794898465
blumeria_graminis,svr_rbf,1.184409835,1.6884490393996945
blumeria_graminis,svr_rbf,1.321922995,1.6341701128115846
blumeria_graminis,svr_rbf,1.1200677,1.691120282437593
blumeria_graminis,svr_rbf,1.359683313,1.8342859903855788
blumeria_graminis,svr_rbf,1.278845843,1.6805285121123532
blumeria_graminis,svr_rbf,1.479149112,1.6861238126316556
blumeria_graminis,svr_rbf,1.264224462,1.7007898409890854
blumeria_graminis,svr_rbf,1.607518173,1.7006301310054899
blumeria_graminis,svr_rbf,1.571836665,1.7964934122084335
blumeria_graminis,svr_rbf,1.515752045,1.877983210608305
blumeria_graminis,svr_rbf,2.780634944,2.9619176762604464
blumeria_graminis,svr_rbf,1.477580516,1.7483663684404416
blumeria_graminis,svr_rbf,2.239054599,1.6382451084587362
blumeria_graminis,svr_rbf,1.248313638,1.5098721703474949
blumeria_graminis,svr_rbf,1.670556521,1.653826220554206
blumeria_graminis,svr_rbf,1.21224341,1.7537985569350258
blumeria_graminis,svr_rbf,1.325912087,1.7749157657862549
blumeria_graminis,svr_rbf,1.273001399,1.917072694896877
blumeria_graminis,svr_rbf,1.789160934,1.9658101727754445
blumeria_graminis,svr_rbf,3.109295634,2.1385386770316015
blumeria_graminis,svr_rbf,1.199908391,1.7492762836034368
blumeria_graminis,svr_rbf,1.312854167,1.7716089561130581
blumeria_graminis,svr_rbf,1.177500001,1.895674086209496
blumeria_graminis,svr_rbf,1.957260414,1.7584408593845349
blumeria_graminis,svr_rbf,1.431817791,1.763389289425084
blumeria_graminis,svr_rbf,1.344824841,1.7777051091210123
blumeria_graminis,svr_rbf,1.19671147,1.6624273378708567
blumeria_graminis,svr_rbf,1.09251436,1.8082726110300835
blumeria_graminis,svr_rbf,1.245893872,3.073761034531495
blumeria_graminis,svr_rbf,1.195568981,1.738361774186615
blumeria_graminis,svr_rbf,1.075752275,1.66434928151262
blumeria_graminis,svr_rbf,1.457284446,1.5568471551486809
blumeria_graminis,svr_rbf,2.890299499,2.1058900219603807
blumeria_graminis,svr_rbf,1.924411354,2.8805805343268482
blumeria_graminis,svr_rbf,1.180154129,1.6964491228124876
blumeria_graminis,svr_rbf,1.607241022,1.7565973284706806
blumeria_graminis,svr_rbf,2.275259506,1.764949682978982
blumeria_graminis,svr_rbf,1.33541314,2.037400479512272
blumeria_graminis,svr_rbf,1.296630445,1.9437626072473289
blumeria_graminis,svr_rbf,1.682945121,1.6205188774392365
blumeria_graminis,svr_rbf,1.230735091,1.9811414043689761
blumeria_graminis,svr_rbf,1.298666677,2.3946966318763936
blumeria_graminis,svr_rbf,1.516214308,1.743605837687948
blumeria_graminis,svr_rbf,1.276218294,2.177879606372949
blumeria_graminis,svr_rbf,1.384377824,1.663002298877199
blumeria_graminis,svr_rbf,2.38395236,1.7190462557540016
blumeria_graminis,svr_rbf,2.112994033,2.288847757546133
blumeria_graminis,svr_rbf,1.739651179,2.371157432544929
blumeria_graminis,svr_rbf,1.309187342,1.657519169071008
blumeria_graminis,svr_rbf,3.393857949,2.087126462802315
blumeria_graminis,svr_rbf,1.504892337,1.7414154826694381
blumeria_graminis,svr_rbf,1.23815383,1.6200656328663463
blumeria_graminis,svr_rbf,1.425633541,1.9831659599089244
blumeria_graminis,svr_rbf,1.451144803,1.7316071977428775
blumeria_graminis,svr_rbf,1.468239282,1.662722737085505
blumeria_graminis,svr_rbf,1.611376461,2.18370139756943
blumeria_graminis,svr_rbf,1.18084023,1.652467054234518
blumeria_graminis,svr_rbf,2.007750502,2.2585357100903476
blumeria_graminis,svr_rbf,1.268648611,1.822418343754821
blumeria_graminis,svr_rbf,1.910940074,1.671445209589189
blumeria_graminis,svr_rbf,2.735423773,1.9806292652467854
blumeria_graminis,svr_rbf,1.488873596,1.7873069030657103
blumeria_graminis,svr_rbf,1.483833804,1.7764002622972481
blumeria_graminis,svr_rbf,1.502115379,1.9382424123180102
blumeria_graminis,svr_rbf,2.45121835,1.7850864208140806
blumeria_graminis,svr_rbf,1.194439857,1.6774209528938644
blumeria_graminis,svr_rbf,1.424394868,2.0084306967069225
blumeria_graminis,svr_rbf,1.323548827,1.6302023032765436
blumeria_graminis,svr_rbf,1.199962683,1.7008620939701324
blumeria_graminis,svr_rbf,1.266170724,2.763325851242092
blumeria_graminis,svr_rbf,1.385844234,1.664669932031451
blumeria_graminis,svr_rbf,1.594917668,1.8442804134572621
blumeria_graminis,svr_rbf,1.188508207,1.7582063464342328
blumeria_graminis,svr_rbf,1.416087092,1.6505429647137921
blumeria_graminis,svr_rbf,1.450550884,1.8037610403265436
blumeria_graminis,svr_rbf,1.253072067,1.7654653962185498
blumeria_graminis,svr_rbf,1.431584064,1.6972764777739306
blumeria_graminis,svr_rbf,1.364132813,1.7463121782088322
blumeria_graminis,svr_rbf,1.235694489,1.5791757682151877
blumeria_graminis,svr_rbf,1.834366315,1.721315345878664
blumeria_graminis,svr_rbf,1.278786368,1.8002904033334368
blumeria_graminis,svr_rbf,2.019738746,1.6545442814623375
blumeria_graminis,svr_rbf,1.883581975,2.0755982360481435
blumeria_graminis,svr_rbf,1.513130744,1.7159836428417945
blumeria_graminis,svr_rbf,1.17494921,1.569900532356474
blumeria_graminis,svr_rbf,1.234538962,1.717904345222038
blumeria_graminis,svr_rbf,2.146275561,1.9850162465481032
blumeria_graminis,svr_rbf,2.548445612,1.9902586497711372
blumeria_graminis,svr_rbf,2.91279473,2.5849532963705997
blumeria_graminis,svr_rbf,1.192607622,1.679435772531452
blumeria_graminis,svr_rbf,2.18201933,2.0161588287958536
blumeria_graminis,svr_rbf,1.621276748,1.7090448677017562
blumeria_graminis,svr_rbf,1.218567799,1.6425753395632636
blumeria_graminis,svr_rbf,1.569724829,1.926573739020987
blumeria_graminis,svr_rbf,1.571529128,1.9647610009455896
blumeria_graminis,svr_rbf,1.183105356,2.0927168950889996
blumeria_graminis,svr_rbf,1.760640182,1.6548355255727465
blumeria_graminis,svr_rbf,1.235966649,1.9698147486526265
blumeria_graminis,svr_rbf,4.564505948,3.7433595653693263
blumeria_graminis,svr_rbf,3.556418177,3.0936017660870405
blumeria_graminis,svr_rbf,3.180000688,3.4604233232398443
blumeria_graminis,svr_rbf,6.589138619,3.690892969991022
blumeria_graminis,svr_rbf,4.276054141,3.724358990695013
blumeria_graminis,svr_rbf,2.534190253,3.6366628218665156
blumeria_graminis,svr_rbf,3.019697482,3.684176532025955
blumeria_graminis,svr_rbf,2.411663088,3.1750879895795823
blumeria_graminis,svr_rbf,2.920814432,3.600317288329292
blumeria_graminis,svr_rbf,2.287903953,3.1594135230270872
blumeria_graminis,svr_rbf,3.027663889,3.6513604153292736
blumeria_graminis,svr_rbf,4.157511268,3.7906966721561566
blumeria_graminis,svr_rbf,2.390854411,3.180784963933933
blumeria_graminis,svr_rbf,2.904034227,3.789486475234216
blumeria_graminis,svr_rbf,2.791457945,4.007576208848776
blumeria_graminis,svr_rbf,3.542664674,3.5158668260364996
blumeria_graminis,svr_rbf,2.666662658,3.6795285188740308
blumeria_graminis,svr_rbf,3.418368958,3.177974943353552
blumeria_graminis,svr_rbf,4.188001098,3.205605757373454
blumeria_graminis,svr_rbf,2.540939638,3.4844980672406614
blumeria_graminis,svr_rbf,2.930715273,3.209773092380935
blumeria_graminis,svr_rbf,2.699797776,3.0723239046806587
blumeria_graminis,svr_rbf,4.493524122,3.4262500255842094
blumeria_graminis,svr_rbf,5.146678714,3.2841054262586797
blumeria_graminis,svr_rbf,2.410529842,3.1683509459040895
blumeria_graminis,svr_rbf,4.008990408,3.483752179074211
blumeria_graminis,svr_rbf,4.008608582,3.3133841394382793
blumeria_graminis,svr_rbf,3.891826181,3.095860884869968
blumeria_graminis,svr_rbf,2.979570497,3.770959766871323
blumeria_graminis,svr_rbf,2.721315015,3.088238526713687
blumeria_graminis,svr_rbf,2.629762575,3.24864829133532
blumeria_graminis,svr_rbf,2.860550558,3.7435062473036895
blumeria_graminis,svr_rbf,4.062468799,3.1173013773525606
blumeria_graminis,svr_rbf,4.848314026,3.5133506614437504
blumeria_graminis,svr_rbf,4.112070774,3.4693487143053097
blumeria_graminis,svr_rbf,3.246044365,3.5453154695907205
blumeria_graminis,svr_rbf,3.682047913,3.6743076647112582
blumeria_graminis,svr_rbf,4.469646647,3.4455074386218802
blumeria_graminis,svr_rbf,3.447599585,3.300722746822892
blumeria_graminis,svr_rbf,3.239698053,3.46674149997564
blumeria_graminis,svr_rbf,3.85304031,3.437902069000269
blumeria_graminis,svr_rbf,3.069274663,1.6629988051645137
blumeria_graminis,svr_rbf,2.872516237,3.0143864070465773
blumeria_graminis,svr_rbf,3.543755695,3.4514352863196156
blumeria_graminis,svr_rbf,2.85595884,3.7182164074523207
blumeria_graminis,svr_rbf,3.555119352,3.2132171426307985
blumeria_graminis,svr_rbf,3.30976685,3.1286802850223303
blumeria_graminis,svr_rbf,3.043052785,3.391828293830258
blumeria_graminis,svr_rbf,3.741443185,3.5141904394457755
blumeria_graminis,svr_rbf,3.928411229,3.599798637994438
blumeria_graminis,svr_rbf,4.590927718,3.6221536111636015
blumeria_graminis,svr_rbf,3.655174103,3.4349576636266383
blumeria_graminis,svr_rbf,2.906454968,3.090871320710984
blumeria_graminis,svr_rbf,3.097001974,3.719569255057044
blumeria_graminis,svr_rbf,2.798874784,3.260071020198591
blumeria_graminis,svr_rbf,4.406218731,3.592165443151938
blumeria_graminis,svr_rbf,3.433186966,3.097730864367504
blumeria_graminis,svr_rbf,3.684065586,3.5838033603228485
blumeria_graminis,svr_rbf,2.975448722,3.156895344019044
blumeria_graminis,svr_rbf,4.145771488,3.3776872631155186
blumeria_graminis,svr_rbf,4.962126692,3.7031260721958934
blumeria_graminis,svr_rbf,5.063516056,3.5764573674967854
blumeria_graminis,svr_rbf,4.24409059,3.5489259666410637
blumeria_graminis,svr_rbf,3.149025161,3.157003959253175
blumeria_graminis,svr_rbf,3.032712489,3.7473061900266513
blumeria_graminis,svr_rbf,3.889121027,3.6891499219920862
blumeria_graminis,svr_rbf,4.028138475,3.2076092266328926
blumeria_graminis,svr_rbf,4.505033293,3.302976579820178
blumeria_graminis,svr_rbf,3.107990383,3.727884470570537
blumeria_graminis,svr_rbf,3.428772966,3.3391795598777847
blumeria_graminis,svr_rbf,3.160942868,3.654833344510666
blumeria_graminis,svr_rbf,2.447616775,3.0821048645765607
blumeria_graminis,svr_rbf,3.004071277,3.484254726855761
blumeria_graminis,svr_rbf,4.290238698,3.4955556405618404
blumeria_graminis,svr_rbf,4.263476721,3.4392144502984676
blumeria_graminis,svr_rbf,2.961706458,3.502055808292343
blumeria_graminis,svr_rbf,4.157007598,3.6828847351996448
blumeria_graminis,svr_rbf,3.442248818,3.6908348791170145
blumeria_graminis,svr_rbf,4.295626453,3.123308785546393
blumeria_graminis,svr_rbf,4.521787881,3.47481899527253
blumeria_graminis,svr_rbf,1.980491283,3.830579325915545
blumeria_graminis,svr_rbf,3.194400545,3.6735738668544085
blumeria_graminis,svr_rbf,3.903138775,3.8771309668760887
blumeria_graminis,svr_rbf,3.022576062,3.7740892694199264
blumeria_graminis,svr_rbf,4.367614723,3.71127106570563
blumeria_graminis,svr_rbf,3.472011705,3.579136313633386
blumeria_graminis,svr_rbf,3.717066553,3.6258340891928573
blumeria_graminis,svr_rbf,2.873965832,3.264439391692066
blumeria_graminis,svr_rbf,3.279381497,3.795713812786879
blumeria_graminis,svr_rbf,2.661315957,3.0318713168236333
blumeria_graminis,svr_rbf,3.150697043,3.244859705603731
blumeria_graminis,svr_rbf,3.426235627,3.871279467802397
blumeria_graminis,svr_rbf,4.268562575,3.130594514893633
blumeria_graminis,svr_rbf,3.540086341,3.7041842486170187
blumeria_graminis,svr_rbf,2.845898934,3.580379982713879
blumeria_graminis,svr_rbf,3.049252072,3.4586466479135787
blumeria_graminis,svr_rbf,3.400882727,3.785232803868879
blumeria_graminis,svr_rbf,3.683867214,3.980828994480407
blumeria_graminis,svr_rbf,3.634671231,3.058780642908257
blumeria_graminis,svr_rbf,2.27943587,2.985936765668697
blumeria_graminis,svr_rbf,2.704987972,3.281925660797863
blumeria_graminis,svr_rbf,3.416915262,3.618380794400156
blumeria_graminis,svr_rbf,3.328202772,3.669863258115257
blumeria_graminis,svr_rbf,2.756426229,3.6157872632312738
blumeria_graminis,svr_rbf,3.637625031,3.6396540253889564
blumeria_graminis,svr_rbf,3.429806456,3.6825664128654347
blumeria_graminis,svr_rbf,3.545213946,3.690893468755327
blumeria_graminis,svr_rbf,3.184426594,3.708735396363713
blumeria_graminis,svr_rbf,3.458869061,3.0098894414478634
blumeria_graminis,svr_rbf,2.989321031,3.349278153072463
blumeria_graminis,svr_rbf,3.658455994,3.3220359735602956
blumeria_graminis,svr_rbf,2.351764217,1.8095796775910546
blumeria_graminis,svr_rbf,3.239734038,3.780775216556594
blumeria_graminis,svr_rbf,3.412612816,3.244976887339937
blumeria_graminis,svr_rbf,3.758961177,3.6967135785445535
blumeria_graminis,svr_rbf,3.64693133,3.6627971621612643
blumeria_graminis,svr_rbf,4.425828633,3.4599483263412942
blumeria_graminis,svr_rbf,4.636268046,3.5135152891178327
blumeria_graminis,svr_rbf,4.272345892,3.276163211787911
blumeria_graminis,svr_rbf,3.172735051,3.1536796924577537
blumeria_graminis,svr_rbf,3.949681236,3.7395413088534672
blumeria_graminis,svr_rbf,2.785514466,3.585726033035483
blumeria_graminis,svr_rbf,2.553140951,2.9798170726969566
blumeria_graminis,svr_rbf,2.045791317,2.0084714950035436
blumeria_graminis,svr_rbf,3.012701172,3.1078536362748124
blumeria_graminis,svr_rbf,3.493796248,3.3785794290230404
blumeria_graminis,svr_rbf,3.594167986,3.6154428927053153
blumeria_graminis,svr_rbf,4.135491211,3.5574915575468085
blumeria_graminis,svr_rbf,3.785544967,3.6091703967556237
blumeria_graminis,svr_rbf,3.029052143,3.287150213454562
blumeria_graminis,svr_rbf,3.368255205,3.7683749586981734
blumeria_graminis,svr_rbf,4.306653911,3.434967089973146
blumeria_graminis,svr_rbf,3.785167304,3.2049925202599665
blumeria_graminis,svr_rbf,3.639007752,3.534240533614496
blumeria_graminis,svr_rbf,3.456843562,3.0904721874477783
blumeria_graminis,svr_rbf,4.147701114,3.447441498998146
blumeria_graminis,svr_rbf,2.446781946,1.5880402618489495
blumeria_graminis,svr_rbf,2.909312189,3.5304427664741524
blumeria_graminis,svr_rbf,2.494668195,3.6891225881946115
blumeria_graminis,svr_rbf,4.053919174,3.0246933663240476
blumeria_graminis,svr_rbf,4.641373898,3.3920681072517596
blumeria_graminis,svr_rbf,4.233338983,3.58621226178538
blumeria_graminis,svr_rbf,2.681197233,3.2095049945953775
blumeria_graminis,svr_rbf,2.681340092,3.501521130601699
blumeria_graminis,svr_rbf,3.350652113,3.630341182925233
blumeria_graminis,svr_rbf,3.538647045,3.6111084552255086
blumeria_graminis,svr_rbf,2.862047713,3.523560234693181
blumeria_graminis,svr_rbf,3.946302219,3.674793589936989
blumeria_graminis,svr_rbf,3.011278457,3.713959033266098
blumeria_graminis,svr_rbf,2.529239907,2.767647787745471
blumeria_graminis,svr_rbf,3.841334897,3.4819348057468376
blumeria_graminis,svr_rbf,3.228487904,3.593305633136998
blumeria_graminis,svr_rbf,2.658916003,3.2999403177980797
blumeria_graminis,svr_rbf,3.151626716,3.339165073647279
blumeria_graminis,svr_rbf,3.283427369,3.6295500861417063
blumeria_graminis,svr_rbf,3.789334106,3.3079334173563897
blumeria_graminis,svr_rbf,3.796669747,3.751346551067477
blumeria_graminis,svr_rbf,2.791675033,3.180604242050756
blumeria_graminis,svr_rbf,3.014089299,3.6705751792846613
blumeria_graminis,svr_rbf,3.252486318,3.502606515103449
blumeria_graminis,svr_rbf,2.5721814,3.1086099703314263
blumeria_graminis,svr_rbf,2.204087133,3.3927118500043454
blumeria_graminis,svr_rbf,2.672992823,3.096353191528998
blumeria_graminis,svr_rbf,4.604826501,3.5110076295860053
blumeria_graminis,svr_rbf,2.175609019,3.581970063140524
blumeria_graminis,svr_rbf,2.606679475,3.36984009860425
blumeria_graminis,svr_rbf,2.480321934,3.237935708082278
blumeria_graminis,svr_rbf,2.593974221,3.154708413903376
blumeria_graminis,svr_rbf,2.162478728,3.5071910458471303
blumeria_graminis,svr_rbf,3.227683402,3.4572488180177485
blumeria_graminis,svr_rbf,5.257224227,4.032163783107737
blumeria_graminis,svr_rbf,4.658690624,4.107864209303516
blumeria_graminis,svr_rbf,5.058437263,4.134916557761728
blumeria_graminis,svr_rbf,4.193726931,4.086449404656908
blumeria_graminis,svr_rbf,3.83227834,3.958579547181289
blumeria_graminis,svr_rbf,4.650309925,4.563364814519578
blumeria_graminis,svr_rbf,3.606162525,3.986832425923579
blumeria_graminis,svr_rbf,3.100924054,4.103752548922439
blumeria_graminis,svr_rbf,3.31137996,4.091116544644679
blumeria_graminis,svr_rbf,4.977813317,4.14715869368384
blumeria_graminis,svr_rbf,4.427159955,4.444066658091744
blumeria_graminis,svr_rbf,3.529045416,4.385304949252251
blumeria_graminis,svr_rbf,3.783676765,4.255866825342034
blumeria_graminis,svr_rbf,6.783789402,4.410050635032387
blumeria_graminis,svr_rbf,1.72188989,2.6691450753519748
blumeria_graminis,svr_rbf,3.043797092,2.5839328335454406
blumeria_graminis,svr_rbf,3.722045809,3.2006787122796663
blumeria_graminis,svr_rbf,4.23536422,4.610022234153003
blumeria_graminis,svr_rbf,4.290764957,4.08856678120691
blumeria_graminis,svr_rbf,2.984318562,2.791815411532769
blumeria_graminis,svr_rbf,4.3866521,4.080379491335501
blumeria_graminis,svr_rbf,5.337324402,4.699288074243991
blumeria_graminis,svr_rbf,3.87655913,4.423101303759332
blumeria_graminis,svr_rbf,5.933277057,4.896580130112042
blumeria_graminis,svr_rbf,5.89991457,4.356147596344906
blumeria_graminis,svr_rbf,5.88349109,4.745966820657033
blumeria_graminis,svr_rbf,4.385962468,4.9329659681788955
blumeria_graminis,svr_rbf,4.34240292,3.9909925873224736
blumeria_graminis,svr_rbf,4.675377199,3.914697690897701
blumeria_graminis,svr_rbf,2.981498306,4.42395123282966
blumeria_graminis,svr_rbf,3.846017812,4.021155105607874
blumeria_graminis,svr_rbf,4.896727372,3.7914928306733895
blumeria_graminis,svr_rbf,3.698828362,3.993395208539963
blumeria_graminis,svr_rbf,2.837618486,4.800370596318942
blumeria_graminis,svr_rbf,3.140009536,4.656785359183175
blumeria_graminis,svr_rbf,4.205556563,4.0207585425497046
blumeria_graminis,svr_rbf,4.110451642,4.199993463129377
blumeria_graminis,svr_rbf,4.471026716,4.6547264834136906
blumeria_graminis,svr_rbf,4.398478495,4.957382407677534
blumeria_graminis,svr_rbf,4.505945818,3.3556107819808214
blumeria_graminis,svr_rbf,2.77712455,3.585100602397747
blumeria_graminis,svr_rbf,5.472366993,4.781291214599523
blumeria_graminis,svr_rbf,2.426397308,2.9205125695080763
blumeria_graminis,svr_rbf,4.002508029,4.2905670378985254
blumeria_graminis,svr_rbf,4.019140308,4.448535227734903
blumeria_graminis,svr_rbf,5.015633914,4.867869711069076
blumeria_graminis,svr_rbf,3.059442559,3.972488403276678
blumeria_graminis,svr_rbf,3.615430717,3.9803810643298565
blumeria_graminis,svr_rbf,3.808117529,4.682360139331576
blumeria_graminis,svr_rbf,4.220613878,4.124733626635878
blumeria_graminis,svr_rbf,3.327399942,4.050537537069542
blumeria_graminis,svr_rbf,4.438366136,4.265830586942074
blumeria_graminis,svr_rbf,3.423200647,4.245992975966115
blumeria_graminis,svr_rbf,4.102691645,3.5158568515518986
blumeria_graminis,svr_rbf,4.262336389,3.942731553318782
blumeria_graminis,svr_rbf,4.462897806,4.191440083242032
blumeria_graminis,svr_rbf,4.50671033,4.4676940389546465
blumeria_graminis,svr_rbf,4.612852176,4.090406256418682
blumeria_graminis,svr_rbf,4.223745685,3.874178829187321
blumeria_graminis,svr_rbf,4.907772242,4.197145368234514
blumeria_graminis,svr_rbf,4.521578663,4.313605791100791
blumeria_graminis,svr_rbf,3.108863115,3.386647136119722
blumeria_graminis,svr_rbf,4.127661936,3.8812184680356596
blumeria_graminis,svr_rbf,4.80815216,3.7583796969589267
blumeria_graminis,svr_rbf,4.547944294,4.799685552904088
blumeria_graminis,svr_rbf,3.955554329,4.349135886542311
blumeria_graminis,svr_rbf,4.14426247,3.988009914726013
blumeria_graminis,svr_rbf,2.445808577,5.793219488641413
blumeria_graminis,svr_rbf,4.035274245,3.7377495993152112
blumeria_graminis,svr_rbf,2.872589198,4.010540380367198
blumeria_graminis,svr_rbf,4.808844585,4.165260823225779
blumeria_graminis,svr_rbf,4.202214152,4.647625440934328
blumeria_graminis,svr_rbf,3.68544338,4.514645334355409
blumeria_graminis,svr_rbf,3.206817275,3.619054609440737
blumeria_graminis,svr_rbf,1.316526234,3.1774138098256053
blumeria_graminis,svr_rbf,5.32297995,4.115812686571747
blumeria_graminis,svr_rbf,4.790679092,4.397454514088353
blumeria_graminis,svr_rbf,3.133040489,4.353149116657629
blumeria_graminis,svr_rbf,2.589397338,4.2087867862831025
blumeria_graminis,svr_rbf,3.809839372,4.315944421700898
blumeria_graminis,svr_rbf,3.212470436,2.1730139859812376
blumeria_graminis,svr_rbf,4.874351216,4.514810827342345
blumeria_graminis,svr_rbf,4.825596813,3.565051741044556
blumeria_graminis,svr_rbf,3.198514563,3.4422137906296784
blumeria_graminis,svr_rbf,5.421395854,3.9581042275816167
blumeria_graminis,svr_rbf,2.892750152,2.822970054860467
blumeria_graminis,svr_rbf,4.592522799,3.996613801743738
blumeria_graminis,svr_rbf,3.84236037,3.9689249121732546
blumeria_graminis,svr_rbf,2.684293347,3.963166638295374
blumeria_graminis,svr_rbf,3.888140358,4.161514174297437
blumeria_graminis,svr_rbf,2.278679185,3.851662068945908
blumeria_graminis,svr_rbf,4.111821098,4.282691226429425
blumeria_graminis,svr_rbf,6.301205105,4.452651712759105
blumeria_graminis,svr_rbf,4.910084379,4.473846939698288
blumeria_graminis,svr_rbf,3.659228408,3.8508233848476294
blumeria_graminis,svr_rbf,4.543352862,4.055203075003721
blumeria_graminis,svr_rbf,3.172507983,4.500233797906031
blumeria_graminis,svr_rbf,5.009628539,4.096669097750629
blumeria_graminis,svr_rbf,4.850060637,3.741216217446088
blumeria_graminis,svr_rbf,3.910036696,3.958720315392492
blumeria_graminis,svr_rbf,5.661886978,4.347637661366505
blumeria_graminis,svr_rbf,3.836782413,3.476299593024826
blumeria_graminis,svr_rbf,4.050657305,3.8741395412961417
blumeria_graminis,svr_rbf,3.187221607,3.8849751577902163
blumeria_graminis,svr_rbf,3.651880155,3.6905483364020615
blumeria_graminis,svr_rbf,3.44469146,3.812234234643606
blumeria_graminis,svr_rbf,3.182503062,4.369556208214514
blumeria_graminis,svr_rbf,5.409569142,4.342512755553608
blumeria_graminis,svr_rbf,4.649484742,4.38971055544819
blumeria_graminis,svr_rbf,3.816267738,4.5241188601039966
blumeria_graminis,svr_rbf,6.225613057,4.010234475205824
blumeria_graminis,svr_rbf,3.291470209,3.6492575911716534
blumeria_graminis,svr_rbf,3.358712446,3.833149715647408
blumeria_graminis,svr_rbf,3.511842721,3.371236641648028
blumeria_graminis,svr_rbf,3.267604963,3.058283547681773
blumeria_graminis,svr_rbf,5.618688592,4.23072925822686
blumeria_graminis,svr_rbf,4.422295665,3.6741465506879827
blumeria_graminis,svr_rbf,2.473112519,2.8995199177384436
blumeria_graminis,svr_rbf,4.376537544,3.8586367244558137
blumeria_graminis,svr_rbf,3.720439024,3.7910085375842484
blumeria_graminis,svr_rbf,3.372753117,3.9472681332563155
blumeria_graminis,svr_rbf,3.96233861,4.230063890213519
blumeria_graminis,svr_rbf,4.735057511,4.286956528106517
blumeria_graminis,svr_rbf,3.983885653,4.472947023239295
blumeria_graminis,svr_rbf,4.321173794,3.900864609325931
blumeria_graminis,svr_rbf,4.770752699,4.074988637592515
blumeria_graminis,svr_rbf,5.143586806,4.289259413618311
blumeria_graminis,svr_rbf,4.530680852,4.631497308269869
blumeria_graminis,svr_rbf,4.043679662,4.535020824203175
blumeria_graminis,svr_rbf,3.489522481,4.281169047613431
blumeria_graminis,svr_rbf,4.601631326,4.433600454566182
blumeria_graminis,svr_rbf,4.024574639,4.545472816133302
blumeria_graminis,svr_rbf,5.236225652,3.649247370832724
blumeria_graminis,svr_rbf,2.522042127,4.124243975272631
blumeria_graminis,svr_rbf,3.853910452,3.796511769884493
blumeria_graminis,svr_rbf,3.558781016,4.638432980599111
blumeria_graminis,svr_rbf,4.938299021,4.09245558645865
blumeria_graminis,svr_rbf,4.125145135,4.117878693684416
blumeria_graminis,svr_rbf,4.024236296,4.696817913949724
blumeria_graminis,svr_rbf,4.073491322,4.197387196878633
blumeria_graminis,svr_rbf,5.837107993,4.7376664179201855
blumeria_graminis,svr_rbf,4.778856643,4.223550401300126
blumeria_graminis,svr_rbf,3.411237625,3.458965787526811
blumeria_graminis,svr_rbf,3.665090276,3.6178800588800852
blumeria_graminis,svr_rbf,3.825702693,4.436681159271144
blumeria_graminis,svr_rbf,3.91817307,4.266209208673818
blumeria_graminis,svr_rbf,4.242019861,4.394275432574496
blumeria_graminis,svr_rbf,4.516213003,4.246237513315935
blumeria_graminis,svr_rbf,4.226698287,4.167517496210509
blumeria_graminis,svr_rbf,4.408071506,4.091402228919029
blumeria_graminis,svr_rbf,5.237206111,4.272034232982106
blumeria_graminis,svr_rbf,3.350073339,4.208534205718061
blumeria_graminis,svr_rbf,5.10572123,4.657449750388452
blumeria_graminis,svr_rbf,2.260962592,4.057740289997086
blumeria_graminis,svr_rbf,4.110758686,3.630490872102821
blumeria_graminis,svr_rbf,4.798073378,4.854930537846153
blumeria_graminis,svr_rbf,4.959153868,3.8063841031851537
blumeria_graminis,svr_rbf,3.641454816,3.8990111702709727
blumeria_graminis,svr_rbf,4.141635804,4.298093777697736
blumeria_graminis,svr_rbf,4.86279032,4.011994765479302
blumeria_graminis,svr_rbf,4.216600178,4.419618213942412
blumeria_graminis,svr_rbf,3.849773986,4.641541658963152
blumeria_graminis,svr_rbf,4.956999528,4.011563804359169
blumeria_graminis,svr_rbf,2.440978639,4.051731456352183
blumeria_graminis,svr_rbf,4.702881793,4.621643067195258
blumeria_graminis,svr_rbf,4.554219439,4.584790601926788
blumeria_graminis,svr_rbf,3.253718608,3.658475469836791
blumeria_graminis,svr_rbf,4.467081127,4.61987831247191
blumeria_graminis,svr_rbf,3.569373326,3.9946580693090077
blumeria_graminis,svr_rbf,6.097746394,3.9249744975199063
blumeria_graminis,svr_rbf,5.392107042,3.5192728872926153
blumeria_graminis,svr_rbf,4.427849306,3.6248505620143674
blumeria_graminis,svr_rbf,3.84279713,3.2638944730272446
blumeria_graminis,svr_rbf,3.260197683,4.27959297475224
blumeria_graminis,svr_rbf,3.570921944,4.050044175512261
blumeria_graminis,svr_rbf,4.706338199,5.009975072495546
blumeria_graminis,svr_rbf,4.133519633,3.970205972116544
blumeria_graminis,svr_rbf,4.826196289,4.833313678585679
blumeria_graminis,svr_rbf,4.355886165,4.071466777787778
blumeria_graminis,svr_rbf,3.956880334,4.095756844413712
blumeria_graminis,svr_rbf,5.260171874,4.186110101874437
blumeria_graminis,svr_rbf,3.644976323,3.232948588693186
blumeria_graminis,svr_rbf,5.675513712,4.718122328407967
blumeria_graminis,svr_rbf,5.53101205,4.233610262515761
blumeria_graminis,svr_rbf,4.393923556,5.20997695441952
blumeria_graminis,svr_rbf,4.355963781,3.8197922165933726
blumeria_graminis,svr_rbf,2.538144792,4.284833233213993
blumeria_graminis,svr_rbf,4.815350645,4.575455907929278
blumeria_graminis,svr_rbf,4.449596248,4.399103603054042
blumeria_graminis,svr_rbf,4.179388227,4.184912068733131
blumeria_graminis,svr_rbf,4.167315222,4.143824882913647
blumeria_graminis,svr_rbf,5.372524213,4.1763634281021
blumeria_graminis,svr_rbf,4.231502172,3.571667340130643
blumeria_graminis,svr_rbf,4.90477488,4.53236676100379
blumeria_graminis,svr_rbf,4.845521707,3.759815514007413
blumeria_graminis,svr_rbf,4.026336417,3.8027525850118153
blumeria_graminis,svr_rbf,2.660645523,2.423572945246632
blumeria_graminis,svr_rbf,3.346839531,3.9167870718886744
blumeria_graminis,svr_rbf,4.220619255,4.053989786289087
blumeria_graminis,svr_rbf,4.716208531,3.750128728351881
blumeria_graminis,svr_rbf,4.630099604,4.008764465478557
blumeria_graminis,svr_rbf,3.426240215,3.49830997749641
blumeria_graminis,svr_rbf,2.81102902,3.7920750703586252
blumeria_graminis,svr_rbf,3.50149357,4.1738005376765095
blumeria_graminis,svr_rbf,4.348562936,4.131019715685445
blumeria_graminis,svr_rbf,3.646960045,3.841530352631948
blumeria_graminis,svr_rbf,2.448063444,4.268244396608832
blumeria_graminis,svr_rbf,5.300520045,4.470168876684313
blumeria_graminis,svr_rbf,3.986582557,3.806519354317208
blumeria_graminis,svr_rbf,3.893447874,3.810087550639944
blumeria_graminis,svr_rbf,4.336290184,3.799336196787685
blumeria_graminis,svr_rbf,4.317294748,3.987194725701823
blumeria_graminis,svr_rbf,4.557154459,2.9085404727866355
blumeria_graminis,svr_rbf,3.233179976,3.943266580976427
blumeria_graminis,svr_rbf,3.142372722,3.9921234993583816
blumeria_graminis,svr_rbf,3.234102553,3.3001774631187697
blumeria_graminis,svr_rbf,4.449691489,4.61514490604843
blumeria_graminis,svr_rbf,3.867291291,3.108990255687001
blumeria_graminis,svr_rbf,2.79413729,3.7011331252241217
blumeria_graminis,svr_rbf,4.40435114,3.314509898264234
blumeria_graminis,svr_rbf,3.271024069,2.687966341024053
blumeria_graminis,svr_rbf,4.201435819,4.8964928305733935
blumeria_graminis,svr_rbf,4.80463112,4.3608036936000705
blumeria_graminis,svr_rbf,3.532907492,4.1673194927310675
blumeria_graminis,svr_rbf,3.631286016,3.4641874211658923
blumeria_graminis,svr_rbf,2.477673493,2.5682420664173335
blumeria_graminis,svr_rbf,4.13546807,4.093433046803167
blumeria_graminis,svr_rbf,3.772246592,4.032402750046372
blumeria_graminis,svr_rbf,3.050776096,2.7895171085869896
blumeria_graminis,svr_rbf,5.534791148,4.2254974390778886
blumeria_graminis,svr_rbf,4.451547648,3.7821396414702932
blumeria_graminis,svr_rbf,3.997291665,4.366154444455356
blumeria_graminis,svr_rbf,3.32836914,4.079126440269949
blumeria_graminis,svr_rbf,4.478395922,4.2096545407462855
blumeria_graminis,svr_rbf,4.754708489,4.013956555598342
blumeria_graminis,svr_rbf,1.70233291,4.280876858458285
blumeria_graminis,svr_rbf,4.137604427,4.119132260871968
blumeria_graminis,svr_rbf,4.392161166,3.476564852451135
blumeria_graminis,svr_rbf,1.955866093,3.6668099005634813
blumeria_graminis,svr_rbf,4.722269459,4.223434908563103
blumeria_graminis,svr_rbf,2.734304778,3.531277972033231
blumeria_graminis,svr_rbf,2.949331181,3.8151687620196277
blumeria_graminis,svr_rbf,5.688562708,4.52226939390172
blumeria_graminis,svr_rbf,4.851811167,4.0539991823826025
blumeria_graminis,svr_rbf,4.569751205,5.123113934888165
blumeria_graminis,svr_rbf,2.949877825,4.81741854248391
blumeria_graminis,svr_rbf,3.101476517,3.701787366818454
blumeria_graminis,svr_rbf,4.177878372,4.153953069943825
blumeria_graminis,svr_rbf,2.875922437,2.7986908480605734
blumeria_graminis,svr_rbf,4.122794964,4.388879684994885
blumeria_graminis,svr_rbf,4.616040819,3.5885241246071304
blumeria_graminis,svr_rbf,2.891870258,2.281397166157727
blumeria_graminis,svr_rbf,2.111914299,2.2141913859815907
blumeria_graminis,svr_rbf,2.692208952,2.8333396155323802
blumeria_graminis,svr_rbf,3.181936661,2.734530973577578
blumeria_graminis,svr_rbf,6.382031613,3.966902778820016
blumeria_graminis,svr_rbf,4.282237152,4.192874224794293
blumeria_graminis,svr_rbf,3.714908705,3.991667271269778
blumeria_graminis,svr_rbf,4.415496498,3.9714592138304683
blumeria_graminis,svr_rbf,3.768961456,4.21227204166272
blumeria_graminis,svr_rbf,3.737782353,3.55239838852431
blumeria_graminis,svr_rbf,4.15173181,4.255901759452777
blumeria_graminis,svr_rbf,3.693106282,3.595847553689664
blumeria_graminis,svr_rbf,2.688979987,3.544145762186119
blumeria_graminis,svr_rbf,3.992654485,4.611510697801256
blumeria_graminis,svr_rbf,2.8549377,2.9769379170160235
blumeria_graminis,svr_rbf,1.378409492,3.0115561637710684
blumeria_graminis,svr_rbf,5.122061688,4.272526260934354
blumeria_graminis,svr_rbf,5.155437394,4.421128419428971
blumeria_graminis,svr_rbf,3.720142706,4.15011529248399
blumeria_graminis,svr_rbf,5.874003613,4.063638609289617
blumeria_graminis,svr_rbf,3.978383705,4.265815817617199
blumeria_graminis,svr_rbf,5.310099244,4.6094652696579566
blumeria_graminis,svr_rbf,4.225593161,4.500305831045044
blumeria_graminis,svr_rbf,4.588819157,4.758240659145702
blumeria_graminis,svr_rbf,3.307801401,2.906861870319257
blumeria_graminis,svr_rbf,5.274935231,3.891806037670703
blumeria_graminis,svr_rbf,4.581761662,3.9774477925014446
blumeria_graminis,svr_rbf,3.784649858,3.2730492872494232
blumeria_graminis,svr_rbf,2.75391404,3.229254804126338
blumeria_graminis,svr_rbf,4.400475554,3.8908519061783253
blumeria_graminis,svr_rbf,3.451219525,4.052075714556493
blumeria_graminis,svr_rbf,2.99784099,3.5764401021878784
blumeria_graminis,svr_rbf,2.901250076,3.8817567733120475
blumeria_graminis,svr_rbf,3.546352625,4.053976586343504
blumeria_graminis,svr_rbf,4.167944505,3.621367915567455
blumeria_graminis,svr_rbf,4.845170757,4.136074564949686
blumeria_graminis,svr_rbf,4.269036478,3.8117089051709914
blumeria_graminis,svr_rbf,4.662446828,3.9924848670635633
blumeria_graminis,svr_rbf,2.941978655,4.146208941531809
blumeria_graminis,svr_rbf,3.855978145,4.123969749973961
blumeria_graminis,svr_rbf,4.103741363,4.39227733944883
blumeria_graminis,svr_rbf,3.927403393,4.016132704015213
blumeria_graminis,svr_rbf,3.488888168,3.3746791520318262
blumeria_graminis,svr_rbf,5.264730973,4.485769289355906
blumeria_graminis,svr_rbf,4.146731987,3.8272232758169014
blumeria_graminis,svr_rbf,4.415234402,3.7721299064198908
blumeria_graminis,svr_rbf,5.227753998,4.127131486698499
blumeria_graminis,svr_rbf,4.951180855,4.377615062094807
blumeria_graminis,svr_rbf,3.242313383,3.9806017585240365
blumeria_graminis,svr_rbf,3.581391962,4.578821627668552
blumeria_graminis,svr_rbf,4.779757073,4.742905373177001
blumeria_graminis,svr_rbf,3.789186141,3.675509288249466
blumeria_graminis,svr_rbf,3.452819481,3.369254133597671
blumeria_graminis,svr_rbf,3.822506018,4.161688050841104
blumeria_graminis,svr_rbf,4.48963065,4.225924615502331
blumeria_graminis,svr_rbf,1.764133912,3.2962537767927182
blumeria_graminis,svr_rbf,4.166039527,4.424823706606586
blumeria_graminis,svr_rbf,5.456378574,4.970166497403557
blumeria_graminis,svr_rbf,1.511216651,2.1804107048855657
blumeria_graminis,svr_rbf,3.274252656,4.136585543553722
blumeria_graminis,svr_rbf,2.948178444,3.7069349426639313
blumeria_graminis,svr_rbf,4.152561375,4.826932206911225
blumeria_graminis,svr_rbf,4.644183662,4.097134617287108
blumeria_graminis,svr_rbf,4.754428706,4.082339383647983
blumeria_graminis,svr_rbf,4.460732122,4.399416848013675
blumeria_graminis,svr_rbf,3.783403222,3.5091820485172267
blumeria_graminis,svr_rbf,4.78870537,4.5893477138626295
blumeria_graminis,svr_rbf,4.235566032,4.735121085916743
blumeria_graminis,svr_rbf,2.506675145,3.6714114188645333
blumeria_graminis,svr_rbf,3.895082023,3.5298188267750255
blumeria_graminis,svr_rbf,3.648182618,3.7388462868812438
blumeria_graminis,svr_rbf,5.195142192,5.014858379244137
blumeria_graminis,svr_rbf,5.857579768,4.188501709365438
blumeria_graminis,svr_rbf,4.712397423,3.848857549010209
blumeria_graminis,svr_rbf,3.58122687,3.7407782329289208
blumeria_graminis,svr_rbf,3.36186509,3.118404002502859
blumeria_graminis,svr_rbf,3.152762989,3.8272765989632442
blumeria_graminis,svr_rbf,3.27484881,3.3101151934944353
blumeria_graminis,svr_rbf,4.613429446,4.559671422364691
blumeria_graminis,svr_rbf,3.302955327,4.02420900323618
blumeria_graminis,svr_rbf,4.040670396,4.45108741077616
blumeria_graminis,svr_rbf,4.612095765,4.587017667697376
blumeria_graminis,svr_rbf,3.977859626,4.2196161802272805
blumeria_graminis,svr_rbf,4.13605548,3.951801721023318
blumeria_graminis,svr_rbf,3.942556938,4.675643784796985
blumeria_graminis,svr_rbf,4.190644421,4.566831983167457
blumeria_graminis,svr_rbf,4.599376755,4.6598516928554226
blumeria_graminis,svr_rbf,4.019428768,3.909881669206011
blumeria_graminis,svr_rbf,2.376037436,4.353136022839937
blumeria_graminis,svr_rbf,3.656548376,3.8857077308138175
blumeria_graminis,svr_rbf,4.239869618,4.298588669865286
blumeria_graminis,svr_rbf,2.950422709,3.5119537291760645
blumeria_graminis,svr_rbf,4.41929205,3.105387630399499
blumeria_graminis,svr_rbf,3.613731844,4.572301865768858
blumeria_graminis,svr_rbf,3.948674204,3.758068214385679
blumeria_graminis,svr_rbf,3.267134764,2.7419333659752123
blumeria_graminis,svr_rbf,3.730007541,4.3434612814160225
blumeria_graminis,svr_rbf,4.253975037,3.8121546530970374
blumeria_graminis,svr_rbf,3.623478316,4.174049127941506
blumeria_graminis,svr_rbf,3.885879862,3.9949923380371732
blumeria_graminis,svr_rbf,3.794351277,3.2147813930556115
blumeria_graminis,svr_rbf,3.618311066,4.590258027809086
blumeria_graminis,svr_rbf,2.420042814,4.468544756095034
blumeria_graminis,svr_rbf,3.53487142,4.323569266868435
blumeria_graminis,svr_rbf,4.713959622,4.77695680911534
blumeria_graminis,svr_rbf,4.127095218,3.7217332366751474
blumeria_graminis,svr_rbf,3.3767252,4.0865565047319325
blumeria_graminis,svr_rbf,3.65911629,4.377432902170939
blumeria_graminis,svr_rbf,3.915426952,4.654315626462699
blumeria_graminis,svr_rbf,5.953092094,4.273028540945072
blumeria_graminis,svr_rbf,3.211985757,4.2332037148221415
blumeria_graminis,svr_rbf,4.359206162,4.487297347976181
blumeria_graminis,svr_rbf,4.268787503,4.443992867629748
blumeria_graminis,svr_rbf,4.348575639,3.960130501934147
blumeria_graminis,svr_rbf,4.739567057,4.506167331768337
blumeria_graminis,svr_rbf,5.348289052,4.311711023408851
blumeria_graminis,svr_rbf,4.569255449,3.4037599711058
blumeria_graminis,svr_rbf,5.016286424,3.6218779736045876
blumeria_graminis,svr_rbf,4.261425807,3.6753141781768037
blumeria_graminis,svr_rbf,3.82509917,3.503051551216978
blumeria_graminis,svr_rbf,3.48173721,3.275929905326971
blumeria_graminis,svr_rbf,4.181554228,4.564274485097885
blumeria_graminis,svr_rbf,3.931179341,3.997957863384809
blumeria_graminis,svr_rbf,3.52939646,3.816399779812364
blumeria_graminis,svr_rbf,4.797323453,4.660318349531921
blumeria_graminis,svr_rbf,2.674061693,4.562386295912413
blumeria_graminis,svr_rbf,4.695344887,4.385807025345422
blumeria_graminis,svr_rbf,5.106326175,4.622122494697555
blumeria_graminis,svr_rbf,4.539577153,4.137796212351756
blumeria_graminis,svr_rbf,5.094612275,4.469121888125683
blumeria_graminis,svr_rbf,3.459095167,4.939335666561397
blumeria_graminis,svr_rbf,3.958834789,4.1636877575233395
blumeria_graminis,svr_rbf,3.965129928,4.25910714187536
blumeria_graminis,svr_rbf,4.046867252,4.19920072292469
blumeria_graminis,svr_rbf,3.498437063,4.542316158832186
blumeria_graminis,svr_rbf,3.024222557,3.3607175822151145
blumeria_graminis,svr_rbf,3.752366795,3.6089418363791514
blumeria_graminis,svr_rbf,3.136303836,3.454039155723099
blumeria_graminis,svr_rbf,3.66246826,3.641142980071446
blumeria_graminis,svr_rbf,4.565214057,4.639050936381745
blumeria_graminis,svr_rbf,4.429721865,4.153582999617825
blumeria_graminis,svr_rbf,3.339296547,4.061159364661795
blumeria_graminis,svr_rbf,4.657620487,3.969831497757898
blumeria_graminis,svr_rbf,4.335747748,4.265630207964048
blumeria_graminis,svr_rbf,3.725854383,4.363174550187558
blumeria_graminis,svr_rbf,4.620832885,3.6816400480720826
blumeria_graminis,svr_rbf,3.307611388,4.161686197043158
blumeria_graminis,svr_rbf,3.385584274,4.4171466858709865
blumeria_graminis,svr_rbf,2.534156227,4.223581463152752
blumeria_graminis,svr_rbf,2.433592295,4.375485644055992
blumeria_graminis,svr_rbf,4.629395457,4.232064006358065
blumeria_graminis,svr_rbf,2.904299111,4.117975934816876
blumeria_graminis,svr_rbf,2.957852412,3.660799277017871
blumeria_graminis,svr_rbf,3.159131947,3.0470142397701023
blumeria_graminis,svr_rbf,3.727728353,4.248425540880441
blumeria_graminis,svr_rbf,4.010426504,4.362153983910165
blumeria_graminis,svr_rbf,3.461613888,4.243032028159633
blumeria_graminis,svr_rbf,4.714572886,4.596607316821862
blumeria_graminis,svr_rbf,2.206160689,2.694722754853562
blumeria_graminis,svr_rbf,4.693752103,3.560016367557013
blumeria_graminis,svr_rbf,4.160382043,4.498247719877334
blumeria_graminis,svr_rbf,1.790936211,3.976177294674641
blumeria_graminis,svr_rbf,3.26668967,3.5182169814725426
blumeria_graminis,svr_rbf,4.5139563,3.6939870185975785
blumeria_graminis,svr_rbf,4.131965295,3.8517822618099467
blumeria_graminis,svr_rbf,4.082535373500001,3.8221001605670506
blumeria_graminis,svr_rbf,4.348059065,3.791665374073301
blumeria_graminis,svr_rbf,3.725885131,4.347265823385804
blumeria_graminis,svr_rbf,5.797693712,4.684334629734525
blumeria_graminis,svr_rbf,3.684156528,3.595561092936353
blumeria_graminis,svr_rbf,4.866508045,4.818751727756813
blumeria_graminis,svr_rbf,5.128023287,4.278750642812784
blumeria_graminis,svr_rbf,4.777572048,3.6306604754393303
blumeria_graminis,svr_rbf,3.362793162,4.203018578663326
blumeria_graminis,svr_rbf,3.889438785,3.6769691050472857
blumeria_graminis,svr_rbf,5.174623051,4.160184773376195
blumeria_graminis,svr_rbf,4.65571882,4.269558546747937
blumeria_graminis,svr_rbf,4.342266519,4.08919310380483
blumeria_graminis,svr_rbf,4.792492405,3.885765340439639
blumeria_graminis,svr_rbf,5.555649379,4.372373811774373
blumeria_graminis,svr_rbf,3.441252136,4.424454833346337
blumeria_graminis,svr_rbf,2.973322991,3.69262294875448
blumeria_graminis,svr_rbf,3.432769832,2.96540638743678
blumeria_graminis,svr_rbf,2.255119591,3.576823613758229
blumeria_graminis,svr_rbf,3.225686049,3.8596379926361393
blumeria_graminis,svr_rbf,5.450875302,5.257051126124552
blumeria_graminis,svr_rbf,2.392445537,3.0922629100869132
blumeria_graminis,svr_rbf,3.745437591,4.260313353528765
blumeria_graminis,svr_rbf,4.170079739,4.286099487275091
blumeria_graminis,svr_rbf,3.702604009,3.4184073729534474
blumeria_graminis,svr_rbf,4.322449994,4.1032630291538155
blumeria_graminis,svr_rbf,5.007408434,3.8731811465872665
blumeria_graminis,svr_rbf,4.364947911,3.8092881811831454
blumeria_graminis,svr_rbf,4.412701705,4.4444927405516
blumeria_graminis,svr_rbf,3.821028807,4.1971629253088825
blumeria_graminis,svr_rbf,4.007265884,3.9303367395858735
blumeria_graminis,svr_rbf,4.39254388,4.660070851902292
blumeria_graminis,svr_rbf,4.315922431,4.766228697169828
blumeria_graminis,svr_rbf,4.077058671,3.923134235213766
blumeria_graminis,svr_rbf,4.243993794,4.703589819152265
blumeria_graminis,svr_rbf,3.623043876,4.844357252904296
blumeria_graminis,svr_rbf,1.969898414,3.894316656452142
blumeria_graminis,svr_rbf,4.023721533,4.813409699289017
blumeria_graminis,svr_rbf,5.557457464,4.413847901426498
blumeria_graminis,svr_rbf,5.687791969,4.495763731247329
blumeria_graminis,svr_rbf,4.937622169,4.5513543342638565
blumeria_graminis,svr_rbf,4.362381287,4.087847904726038
blumeria_graminis,svr_rbf,3.694930707,4.6238225807740205
blumeria_graminis,svr_rbf,4.508605869,4.203278811056475
blumeria_graminis,svr_rbf,4.80386177,4.233127376278671
blumeria_graminis,svr_rbf,4.776355444,4.7161367534133545
blumeria_graminis,svr_rbf,4.745946577,4.048835605627992
blumeria_graminis,svr_rbf,4.589738825,4.19504196985585
blumeria_graminis,svr_rbf,4.866184672,4.211697888786863
blumeria_graminis,svr_rbf,6.098758416,3.9303204376346725
blumeria_graminis,svr_rbf,3.844397407,4.0925469397793
blumeria_graminis,svr_rbf,4.941602747,4.039111314056803
blumeria_graminis,svr_rbf,4.49473368,4.427018016540023
blumeria_graminis,svr_rbf,4.241755514,4.24197519294863
blumeria_graminis,svr_rbf,4.554658226,4.380751619843044
blumeria_graminis,svr_rbf,5.857153654,4.7689374454669
blumeria_graminis,svr_rbf,4.036618343,3.8479336829730424
blumeria_graminis,svr_rbf,5.78820279,4.557202282270924
blumeria_graminis,svr_rbf,4.418298767,4.614231654381432
blumeria_graminis,svr_rbf,3.046046877,3.937309941760281
blumeria_graminis,svr_rbf,4.842009433,4.042379398624451
blumeria_graminis,svr_rbf,4.223465711,4.5503170674283675
blumeria_graminis,svr_rbf,3.098072475,3.801747878677571
blumeria_graminis,svr_rbf,1.877312667,3.685403217834309
blumeria_graminis,svr_rbf,4.447964912,4.836238532410863
blumeria_graminis,svr_rbf,4.888873012,4.664463697113991
blumeria_graminis,svr_rbf,3.840150002,3.7776278562445196
blumeria_graminis,svr_rbf,4.876265944,4.348801597414991
blumeria_graminis,svr_rbf,4.668610372,3.9396250608420846
blumeria_graminis,svr_rbf,2.570698487,2.304762021913249
blumeria_graminis,svr_rbf,2.026248771,2.7891680516747583
blumeria_graminis,svr_rbf,4.427801555,4.0549672136986885
blumeria_graminis,svr_rbf,3.723106649,4.639762935749804
blumeria_graminis,svr_rbf,5.250758366,3.9657233468732267
blumeria_graminis,svr_rbf,3.855764302,4.850550132486573
blumeria_graminis,svr_rbf,2.773607313,4.1871815649170525
blumeria_graminis,svr_rbf,3.925818128,4.291946979816585
blumeria_graminis,svr_rbf,2.733244932,3.518223241868397
blumeria_graminis,svr_rbf,3.297534651,3.748017263522461
blumeria_graminis,svr_rbf,3.563464841,2.802270865440077
blumeria_graminis,svr_rbf,3.175064717,4.2100071604700355
blumeria_graminis,svr_rbf,4.345459161,4.1817252512726055
blumeria_graminis,svr_rbf,3.04092758,2.6444799005927973
blumeria_graminis,svr_rbf,4.420581109,4.041140465362626
blumeria_graminis,svr_rbf,3.060804964,2.314833388209397
blumeria_graminis,svr_rbf,3.288843157,3.894385376460459
blumeria_graminis,svr_rbf,3.21282406,4.222293900912022
blumeria_graminis,svr_rbf,2.358034469,4.338377969554997
blumeria_graminis,svr_rbf,4.512703249,4.357399375995348
blumeria_graminis,svr_rbf,3.665361328,4.214542832780415
blumeria_graminis,svr_rbf,2.144039734,3.01510184182961
blumeria_graminis,svr_rbf,4.402121924,4.7810584952995425
blumeria_graminis,svr_rbf,3.939246135,4.5776231918125605
blumeria_graminis,svr_rbf,4.851357272,4.016866920016876
blumeria_graminis,svr_rbf,4.311405507,3.409767740270236
blumeria_graminis,svr_rbf,4.082999544,3.90085452188519
blumeria_graminis,svr_rbf,4.281794473,3.5755424911677385
blumeria_graminis,svr_rbf,4.062606785,4.348294868399578
blumeria_graminis,svr_rbf,3.651404518,3.2423008238849986
blumeria_graminis,svr_rbf,2.282709652,2.2486774055310694
blumeria_graminis,svr_rbf,3.744211802,4.077990433327486
blumeria_graminis,svr_rbf,4.411132487,4.413196612833598
blumeria_graminis,svr_rbf,6.172727679,4.864768604738836
blumeria_graminis,svr_rbf,3.936373147,4.294828399611477
blumeria_graminis,svr_rbf,3.41468884,4.026371143869549
blumeria_graminis,svr_rbf,4.648151062,4.049684696192241
blumeria_graminis,svr_rbf,4.724743907,4.560773073813498
blumeria_graminis,svr_rbf,3.021462403,3.9012374858839114
blumeria_graminis,svr_rbf,5.766695548,3.9397416314939293
blumeria_graminis,svr_rbf,4.32755469,4.251613364923499
blumeria_graminis,svr_rbf,3.010948132,4.186204425520584
blumeria_graminis,svr_rbf,6.3601382,3.4402222270089258
blumeria_graminis,svr_rbf,4.803031515,2.993084169076505
blumeria_graminis,svr_rbf,3.641216199,4.051268386428891
blumeria_graminis,svr_rbf,2.456815349,3.4109446500285783
blumeria_graminis,svr_rbf,2.485620465,3.675976402504807
blumeria_graminis,svr_rbf,3.364029543,4.314044833999979
blumeria_graminis,svr_rbf,4.386838456,3.7197088269843785
blumeria_graminis,svr_rbf,5.826977965,4.288472495694722
blumeria_graminis,svr_rbf,3.884278773,3.718375197879315
blumeria_graminis,svr_rbf,4.070743586,3.8414046071990486
blumeria_graminis,svr_rbf,3.424166895,4.100698876075198
blumeria_graminis,svr_rbf,3.852326036,3.821635985269035
blumeria_graminis,svr_rbf,3.042276193,4.165663845008141
blumeria_graminis,svr_rbf,4.666907596,4.100658402250846
blumeria_graminis,svr_rbf,5.888885877,4.381178531998783
blumeria_graminis,svr_rbf,5.463727666,3.7365321068324278
blumeria_graminis,svr_rbf,3.766301702,3.66283120404103
blumeria_graminis,svr_rbf,3.823955062,4.193109892639013
blumeria_graminis,svr_rbf,3.611106167,4.138488737827833
blumeria_graminis,svr_rbf,5.081185259,3.818736649302279
blumeria_graminis,svr_rbf,2.580224227,3.1920486804103643
blumeria_graminis,svr_rbf,4.128899115,3.318010817970239
blumeria_graminis,svr_rbf,3.258512065,3.309630920810737
blumeria_graminis,svr_rbf,3.884615229,3.845312648087932
blumeria_graminis,svr_rbf,3.932823283,3.7478189715012826
blumeria_graminis,svr_rbf,3.988067723,3.984242125895765
blumeria_graminis,svr_rbf,3.68683076,3.051084501411593
blumeria_graminis,svr_rbf,3.425015442,3.5822886954523634
blumeria_graminis,svr_rbf,4.607816555,4.199043723428117
blumeria_graminis,svr_rbf,3.53549884,4.050214186330349
blumeria_graminis,svr_rbf,4.244624555,3.952703723349445
blumeria_graminis,svr_rbf,3.052348367,2.915744539370835
blumeria_graminis,svr_rbf,3.911863786,4.71920457674569
blumeria_graminis,svr_rbf,2.901501571,3.287319450917598
blumeria_graminis,svr_rbf,4.069394407,3.85411341908777
blumeria_graminis,svr_rbf,3.234024335,3.640679303743548
blumeria_graminis,svr_rbf,3.290464113,3.8023963015356435
blumeria_graminis,svr_rbf,4.144107518,3.615165243414325
blumeria_graminis,svr_rbf,3.112065223,3.9839533520624424
blumeria_graminis,svr_rbf,2.510927184,4.039474384983662
blumeria_graminis,svr_rbf,4.329741234,4.348869188158351
blumeria_graminis,svr_rbf,4.049932024,3.594575302886983
blumeria_graminis,svr_rbf,4.045512278,3.648985268341437
blumeria_graminis,svr_rbf,3.494770087,4.050324248976934
blumeria_graminis,svr_rbf,4.051084833,4.10281216174612
blumeria_graminis,svr_rbf,5.223061008,4.630190631530052
blumeria_graminis,svr_rbf,2.951040552,4.115719031894671
blumeria_graminis,svr_rbf,5.713243311,3.857246292916972
blumeria_graminis,svr_rbf,4.820251819,4.158434090743513
blumeria_graminis,svr_rbf,3.498137346,3.968631005051436
blumeria_graminis,svr_rbf,3.83511316,4.917542865355808
blumeria_graminis,svr_rbf,3.420138707,3.9330724373661505
blumeria_graminis,svr_rbf,4.087289868,3.9335460615237388
blumeria_graminis,svr_rbf,5.194994024,3.376389083662732
blumeria_graminis,svr_rbf,3.489111676,4.226797810749625
blumeria_graminis,svr_rbf,4.333511054,4.101069999201833
blumeria_graminis,svr_rbf,5.32589699,4.255076225423719
blumeria_graminis,svr_rbf,4.112591304,4.031188155538347
blumeria_graminis,svr_rbf,3.422256833,4.079938223040945
blumeria_graminis,svr_rbf,5.102243633,4.354363118426288
blumeria_graminis,svr_rbf,5.363367843,3.9564871137374804
blumeria_graminis,svr_rbf,3.118180244,4.009774436217336
blumeria_graminis,svr_rbf,4.306991685,3.748716970491306
blumeria_graminis,svr_rbf,4.905010905,3.5778881997195193
blumeria_graminis,svr_rbf,3.447851063,3.746537028795981
blumeria_graminis,svr_rbf,3.039462401,3.7977524266865923
blumeria_graminis,svr_rbf,4.344656587,4.04241674474925
blumeria_graminis,svr_rbf,4.791354078,3.9889973504622462
blumeria_graminis,svr_rbf,5.353286713,3.8682019162136836
blumeria_graminis,svr_rbf,3.449194794,4.254976433395892
blumeria_graminis,svr_rbf,3.596370585,4.080500845492696
blumeria_graminis,svr_rbf,3.644534121,4.088150201005801
blumeria_graminis,svr_rbf,4.132706701,4.07489433183668
blumeria_graminis,svr_rbf,3.779201223,3.4300487670820146
blumeria_graminis,svr_rbf,3.644064607,3.9764522323609177
blumeria_graminis,svr_rbf,4.623903306,3.9860263915034917
blumeria_graminis,svr_rbf,4.264716331,4.387202308371732
blumeria_graminis,svr_rbf,6.601650002,4.783518128299777
blumeria_graminis,svr_rbf,4.121764333,3.84254647691089
blumeria_graminis,svr_rbf,2.562255233,3.907266445384228
blumeria_graminis,svr_rbf,4.562694555,3.604123467443048
blumeria_graminis,svr_rbf,5.755098796,4.83552302616484
blumeria_graminis,svr_rbf,2.726201313,4.109838926886719
blumeria_graminis,svr_rbf,3.483857419,4.547331667326741
blumeria_graminis,svr_rbf,5.71951145,3.406684725037205
blumeria_graminis,svr_rbf,4.241817266,3.501887250837504
blumeria_graminis,svr_rbf,4.310806373,4.041866503708728
blumeria_graminis,svr_rbf,2.995633811,3.9506249648672354
blumeria_graminis,svr_rbf,6.274280972,4.137434639612692
blumeria_graminis,svr_rbf,4.98352765,3.6727922347770496
blumeria_graminis,svr_rbf,4.942027411,4.394927930889171
blumeria_graminis,svr_rbf,4.028113979,4.239321581558287
blumeria_graminis,svr_rbf,7.045269922,4.913180574607333
blumeria_graminis,svr_rbf,4.414160861,3.710760115243937
blumeria_graminis,svr_rbf,2.88826956,3.635842745100975
blumeria_graminis,svr_rbf,4.50693053,3.951618022271592
blumeria_graminis,svr_rbf,5.271819541,4.124738570290764
blumeria_graminis,svr_rbf,3.80335948,4.016107849417084
blumeria_graminis,svr_rbf,6.295343551,4.33276703093566
blumeria_graminis,svr_rbf,5.577365676,3.9291591444044736
blumeria_graminis,svr_rbf,5.357602189,4.333234549944656
blumeria_graminis,svr_rbf,3.858937745,3.988250032064277
blumeria_graminis,svr_rbf,3.925779013,3.707713260521321
blumeria_graminis,svr_rbf,4.844510298,4.057031004108499
blumeria_graminis,svr_rbf,4.93960012,3.959657942270168
blumeria_graminis,svr_rbf,4.32274593,3.8641487639896406
blumeria_graminis,svr_rbf,4.76935941,4.387429461157154
blumeria_graminis,svr_rbf,4.687145544,4.647749165103348
blumeria_graminis,svr_rbf,3.415324308,3.456349246576586
blumeria_graminis,svr_rbf,3.676010591,4.083483288485027
blumeria_graminis,svr_rbf,4.438202184,3.6188104297431245
blumeria_graminis,svr_rbf,3.151711333,3.7075620305531896
blumeria_graminis,svr_rbf,2.841005688,3.810114925544472
blumeria_graminis,svr_rbf,5.120684545,4.112983478362338
blumeria_graminis,svr_rbf,3.455268423,4.281458337868734
blumeria_graminis,svr_rbf,5.143047969,4.689054418975419
blumeria_graminis,svr_rbf,5.842858453,4.318105850080586
blumeria_graminis,svr_rbf,5.593598927,4.2009509363204725
blumeria_graminis,svr_rbf,3.983459251,4.526617851522874
blumeria_graminis,svr_rbf,4.884947286,4.214858239033872
blumeria_graminis,svr_rbf,5.075748326,4.078263720798305
blumeria_graminis,svr_rbf,5.386486796,3.9903603291237664
blumeria_graminis,svr_rbf,5.077611856,4.627856984032059
blumeria_graminis,svr_rbf,4.258859206,4.246916464988223
blumeria_graminis,svr_rbf,5.915001805,4.297478253844643
blumeria_graminis,svr_rbf,3.832313726,4.014377095027997
blumeria_graminis,svr_rbf,4.476779927,4.075340883737725
blumeria_graminis,svr_rbf,4.051685465,4.54468218775036
blumeria_graminis,svr_rbf,4.74856398,4.6077308065905935
blumeria_graminis,svr_rbf,5.203742243,4.143178980865229
blumeria_graminis,svr_rbf,3.729312197,4.004852316922211
blumeria_graminis,svr_rbf,5.290949055,4.220799904213543
blumeria_graminis,svr_rbf,3.05774086,3.6619776666153854
blumeria_graminis,svr_rbf,3.763917625,3.672301786695588
blumeria_graminis,svr_rbf,4.206176855,3.768469965455302
blumeria_graminis,svr_rbf,7.367902685,4.2816771592075
blumeria_graminis,svr_rbf,4.11805602,3.8789850356615663
blumeria_graminis,svr_rbf,3.827531616,4.115235416098703
blumeria_graminis,svr_rbf,2.919077938,3.823608408039634
blumeria_graminis,svr_rbf,3.361623953,3.8777278991314073
blumeria_graminis,svr_rbf,3.854420187,3.664474486534365
blumeria_graminis,svr_rbf,5.007677852,4.0730728375315435
blumeria_graminis,svr_rbf,3.059464217,4.691145078063272
blumeria_graminis,svr_rbf,4.323858621,4.347417515115119
blumeria_graminis,svr_rbf,4.408261382,4.053590383203657
blumeria_graminis,svr_rbf,3.847954647,3.9704026131037864
blumeria_graminis,svr_rbf,4.86168591,4.389711968931424
blumeria_graminis,svr_rbf,2.958379991,3.858951372116365
blumeria_graminis,svr_rbf,3.890829373,4.450757908979345
blumeria_graminis,svr_rbf,4.556828462,3.9667880599944563
blumeria_graminis,svr_rbf,3.661268719,3.9584082047576095
blumeria_graminis,svr_rbf,3.216419892,4.197183217089497
blumeria_graminis,svr_rbf,3.254023818,4.189943070311766
blumeria_graminis,svr_rbf,2.875059855,3.923554641129726
blumeria_graminis,svr_rbf,3.202230973,4.076315953623263
blumeria_graminis,svr_rbf,3.522500023,4.366989178846478
blumeria_graminis,svr_rbf,4.317768397,3.715470096627876
blumeria_graminis,svr_rbf,3.880151944,4.114466001549818
blumeria_graminis,svr_rbf,3.980199533,4.021104913627651
blumeria_graminis,svr_rbf,4.304798499,4.0787177104636845
blumeria_graminis,svr_rbf,3.449398715,4.079898507192008
blumeria_graminis,svr_rbf,4.42140744,4.084137761780164
blumeria_graminis,svr_rbf,3.680221,3.7618165185959738
blumeria_graminis,svr_rbf,3.736067207,3.743981059994384
blumeria_graminis,svr_rbf,4.233890202,4.051581723084336
blumeria_graminis,svr_rbf,5.645865214,4.149435904416151
blumeria_graminis,svr_rbf,3.914856434,3.6560897159631844
blumeria_graminis,svr_rbf,3.309342994,4.196226921750382
blumeria_graminis,svr_rbf,3.132563743,3.3805073827120022
blumeria_graminis,svr_rbf,3.314284363,3.8633354331553935
blumeria_graminis,svr_rbf,3.954499738,3.839897452384394
blumeria_graminis,svr_rbf,2.939447818,4.301484394268694
blumeria_graminis,svr_rbf,3.277083069,3.8902135711375405
blumeria_graminis,svr_rbf,4.407024808,3.928796383514101
blumeria_graminis,svr_rbf,6.462666059,4.947819234432031
blumeria_graminis,svr_rbf,6.27866152,4.50190417420477
blumeria_graminis,svr_rbf,4.345764747,3.954737097338766
blumeria_graminis,svr_rbf,3.139996195,3.9175931954079295
blumeria_graminis,svr_rbf,5.171766017,4.249395886064249
blumeria_graminis,svr_rbf,4.055661641,4.156348955698356
blumeria_graminis,svr_rbf,3.505944876,3.9113576174298745
blumeria_graminis,svr_rbf,3.303869395,3.9448066135333293
blumeria_graminis,svr_rbf,5.761093556,4.0635834282502055
blumeria_graminis,svr_rbf,3.424469094,3.873061785988657
blumeria_graminis,svr_rbf,3.592222443,4.047851087771448
blumeria_graminis,svr_rbf,4.731835723,3.960261789903575
blumeria_graminis,svr_rbf,5.951877601,4.866556768279972
blumeria_graminis,svr_rbf,4.739879741,4.361548764279806
blumeria_graminis,svr_rbf,4.675856061,4.196710144910303
blumeria_graminis,svr_rbf,2.804158176,3.5225195433317102
blumeria_graminis,svr_rbf,3.337396083,4.089409375715638
blumeria_graminis,svr_rbf,5.377339574,4.0501622336046
blumeria_graminis,svr_rbf,4.717434255,3.8010907288113414
blumeria_graminis,svr_rbf,4.079367259,3.9569330764443182
blumeria_graminis,svr_rbf,4.777049307,4.3608039846083075
blumeria_graminis,svr_rbf,4.409615648,3.8108547427965354
blumeria_graminis,svr_rbf,4.93304891,4.388068687967714
blumeria_graminis,svr_rbf,4.118544071,4.356588730020304
blumeria_graminis,svr_rbf,4.71622497,4.853016868390187
blumeria_graminis,svr_rbf,3.031923651,4.036874599043475
blumeria_graminis,svr_rbf,3.831736869,4.059397599390026
blumeria_graminis,svr_rbf,4.01794567,4.233610262497484
blumeria_graminis,svr_rbf,3.840184727,4.000949702674401
blumeria_graminis,svr_rbf,3.970041501,4.500387421482513
blumeria_graminis,svr_rbf,4.109412736,3.9982160625955325
blumeria_graminis,svr_rbf,4.526617298,4.1502138645313345
blumeria_graminis,svr_rbf,5.500806716,4.298414445634635
blumeria_graminis,svr_rbf,3.465675722,4.551817347721577
blumeria_graminis,svr_rbf,3.350238434,4.043120381009884
blumeria_graminis,svr_rbf,5.311917403,4.286195838338558
blumeria_graminis,svr_rbf,6.046298011,4.229986214217693
blumeria_graminis,svr_rbf,3.8828188,3.835062784048631
blumeria_graminis,svr_rbf,5.550213465,3.9826816356433
blumeria_graminis,svr_rbf,3.577912445,4.358861320289475
blumeria_graminis,svr_rbf,3.875260667,3.6693210382140875
blumeria_graminis,svr_rbf,3.439395028,3.869260887610474
blumeria_graminis,svr_rbf,3.463714469,4.181449237643676
blumeria_graminis,svr_rbf,3.676053063,3.6381824069369433
blumeria_graminis,svr_rbf,3.023053077,4.238494183560388
blumeria_graminis,svr_rbf,3.705512582,3.6943448228094007
blumeria_graminis,svr_rbf,6.492195503,5.271192219822008
blumeria_graminis,svr_rbf,3.900652406,4.182878273815921
blumeria_graminis,svr_rbf,3.980031361,3.99407646426267
blumeria_graminis,svr_rbf,2.363758168,3.724992856380755
blumeria_graminis,svr_rbf,4.13764132,3.5945414879759414
blumeria_graminis,svr_rbf,4.255842967,4.8205149302093435
blumeria_graminis,svr_rbf,4.172107942,4.813000288805174
blumeria_graminis,svr_rbf,5.003801249,3.71721187566094
blumeria_graminis,svr_rbf,4.144007976,4.293253865586953
blumeria_graminis,svr_rbf,4.817876475,3.96963012581843
blumeria_graminis,svr_rbf,4.604081846,3.8951770989617334
blumeria_graminis,svr_rbf,4.182938065,4.15467446791706
blumeria_graminis,svr_rbf,4.087904741,4.582785769516126
blumeria_graminis,svr_rbf,4.951483433,4.3210937910918314
blumeria_graminis,svr_rbf,4.038775542,3.9346205850564244
blumeria_graminis,svr_rbf,4.344543688,4.2660473913018535
blumeria_graminis,svr_rbf,3.117907827,4.183570554025753
blumeria_graminis,svr_rbf,3.691132033,3.581742457057881
blumeria_graminis,svr_rbf,5.946405794,4.213869474941746
blumeria_graminis,svr_rbf,5.580476655,4.472625860446604
blumeria_graminis,svr_rbf,3.811018503,4.4713064792408534
blumeria_graminis,svr_rbf,4.469634478,4.379279968294386
blumeria_graminis,svr_rbf,3.260598705,4.475382352555961
blumeria_graminis,svr_rbf,6.738081004,4.776748187025698
blumeria_graminis,svr_rbf,5.273991438,3.6315740588992216
blumeria_graminis,svr_rbf,5.134796482,3.999191149184544
blumeria_graminis,svr_rbf,5.341249653,4.304749941031885
blumeria_graminis,svr_rbf,5.611389683,4.344139439830986
blumeria_graminis,svr_rbf,4.663330017,3.946879229640556
blumeria_graminis,svr_rbf,3.785479449,4.442673120479779
blumeria_graminis,svr_rbf,6.151572524,4.6824370834131255
blumeria_graminis,svr_rbf,5.407008158,4.0105291808610435
blumeria_graminis,svr_rbf,5.652743525,3.9320615798957754
blumeria_graminis,svr_rbf,3.892962363,4.0494975174418455
blumeria_graminis,svr_rbf,4.881089926,4.091003903793096
blumeria_graminis,svr_rbf,4.385639631,4.31769426971849
blumeria_graminis,svr_rbf,3.749660727,4.054007531546484
blumeria_graminis,svr_rbf,4.581438856,4.1104893690059905
blumeria_graminis,svr_rbf,3.845938485,3.980372991684437
blumeria_graminis,svr_rbf,4.030012579,3.892895917769997
blumeria_graminis,svr_rbf,3.650255614,3.9076022868782334
blumeria_graminis,svr_rbf,5.641643936,4.26692943055756
blumeria_graminis,svr_rbf,5.348934939,3.920382618923596
blumeria_graminis,svr_rbf,5.227686383,3.734779367093574
blumeria_graminis,svr_rbf,3.715270042,3.7358373701254646
blumeria_graminis,svr_rbf,4.526383009,4.144501832285478
blumeria_graminis,svr_rbf,3.439913788,4.257181368926721
blumeria_graminis,svr_rbf,4.55612287,4.260145474520306
blumeria_graminis,svr_rbf,5.594145091,4.098195572817908
blumeria_graminis,svr_rbf,2.957821288,3.84152599877654
blumeria_graminis,svr_rbf,6.469365954,4.489267729806082
blumeria_graminis,svr_rbf,3.746454486,3.9850370649917126
blumeria_graminis,svr_rbf,5.775658755,5.222560120603253
blumeria_graminis,svr_rbf,4.839184537,3.432013298632244
blumeria_graminis,svr_rbf,3.533469605,3.483915454445568
blumeria_graminis,svr_rbf,3.980012624,4.084705029978307
blumeria_graminis,svr_rbf,4.84687311,3.517580372751696
blumeria_graminis,svr_rbf,2.563567656,3.725744770226434
blumeria_graminis,svr_rbf,2.660903612,3.6147403401533698
blumeria_graminis,svr_rbf,3.168452551,4.000625813779973
blumeria_graminis,svr_rbf,3.757404726,4.290857349431309
blumeria_graminis,svr_rbf,3.39893887,3.5922057279035617
blumeria_graminis,svr_rbf,3.306779363,4.280723693498533
blumeria_graminis,svr_rbf,4.483502784,4.569692088375149
blumeria_graminis,svr_rbf,3.880089506,4.267713912855954
heading_date,svr_rbf,75.67916931,75.82131761143498
heading_date,svr_rbf,75.29405435,74.4735771511179
heading_date,svr_rbf,76.15450935,76.77325045127233
heading_date,svr_rbf,78.74180339,83.62091552431443
heading_date,svr_rbf,75.35020872,75.38189803218597
heading_date,svr_rbf,75.02600135,76.50297402650371
heading_date,svr_rbf,74.69349411,75.45851918476214
heading_date,svr_rbf,74.32422301,73.15833042878995
heading_date,svr_rbf,72.6810561,73.01072930672431
heading_date,svr_rbf,79.32702336,135.49783393545283
heading_date,svr_rbf,74.01429377,71.78640931683509
heading_date,svr_rbf,75.10918952,78.24200276751417
heading_date,svr_rbf,74.94637814,77.29339688522067
heading_date,svr_rbf,75.4032268,69.37853696275637
heading_date,svr_rbf,73.78958335,73.2914650058984
heading_date,svr_rbf,72.73418788,74.72523187448331
heading_date,svr_rbf,75.11893545,74.9004588545756
heading_date,svr_rbf,73.10220177,73.86958057834511
heading_date,svr_rbf,77.23696363,74.93472295975764
heading_date,svr_rbf,75.96346417,73.90308728790606
heading_date,svr_rbf,75.38643743,79.33593246576889
heading_date,svr_rbf,76.65991366,72.86176881049415
heading_date,svr_rbf,73.5852581,73.69973720084741
heading_date,svr_rbf,73.00903639,78.53338809742667
heading_date,svr_rbf,74.80874627,75.27548698493038
heading_date,svr_rbf,75.13345237,74.29823152888399
heading_date,svr_rbf,74.52581487,74.78048064916611
heading_date,svr_rbf,74.60090386,74.88458687690947
heading_date,svr_rbf,75.75141573,73.1758808669463
heading_date,svr_rbf,73.53510243,73.22384302166776
heading_date,svr_rbf,73.09571265,73.79375629413083
heading_date,svr_rbf,74.35005069,72.94146488406352
heading_date,svr_rbf,73.25311668,74.64252199119957
heading_date,svr_rbf,74.96491833,75.5299455027987
heading_date,svr_rbf,74.66385948,74.68148616725794
heading_date,svr_rbf,76.72861862,74.3776674676203
heading_date,svr_rbf,75.18036716,73.91581136061477
heading_date,svr_rbf,75.9391834,73.54269419704137
heading_date,svr_rbf,74.52030249,75.52376451744695
heading_date,svr_rbf,74.27092162,73.17975262730586
heading_date,svr_rbf,73.64991022,72.87549159645175
heading_date,svr_rbf,75.30980072,75.82996675816361
heading_date,svr_rbf,72.99722065,73.62187858132889
heading_date,svr_rbf,74.02335325,74.6691753014641
heading_date,svr_rbf,75.88067906,73.26500921688759
heading_date,svr_rbf,73.08927607,73.94348460659423
heading_date,svr_rbf,71.59574442,77.61174320812327
heading_date,svr_rbf,73.74820576,76.44193561031545
heading_date,svr_rbf,73.16066365,77.01712130552164
heading_date,svr_rbf,74.05744508,84.00885145245022
heading_date,svr_rbf,75.75463446,74.92460465088276
heading_date,svr_rbf,76.22230961,76.10496927197813
heading_date,svr_rbf,72.57108914,69.84543341086629
heading_date,svr_rbf,75.43364166,73.98023536995315
heading_date,svr_rbf,74.42938267,75.27489272384678
heading_date,svr_rbf,74.32418062,76.40851814135813
heading_date,svr_rbf,73.80976625,73.81819685599518
heading_date,svr_rbf,74.65786618,74.20063064031876
heading_date,svr_rbf,75.36658952,80.19040930016104
heading_date,svr_rbf,75.13578424,76.01413453672173
heading_date,svr_rbf,75.04116906,74.43710354469786
heading_date,svr_rbf,75.71106568,75.9636713420123
heading_date,svr_rbf,75.58610618,73.79065250113848
heading_date,svr_rbf,74.08581651,71.0795551011313
heading_date,svr_rbf,72.35424717,74.69934144565114
heading_date,svr_rbf,74.57644518,74.17161761389113
heading_date,svr_rbf,75.25810132,74.6075475228797
heading_date,svr_rbf,75.17774582,76.9187276999869
heading_date,svr_rbf,75.85870722,74.99851608502011
heading_date,svr_rbf,74.22923613,74.76524028393155
heading_date,svr_rbf,73.70079766,85.31036727148029
heading_date,svr_rbf,73.58132839,80.49691684384055
heading_date,svr_rbf,75.16020615,74.55743977649365
heading_date,svr_rbf,71.97539302,79.05359015124955
heading_date,svr_rbf,75.1642079,75.31709335594452
heading_date,svr_rbf,74.98726692,74.5137842624361
heading_date,svr_rbf,75.77679606,79.02225551028306
heading_date,svr_rbf,74.33197782,75.33361380166149
heading_date,svr_rbf,73.90186089,73.16408042880848
heading_date,svr_rbf,73.92699353,77.68807094870087
heading_date,svr_rbf,74.81343126,75.35711646474972
heading_date,svr_rbf,72.71326872,74.86609846837885
heading_date,svr_rbf,76.0409586,77.54790489104221
heading_date,svr_rbf,75.08983042,75.67209800910496
heading_date,svr_rbf,76.1960331,74.80834389023147
heading_date,svr_rbf,77.44673833,76.5581819975936
heading_date,svr_rbf,74.9930519,74.5437789932594
heading_date,svr_rbf,75.92181628,73.87215715605029
heading_date,svr_rbf,75.94611088,76.38425170758666
heading_date,svr_rbf,73.88439348,74.18623245146267
heading_date,svr_rbf,76.83170901,73.72426698501525
heading_date,svr_rbf,75.08141948,75.32991694935642
heading_date,svr_rbf,74.06711509,74.9776301809109
heading_date,svr_rbf,76.12021396,76.6563012263465
heading_date,svr_rbf,72.41689945,77.33493317584046
heading_date,svr_rbf,76.58638152,75.2357667024545
heading_date,svr_rbf,72.60844048,77.07285397936658
heading_date,svr_rbf,74.3730758,74.70049358037885
heading_date,svr_rbf,73.13103335,75.06327191067714
heading_date,svr_rbf,76.58618595,78.6412945731879
heading_date,svr_rbf,75.23716387,72.87457880186183
heading_date,svr_rbf,75.86126429,79.76700351881675
heading_date,svr_rbf,76.11249358,74.00177414024996
heading_date,svr_rbf,75.55148283,72.10020112434503
heading_date,svr_rbf,75.71551632,76.93933815262842
heading_date,svr_rbf,75.21772616,73.3826990794896
heading_date,svr_rbf,75.16248262,75.7946937045489
heading_date,svr_rbf,74.82156949,74.64850081265027
heading_date,svr_rbf,73.91778997,72.91254603319928
heading_date,svr_rbf,72.52733191,75.8396644332301
heading_date,svr_rbf,74.35037983,72.55670669349126
heading_date,svr_rbf,75.11641679,74.11880943108811
heading_date,svr_rbf,73.7740987,74.936315313632
heading_date,svr_rbf,74.03305159,74.64864778923821
heading_date,svr_rbf,75.72395776,73.83598718807906
heading_date,svr_rbf,72.55620236,73.92017730595647
heading_date,svr_rbf,73.76532309,75.33989682825754
heading_date,svr_rbf,74.88633875,75.49588905901305
heading_date,svr_rbf,74.46048551,77.05244146307354
heading_date,svr_rbf,74.02121369,73.3327121867595
heading_date,svr_rbf,74.34277488,76.07283444905232
heading_date,svr_rbf,76.05605801,74.25300762169239
heading_date,svr_rbf,75.09481433,73.61482916629126
heading_date,svr_rbf,74.67341088,77.5282901540322
heading_date,svr_rbf,75.70398307,77.84979845089445
heading_date,svr_rbf,73.96729083,76.98131582127695
heading_date,svr_rbf,73.05731399,75.25117729094129
heading_date,svr_rbf,73.07685103,76.40389105760192
heading_date,svr_rbf,133.0219709,133.10598728525275
heading_date,svr_rbf,134.9013462,135.72106240652232
heading_date,svr_rbf,136.1465929,138.0184897982408
heading_date,svr_rbf,132.9253747,138.28209142712697
heading_date,svr_rbf,136.7376634,136.7824807461746
heading_date,svr_rbf,136.0725179,134.28462588917543
heading_date,svr_rbf,136.903772,135.22433057194146
heading_date,svr_rbf,134.3494122,136.4229473499848
heading_date,svr_rbf,133.8387036,132.85996431175408
heading_date,svr_rbf,136.2058824,133.82511351709397
heading_date,svr_rbf,136.0230069,137.48879974146917
heading_date,svr_rbf,134.2329673,134.04572328823235
heading_date,svr_rbf,137.991287,136.92103493017115
heading_date,svr_rbf,135.1382179,134.1458178063367
heading_date,svr_rbf,136.3559203,139.6012097866675
heading_date,svr_rbf,135.0799603,138.74590368018067
heading_date,svr_rbf,137.1742865,134.1328083987069
heading_date,svr_rbf,135.9205646,134.01135503641726
heading_date,svr_rbf,131.9034001,136.26531123036608
heading_date,svr_rbf,140.6794111,139.7590354714643
heading_date,svr_rbf,135.6492299,135.63663465106035
heading_date,svr_rbf,135.7561817,135.77153254029827
heading_date,svr_rbf,132.583591,132.31768159906852
heading_date,svr_rbf,133.9694768,125.66313483614978
heading_date,svr_rbf,135.4305068,137.07214876343494
heading_date,svr_rbf,137.9388582,135.57509653261454
heading_date,svr_rbf,133.2323751,135.8924350445165
heading_date,svr_rbf,140.0069685,132.85868745761454
heading_date,svr_rbf,137.4899617,120.01209050658767
heading_date,svr_rbf,133.4797268,138.12489265155233
heading_date,svr_rbf,135.8185389,135.64344073775808
heading_date,svr_rbf,139.2384612,137.01680011633465
heading_date,svr_rbf,135.5115719,137.88688480576306
heading_date,svr_rbf,133.0887701,133.69287820411753
heading_date,svr_rbf,133.5292959,135.0171775933634
heading_date,svr_rbf,134.4272701,128.9117783810757
heading_date,svr_rbf,137.0681871,138.85850023060297
heading_date,svr_rbf,135.753503,134.13181401842638
heading_date,svr_rbf,135.7930556,137.4765975049908
heading_date,svr_rbf,136.4586786,138.00734517633342
heading_date,svr_rbf,134.5776597,120.3816168843785
heading_date,svr_rbf,137.5169901,77.02044648451488
heading_date,svr_rbf,137.0498982,133.3149291542705
heading_date,svr_rbf,133.4969524,133.9184600660219
heading_date,svr_rbf,135.0756661,131.78689183786827
heading_date,svr_rbf,134.5265713,136.44521941035688
heading_date,svr_rbf,135.2396962,131.4250248279602
heading_date,svr_rbf,131.777985,130.51524158806973
heading_date,svr_rbf,134.4633636,132.7803153330719
heading_date,svr_rbf,133.4749321,133.35252655212597
heading_date,svr_rbf,133.367927,127.87843744719336
heading_date,svr_rbf,132.9269191,131.84302731295418
heading_date,svr_rbf,134.0146375,137.30797949297903
heading_date,svr_rbf,131.6049891,132.45170987077776
heading_date,svr_rbf,133.6938462,135.74097156023754
heading_date,svr_rbf,132.8776968,135.37463748505195
heading_date,svr_rbf,138.0828644,112.13266507310993
heading_date,svr_rbf,135.1415918,136.3547498122164
heading_date,svr_rbf,137.1118155,136.713102196085
heading_date,svr_rbf,137.6541025,136.48224943934324
heading_date,svr_rbf,135.9369659,135.42455573811367
heading_date,svr_rbf,134.7790973,136.0245388573339
heading_date,svr_rbf,135.9727168,137.96411477506982
heading_date,svr_rbf,137.1700398,140.94914980686127
heading_date,svr_rbf,136.8322641,123.07386686397626
heading_date,svr_rbf,135.2412176,134.87690252684288
heading_date,svr_rbf,136.8133036,128.6335784493863
heading_date,svr_rbf,136.7705731,142.87585115354113
heading_date,svr_rbf,134.1099746,136.66734385874662
heading_date,svr_rbf,132.9515832,132.46899740570262
heading_date,svr_rbf,134.9710516,135.27242096644943
heading_date,svr_rbf,133.9659042,130.1358363118742
heading_date,svr_rbf,137.4441804,138.72216602955748
heading_date,svr_rbf,133.8969129,133.07518698116579
heading_date,svr_rbf,133.3137514,136.63605810624816
heading_date,svr_rbf,134.5876808,129.01184865706836
heading_date,svr_rbf,134.7944269,134.86718231726115
heading_date,svr_rbf,136.5346921,135.7840340102351
heading_date,svr_rbf,138.5780371,134.45178967290275
heading_date,svr_rbf,134.4786529,135.2241262247061
heading_date,svr_rbf,134.558552,133.60453954402163
heading_date,svr_rbf,138.0511128,135.0046306029975
heading_date,svr_rbf,133.2394328,133.15214689912585
heading_date,svr_rbf,137.6547702,136.96244911330277
heading_date,svr_rbf,137.7144331,136.7473923647568
heading_date,svr_rbf,133.3896039,135.07386981399804
heading_date,svr_rbf,135.8131638,135.46223151988937
heading_date,svr_rbf,134.969904,132.0235206029975
heading_date,svr_rbf,137.3768367,136.38075431440095
heading_date,svr_rbf,133.9752213,133.2704856486144
heading_date,svr_rbf,137.6601493,137.0749437526465
heading_date,svr_rbf,136.5705359,137.57415177539104
heading_date,svr_rbf,137.6351966,131.12447126589024
heading_date,svr_rbf,134.8303287,135.60282488386795
heading_date,svr_rbf,136.3882918,135.3661280459656
heading_date,svr_rbf,135.350966,134.83297434141886
heading_date,svr_rbf,132.8974047,137.4787325760942
heading_date,svr_rbf,136.8465646,137.6092985720584
heading_date,svr_rbf,135.8784814,134.69176809806174
heading_date,svr_rbf,136.9299785,131.98372810009977
heading_date,svr_rbf,137.3841104,133.86837197826506
heading_date,svr_rbf,136.9740398,131.81778043932002
heading_date,svr_rbf,134.7245815,132.935515062474
heading_date,svr_rbf,134.2586032,128.50091395545286
heading_date,svr_rbf,135.1528062,136.089548578337
heading_date,svr_rbf,135.6971826,135.34635860456495
heading_date,svr_rbf,135.2127783,135.8573629301371
heading_date,svr_rbf,134.4294672,135.4896617476863
heading_date,svr_rbf,134.7693113,135.41812631490546
heading_date,svr_rbf,135.8459618,138.0401496496666
heading_date,svr_rbf,133.4322078,132.5619056656436
heading_date,svr_rbf,134.0834126,74.54921412643678
heading_date,svr_rbf,138.9198469,138.23049857345606
heading_date,svr_rbf,136.6915265,137.07555615892534
heading_date,svr_rbf,136.8366907,136.04511958222702
heading_date,svr_rbf,135.0377264,133.0502003628764
heading_date,svr_rbf,137.0851979,134.93913282694155
heading_date,svr_rbf,135.2575871,134.99444039042032
heading_date,svr_rbf,134.2863357,134.56184968234672
heading_date,svr_rbf,136.7068569,129.70283635292145
heading_date,svr_rbf,133.3652813,135.71772866601674
heading_date,svr_rbf,135.1702797,131.39105594948137
heading_date,svr_rbf,137.4954138,131.40655786470538
heading_date,svr_rbf,134.9085803,75.51529958104798
heading_date,svr_rbf,133.9943849,134.02657435853303
heading_date,svr_rbf,133.2717786,132.3956639936773
heading_date,svr_rbf,137.6519396,136.93925537202978
heading_date,svr_rbf,132.8097401,135.75721707017732
heading_date,svr_rbf,136.0490954,135.94982450566857
heading_date,svr_rbf,137.2875868,134.12638230972178
heading_date,svr_rbf,134.4081749,135.00274482099985
heading_date,svr_rbf,137.7029616,135.87015068411932
heading_date,svr_rbf,133.7246545,133.65262447225246
heading_date,svr_rbf,134.7778105,131.07502295498816
heading_date,svr_rbf,135.6756687,138.18790963738448
heading_date,svr_rbf,135.4103712,133.76244903915108
heading_date,svr_rbf,133.1164445,74.72250223137571
heading_date,svr_rbf,133.9098585,126.33834709099358
heading_date,svr_rbf,132.5767523,134.99568961166835
heading_date,svr_rbf,136.9376694,132.82210276937164
heading_date,svr_rbf,136.5193347,136.38384227241178
heading_date,svr_rbf,134.4355115,131.5578169778558
heading_date,svr_rbf,136.5909431,133.90933035070722
heading_date,svr_rbf,136.6953807,132.49623014491831
heading_date,svr_rbf,136.6904744,135.82443005275354
heading_date,svr_rbf,135.4367871,134.60485396635954
heading_date,svr_rbf,135.6411631,134.6768173141696
heading_date,svr_rbf,136.621046,133.76575979821257
heading_date,svr_rbf,135.5813673,135.3314934061019
heading_date,svr_rbf,135.2475413,115.60496504535328
heading_date,svr_rbf,135.8789302,139.5361320124433
heading_date,svr_rbf,137.4948795,136.20548719354505
heading_date,svr_rbf,133.2937355,133.41341637068578
heading_date,svr_rbf,135.9623029,134.7694737286696
heading_date,svr_rbf,134.5887208,136.20771385529727
heading_date,svr_rbf,132.5680096,135.28726061886164
heading_date,svr_rbf,135.5547842,135.48762576178697
heading_date,svr_rbf,133.238328,134.63337681938913
heading_date,svr_rbf,134.7381612,131.07584780324612
heading_date,svr_rbf,135.2919834,134.36910984071332
heading_date,svr_rbf,138.7615454,135.19569348014318
heading_date,svr_rbf,134.0676652,134.1373079959427
heading_date,svr_rbf,137.5420887,136.78801035355548
heading_date,svr_rbf,130.4657158,133.6475530538069
heading_date,svr_rbf,131.671828,131.8240655656188
heading_date,svr_rbf,133.8293377,136.58354854256726
heading_date,svr_rbf,138.18741,135.9640639610376
heading_date,svr_rbf,138.4685061,135.02545819126792
heading_date,svr_rbf,135.4182353,131.34745656193832
heading_date,svr_rbf,132.6351968,133.22217589449048
heading_date,svr_rbf,65.80483587,75.2571870406605
heading_date,svr_rbf,67.99335074,80.31286327894477
heading_date,svr_rbf,66.34102396,69.23840977002594
heading_date,svr_rbf,68.92989212,69.58196749486937
heading_date,svr_rbf,67.27478923,66.31700739804296
heading_date,svr_rbf,71.70182585,80.98216054734307
heading_date,svr_rbf,73.9339786,81.40289683743288
heading_date,svr_rbf,70.56032842,72.86830186103772
heading_date,svr_rbf,66.13391866,71.12916059988576
heading_date,svr_rbf,66.6308974,68.91551069307093
heading_date,svr_rbf,65.64868539,66.66993660837305
heading_date,svr_rbf,72.00056619,97.67380962750804
heading_date,svr_rbf,69.20584669,66.91429002576598
heading_date,svr_rbf,65.46986244,73.13685789800951
heading_date,svr_rbf,73.34465507,71.92303413897592
heading_date,svr_rbf,74.61072714,89.43992829693907
heading_date,svr_rbf,70.54568289,66.86779113832088
heading_date,svr_rbf,69.3251707,71.0701435318079
heading_date,svr_rbf,72.59908247,91.7423625531109
heading_date,svr_rbf,68.43493141,108.51108850453632
heading_date,svr_rbf,70.13052349,70.90208136807892
heading_date,svr_rbf,69.27305296,69.62534208500978
heading_date,svr_rbf,70.60288008,76.52782878499455
heading_date,svr_rbf,70.45455858,74.85808697549413
heading_date,svr_rbf,70.32061905,70.10582683863896
heading_date,svr_rbf,74.55627336,74.49940715624312
heading_date,svr_rbf,69.66066513,66.18459086598037
heading_date,svr_rbf,73.17262525,79.63577339238249
heading_date,svr_rbf,70.21243008,86.44049098226449
heading_date,svr_rbf,71.80141332,70.0748532282204
heading_date,svr_rbf,71.97025614,81.39805640278628
heading_date,svr_rbf,75.45236549,86.36418840268666
heading_date,svr_rbf,77.30227709,67.00871819250364
heading_date,svr_rbf,74.5216702,78.85872953266781
heading_date,svr_rbf,70.50972665,70.76332312353918
heading_date,svr_rbf,64.84513695,117.7885119123863
heading_date,svr_rbf,74.57133721,118.6716754333687
heading_date,svr_rbf,66.90897709,66.07611667500971
heading_date,svr_rbf,67.30300987,66.32541291663063
heading_date,svr_rbf,65.80627173,70.73653043037196
heading_date,svr_rbf,66.94256104,63.45946616500785
heading_date,svr_rbf,71.02360101,76.34956115250655
heading_date,svr_rbf,75.26806721,97.78755362253307
heading_date,svr_rbf,65.94060762,61.342461367730664
heading_date,svr_rbf,67.28218471,76.57521492958222
heading_date,svr_rbf,66.13197454,71.02069653857468
heading_date,svr_rbf,73.89873854,73.81458954164941
heading_date,svr_rbf,72.16237461,72.3197388105156
heading_date,svr_rbf,78.18746362,85.87203221644572
heading_date,svr_rbf,66.92302977,111.26349772691054
heading_date,svr_rbf,65.7458736,66.5726654961512
heading_date,svr_rbf,69.31481322,73.64308014068607
heading_date,svr_rbf,63.7916767,69.77374975479484
heading_date,svr_rbf,75.48986964,79.26195961907429
heading_date,svr_rbf,67.94195682,68.85438407299576
heading_date,svr_rbf,76.16601095,65.2387838795502
heading_date,svr_rbf,69.5881565,56.49924581715294
heading_date,svr_rbf,69.37799717,119.43327538484544
heading_date,svr_rbf,68.86964375,128.94397872495568
heading_date,svr_rbf,69.26810828,124.78875634177011
heading_date,svr_rbf,71.67877714,79.20515562141733
heading_date,svr_rbf,74.67537548,77.14130897450369
heading_date,svr_rbf,65.56403994,117.95030923074448
heading_date,svr_rbf,72.2204256,69.39972091652038
heading_date,svr_rbf,73.74644535,86.03085308854077
heading_date,svr_rbf,72.58852546,107.66129660080368
heading_date,svr_rbf,70.48045292,89.45345408232137
heading_date,svr_rbf,67.47003236,69.54193396415901
heading_date,svr_rbf,68.34424418,71.3046967816305
heading_date,svr_rbf,70.88705845,70.97576670523713
heading_date,svr_rbf,65.16802566,68.96309150318541
heading_date,svr_rbf,71.48402054,89.76453682118904
heading_date,svr_rbf,71.25980554,97.89380552080594
heading_date,svr_rbf,72.88600289,69.0205163706574
heading_date,svr_rbf,69.19923325,72.3283149642793
heading_date,svr_rbf,72.48344516,73.66777866970898
heading_date,svr_rbf,65.27963284,68.79210059481562
heading_date,svr_rbf,70.16911615,111.03141173450658
heading_date,svr_rbf,67.5617562,72.68463839973738
heading_date,svr_rbf,68.11919304,71.13408872726602
heading_date,svr_rbf,75.5047331,79.89627388804743
heading_date,svr_rbf,66.18211032,65.48815773610599
heading_date,svr_rbf,66.49480747,69.04393847436285
heading_date,svr_rbf,71.21513779,71.43715896466949
heading_date,svr_rbf,70.97716018,76.52734367512689
heading_date,svr_rbf,71.07285001,75.41095749357757
heading_date,svr_rbf,69.68894246,67.46891607671671
heading_date,svr_rbf,68.52389578,78.1608912804246
heading_date,svr_rbf,74.74759693,131.35213464695795
heading_date,svr_rbf,78.26296807,79.15960939211683
heading_date,svr_rbf,75.48535816,68.83344204724573
heading_date,svr_rbf,71.29569348,108.38344561561405
heading_date,svr_rbf,64.96164625,81.87601254562753
heading_date,svr_rbf,69.41099454,59.85345606605166
heading_date,svr_rbf,70.24288346,85.03644935863164
heading_date,svr_rbf,68.63507333,78.89206429238816
heading_date,svr_rbf,71.77422188,73.17269340785411
heading_date,svr_rbf,73.25910454,73.20405875033462
heading_date,svr_rbf,70.48754829,73.18143990270065
heading_date,svr_rbf,72.49846683,70.07491379643076
heading_date,svr_rbf,71.42897318,69.9362352128078
heading_date,svr_rbf,73.90681593,78.0408532858421
heading_date,svr_rbf,75.0763434,66.93129564382528
heading_date,svr_rbf,73.29046622,75.46107432934875
heading_date,svr_rbf,72.84834209,72.80257177041094
heading_date,svr_rbf,73.03059289,68.5735343505582
heading_date,svr_rbf,74.81303221,80.87739353418256
heading_date,svr_rbf,69.87624574,75.25260798790198
heading_date,svr_rbf,70.01806104,70.14789095770467
heading_date,svr_rbf,71.33815823,63.64229038330208
heading_date,svr_rbf,70.5636743,82.95079981186751
heading_date,svr_rbf,73.89859722,115.09104516107989
heading_date,svr_rbf,66.45445872,65.08411422861417
heading_date,svr_rbf,64.34095747,65.51400632372302
heading_date,svr_rbf,74.15193902,71.08516238411585
heading_date,svr_rbf,66.90326977,69.83929654770796
heading_date,svr_rbf,78.19537158,101.54706143111548
heading_date,svr_rbf,73.02781027,76.05468633229553
heading_date,svr_rbf,72.96219599,70.28473424439105
heading_date,svr_rbf,80.18677465,100.85962721486992
heading_date,svr_rbf,70.20291568,74.22422802661275
heading_date,svr_rbf,68.99896855,101.54206492543817
heading_date,svr_rbf,68.80222537,67.67176184928749
heading_date,svr_rbf,72.06416894,68.29219756467408
heading_date,svr_rbf,69.64686076,85.44135844044591
heading_date,svr_rbf,67.43635668,68.55948214936375
heading_date,svr_rbf,69.74451908,69.6487807065159
heading_date,svr_rbf,70.11836606,72.58265040618122
heading_date,svr_rbf,73.05881477,73.87361078178799
heading_date,svr_rbf,71.47835468,67.99384929358641
heading_date,svr_rbf,68.28504321,75.72503489904861
heading_date,svr_rbf,74.02237023,68.31698031333312
heading_date,svr_rbf,69.77775012,74.74351934634176
heading_date,svr_rbf,70.25188418,66.84050612594882
heading_date,svr_rbf,67.52991314,74.7605790649084
heading_date,svr_rbf,66.17220103,68.18026746982449
heading_date,svr_rbf,66.76791783,63.888948309275165
heading_date,svr_rbf,73.62141608,77.19484220550328
heading_date,svr_rbf,76.34517081,85.4621764560329
heading_date,svr_rbf,72.94854897,73.36228554211563
heading_date,svr_rbf,65.85205183,89.15535894516529
heading_date,svr_rbf,71.71104647,121.56585652963669
heading_date,svr_rbf,70.99697782,71.78445541888668
heading_date,svr_rbf,70.45273437,91.81441402685087
heading_date,svr_rbf,74.39071969,64.48531226131665
heading_date,svr_rbf,66.85864453,75.73971339472033
heading_date,svr_rbf,64.71684734,89.3456881358309
heading_date,svr_rbf,70.62405409,79.0627980958125
heading_date,svr_rbf,73.86051066,76.90570358282034
heading_date,svr_rbf,73.08667753,96.50135983890023
heading_date,svr_rbf,66.88384025,103.06145035327837
heading_date,svr_rbf,66.86742594,86.0379190798333
heading_date,svr_rbf,69.41512041,73.01362081866432
heading_date,svr_rbf,66.16265597,83.15752637899433
heading_date,svr_rbf,70.69853541,81.08198192718326
heading_date,svr_rbf,72.56203757,70.54091023967268
heading_date,svr_rbf,67.34999015,97.50534020114551
heading_date,svr_rbf,70.07040908,72.55211675432437
heading_date,svr_rbf,69.937545,108.38529078517209
heading_date,svr_rbf,65.84904188,87.39855576638828
heading_date,svr_rbf,67.2799696,75.94195270018596
heading_date,svr_rbf,70.11400845,123.36334059599332
heading_date,svr_rbf,63.84659883,105.69924648970985
heading_date,svr_rbf,69.25919539,57.56762898803715
heading_date,svr_rbf,71.25587222,85.89674210134817
heading_date,svr_rbf,69.22726685,73.05830796514671
heading_date,svr_rbf,70.60567069,66.47574264855578
heading_date,svr_rbf,72.15576955,69.07314240466908
heading_date,svr_rbf,75.47829556,74.42231204788882
heading_date,svr_rbf,69.02323276,79.46706972099486
heading_date,svr_rbf,68.90974081,85.49611941529284
heading_date,svr_rbf,75.69213077,73.29215755900101
heading_date,svr_rbf,66.02107783,63.98060373291248
heading_date,svr_rbf,73.40545811,137.06847619526752
heading_date,svr_rbf,76.11240967,86.15457921711025
heading_date,svr_rbf,71.16120997,70.65012226461675
heading_date,svr_rbf,70.77944106,118.61881631436623
heading_date,svr_rbf,69.63841101,66.32845104994784
heading_date,svr_rbf,66.8033324,67.78491289043302
heading_date,svr_rbf,76.24116334,124.32500881463264
heading_date,svr_rbf,65.3672869,69.48526585878393
heading_date,svr_rbf,70.58184502,77.40192221692166
heading_date,svr_rbf,70.06940976,85.96279559046577
heading_date,svr_rbf,68.80476808,77.85149573062932
heading_date,svr_rbf,69.03168267,72.94007049742861
heading_date,svr_rbf,65.91869265,98.35162440416298
heading_date,svr_rbf,68.04330573,79.78621657363117
heading_date,svr_rbf,70.20751618,71.0906102172363
heading_date,svr_rbf,69.44380651,69.1635185868534
heading_date,svr_rbf,66.75509277,65.23304023433445
heading_date,svr_rbf,66.35955136,84.73652322385229
heading_date,svr_rbf,70.38516689,69.39094033673942
heading_date,svr_rbf,71.89335576,95.51848420274203
heading_date,svr_rbf,71.12237666,95.45812484048699
heading_date,svr_rbf,66.84042767,67.54030296840105
heading_date,svr_rbf,71.34862675,79.18356478848142
heading_date,svr_rbf,76.04175339,79.29671841720378
heading_date,svr_rbf,72.31816082,83.57078356494691
heading_date,svr_rbf,70.9479367,73.51688162086546
heading_date,svr_rbf,70.8148652,64.80160841948317
heading_date,svr_rbf,70.98241149,77.59450967313022
heading_date,svr_rbf,65.64308604,63.71930376243566
heading_date,svr_rbf,72.47605013,70.44587129442164
heading_date,svr_rbf,73.37557025,71.64257067565453
heading_date,svr_rbf,70.78020229,68.29585708371337
heading_date,svr_rbf,74.97162863,70.40435050400615
heading_date,svr_rbf,70.72763568,77.39364030721285
heading_date,svr_rbf,66.59723738,66.0367249571841
heading_date,svr_rbf,68.41493803,62.66664938788884
heading_date,svr_rbf,73.15376871,78.32728112511812
heading_date,svr_rbf,73.71375899,74.64247220860523
heading_date,svr_rbf,67.72264716,116.856172260326
heading_date,svr_rbf,72.49313335,83.1143817235901
heading_date,svr_rbf,75.15278351,72.23233379711449
heading_date,svr_rbf,70.35854659,89.29001213769084
heading_date,svr_rbf,72.10827256,65.17236742144698
heading_date,svr_rbf,70.95737641,79.55192999243505
heading_date,svr_rbf,68.69884136,71.63343360875241
heading_date,svr_rbf,73.29227928,77.88108373335265
heading_date,svr_rbf,70.50191917,126.03040442297652
heading_date,svr_rbf,75.51062035,75.88286210554887
heading_date,svr_rbf,76.01535063,90.17984147683845
heading_date,svr_rbf,74.96161981,80.53433654879804
heading_date,svr_rbf,65.95291119,80.23919061176049
heading_date,svr_rbf,71.47202269,113.10779331564194
heading_date,svr_rbf,75.88829881,76.35703970696136
heading_date,svr_rbf,68.99770678,70.72855847909794
heading_date,svr_rbf,72.41193951,70.43448373350292
heading_date,svr_rbf,76.13441076,75.30598996349968
heading_date,svr_rbf,66.32248551,78.3840071715853
heading_date,svr_rbf,71.65864155,79.43828841987359
heading_date,svr_rbf,71.0872356,67.5023326272293
heading_date,svr_rbf,67.98054011,96.15402700521192
heading_date,svr_rbf,68.45763256,69.75682209495021
heading_date,svr_rbf,68.74370561,77.9473659789706
heading_date,svr_rbf,73.661783,80.92402939908473
heading_date,svr_rbf,72.47748564,68.63044899019444
heading_date,svr_rbf,69.17359096,72.74166882554174
heading_date,svr_rbf,70.52540696,101.39980408210056
heading_date,svr_rbf,69.57811645,122.8960206663677
heading_date,svr_rbf,74.06753412,69.90139805528584
heading_date,svr_rbf,76.08233525,89.6779036166491
heading_date,svr_rbf,66.89485452,74.55861574855358
heading_date,svr_rbf,66.47290116,71.16719878983817
heading_date,svr_rbf,66.10037516,54.09031220789238
heading_date,svr_rbf,71.24383736,87.55111795102958
heading_date,svr_rbf,73.73619032,113.69830422975987
heading_date,svr_rbf,69.09121195,68.54991217140017
heading_date,svr_rbf,74.84314052,77.67458871986716
heading_date,svr_rbf,73.84519396,118.3802046069441
heading_date,svr_rbf,66.93723576,77.80577328272378
heading_date,svr_rbf,74.58257326,74.40290111508072
heading_date,svr_rbf,74.44195046,74.58759528621535
heading_date,svr_rbf,73.30522901,68.5626606618488
heading_date,svr_rbf,75.49738119,74.81676747953335
heading_date,svr_rbf,66.43667858,68.55032249539967
heading_date,svr_rbf,68.85407314,74.73724781784288
heading_date,svr_rbf,65.51496639,109.88100270447491
heading_date,svr_rbf,65.23113022,78.73500333479163
heading_date,svr_rbf,75.19488328,132.0656434806395
heading_date,svr_rbf,68.65996046,53.89557541077938
heading_date,svr_rbf,69.32183845,64.26670369466783
heading_date,svr_rbf,71.47390865,77.09966141832702
heading_date,svr_rbf,63.60653189,65.45304325351769
heading_date,svr_rbf,71.6814977,68.02134598648124
heading_date,svr_rbf,75.47961513,73.48163376495877
heading_date,svr_rbf,71.49905543,76.22479405873469
heading_date,svr_rbf,68.40154143,134.32654935027557
heading_date,svr_rbf,71.47454821,69.10420393282249
heading_date,svr_rbf,75.41440662,98.82264940277953
heading_date,svr_rbf,73.53232282,134.5674252725817
heading_date,svr_rbf,73.38787846,73.5340889274854
heading_date,svr_rbf,71.14925478,74.84585394547389
heading_date,svr_rbf,65.95455457,66.29201958400677
heading_date,svr_rbf,72.88953837,83.36028784492025
heading_date,svr_rbf,76.44161435,78.21433002783668
heading_date,svr_rbf,70.27463073,67.32703909015713
heading_date,svr_rbf,72.2394546,63.88528106096854
heading_date,svr_rbf,70.41476261,86.55658731136609
heading_date,svr_rbf,73.88433532,71.54992264551275
heading_date,svr_rbf,70.40496905,77.64300964676482
heading_date,svr_rbf,73.84329904,89.57048888462097
heading_date,svr_rbf,73.32306067,83.30467546543505
heading_date,svr_rbf,77.88167969,94.95980954850123
heading_date,svr_rbf,75.36142987,77.6212344828568
heading_date,svr_rbf,67.1766843,67.53828883731084
heading_date,svr_rbf,72.68712084,72.34242943755937
heading_date,svr_rbf,72.24724216,64.23619649583512
heading_date,svr_rbf,69.86431728,112.98130153331364
heading_date,svr_rbf,71.59961536,76.34932425164207
heading_date,svr_rbf,72.12272676,72.31344292610936
heading_date,svr_rbf,71.39521691,91.00791487360148
heading_date,svr_rbf,72.92330733,81.08066997015932
heading_date,svr_rbf,64.77806944,63.9735605839088
heading_date,svr_rbf,70.2972185,81.36282438441309
heading_date,svr_rbf,73.18887687,68.0824854383049
heading_date,svr_rbf,66.03170016,66.28547879171839
heading_date,svr_rbf,66.57897461,84.31597544208626
heading_date,svr_rbf,68.03193931,87.9992792517914
heading_date,svr_rbf,66.00954055,65.8479042825386
heading_date,svr_rbf,72.67306315,100.01097001557497
heading_date,svr_rbf,69.92228344,69.37759067373193
heading_date,svr_rbf,68.72075796,83.3632180218298
heading_date,svr_rbf,77.22752805,80.30062553989038
heading_date,svr_rbf,65.63955967,77.52852007545617
heading_date,svr_rbf,68.09084766,68.88746154367114
heading_date,svr_rbf,74.34608236,75.98667534914067
heading_date,svr_rbf,73.87774779,75.53707294610209
heading_date,svr_rbf,68.85229399,70.32082644901209
heading_date,svr_rbf,74.64033401,75.60741118917952
heading_date,svr_rbf,75.31887766,117.3196729046258
heading_date,svr_rbf,75.86668472,83.41843370000929
heading_date,svr_rbf,72.93319662,70.09503898373606
heading_date,svr_rbf,66.66699329,82.87068761325204
heading_date,svr_rbf,67.97779268,78.4837498070572
heading_date,svr_rbf,70.1364937,64.14306036200351
heading_date,svr_rbf,76.57938336,75.13981648364842
heading_date,svr_rbf,70.55262868,72.15650937239629
heading_date,svr_rbf,71.1110076,87.92008003732569
heading_date,svr_rbf,74.83589779,80.01986162723568
heading_date,svr_rbf,76.51973791,77.25156208555558
heading_date,svr_rbf,76.29784896,81.16398544608728
heading_date,svr_rbf,70.74393525,71.03575130877574
heading_date,svr_rbf,68.13099532,69.06552314604605
heading_date,svr_rbf,68.12169332,60.60655560474548
heading_date,svr_rbf,73.10569573,81.45221751917674
heading_date,svr_rbf,71.86954572,73.46695921778755
heading_date,svr_rbf,77.05671031,74.91746225612727
heading_date,svr_rbf,75.28967282,77.64478359905388
heading_date,svr_rbf,69.90700066,77.93943686523316
heading_date,svr_rbf,76.88103588,77.92590268100588
heading_date,svr_rbf,74.08328467,88.54537581468982
heading_date,svr_rbf,68.89564055,104.23025156085936
heading_date,svr_rbf,73.56021564,87.97438090409351
heading_date,svr_rbf,73.5808855,87.48351506152129
heading_date,svr_rbf,70.31119991,71.41205533616494
heading_date,svr_rbf,72.16224226,70.91328818900938
heading_date,svr_rbf,72.05557631,91.32562217767122
heading_date,svr_rbf,71.32553595,133.78109148943233
heading_date,svr_rbf,77.70641607,84.46391465452936
heading_date,svr_rbf,73.47383902,66.91409653994428
heading_date,svr_rbf,73.60813506,64.16840093538205
heading_date,svr_rbf,67.08958845,67.96744686443176
heading_date,svr_rbf,74.77027119,73.30933700939362
heading_date,svr_rbf,75.32193801,68.58432560378829
heading_date,svr_rbf,73.43810176,80.84802600563734
heading_date,svr_rbf,71.45203421,71.25077832646988
heading_date,svr_rbf,71.56721859,71.78116243084895
heading_date,svr_rbf,73.05006146,75.34019117599948
heading_date,svr_rbf,73.23809874,92.10109149462798
heading_date,svr_rbf,70.7905393,80.63844009298852
heading_date,svr_rbf,74.96498688,75.91909545594999
heading_date,svr_rbf,74.45265722,83.43294219717794
heading_date,svr_rbf,77.83211711,60.58631563769723
heading_date,svr_rbf,70.25976192,105.24577558886918
heading_date,svr_rbf,72.59543156,78.36573501742443
heading_date,svr_rbf,69.87004508,104.12001002525399
heading_date,svr_rbf,67.35990526,68.9749834592375
heading_date,svr_rbf,70.53892868,77.05314760763922
heading_date,svr_rbf,69.65381816,103.57574478991371
heading_date,svr_rbf,64.79137899,72.9725181033694
heading_date,svr_rbf,70.55581706,67.01762635100468
heading_date,svr_rbf,71.69392732,61.07653631349134
heading_date,svr_rbf,71.15600193,77.89870488864995
heading_date,svr_rbf,68.50321935,85.18176544025742
heading_date,svr_rbf,71.8439335,83.57612672129372
heading_date,svr_rbf,72.03574691,84.94158021101457
heading_date,svr_rbf,74.13524586,97.52661653980537
heading_date,svr_rbf,73.25621539,73.56310460852283
heading_date,svr_rbf,71.17979877,70.62126673314411
heading_date,svr_rbf,79.43995387,78.88923790935533
heading_date,svr_rbf,73.95401072,75.87615955750924
heading_date,svr_rbf,70.40511568,83.58737861100532
heading_date,svr_rbf,72.60609784,92.32478007041729
heading_date,svr_rbf,69.50185485,73.34236910809722
heading_date,svr_rbf,66.20056607,85.82638520775815
heading_date,svr_rbf,72.41292025,135.86301653818802
heading_date,svr_rbf,71.01321896,61.81514456221696
heading_date,svr_rbf,71.4227622,82.74955538355147
heading_date,svr_rbf,64.1620208,77.90607340921139
heading_date,svr_rbf,69.49922466,64.58539223558586
heading_date,svr_rbf,69.32396011,82.22646976584723
heading_date,svr_rbf,68.8462765,79.09398615632966
heading_date,svr_rbf,70.32972131,89.49390793858639
heading_date,svr_rbf,70.1299142,74.89490896836082
heading_date,svr_rbf,68.74930527,75.50941052771418
heading_date,svr_rbf,70.17365081,73.31021413141322
heading_date,svr_rbf,66.0978734,68.58994720811401
heading_date,svr_rbf,74.72194686,90.14062556863848
heading_date,svr_rbf,73.23503031,78.2762327019723
heading_date,svr_rbf,70.41579451,69.26966089089277
heading_date,svr_rbf,69.98064762,71.40670430583927
heading_date,svr_rbf,71.79630868,96.10052652539085
heading_date,svr_rbf,71.29354425,78.32847792942016
heading_date,svr_rbf,67.49763499,72.87804668717358
heading_date,svr_rbf,73.39298905,75.27911139849944
heading_date,svr_rbf,67.21585775,68.8790939035677
heading_date,svr_rbf,77.89114616,77.52752968052322
heading_date,svr_rbf,71.70051615,67.41012144849952
heading_date,svr_rbf,70.80899456,75.96817211166464
heading_date,svr_rbf,69.57346631,70.63146596969369
heading_date,svr_rbf,74.65867956,101.84743027077633
heading_date,svr_rbf,74.40344875,75.99791822824568
heading_date,svr_rbf,73.34151876,70.24484795777019
heading_date,svr_rbf,72.67549667,76.11694979135281
heading_date,svr_rbf,72.00874397,77.68745078161137
heading_date,svr_rbf,70.24671324,114.3935166344119
heading_date,svr_rbf,70.34895685,71.3567459302595
heading_date,svr_rbf,71.14708344,87.57890354791137
heading_date,svr_rbf,77.85087289,80.39236967835046
heading_date,svr_rbf,69.86009609,88.4116770199707
heading_date,svr_rbf,67.0700819,84.79002110364362
heading_date,svr_rbf,70.22088521,73.17900075306609
heading_date,svr_rbf,69.26721347,75.0856939027544
heading_date,svr_rbf,70.33919103,71.32260885491041
heading_date,svr_rbf,68.72731007,75.08536078950004
heading_date,svr_rbf,65.345322435,64.03007015542009
heading_date,svr_rbf,70.73256258,82.65676361285699
heading_date,svr_rbf,68.36744232,72.59669970395409
heading_date,svr_rbf,65.89015858,76.42660514641666
heading_date,svr_rbf,66.05264166,66.18543880676789
heading_date,svr_rbf,71.6055494,70.939199464957
heading_date,svr_rbf,65.70822977,80.77670598574959
heading_date,svr_rbf,63.68768235,65.6053327838427
heading_date,svr_rbf,69.32214361,84.38518863725058
heading_date,svr_rbf,63.93969362,69.83707531192907
heading_date,svr_rbf,66.86712059,62.612098085215884
heading_date,svr_rbf,65.35246628,75.95850918490613
heading_date,svr_rbf,71.38976714,80.34457426066564
heading_date,svr_rbf,65.65626114,73.72519606828601
heading_date,svr_rbf,70.00919458,72.04897012743575
heading_date,svr_rbf,75.60384423,110.25110517530024
heading_date,svr_rbf,68.46201352,68.85706402379574
heading_date,svr_rbf,73.10082123,73.84300945332487
heading_date,svr_rbf,76.356754,65.38196274805817
heading_date,svr_rbf,70.6456504,82.1864832385131
heading_date,svr_rbf,71.7316861,77.6093489811025
heading_date,svr_rbf,75.1142689,75.76016180223125
heading_date,svr_rbf,71.93597037,117.91295077875768
heading_date,svr_rbf,73.10390928,77.92276163547542
heading_date,svr_rbf,75.45138162,83.66817379910182
heading_date,svr_rbf,69.12878797,69.42599737175573
heading_date,svr_rbf,68.44705577,73.2838277386198
heading_date,svr_rbf,73.80793907,77.91556732894685
heading_date,svr_rbf,69.96800607,67.13960011850094
heading_date,svr_rbf,76.21083683,88.74092795456001
heading_date,svr_rbf,68.1511504,66.50343455921839
heading_date,svr_rbf,66.35890322,66.49530639652184
heading_date,svr_rbf,72.84233623,81.39962405740079
heading_date,svr_rbf,69.69312002,66.601122150952
heading_date,svr_rbf,67.18052391,67.78863553952225
heading_date,svr_rbf,69.86090994,68.72742876926702
heading_date,svr_rbf,76.0816442,79.78125377627012
heading_date,svr_rbf,69.91428023,68.5141368130287
heading_date,svr_rbf,66.78096121,104.04828966058749
heading_date,svr_rbf,65.95061099,67.34276042709497
heading_date,svr_rbf,72.473336,101.81219792935097
heading_date,svr_rbf,76.83008918,113.66802080982728
heading_date,svr_rbf,71.67358103,78.73269825580493
heading_date,svr_rbf,69.916653,68.4323328113995
heading_date,svr_rbf,68.83440229,70.9094602748693
heading_date,svr_rbf,73.40337589,82.45312741360439
heading_date,svr_rbf,69.72753808,70.2596219570062
heading_date,svr_rbf,73.64268186,68.23664169984734
heading_date,svr_rbf,70.34605298,61.556154065142636
heading_date,svr_rbf,70.71476569,69.32052310783253
heading_date,svr_rbf,71.34776186,69.09992438891538
heading_date,svr_rbf,68.04398239,69.85137295840079
heading_date,svr_rbf,69.90992187,70.17419781732781
heading_date,svr_rbf,69.49890944,69.14895570489962
heading_date,svr_rbf,69.7891648,70.68633240350691
heading_date,svr_rbf,71.61136297,72.5290859174967
heading_date,svr_rbf,74.72511563,81.04122857452944
heading_date,svr_rbf,71.11973783,68.99103802638265
heading_date,svr_rbf,66.83063971,67.0402072209643
heading_date,svr_rbf,67.26308671,67.60475005067617
heading_date,svr_rbf,68.196063,70.33545808161408
heading_date,svr_rbf,69.13499905,69.16989949936199
heading_date,svr_rbf,68.05007939,70.51466440680241
heading_date,svr_rbf,64.39479985,67.0883876473791
heading_date,svr_rbf,75.43039886,68.19227557225044
heading_date,svr_rbf,70.71278575,77.85816007568444
heading_date,svr_rbf,65.70530213,71.76938026247645
heading_date,svr_rbf,69.01161839,76.4413980714184
heading_date,svr_rbf,68.09290189,69.97909862158626
heading_date,svr_rbf,74.12225962,72.55922316821099
heading_date,svr_rbf,74.16746489,74.41795203539077
heading_date,svr_rbf,69.57076912,66.61686583606908
heading_date,svr_rbf,66.30653296,68.11516089807984
heading_date,svr_rbf,65.21326658,87.88929210531707
heading_date,svr_rbf,65.80157103,73.72823967499002
heading_date,svr_rbf,65.84069511,116.32420392104781
heading_date,svr_rbf,72.96050881,67.94716257709756
heading_date,svr_rbf,71.10671963,73.51163306485434
heading_date,svr_rbf,65.79428981,72.90747042379785
heading_date,svr_rbf,72.64786489,72.18235588324828
heading_date,svr_rbf,74.88924313,98.77838685744376
heading_date,svr_rbf,68.51305027,121.21229948929448
heading_date,svr_rbf,75.70286332,94.36365831433315
heading_date,svr_rbf,71.36798435,80.74159406851479
heading_date,svr_rbf,76.79945152,80.56263491487749
heading_date,svr_rbf,74.05047899,77.45379902962377
heading_date,svr_rbf,70.15245605,77.55458145649348
heading_date,svr_rbf,70.21139135,85.30441080934878
heading_date,svr_rbf,74.83238292,115.51779847575543
heading_date,svr_rbf,74.90889667,77.53862757239227
heading_date,svr_rbf,77.77169813,79.48428371324187
heading_date,svr_rbf,73.20269395,72.88238089789687
heading_date,svr_rbf,70.33837877,69.64550683911338
heading_date,svr_rbf,71.90487538,135.68399938350152
heading_date,svr_rbf,71.70476953,76.29680381059202
heading_date,svr_rbf,67.17324806,84.65543139521958
heading_date,svr_rbf,67.81119546,71.63744881605763
heading_date,svr_rbf,67.29786665,64.64840522926414
heading_date,svr_rbf,76.0255848,68.30227037442026
heading_date,svr_rbf,76.41919117,74.02684287059179
heading_date,svr_rbf,74.5923255,74.98661497068538
heading_date,svr_rbf,73.24052531,72.41220779560093
heading_date,svr_rbf,66.56854857,82.2401833136954
heading_date,svr_rbf,65.59403766,67.84461540928987
heading_date,svr_rbf,75.23821327,78.89196641489625
heading_date,svr_rbf,73.37352334,70.30039164046912
heading_date,svr_rbf,68.31242523,63.99242940251244
heading_date,svr_rbf,70.18988702,94.11911206809813
heading_date,svr_rbf,135.0124977,102.53817433151873
heading_date,svr_rbf,131.1376018,122.94257482744672
heading_date,svr_rbf,127.4952925,78.86296397958367
heading_date,svr_rbf,132.9185581,125.29832325333935
heading_date,svr_rbf,135.5122478,105.45676597787597
heading_date,svr_rbf,136.708832,119.63033939522629
heading_date,svr_rbf,138.1521257,93.65271338635583
heading_date,svr_rbf,133.6229181,134.22264387944267
heading_date,svr_rbf,142.5172946,149.55540547140959
heading_date,svr_rbf,133.1346108,137.1227993444305
heading_date,svr_rbf,128.2808634,77.50422412100941
heading_date,svr_rbf,131.4490245,120.09064693310737
heading_date,svr_rbf,130.1225762,137.63690365205895
heading_date,svr_rbf,140.329899,98.55277882205226
heading_date,svr_rbf,129.5939866,108.01329797004713
heading_date,svr_rbf,137.3372998,120.2835853119673
heading_date,svr_rbf,133.9333111,127.60180009656602
heading_date,svr_rbf,139.658972,97.93277648121916
heading_date,svr_rbf,133.875129,131.59753219987093
heading_date,svr_rbf,128.4178839,114.96431795004204
heading_date,svr_rbf,132.7842797,133.65412630882003
heading_date,svr_rbf,133.2090608,139.51784617034437
heading_date,svr_rbf,130.8903962,112.10199747387036
heading_date,svr_rbf,134.12579,103.53685069400917
heading_date,svr_rbf,133.9805901,74.24841436603587
heading_date,svr_rbf,135.8769503,71.76444160782457
heading_date,svr_rbf,130.8627045,128.91809121032347
heading_date,svr_rbf,137.6324379,71.63948484547802
heading_date,svr_rbf,135.6980028,141.4091615534066
heading_date,svr_rbf,132.5179743,101.75772263600638
heading_date,svr_rbf,137.786505,85.06724652774437
heading_date,svr_rbf,134.9355974,119.42516592622533
heading_date,svr_rbf,135.5590088,90.40042330647078
heading_date,svr_rbf,139.7923564,136.0567622282061
heading_date,svr_rbf,134.8275248,91.69877279040324
heading_date,svr_rbf,137.4435432,88.45331211636504
heading_date,svr_rbf,136.4458612,117.4013852879489
heading_date,svr_rbf,138.1860589,139.866421296954
heading_date,svr_rbf,132.4494121,130.14391786766504
heading_date,svr_rbf,134.1848786,137.18573636809998
heading_date,svr_rbf,134.1127859,135.2229997418084
heading_date,svr_rbf,132.6606136,117.83276121927628
heading_date,svr_rbf,131.5267898,128.5115173775322
heading_date,svr_rbf,135.1331239,116.48891389480448
heading_date,svr_rbf,131.9704949,104.77475802900578
heading_date,svr_rbf,129.0285291,139.6404666827388
heading_date,svr_rbf,129.6938329,141.2617847735201
heading_date,svr_rbf,134.4295035,105.86396282080275
heading_date,svr_rbf,128.5273442,122.36190312094132
heading_date,svr_rbf,139.4167345,120.85875515680752
heading_date,svr_rbf,135.9682749,134.0031366361556
heading_date,svr_rbf,132.4074653,105.39382203583942
heading_date,svr_rbf,129.0138553,61.61962287740331
heading_date,svr_rbf,139.002867,136.69191309668219
heading_date,svr_rbf,131.232896,136.9315772095618
heading_date,svr_rbf,131.2749892,129.21711680628675
heading_date,svr_rbf,129.9801436,70.70012010730613
heading_date,svr_rbf,132.3355948,65.59147853976
heading_date,svr_rbf,127.6646855,68.73948493996569
heading_date,svr_rbf,130.372926,67.37584579959135
heading_date,svr_rbf,124.6588773,124.94951337158429
heading_date,svr_rbf,130.604193,82.74802952439646
heading_date,svr_rbf,130.8283306,81.04266695868154
heading_date,svr_rbf,141.729227,135.21303012032013
heading_date,svr_rbf,137.8176787,120.58140527525927
heading_date,svr_rbf,131.281506,99.80922302488298
heading_date,svr_rbf,125.7384657,80.48770125550709
heading_date,svr_rbf,131.9882392,142.77468161828656
heading_date,svr_rbf,138.5408884,141.66583260857777
heading_date,svr_rbf,138.1311221,85.18852916238447
heading_date,svr_rbf,142.4949325,92.14232007948297
heading_date,svr_rbf,137.1695845,79.68972969297114
heading_date,svr_rbf,139.7680022,70.87566078185799
heading_date,svr_rbf,138.8299962,91.78961831969028
heading_date,svr_rbf,138.8265307,89.08771102866888
heading_date,svr_rbf,140.1420899,132.57151547986405
heading_date,svr_rbf,138.5309748,77.53998050169362
heading_date,svr_rbf,133.5885158,76.95440015123414
heading_date,svr_rbf,137.688565,91.93316449803018
heading_date,svr_rbf,142.6567569,126.06289786656197
heading_date,svr_rbf,138.8864808,76.44142869865931
heading_date,svr_rbf,144.7717432,114.54517487463339
heading_date,svr_rbf,137.1934361,120.13982869774135
heading_date,svr_rbf,137.2712069,88.14659007184892
heading_date,svr_rbf,139.5023062,116.52939221774216
heading_date,svr_rbf,134.1392296,148.57666790678306
heading_date,svr_rbf,125.9265837,73.96132025460466
heading_date,svr_rbf,134.1863729,133.41942257975637
heading_date,svr_rbf,137.5206775,107.14258010084761
heading_date,svr_rbf,133.8219732,99.46847014592603
heading_date,svr_rbf,137.4739844,135.71258387389702
heading_date,svr_rbf,129.180234,65.24783877795056
heading_date,svr_rbf,126.560584,80.93120834611317
heading_date,svr_rbf,142.6777739,82.54038786597116
heading_date,svr_rbf,138.8260235,133.25885564258425
heading_date,svr_rbf,132.7598533,77.48175150361457
heading_date,svr_rbf,133.6671655,127.46717785354781
heading_date,svr_rbf,132.3802859,141.0067772129803
heading_date,svr_rbf,141.9584089,79.23230647344629
heading_date,svr_rbf,137.2961454,80.44017554287939
heading_date,svr_rbf,138.0104867,125.0950146867015
heading_date,svr_rbf,140.9308021,78.36271309802416
heading_date,svr_rbf,137.3267537,122.58791669907653
heading_date,svr_rbf,137.5703576,125.20366692454509
heading_date,svr_rbf,137.5391761,111.42649753805233
heading_date,svr_rbf,135.2826812,131.54403246818123
heading_date,svr_rbf,127.6581182,82.29723629790084
heading_date,svr_rbf,136.3724187,132.70452557539824
heading_date,svr_rbf,140.3018932,135.73627353307796
heading_date,svr_rbf,138.9132929,111.51543915851798
heading_date,svr_rbf,132.5338815,131.08580420779506
heading_date,svr_rbf,136.2670827,99.75932549934711
heading_date,svr_rbf,134.4168437,82.96714250723605
heading_date,svr_rbf,139.5018265,143.899308793766
heading_date,svr_rbf,136.6966077,134.0719498939388
heading_date,svr_rbf,139.2046267,130.39517961623994
heading_date,svr_rbf,139.5328422,93.47545678484843
heading_date,svr_rbf,139.5568279,112.08112159911514
heading_date,svr_rbf,133.419942,123.90873224144524
heading_date,svr_rbf,142.1277933,91.25796362876424
heading_date,svr_rbf,133.289293,112.9845641767628
heading_date,svr_rbf,138.2303584,115.91934083977912
heading_date,svr_rbf,135.3760747,108.64572687892314
heading_date,svr_rbf,135.4289193,133.6769737073261
heading_date,svr_rbf,136.0103199,132.7538927653273
heading_date,svr_rbf,136.3843709,120.29865968851455
heading_date,svr_rbf,127.5878797,112.64676341275016
heading_date,svr_rbf,135.4825109,121.23025871131469
heading_date,svr_rbf,135.6400614,130.2092651988014
heading_date,svr_rbf,135.0667128,107.61579561231926
heading_date,svr_rbf,134.2585613,80.28199580678202
heading_date,svr_rbf,130.1923437,137.9140566114025
heading_date,svr_rbf,138.1207407,119.98478615721812
heading_date,svr_rbf,135.5829359,143.8120588226604
heading_date,svr_rbf,137.567537,131.2705357651302
heading_date,svr_rbf,136.8892699,122.34926426727189
heading_date,svr_rbf,136.4341031,135.49490668934988
heading_date,svr_rbf,133.8149685,125.63398198233757
heading_date,svr_rbf,137.1670643,117.08868506210922
heading_date,svr_rbf,135.8769162,140.6256078557053
heading_date,svr_rbf,137.0656528,128.8422467557317
heading_date,svr_rbf,136.9844925,135.28290785070007
heading_date,svr_rbf,127.2012288,102.59426667207197
heading_date,svr_rbf,136.0725267,115.26569680801398
heading_date,svr_rbf,136.0865759,138.1364788725111
heading_date,svr_rbf,137.9369893,123.52794974624778
heading_date,svr_rbf,137.274842,136.55228720304092
heading_date,svr_rbf,132.7043471,144.59357311586547
heading_date,svr_rbf,137.2478415,121.15892476032779
heading_date,svr_rbf,137.2427613,92.77072711188467
heading_date,svr_rbf,132.7352285,133.64707325013015
heading_date,svr_rbf,132.3494267,140.19047973121945
heading_date,svr_rbf,138.4349052,121.86348928173824
heading_date,svr_rbf,137.8602773,129.6264988038942
heading_date,svr_rbf,134.5827086,137.5007944123265
heading_date,svr_rbf,147.2995825,114.3154604569904
heading_date,svr_rbf,143.2762998,137.46134318086996
heading_date,svr_rbf,136.3281237,138.40781360392936
heading_date,svr_rbf,135.3488419,86.39725421780516
heading_date,svr_rbf,136.5309641,133.23229819999398
heading_date,svr_rbf,140.0179642,114.80656756479945
heading_date,svr_rbf,138.2297729,138.82183528921016
heading_date,svr_rbf,137.3292465,127.5828263121935
heading_date,svr_rbf,135.7116789,135.7711900405816
heading_date,svr_rbf,142.2021781,121.79672307882376
heading_date,svr_rbf,131.2541635,133.63134100612973
heading_date,svr_rbf,136.1333373,142.5178980955457
heading_date,svr_rbf,144.9484596,128.7825504466602
heading_date,svr_rbf,141.1257137,119.18696699432661
heading_date,svr_rbf,132.5056467,133.38012104840246
heading_date,svr_rbf,136.3393475,139.43266164606752
heading_date,svr_rbf,136.0473209,112.45261060568018
heading_date,svr_rbf,130.7922896,137.8715501284472
heading_date,svr_rbf,134.4381523,94.24608422233884
heading_date,svr_rbf,137.1228511,134.13325208719328
heading_date,svr_rbf,136.0061576,119.05945611022837
heading_date,svr_rbf,133.9543172,139.10922175202495
heading_date,svr_rbf,137.7701297,132.69586126081506
heading_date,svr_rbf,137.6326115,112.64677789264931
heading_date,svr_rbf,131.1816109,109.54413395668482
heading_date,svr_rbf,148.009344,101.95200046848012
heading_date,svr_rbf,139.9671981,121.40873934586305
heading_date,svr_rbf,142.0799892,125.82696264138286
heading_date,svr_rbf,136.9659509,132.46567407271394
heading_date,svr_rbf,146.9063677,97.0606245887179
heading_date,svr_rbf,137.7331428,135.75647425034185
heading_date,svr_rbf,142.1866771,99.09617387246973
heading_date,svr_rbf,132.203008,147.30859764564445
heading_date,svr_rbf,135.8051786,135.19174143142772
heading_date,svr_rbf,132.4734016,117.01818201420568
heading_date,svr_rbf,134.1501118,143.40327549540456
heading_date,svr_rbf,141.9748227,130.3250381074987
heading_date,svr_rbf,134.4129753,120.46144826395181
heading_date,svr_rbf,136.0469073,138.85071540887697
heading_date,svr_rbf,131.8178343,133.19506581505
heading_date,svr_rbf,140.2483705,78.69387202828852
heading_date,svr_rbf,137.1906833,123.83165247917918
heading_date,svr_rbf,137.5477175,139.1187335096102
heading_date,svr_rbf,134.932367,112.36946263400681
heading_date,svr_rbf,140.0229539,129.68280754793642
heading_date,svr_rbf,136.6995063,136.16912820562675
heading_date,svr_rbf,139.3233338,126.83988059498164
heading_date,svr_rbf,133.806829,89.34628049811195
heading_date,svr_rbf,144.8853647,129.17504987426872
heading_date,svr_rbf,130.7195337,77.85149573467105
heading_date,svr_rbf,132.9521219,136.69420723336967
heading_date,svr_rbf,140.5833506,91.48729863973983
heading_date,svr_rbf,132.9469242,128.99680874534064
heading_date,svr_rbf,137.894999,128.44958180677324
heading_date,svr_rbf,138.0837962,145.3144963227934
heading_date,svr_rbf,142.3090935,118.08203803645205
heading_date,svr_rbf,135.8272429,127.13775567747504
heading_date,svr_rbf,136.5147156,73.35369153532011
heading_date,svr_rbf,140.3571793,103.17209554455926
heading_date,svr_rbf,135.7120763,103.53436629928157
heading_date,svr_rbf,134.7976425,134.22802250453384
heading_date,svr_rbf,140.4601646,145.33435649269285
heading_date,svr_rbf,135.0964616,134.17839142796475
heading_date,svr_rbf,137.9825587,139.35094407422702
heading_date,svr_rbf,139.0650279,139.0595073287417
heading_date,svr_rbf,142.4398586,138.6823334946319
heading_date,svr_rbf,132.707686,136.3030286168055
heading_date,svr_rbf,138.6626667,136.31804935571483
heading_date,svr_rbf,137.7864379,135.71236944038435
heading_date,svr_rbf,134.8522889,138.29161729379962
heading_date,svr_rbf,134.8720955,112.25571252147355
heading_date,svr_rbf,131.2259749,131.97898997495787
heading_date,svr_rbf,132.2150325,135.92973396469108
heading_date,svr_rbf,132.9847901,126.87919609351144
heading_date,svr_rbf,137.0717572,78.20316090903047
heading_date,svr_rbf,132.4746996,122.31102728995202
heading_date,svr_rbf,135.5408098,147.70998291303923
heading_date,svr_rbf,134.1517945,117.18340587415477
heading_date,svr_rbf,139.5071789,93.97827243789963
heading_date,svr_rbf,135.2343139,130.87069613333676
heading_date,svr_rbf,139.4998594,110.29977762381849
heading_date,svr_rbf,142.211522,122.50376911904016
heading_date,svr_rbf,138.0249307,122.97495336385603
heading_date,svr_rbf,141.7401619,73.28322125847363
heading_date,svr_rbf,134.6946846,109.42685944705124
heading_date,svr_rbf,133.7162425,132.7866405639792
heading_date,svr_rbf,137.8476631,91.55242901035291
heading_date,svr_rbf,135.1377472,92.84194379193224
heading_date,svr_rbf,141.6554593,83.64669202960471
heading_date,svr_rbf,135.6852196,129.72277234477644
heading_date,svr_rbf,138.5267729,116.14031667520706
heading_date,svr_rbf,140.5689081,79.02114340879572
heading_date,svr_rbf,135.6119781,110.25537155835028
heading_date,svr_rbf,138.3260143,71.71221701222558
heading_date,svr_rbf,134.4735789,66.816507893504
heading_date,svr_rbf,143.1625163,82.49597088618577
heading_date,svr_rbf,135.8281407,134.41897602077432
heading_date,svr_rbf,138.5601171,120.76687426570108
heading_date,svr_rbf,135.6353811,75.68529730470986
heading_date,svr_rbf,136.8042019,94.31784366157268
heading_date,svr_rbf,133.5868267,119.52261423588615
heading_date,svr_rbf,142.2942098,108.03029405997596
heading_date,svr_rbf,139.850888,125.9079738731288
heading_date,svr_rbf,138.9752432,136.8758890912648
heading_date,svr_rbf,137.7451895,133.16131500605837
heading_date,svr_rbf,146.9884934,109.15557507655204
heading_date,svr_rbf,133.4227444,122.10056692750881
heading_date,svr_rbf,139.345096,133.89228816683408
heading_date,svr_rbf,125.6506941,121.62328364599679
heading_date,svr_rbf,141.5605411,69.94927108740474
heading_date,svr_rbf,139.675944,125.02644182948103
heading_date,svr_rbf,135.6584289,88.17714133237666
heading_date,svr_rbf,135.2312701,134.77321159007533
heading_date,svr_rbf,136.3833726,134.3430674598207
heading_date,svr_rbf,134.8069279,137.5996670367366
heading_date,svr_rbf,137.9885548,128.38664974842214
heading_date,svr_rbf,132.2602137,136.29141946047994
heading_date,svr_rbf,129.6272054,68.76804800050087
heading_date,svr_rbf,130.1739431,86.74732592240039
heading_date,svr_rbf,138.0208657,125.63765216408628
heading_date,svr_rbf,139.6305963,121.51900984386575
heading_date,svr_rbf,132.9542458,125.40116733268508
heading_date,svr_rbf,133.8095452,89.8691364473273
heading_date,svr_rbf,137.8854529,125.02040108428598
heading_date,svr_rbf,134.2877325,91.66986491154799
heading_date,svr_rbf,142.228753,117.29394389146601
heading_date,svr_rbf,141.6299267,86.5561653664357
heading_date,svr_rbf,134.0759735,121.88302281180158
heading_date,svr_rbf,128.0650606,67.62157706253495
heading_date,svr_rbf,131.7831402,134.670734582904
heading_date,svr_rbf,133.9285765,84.24346652696961
heading_date,svr_rbf,136.6396674,118.69038015344573
heading_date,svr_rbf,137.3865059,130.2605825229045
lodging,svr_rbf,2.174896356,1.7365460015838083
lodging,svr_rbf,1.644474162,1.40428775650296
lodging,svr_rbf,1.324642932,1.7413500204887944
lodging,svr_rbf,1.593071519,1.516597913000406
lodging,svr_rbf,1.54400155,1.8021525962939835
lodging,svr_rbf,1.346724921,1.664901371084734
lodging,svr_rbf,1.160769774,1.546421713340389
lodging,svr_rbf,1.740891513,1.7938748491263121
lodging,svr_rbf,1.588899886,1.6265926764184453
lodging,svr_rbf,1.657603308,1.4525837728446112
lodging,svr_rbf,2.442546063,1.922295343151017
lodging,svr_rbf,1.498489697,1.6064088545334854
lodging,svr_rbf,1.784790868,1.6052544687177388
lodging,svr_rbf,1.636561435,2.278421562322551
lodging,svr_rbf,1.399702272,1.8609588270722375
lodging,svr_rbf,1.560870412,1.6133099599178458
lodging,svr_rbf,1.772587931,1.7940838139582818
lodging,svr_rbf,2.03978502,1.8921738334596991
lodging,svr_rbf,1.431336858,1.5787858917136264
lodging,svr_rbf,1.269377908,1.6209619623362443
lodging,svr_rbf,1.990377116,1.618881433981029
lodging,svr_rbf,1.627762666,1.9051825274761933
lodging,svr_rbf,1.382168736,1.7553434989854777
lodging,svr_rbf,2.200916425,1.8355010007934962
lodging,svr_rbf,1.410106875,1.6749421419777941
lodging,svr_rbf,1.86656083,1.549786347686573
lodging,svr_rbf,1.602000897,2.0427235640217765
lodging,svr_rbf,2.193294571,1.6327251535418696
lodging,svr_rbf,1.481490118,1.8150493737985283
lodging,svr_rbf,1.86339624,1.649152618059209
lodging,svr_rbf,1.429558742,1.7192618725636293
lodging,svr_rbf,2.042719308,1.679496634042465
lodging,svr_rbf,2.075744924,1.6327636225658688
lodging,svr_rbf,1.240136442,1.4990465484716102
lodging,svr_rbf,2.297266405,1.8593541792237032
lodging,svr_rbf,1.746838412,1.5676492269269273
lodging,svr_rbf,1.756920627,1.7453113632898747
lodging,svr_rbf,1.750614066,1.7958888710123526
lodging,svr_rbf,1.773587349,1.5474688015761706
lodging,svr_rbf,1.681479531,1.8276792725134636
lodging,svr_rbf,2.266559292,2.6853036354642543
lodging,svr_rbf,2.066713065,1.9085105624144556
lodging,svr_rbf,1.820676161,1.599259001885493
lodging,svr_rbf,1.354843064,1.755844952617061
lodging,svr_rbf,1.975439353,1.788170399282317
lodging,svr_rbf,1.836534779,1.7763373688461073
lodging,svr_rbf,1.672623341,1.713845476766398
lodging,svr_rbf,1.454333973,1.5156847418738435
lodging,svr_rbf,1.173183446,1.7588969553821787
lodging,svr_rbf,1.771514459,1.8858408235966557
lodging,svr_rbf,1.340578989,1.778279123242743
lodging,svr_rbf,1.289758323,1.8353507568441363
lodging,svr_rbf,1.744585964,1.605752886514611
lodging,svr_rbf,2.084199041,1.7980647811830939
lodging,svr_rbf,1.493996936,1.7643788513591128
lodging,svr_rbf,1.975708308,1.7561016201747304
lodging,svr_rbf,1.580723645,1.6804682531154933
lodging,svr_rbf,1.867533803,1.623233723291655
lodging,svr_rbf,1.405880024,1.837408692202755
lodging,svr_rbf,1.620924956,1.7523633797923455
lodging,svr_rbf,1.958262078,1.6098844548078057
lodging,svr_rbf,1.585077248,1.7386521047580468
lodging,svr_rbf,1.585669207,1.801086530382265
lodging,svr_rbf,1.910482094,2.072454294503026
lodging,svr_rbf,1.278928394,1.7675820336866792
lodging,svr_rbf,1.644734721,1.6699960098277868
lodging,svr_rbf,1.367993778,1.7409487961143277
lodging,svr_rbf,1.819732899,1.721336258269334
lodging,svr_rbf,1.922282156,1.7995808347779225
lodging,svr_rbf,1.614082805,1.7998396874198566
lodging,svr_rbf,1.317918266,1.5260100321150833
lodging,svr_rbf,1.838037822,1.6401816609263138
lodging,svr_rbf,1.717080721,1.5386165632147
lodging,svr_rbf,1.691805224,1.6792891634422933
lodging,svr_rbf,1.907767787,1.7001584119911626
lodging,svr_rbf,1.525371576,1.6188087109518898
lodging,svr_rbf,2.100521689,1.7154033315098274
lodging,svr_rbf,1.522756314,2.0891611664656304
lodging,svr_rbf,2.127461912,1.8319914933844679
lodging,svr_rbf,1.652993328,1.7396011406998477
lodging,svr_rbf,1.865713234,1.8439362314171612
lodging,svr_rbf,2.351763054,1.724262562069863
lodging,svr_rbf,1.33176336,1.7413755205544765
lodging,svr_rbf,2.2234094,1.5618591234173813
lodging,svr_rbf,1.965940807,1.557741894929297
lodging,svr_rbf,2.189899205,1.6279948759786693
lodging,svr_rbf,1.54378452,1.7425177318101341
lodging,svr_rbf,1.588521812,1.667502931440021
lodging,svr_rbf,1.752836155,1.8633058151650386
lodging,svr_rbf,1.67650173,1.5607839492743993
lodging,svr_rbf,1.505694386,1.7120938913013468
lodging,svr_rbf,1.424562669,1.7682428308127127
lodging,svr_rbf,1.638292774,1.555818194995008
lodging,svr_rbf,1.76320614,1.945235183658638
lodging,svr_rbf,1.750860556,1.8003198862903478
lodging,svr_rbf,1.131848318,1.850360324087366
lodging,svr_rbf,1.354444006,1.7361563322519857
lodging,svr_rbf,1.851463536,1.7300404389449637
lodging,svr_rbf,1.531464952,1.6525924249167678
lodging,svr_rbf,1.413676502,1.8168305319743139
lodging,svr_rbf,1.3127499,1.8570899737073758
lodging,svr_rbf,1.872652005,1.583396324423361
lodging,svr_rbf,1.440529343,1.6269554739745162
lodging,svr_rbf,2.186423213,1.72832899944257
lodging,svr_rbf,1.601519151,1.6812389663720841
lodging,svr_rbf,1.734423343,1.7974083811823647
lodging,svr_rbf,1.467271582,1.6887235358786699
lodging,svr_rbf,1.26778,1.8039238797363684
lodging,svr_rbf,1.379054586,1.7314721392733614
lodging,svr_rbf,2.105580046,1.6085587324574768
lodging,svr_rbf,1.94242448,1.7122994852121005
lodging,svr_rbf,2.177710329,1.5460096915048864
lodging,svr_rbf,1.721316019,1.582993796685865
lodging,svr_rbf,1.409414026,1.5672618265355927
lodging,svr_rbf,1.365175223,1.7122223815117001
lodging,svr_rbf,1.323500978,1.9139397415658186
lodging,svr_rbf,1.948810123,1.7722547052387778
lodging,svr_rbf,1.722424615,1.6073833885331323
lodging,svr_rbf,1.580923969,2.214750407465557
lodging,svr_rbf,2.004633761,1.7186557863223633
lodging,svr_rbf,1.493726908,1.7083581239311565
lodging,svr_rbf,1.756751832,1.8196467753458974
lodging,svr_rbf,1.482967417,1.5704129943630996
lodging,svr_rbf,1.591733276,1.6708755744718466
lodging,svr_rbf,1.731077463,1.7512416882277444
lodging,svr_rbf,2.06681345,1.7307740485118863
lodging,svr_rbf,1.872419174,1.844715095409144
lodging,svr_rbf,2.007996102,1.930608196422145
lodging,svr_rbf,1.940916602,1.6757075995754969
lodging,svr_rbf,1.365806212,1.4453790581830894
lodging,svr_rbf,1.510106607,1.9256179157334499
lodging,svr_rbf,1.74642917,1.7642885698525577
lodging,svr_rbf,1.487665602,1.787077734767447
lodging,svr_rbf,1.959194849,1.5667750156859288
lodging,svr_rbf,2.134539728,2.01436547310969
lodging,svr_rbf,1.827586585,1.3642448767107043
lodging,svr_rbf,1.818257974,1.6927280226543595
lodging,svr_rbf,1.817372322,1.6119496528322372
lodging,svr_rbf,1.439763956,1.446240009015968
lodging,svr_rbf,1.500180074,1.570468275218242
lodging,svr_rbf,1.49342233,1.5954015516626394
lodging,svr_rbf,1.676955457,1.839047928687549
lodging,svr_rbf,1.867121101,2.3111845926831087
lodging,svr_rbf,1.85428206,1.657642565518267
lodging,svr_rbf,1.148898128,1.724091614497044
lodging,svr_rbf,2.175295528,1.458807701348527
lodging,svr_rbf,1.878915658,1.5821897657793573
lodging,svr_rbf,1.790424296,1.8957078329974522
lodging,svr_rbf,1.61560033,1.7465411782135125
lodging,svr_rbf,1.750917127,1.3347259787031622
lodging,svr_rbf,1.385366839,1.8833392066190102
lodging,svr_rbf,1.633425128,1.8381547064705677
lodging,svr_rbf,1.206546691,1.4882378503051097
lodging,svr_rbf,1.275022063,1.8037879285289096
lodging,svr_rbf,1.427953313,1.5228168442783891
lodging,svr_rbf,1.180846017,1.3593641675517079
lodging,svr_rbf,1.549151256,1.8755960417327304
lodging,svr_rbf,1.393761863,1.3998270155961925
lodging,svr_rbf,1.834635834,1.5767738669283813
lodging,svr_rbf,1.486786007,2.6397715376149167
lodging,svr_rbf,1.862558477,1.4519231988983954
lodging,svr_rbf,1.836323398,2.0486317368275344
lodging,svr_rbf,0.975118276,1.7406465161058629
lodging,svr_rbf,1.72295041,1.7193405801326342
lodging,svr_rbf,1.439642856,1.9231363870145324
lodging,svr_rbf,1.391685624,1.5558014545115277
lodging,svr_rbf,1.468916923,1.5415978268135166
lodging,svr_rbf,1.147871917,1.6576626368802279
lodging,svr_rbf,1.509668018,1.5151675427288365
lodging,svr_rbf,1.331044049,1.6347575085640815
lodging,svr_rbf,1.773679045,1.6021752258269313
lodging,svr_rbf,1.547875173,1.6445767786889012
lodging,svr_rbf,1.357375044,1.8523355571598872
lodging,svr_rbf,1.17337958,1.645143613672396
lodging,svr_rbf,1.449338201,1.4208524265535618
lodging,svr_rbf,1.445600358,1.96435566288421
lodging,svr_rbf,1.229873803,1.3990562108960747
lodging,svr_rbf,1.743754915,1.7942707885611142
lodging,svr_rbf,1.706855006,1.6004511944097595
lodging,svr_rbf,1.325813255,1.471528686260792
lodging,svr_rbf,1.297201345,1.47912556194313
lodging,svr_rbf,2.233143456,1.6104152575120945
lodging,svr_rbf,1.350200107,1.568972376985835
lodging,svr_rbf,1.660671858,1.6630538872440805
lodging,svr_rbf,1.760077093,1.5053468241968235
lodging,svr_rbf,1.743612369,1.5486853177466626
lodging,svr_rbf,1.297346298,1.4666486105613563
lodging,svr_rbf,1.223807024,1.7431305855109889
lodging,svr_rbf,2.456640793,1.4584301052121207
lodging,svr_rbf,1.161127788,1.5740385105053711
lodging,svr_rbf,1.294585295,1.5011664375986844
lodging,svr_rbf,1.135960307,1.5241517859664935
lodging,svr_rbf,1.299666628,1.7872487614989692
lodging,svr_rbf,1.905735591,1.8422856016873772
lodging,svr_rbf,1.423816209,1.6854053086183982
lodging,svr_rbf,1.582496151,1.5733092270488647
lodging,svr_rbf,1.599451965,1.335977160062864
lodging,svr_rbf,1.496044981,1.5062113928356151
lodging,svr_rbf,1.482371964,1.5900533233851424
lodging,svr_rbf,2.159505115,1.4194530418683469
lodging,svr_rbf,2.039812074,1.8865578066306021
lodging,svr_rbf,1.246098725,1.535556383273633
lodging,svr_rbf,1.600795917,1.7680284807701776
lodging,svr_rbf,1.378768069,1.7599048160372446
lodging,svr_rbf,2.323874331,1.5371526069214596
lodging,svr_rbf,1.0543539,1.6232107604349642
lodging,svr_rbf,1.924530472,1.4814946128748776
lodging,svr_rbf,1.966952627,1.6928275170882112
lodging,svr_rbf,1.722567445,1.6520217906145729
lodging,svr_rbf,1.87565572,1.7046616122383247
lodging,svr_rbf,1.592225204,1.8561269611515918
lodging,svr_rbf,1.662921211,1.5098316203716413
lodging,svr_rbf,1.377220248,1.5843754636697511
lodging,svr_rbf,1.785156319,1.3612016022457771
lodging,svr_rbf,1.079310903,1.9938507906649843
lodging,svr_rbf,1.038879417,1.639629017819705
lodging,svr_rbf,1.8557847,1.9166755428485507
lodging,svr_rbf,1.797969229,1.4725853626186591
lodging,svr_rbf,1.21462199,1.3858209620135074
lodging,svr_rbf,1.411882382,1.8773832859781017
lodging,svr_rbf,1.419515321,1.4934465179626493
lodging,svr_rbf,1.690417119,1.8016027200133484
lodging,svr_rbf,2.317425756,1.8402600197797052
lodging,svr_rbf,1.468285063,1.7108044601351553
lodging,svr_rbf,1.445874967,2.124563933653927
lodging,svr_rbf,1.354035318,2.003740247948235
lodging,svr_rbf,1.608738995,1.6485535872716026
lodging,svr_rbf,2.020943696,1.482215313322178
lodging,svr_rbf,1.484247432,1.4551060314576278
lodging,svr_rbf,1.870095018,1.9331839302692857
lodging,svr_rbf,1.857689791,1.9019147040530981
lodging,svr_rbf,1.882448973,1.6607433312730455
lodging,svr_rbf,1.736660911,1.5908848669154798
lodging,svr_rbf,2.195606986,1.6496664277805557
lodging,svr_rbf,1.596590086,1.8375157173305419
lodging,svr_rbf,1.733215486,1.8930629929804983
lodging,svr_rbf,1.112061113,1.6197471211335057
lodging,svr_rbf,1.587140357,1.7248175006666324
lodging,svr_rbf,1.634174041,1.6177988755023245
lodging,svr_rbf,2.178916808,1.7570639341280971
lodging,svr_rbf,2.851628346,2.026046411101036
lodging,svr_rbf,1.478683648,1.50726269694374
lodging,svr_rbf,1.153062717,2.1272949477848453
lodging,svr_rbf,2.156623307,1.734767446139466
lodging,svr_rbf,1.054599367,1.4672870980642134
lodging,svr_rbf,1.593133632,1.6079143103515317
lodging,svr_rbf,1.491709489,1.4824535225853683
lodging,svr_rbf,1.598084436,1.3742544538656256
lodging,svr_rbf,1.920316984,1.4379257904926748
lodging,svr_rbf,1.243463149,1.5547137654422754
lodging,svr_rbf,1.319433809,1.3188627215095812
lodging,svr_rbf,1.383527401,1.7508821677055622
lodging,svr_rbf,1.222146923,1.6664045595994281
lodging,svr_rbf,1.608250487,1.3003452232548343
lodging,svr_rbf,1.110620479,1.7756516048003608
lodging,svr_rbf,1.62727473,1.7985751762861355
lodging,svr_rbf,1.738210719,1.643853631764899
lodging,svr_rbf,1.716117969,1.4049447054063733
lodging,svr_rbf,1.782518052,1.8274460024562789
lodging,svr_rbf,1.151720715,1.7692775877377382
lodging,svr_rbf,1.651606099,1.4844585034912043
lodging,svr_rbf,1.419185588,1.5433903969743854
lodging,svr_rbf,1.794645353,1.467688616836603
lodging,svr_rbf,1.413626487,1.7898396263303225
lodging,svr_rbf,1.325395468,1.6043202712617477
lodging,svr_rbf,1.463975309,1.6393866128258563
lodging,svr_rbf,1.576546262,1.737625834307349
lodging,svr_rbf,1.35987865,1.4741358748427738
lodging,svr_rbf,1.862132485,1.4463399848213578
lodging,svr_rbf,1.711342035,1.8734247019653196
lodging,svr_rbf,1.059401865,1.4651086765583825
lodging,svr_rbf,1.223158561,1.4656474984266614
lodging,svr_rbf,1.260028983,1.7585464377585716
lodging,svr_rbf,1.5207664,1.731267916030479
lodging,svr_rbf,1.249210593,1.9361945759241324
lodging,svr_rbf,1.373474829,1.6674429542616833
lodging,svr_rbf,1.836985563,1.6620999778944014
lodging,svr_rbf,1.533551389,1.6435756582386207
lodging,svr_rbf,2.011879363,1.671486265409282
lodging,svr_rbf,1.462697538,1.5194533763169709
lodging,svr_rbf,1.471198088,1.5550210532951185
lodging,svr_rbf,1.711186507,1.4635462855965802
lodging,svr_rbf,1.48378685,1.6005147372732713
lodging,svr_rbf,1.573657384,1.448230871882644
lodging,svr_rbf,1.210990067,1.8142106858018043
lodging,svr_rbf,1.29375366,1.713110656526097
lodging,svr_rbf,1.931993009,1.6924441207131493
lodging,svr_rbf,1.819677164,1.6650753116605026
lodging,svr_rbf,1.109247072,1.5484912217052313
lodging,svr_rbf,0.993583408,1.5513117739234916
lodging,svr_rbf,1.069824135,1.260668475686515
lodging,svr_rbf,2.198843485,1.742134210791153
lodging,svr_rbf,2.557028666,1.8418164530854662
lodging,svr_rbf,1.786834572,1.6456642324893158
lodging,svr_rbf,1.961614156,1.5624002989533894
lodging,svr_rbf,1.73854534,1.53622391625803
lodging,svr_rbf,1.295389302,1.4385576685818195
lodging,svr_rbf,1.934289976,1.8265357308846926
lodging,svr_rbf,3.896026468,4.907815485109503
lodging,svr_rbf,4.439651189,5.031840235898581
lodging,svr_rbf,5.974704929,5.387770125367819
lodging,svr_rbf,4.311404441,5.113780702330219
lodging,svr_rbf,3.898448097,4.843133138520686
lodging,svr_rbf,2.4005268,3.576194108210142
lodging,svr_rbf,4.196809061,4.395302653853364
lodging,svr_rbf,6.44889985,5.987388377589283
lodging,svr_rbf,3.680472446,5.011205519458837
lodging,svr_rbf,3.472293262,4.530430888583276
lodging,svr_rbf,6.006310038,5.0688357433045645
lodging,svr_rbf,4.378330103,4.317236638602673
lodging,svr_rbf,5.301541467,4.934800315342255
lodging,svr_rbf,4.018198831,4.481486325087904
lodging,svr_rbf,2.150761618,2.1337377643369138
lodging,svr_rbf,1.846990422,2.218090543795766
lodging,svr_rbf,1.847541835,2.9225513497828617
lodging,svr_rbf,3.712477994,2.1343098676695798
lodging,svr_rbf,2.279279412,3.862771084076982
lodging,svr_rbf,2.893861478,2.6733357579548205
lodging,svr_rbf,6.137386548,4.376074579737519
lodging,svr_rbf,5.903995471,5.306858025020595
lodging,svr_rbf,4.158545464,3.8335263841696205
lodging,svr_rbf,2.428033965,3.779649168615016
lodging,svr_rbf,2.025134393,2.731789532830784
lodging,svr_rbf,3.833975178,3.9910242904803024
lodging,svr_rbf,3.464739305,3.0151865462322984
lodging,svr_rbf,4.557754879,3.925206645037943
lodging,svr_rbf,1.732260846,3.1099769187071136
lodging,svr_rbf,5.610611737,4.348389094639498
lodging,svr_rbf,4.631430006,4.730760738971944
lodging,svr_rbf,4.221243337,4.409192890086182
lodging,svr_rbf,4.210396535,3.741331800042995
lodging,svr_rbf,1.331475989,3.309997087901441
lodging,svr_rbf,5.924395753,5.3209439256232525
lodging,svr_rbf,5.49059074,5.062372103107904
lodging,svr_rbf,5.26166452,4.49756132375487
lodging,svr_rbf,6.10153495,4.663280392145773
lodging,svr_rbf,4.189357017,5.100965415803163
lodging,svr_rbf,1.713467512,2.744114512579009
lodging,svr_rbf,2.705356573,2.5615460016806026
lodging,svr_rbf,4.436597337,3.8422002480125004
lodging,svr_rbf,2.370132372,2.5090209056271187
lodging,svr_rbf,4.238393343,4.270936790169727
lodging,svr_rbf,4.955320324,4.937229862007552
lodging,svr_rbf,4.632944782,4.192037003631809
lodging,svr_rbf,4.191054133,4.711681843144719
lodging,svr_rbf,2.634229973,3.2994356669501963
lodging,svr_rbf,5.832377079,4.324763327368787
lodging,svr_rbf,5.420327517,4.613867387838231
lodging,svr_rbf,5.191522928,4.5521585633766035
lodging,svr_rbf,3.937127999,4.627015554864323
lodging,svr_rbf,3.114429781,3.871994159136536
lodging,svr_rbf,4.758328879,4.458817796038464
lodging,svr_rbf,6.045625336,5.498861437583892
lodging,svr_rbf,5.428073661,5.697710690401248
lodging,svr_rbf,4.273195052,6.15818283833914
lodging,svr_rbf,5.144325785,4.88012316858903
lodging,svr_rbf,4.634576879,5.3686138207223975
lodging,svr_rbf,5.581716746,4.680173082688875
lodging,svr_rbf,5.508295105,4.881557671899236
lodging,svr_rbf,2.175288427,3.6167230824498913
lodging,svr_rbf,4.931298096,5.14740555450534
lodging,svr_rbf,5.344920372,5.553179090806659
lodging,svr_rbf,3.347708844,4.256017402895817
lodging,svr_rbf,4.471667602,3.947234025510335
lodging,svr_rbf,4.994937047,4.709517074944836
lodging,svr_rbf,1.584022955,3.3477337707386976
lodging,svr_rbf,5.178256765,5.686162690891878
lodging,svr_rbf,5.766552709,6.040901779181282
lodging,svr_rbf,3.812042281,4.387175729093814
lodging,svr_rbf,5.374889783,4.523310028683341
lodging,svr_rbf,4.347813791,4.359712147527878
lodging,svr_rbf,4.4116959,4.7543455122001665
lodging,svr_rbf,1.892882879,2.4157788732489727
lodging,svr_rbf,3.757816039,4.006531983014085
lodging,svr_rbf,2.742599792,4.661746813855456
lodging,svr_rbf,5.171269919,3.9012408100146443
lodging,svr_rbf,5.823737514,4.247965282622358
lodging,svr_rbf,6.167182902,4.811170527279207
lodging,svr_rbf,1.9551186,2.0977164413235796
lodging,svr_rbf,6.169369642,6.979757622344777
lodging,svr_rbf,6.50915752,5.035548246723448
lodging,svr_rbf,5.956223423,4.710815311864213
lodging,svr_rbf,5.197338785,4.79849580874975
lodging,svr_rbf,3.165873735,3.008859430853117
lodging,svr_rbf,5.360932478,5.296548122133268
lodging,svr_rbf,4.880555925,4.192523592587716
lodging,svr_rbf,5.382606735,3.4656624438223895
lodging,svr_rbf,5.693121072,4.527572701871874
lodging,svr_rbf,3.854758677,5.08316784865064
lodging,svr_rbf,5.185357021,4.25486971192138
lodging,svr_rbf,4.614984133,4.837333388310561
lodging,svr_rbf,5.30333718,5.155099313613736
lodging,svr_rbf,5.526014976,5.535102776302521
lodging,svr_rbf,5.33831448,4.706972851980653
lodging,svr_rbf,5.486231915,4.452638681121546
lodging,svr_rbf,2.846304125,4.138908122206231
lodging,svr_rbf,5.790824839,4.7413242024593565
lodging,svr_rbf,6.552538765,5.979714252152873
lodging,svr_rbf,5.668091246,5.997012327046644
lodging,svr_rbf,5.086837394,3.6654412784922155
lodging,svr_rbf,4.054663338,4.2520323488986715
lodging,svr_rbf,3.809711512,4.134616345302284
lodging,svr_rbf,4.451206295,4.05897082328582
lodging,svr_rbf,4.890316246,4.798058287340785
lodging,svr_rbf,5.83940246,4.654864989969016
lodging,svr_rbf,4.57481975,5.497561395669688
lodging,svr_rbf,4.707641308,5.559878082941501
lodging,svr_rbf,5.915845941,4.365047259434731
lodging,svr_rbf,5.317733602,4.969840693297546
lodging,svr_rbf,3.007658952,2.49646120990153
lodging,svr_rbf,5.480262428,4.9130617864065815
lodging,svr_rbf,3.878657473,4.768590969204041
lodging,svr_rbf,4.215039594,3.2370648530901516
lodging,svr_rbf,4.272317156,4.458681401194414
lodging,svr_rbf,4.597023333,4.258666918030022
lodging,svr_rbf,2.495991323,2.5966528471858603
lodging,svr_rbf,6.606384456,4.537208713335646
lodging,svr_rbf,3.117780187,3.7998368108863927
lodging,svr_rbf,6.725461894,6.180233923156645
lodging,svr_rbf,2.838225815,3.9159487446134964
lodging,svr_rbf,2.339632572,3.5511194672255133
lodging,svr_rbf,4.777638937,4.718201223405906
lodging,svr_rbf,4.556355841,4.478074295402959
lodging,svr_rbf,5.945419876,4.017540651546731
lodging,svr_rbf,4.050493657,3.1399750601608467
lodging,svr_rbf,5.302868522,4.013213462266739
lodging,svr_rbf,2.729445786,2.953301999404128
lodging,svr_rbf,3.232630847,2.149259527157524
lodging,svr_rbf,3.549975133,4.566591892769964
lodging,svr_rbf,2.455953587,2.84954077550916
lodging,svr_rbf,3.972741721,5.572613197754495
lodging,svr_rbf,2.477956886,3.2721684191510394
lodging,svr_rbf,4.650354068,5.300471615882883
lodging,svr_rbf,3.348766365,4.615925566869435
lodging,svr_rbf,6.292982436,3.889757938323598
lodging,svr_rbf,4.243202869,4.214507831492165
lodging,svr_rbf,2.60421781,3.7307252672080073
lodging,svr_rbf,5.071410865,3.3786012082311982
lodging,svr_rbf,2.352486133,4.176070989507378
lodging,svr_rbf,3.216436666,3.928218272730324
lodging,svr_rbf,4.899199554,3.9826064809738266
lodging,svr_rbf,4.658669506,3.9675813046869504
lodging,svr_rbf,3.590791647,3.970336980656146
lodging,svr_rbf,3.534490455,4.046624668968174
lodging,svr_rbf,3.895758578,4.48524513191173
lodging,svr_rbf,6.264105977,5.443079604940584
lodging,svr_rbf,4.898612672,5.24516085148244
lodging,svr_rbf,4.832225047,5.5396822667475165
lodging,svr_rbf,3.103622643,4.57750999636439
lodging,svr_rbf,5.850636111,5.54991657591517
lodging,svr_rbf,3.006257964,3.8395872522340717
lodging,svr_rbf,4.260302407,5.2168966844326
lodging,svr_rbf,5.526556033,4.428430433434443
lodging,svr_rbf,3.194702075,3.777011190262958
lodging,svr_rbf,5.683728864,4.516805623990395
lodging,svr_rbf,4.633772031,5.912423450054524
lodging,svr_rbf,4.245684852,3.9872937791042977
lodging,svr_rbf,5.475448767,5.869124249546532
lodging,svr_rbf,4.37683697,3.924352090825804
lodging,svr_rbf,2.696504545,4.3662312243275325
lodging,svr_rbf,4.02266556,4.5098697903879525
lodging,svr_rbf,5.111301742,5.316173076470323
lodging,svr_rbf,5.539852746,4.716832756170269
lodging,svr_rbf,6.872117552,6.211023076722342
lodging,svr_rbf,4.183703762,4.525985885927186
lodging,svr_rbf,5.181903053,5.416656330353144
lodging,svr_rbf,3.775652065,4.5697573495329395
lodging,svr_rbf,5.821299645,4.646098468980076
lodging,svr_rbf,4.327894254,4.288092209786116
lodging,svr_rbf,3.582551394,4.034240264047875
lodging,svr_rbf,4.351011006,4.8500134347446995
lodging,svr_rbf,4.872841609,6.417014264092057
lodging,svr_rbf,3.978956337,4.229759321410069
lodging,svr_rbf,3.620595705,3.7331203349021376
lodging,svr_rbf,4.329065778,4.1049819609996625
lodging,svr_rbf,4.806399323,4.754495755280551
lodging,svr_rbf,4.707846935,4.281673788872307
lodging,svr_rbf,3.498895966,3.0519311632201362
lodging,svr_rbf,5.523333581,4.522329644012675
lodging,svr_rbf,4.719864731,4.081201431848205
lodging,svr_rbf,5.361344724,4.628948122994787
lodging,svr_rbf,5.562203652,4.187362398044635
lodging,svr_rbf,4.915984247,3.640890715623739
lodging,svr_rbf,5.253851879,4.480055680776863
lodging,svr_rbf,5.059527271,4.167223965398007
lodging,svr_rbf,5.135112082,4.792186874696701
lodging,svr_rbf,5.512279283,4.76507877546738
lodging,svr_rbf,2.521316042,4.268945266814508
lodging,svr_rbf,5.124428232,5.498486980656404
lodging,svr_rbf,3.749274042,3.2307176172182306
lodging,svr_rbf,3.658866437,3.879273481435205
lodging,svr_rbf,3.919528269,3.5811832718217596
lodging,svr_rbf,3.926984468,4.346433165944605
lodging,svr_rbf,4.397955464,4.851943697523229
lodging,svr_rbf,1.652942521,2.225409274264281
lodging,svr_rbf,4.969980074,4.2818442310852065
lodging,svr_rbf,4.649858969,4.045997608641324
lodging,svr_rbf,3.790861055,4.947386432960994
lodging,svr_rbf,4.594024351,4.822072293569219
lodging,svr_rbf,4.990780311,4.3774399549136165
lodging,svr_rbf,4.620565627,5.567688453959733
lodging,svr_rbf,4.652114054,4.349065020006258
lodging,svr_rbf,4.321070989,3.419527079344939
lodging,svr_rbf,4.162164063,3.6521712455484563
lodging,svr_rbf,4.702770328,4.8043415135704155
lodging,svr_rbf,6.234887724,6.835727666332142
lodging,svr_rbf,4.538992816,4.061992210257356
lodging,svr_rbf,5.463588289,4.168991491965449
lodging,svr_rbf,4.69526536,4.510723481651271
lodging,svr_rbf,3.297521063,3.79080444976017
lodging,svr_rbf,2.929538509,2.344314034374187
lodging,svr_rbf,4.656969351,4.2516521642360265
lodging,svr_rbf,5.020231095,4.856810241658918
lodging,svr_rbf,5.114981399,3.943758047968352
lodging,svr_rbf,5.650842925,4.564490097522087
lodging,svr_rbf,3.061165849,3.3574872925211556
lodging,svr_rbf,3.816660847,2.89737545030573
lodging,svr_rbf,1.76315568,1.9947424445480535
lodging,svr_rbf,4.461376421,2.534508263229794
lodging,svr_rbf,3.897087598,3.7451453019350067
lodging,svr_rbf,4.227437727,4.320842551939705
lodging,svr_rbf,3.739869741,4.311088796037744
lodging,svr_rbf,3.05781295,1.9879117494743346
lodging,svr_rbf,2.123951455,2.2226901702830024
lodging,svr_rbf,4.668373287,3.990500343015879
lodging,svr_rbf,4.856869571,5.138686303806171
lodging,svr_rbf,2.846266292,2.6735746795613773
lodging,svr_rbf,4.712003608,5.01001720691299
lodging,svr_rbf,3.362131662,3.34823021642307
lodging,svr_rbf,7.622874823,5.899944412223935
lodging,svr_rbf,4.497894012,5.064772715191583
lodging,svr_rbf,4.399029059,4.828471668718932
lodging,svr_rbf,4.357475075,4.747399672968685
lodging,svr_rbf,4.084908202,4.5282568654853135
lodging,svr_rbf,2.931079574,4.561983290030208
lodging,svr_rbf,5.118345116,4.933729599698768
lodging,svr_rbf,5.227534284,4.2948288341544485
lodging,svr_rbf,4.760308786,4.398831579898582
lodging,svr_rbf,4.961383238,3.502892774679372
lodging,svr_rbf,2.987004774,2.5045496686511948
lodging,svr_rbf,3.94705695,4.7861776210961136
lodging,svr_rbf,4.084518834,4.779429912623909
lodging,svr_rbf,3.385490985,4.252634526164228
lodging,svr_rbf,3.332437308,3.5379417574842957
lodging,svr_rbf,4.092816532,4.507172728195238
lodging,svr_rbf,5.750686866,5.116278264782408
lodging,svr_rbf,4.046082841,2.851713470007023
lodging,svr_rbf,3.911884515,4.623253865314828
lodging,svr_rbf,3.032681467,3.1724912785436477
lodging,svr_rbf,1.842241512,2.018293298402873
lodging,svr_rbf,1.521855278,2.151443310546897
lodging,svr_rbf,1.852497718,2.648400511819543
lodging,svr_rbf,1.991830975,2.3547438842046393
lodging,svr_rbf,3.25416796,2.080078915925362
lodging,svr_rbf,5.861620171,4.7178457400890785
lodging,svr_rbf,3.973206476,4.074302574449993
lodging,svr_rbf,3.855542112,5.520398227597446
lodging,svr_rbf,4.415043957,4.518077348716481
lodging,svr_rbf,4.788720722,5.145480497549269
lodging,svr_rbf,5.27621314,3.6134551749914956
lodging,svr_rbf,3.12442764,4.002642534942105
lodging,svr_rbf,4.916196659,4.359923138198271
lodging,svr_rbf,4.174916025,3.6287460966223675
lodging,svr_rbf,3.018373684,2.572667052454011
lodging,svr_rbf,3.654144662,3.075894564322361
lodging,svr_rbf,4.788902379,3.85335532718533
lodging,svr_rbf,5.345048071,4.450544664664891
lodging,svr_rbf,3.797265608,3.5387585230993372
lodging,svr_rbf,4.226098546,3.4606528519550324
lodging,svr_rbf,4.726022542,4.638834309408447
lodging,svr_rbf,4.347589164,4.815312983380028
lodging,svr_rbf,4.388137225,4.063061730141135
lodging,svr_rbf,5.520380141,4.990705506501542
lodging,svr_rbf,5.151347886,3.4479908332368128
lodging,svr_rbf,6.547075227,5.128681120410856
lodging,svr_rbf,2.006057878,4.371015321444231
lodging,svr_rbf,4.467419511,4.493840439385738
lodging,svr_rbf,2.109106784,3.383723300323689
lodging,svr_rbf,4.432711994,5.015152284158965
lodging,svr_rbf,5.334823806,3.77270047588153
lodging,svr_rbf,4.351484117,3.620833621940318
lodging,svr_rbf,2.8356063,2.91166867657246
lodging,svr_rbf,4.656178745,3.7708760291214523
lodging,svr_rbf,2.226618446,3.038040890898726
lodging,svr_rbf,5.115806316,5.579744178028089
lodging,svr_rbf,4.717028951,4.790538611468226
lodging,svr_rbf,5.230518033,5.886420248942992
lodging,svr_rbf,4.4583204,4.372032091792171
lodging,svr_rbf,3.184280556,4.47039084526646
lodging,svr_rbf,4.02314869,3.4480699734355027
lodging,svr_rbf,5.469011821,3.8861343095220597
lodging,svr_rbf,4.292328015,5.687719438705262
lodging,svr_rbf,4.941436323,6.140452553227425
lodging,svr_rbf,4.656513771,4.408707994968214
lodging,svr_rbf,5.129638566,5.631807009847884
lodging,svr_rbf,4.364490175,5.329636186043941
lodging,svr_rbf,6.398037925,5.353490226287556
lodging,svr_rbf,5.898260402,5.038273502903796
lodging,svr_rbf,6.445446333,5.606758542730907
lodging,svr_rbf,4.485682849,4.154620809400208
lodging,svr_rbf,4.104672636,2.449584803575747
lodging,svr_rbf,4.343036868,3.32567485457961
lodging,svr_rbf,4.721548166,4.480894174042553
lodging,svr_rbf,2.721797518,3.1558736369414535
lodging,svr_rbf,3.927073481,3.4637035763879274
lodging,svr_rbf,3.897246117,3.6839730672626185
lodging,svr_rbf,1.959922517,3.5611806105106454
lodging,svr_rbf,1.345335356,1.7184260964878622
lodging,svr_rbf,2.483123379,3.470111694621598
lodging,svr_rbf,3.535152614,3.6940080945426255
lodging,svr_rbf,3.905811507,3.816305403592488
lodging,svr_rbf,4.792873996,4.530782381171777
lodging,svr_rbf,5.422952208,5.505614263902542
lodging,svr_rbf,5.858145806,4.728736662112681
lodging,svr_rbf,2.714066514,3.8647379152788077
lodging,svr_rbf,3.557785783,4.168704526450117
lodging,svr_rbf,4.239419192,4.888999498174021
lodging,svr_rbf,4.879896412,4.321548129986092
lodging,svr_rbf,2.199258873,2.9746884684190533
lodging,svr_rbf,4.310518118,4.437256023139721
lodging,svr_rbf,3.458677396,3.4722368310760237
lodging,svr_rbf,5.126184026,3.9240623743250387
lodging,svr_rbf,3.157951198,3.132149869859311
lodging,svr_rbf,2.495654859,3.6007222141531634
lodging,svr_rbf,3.17187251,2.888642006690966
lodging,svr_rbf,4.231189011,3.421598946627192
lodging,svr_rbf,2.839871118,2.923702215623611
lodging,svr_rbf,6.114884823,5.931509153613257
lodging,svr_rbf,4.519585972,5.162465593754389
lodging,svr_rbf,2.836531508,4.325212406951199
lodging,svr_rbf,4.280409351,3.263130178959183
lodging,svr_rbf,3.302575963,3.4890918719978203
lodging,svr_rbf,2.762068049,3.1574731092560944
lodging,svr_rbf,4.277552963,4.048359720252476
lodging,svr_rbf,4.740483969,4.225626124171353
lodging,svr_rbf,4.78344071,4.376794480245306
lodging,svr_rbf,3.3086576,3.7234009721383607
lodging,svr_rbf,4.420136557,3.6101028539141735
lodging,svr_rbf,4.228182347,3.324361561137854
lodging,svr_rbf,3.622257198,5.131994366466031
lodging,svr_rbf,3.800183974,4.598584852960786
lodging,svr_rbf,3.077478694,2.402423376314103
lodging,svr_rbf,3.80419515,4.104634529701482
lodging,svr_rbf,4.554386761,3.883275434842835
lodging,svr_rbf,2.944961573,2.6117014251812636
lodging,svr_rbf,2.766499021,3.0146976168093826
lodging,svr_rbf,4.423300721,4.062614041134387
lodging,svr_rbf,4.616495526,4.18655365506309
lodging,svr_rbf,5.078188354,4.376136526430036
lodging,svr_rbf,4.921836463,3.7163971586867675
lodging,svr_rbf,6.354450241,4.752140121041581
lodging,svr_rbf,4.164241775,4.311561357080778
lodging,svr_rbf,4.622479531,3.8229564124312514
lodging,svr_rbf,4.32803416,4.718678316095678
lodging,svr_rbf,4.888426596,4.380222048911088
lodging,svr_rbf,5.130013638,5.967299278756599
lodging,svr_rbf,4.912231624,4.397461770339556
lodging,svr_rbf,5.313829485,4.197374591917876
lodging,svr_rbf,2.910019696,4.392030002515834
lodging,svr_rbf,5.949283225,5.856082096945198
lodging,svr_rbf,6.213324731,5.543432588380029
lodging,svr_rbf,3.582525186,4.254591499495593
lodging,svr_rbf,5.718219152,4.708430576366144
lodging,svr_rbf,4.784482872,5.07278071237899
lodging,svr_rbf,3.20561382,3.3204125602995553
lodging,svr_rbf,2.157534855,3.0610647394766106
lodging,svr_rbf,4.569913543,4.342990944615407
lodging,svr_rbf,6.429281313,5.82097860942135
lodging,svr_rbf,2.272441004,3.055810982290023
lodging,svr_rbf,1.684594722,2.6513006941977295
lodging,svr_rbf,5.351767574,4.747961785895839
lodging,svr_rbf,3.461243287,4.407704674104076
lodging,svr_rbf,5.951598285,6.059714803325615
lodging,svr_rbf,4.775419338,5.029735896704388
lodging,svr_rbf,5.594345263,3.4869815370431203
lodging,svr_rbf,4.647939538,5.13240565799578
lodging,svr_rbf,4.384931256,5.06530985732881
lodging,svr_rbf,5.867212696,5.695252368360287
lodging,svr_rbf,6.433244562,4.704998435804329
lodging,svr_rbf,2.975325383,3.5444478993096267
lodging,svr_rbf,5.535560789,5.245691407789615
lodging,svr_rbf,5.374501518,4.966969801932649
lodging,svr_rbf,3.412517888,3.7999155055987845
lodging,svr_rbf,5.007931087,5.1107578091448
lodging,svr_rbf,2.824084032,2.8057061536963626
lodging,svr_rbf,5.461442303,5.342777035540402
lodging,svr_rbf,2.221533451,3.4348160019329486
lodging,svr_rbf,5.339080212,3.5199274747099127
lodging,svr_rbf,3.00941801,3.5069603610777733
lodging,svr_rbf,4.050293724,3.936629244590867
lodging,svr_rbf,4.828747404,3.5573941614365463
lodging,svr_rbf,3.471794706,4.956471263442534
lodging,svr_rbf,4.276882324,5.1939539771658865
lodging,svr_rbf,5.712272697,4.929812877525933
lodging,svr_rbf,2.75195233,3.222694661592878
lodging,svr_rbf,4.425545405,4.4807455008054236
lodging,svr_rbf,5.035453277,5.863964643190421
lodging,svr_rbf,5.833932351,5.8402920956332744
lodging,svr_rbf,5.796110096,5.4408747353112314
lodging,svr_rbf,4.947919417,4.568464295649741
lodging,svr_rbf,5.107548571,4.785876315019779
lodging,svr_rbf,3.61060408,3.9623737728305217
lodging,svr_rbf,3.019364291,3.0804892779630446
lodging,svr_rbf,6.251530686,5.107813542278692
lodging,svr_rbf,4.414177121,4.1162311010599835
lodging,svr_rbf,4.220568237,4.561059499722501
lodging,svr_rbf,4.262197652,4.602907901452699
lodging,svr_rbf,2.256176744,2.0294285930562808
lodging,svr_rbf,5.504238808,4.415574239851595
lodging,svr_rbf,5.349120378,5.230059292324541
lodging,svr_rbf,1.948802947,3.5095544347750653
lodging,svr_rbf,5.045576705,4.511693842332964
lodging,svr_rbf,4.45909478,5.317696769486715
lodging,svr_rbf,3.115109204,5.544896031866773
lodging,svr_rbf,3.2519328535,4.642971604897779
lodging,svr_rbf,4.586131284,4.405531570356085
lodging,svr_rbf,7.573818309,5.131734895738079
lodging,svr_rbf,4.784326574,4.911566166823258
lodging,svr_rbf,5.317745894,4.809297279537722
lodging,svr_rbf,4.944483525,4.625370547990083
lodging,svr_rbf,4.416832099,4.503873074432775
lodging,svr_rbf,4.566377849,4.885503999856906
lodging,svr_rbf,6.13393837,4.934679398010585
lodging,svr_rbf,4.161002275,4.391674116855966
lodging,svr_rbf,4.077029973,4.036934874329195
lodging,svr_rbf,2.911577251,3.9155226873880595
lodging,svr_rbf,5.047151684,5.532382676651755
lodging,svr_rbf,4.786826873,5.282908879975626
lodging,svr_rbf,6.139518626,4.732210527485379
lodging,svr_rbf,4.919173356,4.510569798681587
lodging,svr_rbf,4.476460842,4.583524728927988
lodging,svr_rbf,1.812338882,2.8992250016422076
lodging,svr_rbf,1.602527523,2.668755904789894
lodging,svr_rbf,6.467910165,5.599510549262449
lodging,svr_rbf,3.796933208,2.9127882507737475
lodging,svr_rbf,2.847636652,2.727681628461844
lodging,svr_rbf,2.801179323,3.514638166841239
lodging,svr_rbf,4.503331147,4.6834882425709585
lodging,svr_rbf,4.697404464,3.147704900872493
lodging,svr_rbf,3.452804531,3.6002867649282777
lodging,svr_rbf,4.473978076,3.48481172329019
lodging,svr_rbf,5.179140491,4.120087553445815
lodging,svr_rbf,4.023612906,4.025808015882879
lodging,svr_rbf,3.431845789,2.825496572722071
lodging,svr_rbf,5.740444128,6.01931172783003
lodging,svr_rbf,6.868828198,6.321923385430239
lodging,svr_rbf,5.104171755,4.863361234110002
lodging,svr_rbf,4.76863407,6.100202907225067
lodging,svr_rbf,6.751134334,6.1534808773518375
lodging,svr_rbf,5.439629806,5.861970697941017
lodging,svr_rbf,4.672937649,5.004777246688102
lodging,svr_rbf,6.787596732,6.2369539905734
lodging,svr_rbf,5.475898943,6.804903910369974
lodging,svr_rbf,7.265955874,6.2691397630266685
lodging,svr_rbf,4.872031548,4.9972823098244605
lodging,svr_rbf,3.382035541,3.9867237214736737
lodging,svr_rbf,4.525669767,4.444763800295233
lodging,svr_rbf,4.623861384,4.978550713131593
lodging,svr_rbf,6.223058511,4.509906994655287
lodging,svr_rbf,4.37548774,4.752598142096421
lodging,svr_rbf,4.499155652,5.580120121199327
lodging,svr_rbf,6.104600126,5.857014455895379
lodging,svr_rbf,5.053382437,4.846013822521238
lodging,svr_rbf,3.63390081,5.086877790361236
lodging,svr_rbf,6.115412217,5.389108457353643
lodging,svr_rbf,6.058013171,5.529895272475493
lodging,svr_rbf,6.000484175,5.433562066087009
lodging,svr_rbf,6.014842728,5.2133643512652466
lodging,svr_rbf,5.01647163,4.947102025669448
lodging,svr_rbf,3.953235103,4.381060044250213
lodging,svr_rbf,4.179331082,4.067269899493397
lodging,svr_rbf,4.392127321,5.875057194270913
lodging,svr_rbf,6.763826753,6.1293108499928355
lodging,svr_rbf,6.779607827,5.449392286693191
lodging,svr_rbf,6.703613377,5.439593083939171
lodging,svr_rbf,5.396830176,5.853930469137346
lodging,svr_rbf,5.868403779,4.83412240708324
lodging,svr_rbf,5.421888563,4.585434166955751
lodging,svr_rbf,3.411879072,5.609983316156522
lodging,svr_rbf,5.160703488,4.572798701976398
lodging,svr_rbf,4.366121199,4.26872356270643
lodging,svr_rbf,3.544802343,3.7096625280435065
lodging,svr_rbf,5.557012284,5.653010843830422
lodging,svr_rbf,1.680536011,2.2197722751235602
lodging,svr_rbf,1.778381997,2.4082800643346545
lodging,svr_rbf,5.68494121,5.392083999127183
lodging,svr_rbf,3.856466636,4.58857461461914
lodging,svr_rbf,3.117689596,4.3341699930284765
lodging,svr_rbf,5.119732307,4.884355485392985
lodging,svr_rbf,3.862444722,4.251223930229204
lodging,svr_rbf,3.301610727,3.691859471375616
lodging,svr_rbf,3.299030754,4.546426804579204
lodging,svr_rbf,4.638951363,4.960725001123127
lodging,svr_rbf,4.015279224,2.480220087781695
lodging,svr_rbf,4.576371766,4.2004482595651735
lodging,svr_rbf,4.371463961,4.141798795382286
lodging,svr_rbf,3.347167778,2.236870768785948
lodging,svr_rbf,3.853084511,4.582527801995547
lodging,svr_rbf,1.337708735,1.7635525331850328
lodging,svr_rbf,4.092336223,5.08931484713646
lodging,svr_rbf,4.584704065,4.169591257306
lodging,svr_rbf,4.641198522,4.487303747059325
lodging,svr_rbf,4.043323334,3.802787921466234
lodging,svr_rbf,4.364560795,3.7869784789849312
lodging,svr_rbf,0.893707226,3.4767737174434377
lodging,svr_rbf,3.875339844,4.06186328014476
lodging,svr_rbf,3.396556025,3.913199471142179
lodging,svr_rbf,4.28998733,3.583398612800897
lodging,svr_rbf,3.860008033,3.643960975241482
lodging,svr_rbf,7.067088669,5.5087295571432415
lodging,svr_rbf,4.740083449,4.171937090790039
lodging,svr_rbf,4.834950951,3.7866555673085447
lodging,svr_rbf,1.218162723,3.2066707204628946
lodging,svr_rbf,1.248560567,2.13906733969056
lodging,svr_rbf,4.320385706,4.256007424468123
lodging,svr_rbf,3.989236797,5.6925744428001055
lodging,svr_rbf,1.964620369,3.3291602367980433
lodging,svr_rbf,3.764629335,3.561625056608017
lodging,svr_rbf,4.772437166,4.108222957526625
lodging,svr_rbf,4.55920976,4.346546998740282
lodging,svr_rbf,4.829363796,4.229187575082639
lodging,svr_rbf,5.22506268,5.376273145912688
lodging,svr_rbf,5.505694965,5.079192097878958
lodging,svr_rbf,4.327852354,3.6840553936133613
lodging,svr_rbf,5.197882276,5.02323843425535
lodging,svr_rbf,1.632720397,1.7124499283835073
lodging,svr_rbf,1.54784709,1.8328337962172885
lodging,svr_rbf,5.004945045,3.8921690201200683
lodging,svr_rbf,5.146490773,4.651783823143028
lodging,svr_rbf,2.508978419,2.924962803437584
lodging,svr_rbf,3.584736855,4.394066983734253
lodging,svr_rbf,2.064772446,2.7752573766509023
lodging,svr_rbf,3.919152409,4.447589036453542
lodging,svr_rbf,4.657951759,5.493043363595868
lodging,svr_rbf,5.649148764,4.789340549564349
lodging,svr_rbf,3.841546978,4.047307667395213
lodging,svr_rbf,5.385630271,5.139435112309707
lodging,svr_rbf,5.039232182,5.116814950559813
lodging,svr_rbf,3.760815206,4.526401870438424
lodging,svr_rbf,5.346277948,4.88591000955234
lodging,svr_rbf,4.266503751,4.6974173732523195
lodging,svr_rbf,6.566555523,5.474546368925485
lodging,svr_rbf,4.531366111,4.182489930068161
lodging,svr_rbf,3.914885439,3.8053182069826894
lodging,svr_rbf,5.150057616,5.336100258848108
lodging,svr_rbf,1.801756288,1.7456849533650756
lodging,svr_rbf,2.432197243,2.5000140411073293
lodging,svr_rbf,1.99320788,2.729009629756124
lodging,svr_rbf,6.504567262,5.351805954666882
lodging,svr_rbf,2.301614905,2.631407080287992
lodging,svr_rbf,5.071310959,3.9942715383250067
lodging,svr_rbf,1.969593308,2.276586993344889
lodging,svr_rbf,5.476465658,2.976030096247376
lodging,svr_rbf,4.099072818,4.835889452026345
lodging,svr_rbf,3.89988251,4.938686811899825
lodging,svr_rbf,1.741193104,2.724623575723141
lodging,svr_rbf,2.559948281,2.6985189773153095
lodging,svr_rbf,4.479070022,4.801837120698257
lodging,svr_rbf,1.101869328,2.069036910985515
lodging,svr_rbf,1.809142825,2.4705935020559986
lodging,svr_rbf,2.325586512,2.655057093452821
lodging,svr_rbf,6.022132232,5.037982962021962
lodging,svr_rbf,2.403801113,2.001902964265403
lodging,svr_rbf,5.19670088,5.445593147304232
lodging,svr_rbf,3.304496575,4.753185914455751
lodging,svr_rbf,3.882299353,4.556875881667783
lodging,svr_rbf,4.321430004,5.28509072233582
lodging,svr_rbf,5.117319238,4.5747240369431115
lodging,svr_rbf,4.199238013,4.0721278464672785
lodging,svr_rbf,3.94259445,5.013862739062433
lodging,svr_rbf,6.144647904,5.711788377041559
lodging,svr_rbf,4.65571242,4.20464913405911
lodging,svr_rbf,3.019690362,2.3519388060428463
lodging,svr_rbf,4.672617719,4.799352199332837
lodging,svr_rbf,4.74200161,5.294202910164596
lodging,svr_rbf,4.906033452,5.105075148172095
lodging,svr_rbf,3.707176796,4.38339800745454
lodging,svr_rbf,4.104879749,4.348922787656806
lodging,svr_rbf,5.307473856,5.4275587485675345
lodging,svr_rbf,4.838346722,3.831586582345989
lodging,svr_rbf,6.991458199,4.677695877257326
lodging,svr_rbf,4.463347296,4.27907510099717
lodging,svr_rbf,4.298862098,3.7566796248021994
lodging,svr_rbf,6.975004619,4.401578563712644
lodging,svr_rbf,5.241783201,5.62669756135759
lodging,svr_rbf,4.88884554,4.55465704008992
lodging,svr_rbf,5.622153822,5.57853365315732
lodging,svr_rbf,6.112798407,5.382262136444835
lodging,svr_rbf,5.784897284,3.3344615854795725
lodging,svr_rbf,3.625195196,3.5024216316117
lodging,svr_rbf,2.394888765,3.6075138203609116
lodging,svr_rbf,3.660392061,3.879588666676705
lodging,svr_rbf,3.853187623,4.18540766049335
lodging,svr_rbf,4.167079841,4.805525051011149
lodging,svr_rbf,1.844759632,3.889582528309241
lodging,svr_rbf,3.641194674,4.138722302043291
lodging,svr_rbf,2.896456547,3.8876997502095842
lodging,svr_rbf,4.053443693,4.550789296715166
lodging,svr_rbf,5.453390512,3.7044341871594915
lodging,svr_rbf,3.839919072,3.3301157873991425
lodging,svr_rbf,5.075445612,4.278719343634006
lodging,svr_rbf,3.063298141,3.725529553933997
lodging,svr_rbf,4.939951446,4.892773581812505
lodging,svr_rbf,1.892332919,3.640910726056741
lodging,svr_rbf,3.493881131,3.81281457909638
lodging,svr_rbf,5.191209619,4.001151482004699
lodging,svr_rbf,4.379345952,4.107141273511772
lodging,svr_rbf,3.971284143,3.5907497521576284
lodging,svr_rbf,4.296070344,4.744831087363123
lodging,svr_rbf,2.213588334,1.878015352221106
lodging,svr_rbf,1.477866342,2.418264192392378
lodging,svr_rbf,3.291478704,4.411842860987798
lodging,svr_rbf,4.098301531,4.6736080400986975
lodging,svr_rbf,2.593418654,3.8098070563231583
lodging,svr_rbf,3.840692807,3.765969130721841
lodging,svr_rbf,2.559092228,4.795375864485437
lodging,svr_rbf,2.228494701,4.006863625827755
lodging,svr_rbf,6.122793352,3.7318211429127297
lodging,svr_rbf,3.897611651,4.310982120369031
lodging,svr_rbf,4.089283519,3.9435797884269146
lodging,svr_rbf,3.935390208,4.787303194328495
lodging,svr_rbf,5.471261277,4.41936358278502
lodging,svr_rbf,4.773921412,4.0959921949353655
lodging,svr_rbf,4.448736192,4.816265093150065
lodging,svr_rbf,4.480610067,3.512507578861172
lodging,svr_rbf,4.678029094,4.5498919163320855
lodging,svr_rbf,4.478901922,3.120438538997287
lodging,svr_rbf,2.979226226,2.7615145304627164
lodging,svr_rbf,3.145577394,2.9953931327585064
lodging,svr_rbf,3.287340025,2.9276196257725147
lodging,svr_rbf,2.896896744,3.810164394802494
lodging,svr_rbf,4.654163806,4.651122817203907
lodging,svr_rbf,2.13623792,4.738116404218556
lodging,svr_rbf,2.522362427,3.0703055663188037
lodging,svr_rbf,4.550783543,4.521700484146544
lodging,svr_rbf,3.508206028,4.293406639878508
lodging,svr_rbf,2.440079575,2.0224132281770695
lodging,svr_rbf,2.770383488,3.133074015507927
lodging,svr_rbf,6.145358316,4.406402367599046
lodging,svr_rbf,5.021682448,4.670971979450425
lodging,svr_rbf,5.658259837,4.281318160177093
lodging,svr_rbf,5.185553415,5.507171525530538
lodging,svr_rbf,3.851277592,3.6522025664021136
lodging,svr_rbf,3.425438489,4.326714548763945
lodging,svr_rbf,4.301141772,4.007541604735498
lodging,svr_rbf,5.2022527,3.6943915436737815
lodging,svr_rbf,4.491685657,3.918154500126331
lodging,svr_rbf,4.978795668,4.048234433882171
lodging,svr_rbf,3.655321858,3.2348443613313886
lodging,svr_rbf,4.201783085,3.397140891974462
lodging,svr_rbf,5.01590734,3.5540506047585634
lodging,svr_rbf,4.085441218,4.212514347550812
lodging,svr_rbf,3.335592615,3.4431931137190217
lodging,svr_rbf,4.677931074,4.049196344863022
lodging,svr_rbf,4.005514319,3.7265979325994305
lodging,svr_rbf,4.069880307,3.638691014684067
lodging,svr_rbf,1.93872088,3.085408630806362
lodging,svr_rbf,3.063977908,3.011379497964297
lodging,svr_rbf,6.184711275,5.5094781319477715
lodging,svr_rbf,5.238867392,5.484198040059594
lodging,svr_rbf,2.939160487,3.9491620679933916
lodging,svr_rbf,1.975639885,2.3215156639029657
lodging,svr_rbf,4.465176718,3.4335162579445173
lodging,svr_rbf,1.649528363,2.6254469628684856
lodging,svr_rbf,6.533970428,4.856151140281167
lodging,svr_rbf,1.626141594,2.7779481478467787
lodging,svr_rbf,3.23236706,3.9723154497401048
lodging,svr_rbf,3.635696551,3.69306375708498
lodging,svr_rbf,7.046709444,5.033712093240843
lodging,svr_rbf,3.2595745,4.042317103201069
lodging,svr_rbf,5.275306215,5.472687008158829
lodging,svr_rbf,4.770455151,5.594770716610933
lodging,svr_rbf,3.101062896,2.83835881982617
lodging,svr_rbf,5.448852153,3.549790072356166
lodging,svr_rbf,2.268932395,3.483717828581015
lodging,svr_rbf,3.292886999,4.0673344754034755
lodging,svr_rbf,2.589895923,2.921630855523965
lodging,svr_rbf,3.220548623,4.31115550050011
lodging,svr_rbf,3.693989962,4.642855785255799
lodging,svr_rbf,4.823767638,3.283126055298692
lodging,svr_rbf,7.120885983,5.509727994657421
lodging,svr_rbf,2.21593201,2.912038941160172
lodging,svr_rbf,4.15241155,3.9126285900722078
lodging,svr_rbf,2.228217887,2.895858094982353
lodging,svr_rbf,2.517946235,3.4314356976553793
lodging,svr_rbf,3.353558237,3.9183941233658595
lodging,svr_rbf,4.067579367,3.540001536929287
lodging,svr_rbf,2.555535004,2.5549354175752477
lodging,svr_rbf,4.043781643,2.668529471533249
lodging,svr_rbf,2.841172485,3.3782039177871335
lodging,svr_rbf,1.714144661,3.4387891187777937
lodging,svr_rbf,2.776561476,1.8472177884444259
lodging,svr_rbf,2.082461683,2.197628879979791
lodging,svr_rbf,2.166396948,2.200485558790565
lodging,svr_rbf,1.951992416,2.1703488854265274
lodging,svr_rbf,5.113659853,4.211502404420283
lodging,svr_rbf,2.338540393,4.518793070708034
lodging,svr_rbf,4.094321262,3.8624195751394614
lodging,svr_rbf,5.065734276,4.105603527910492
lodging,svr_rbf,3.970811604,4.1543283501278685
lodging,svr_rbf,2.764819695,3.7955260590969053
lodging,svr_rbf,3.25990035,3.3480777599790486
lodging,svr_rbf,2.10433678,3.8973804077144463
lodging,svr_rbf,3.934116573,4.432352514965072
lodging,svr_rbf,3.592001336,4.43635405527348
lodging,svr_rbf,2.937346268,4.279416611192738
lodging,svr_rbf,4.100097883,4.493066130438269
lodging,svr_rbf,3.179139799,3.7019577990402066
lodging,svr_rbf,4.922221525,3.698204619887209
lodging,svr_rbf,4.752816507,3.255820624104893
lodging,svr_rbf,1.699062358,2.5057065651612245
lodging,svr_rbf,3.710430428,3.7611907696514706
lodging,svr_rbf,5.206733713,4.4210242115643625
lodging,svr_rbf,4.740848426,4.699419373521774
lodging,svr_rbf,4.575616763,4.480019659096817
lodging,svr_rbf,4.658890847,3.9988124682498265
lodging,svr_rbf,3.370972835,3.664314092186104
lodging,svr_rbf,1.655833443,4.166272192308658
lodging,svr_rbf,4.071623016,3.5705565763701834
lodging,svr_rbf,2.850522506,2.2230197862382424
lodging,svr_rbf,4.904154521,3.541937387971117
lodging,svr_rbf,5.128696682,4.540706580186984
lodging,svr_rbf,2.714575671,3.7576339608838314
lodging,svr_rbf,6.619358192,4.819093450189183
lodging,svr_rbf,6.682052132,5.507854111627767
lodging,svr_rbf,3.424358949,3.749079085860174
lodging,svr_rbf,5.435596619,4.1873356268350745
lodging,svr_rbf,4.649489391,4.480434161199232
lodging,svr_rbf,3.78364287,4.409790576417336
lodging,svr_rbf,2.886957236,3.120379050868335
lodging,svr_rbf,3.013890058,3.839967948410152
lodging,svr_rbf,3.998086448,2.821102709574234
lodging,svr_rbf,3.281364759,4.618070100777708
lodging,svr_rbf,5.290636593,3.0510450242936313
lodging,svr_rbf,4.340169102,4.2127313436864355
lodging,svr_rbf,3.733036173,4.4503607911839405
lodging,svr_rbf,5.34012693,5.053757995802886
lodging,svr_rbf,4.838967055,3.3638858153168067
lodging,svr_rbf,4.433693233,4.7057356305817075
lodging,svr_rbf,2.50922651,2.8463185768072896
lodging,svr_rbf,2.95930357,2.1061353190876906
lodging,svr_rbf,4.029511883,3.4881114062113756
lodging,svr_rbf,2.908271205,4.212888160073839
lodging,svr_rbf,5.270220734,4.230979113620138
lodging,svr_rbf,3.674294241,3.9143040089132413
lodging,svr_rbf,2.527545919,5.314154512287613
lodging,svr_rbf,5.040342662,3.9136486862074773
lodging,svr_rbf,3.190825378,4.240848410084951
lodging,svr_rbf,4.964198949,4.5728064320657476
lodging,svr_rbf,6.010167046,4.389592420124648
lodging,svr_rbf,5.488039634,4.069075505300663
lodging,svr_rbf,4.81630653,4.055687618941682
lodging,svr_rbf,2.824581554,3.148881011142564
lodging,svr_rbf,4.604293052,3.231824048631117
lodging,svr_rbf,3.407849723,3.171193946855589
lodging,svr_rbf,3.832855444,4.220646501542716
lodging,svr_rbf,3.775659337,2.823656486283547
lodging,svr_rbf,5.041832854,4.448447374997207
lodging,svr_rbf,3.053894606,3.7411498197077417
lodging,svr_rbf,4.472557711,3.794977607416226
lodging,svr_rbf,5.367492761,4.6253505963958785
lodging,svr_rbf,5.377026626,4.217390607200128
lodging,svr_rbf,4.973949939,5.441722416071912
lodging,svr_rbf,3.391987873,4.973383412283198
lodging,svr_rbf,4.386450984,4.228408555342818
lodging,svr_rbf,4.59991347,5.990977027070189
lodging,svr_rbf,5.646128936,4.230586443524291
lodging,svr_rbf,4.745899951,4.857643126027766
lodging,svr_rbf,4.699786608,4.8911920774456314
lodging,svr_rbf,4.512807754,4.40013538744573
lodging,svr_rbf,3.279521909,4.616216786665664
lodging,svr_rbf,5.252116469,4.848828976401639
lodging,svr_rbf,4.415609183,4.859424328812465
lodging,svr_rbf,2.91278604,3.8157707368555163
lodging,svr_rbf,4.632283408,4.45684975070289
lodging,svr_rbf,4.568497404,4.812630405649475
lodging,svr_rbf,4.305513966,4.767168892159767
lodging,svr_rbf,4.990581624,3.673507631446102
lodging,svr_rbf,2.331689427,3.3801821331847974
lodging,svr_rbf,4.507277735,3.7614956150363246
lodging,svr_rbf,4.540685481,4.881869878108221
lodging,svr_rbf,3.026729048,2.984616157555924
lodging,svr_rbf,1.83496115,3.714347165342497
lodging,svr_rbf,3.58208097,4.229362501245275
lodging,svr_rbf,2.273316558,2.600517168615231
lodging,svr_rbf,3.106137155,3.7111464563306518
lodging,svr_rbf,4.643834597,5.073949375320292
lodging,svr_rbf,1.591202136,2.4777321124810427
lodging,svr_rbf,5.317955963,4.314404641659232
lodging,svr_rbf,2.698977413,2.5225294640127283
lodging,svr_rbf,2.462774602,3.3034278159077837
lodging,svr_rbf,5.111591289,3.752013083484356
lodging,svr_rbf,2.046054587,2.9078763797074734
lodging,svr_rbf,6.30724436,4.5962746531547936
lodging,svr_rbf,5.671323962,4.670446708457019
lodging,svr_rbf,5.437253231,4.105449497160762
lodging,svr_rbf,3.453043868,3.5276377720809755
lodging,svr_rbf,5.304788893,2.937362638722553
lodging,svr_rbf,2.179415141,1.7961654648073457
lodging,svr_rbf,5.375732395,3.971158199508358
lodging,svr_rbf,2.797350437,2.9697809344963866
lodging,svr_rbf,5.044807382,4.401857948652834
lodging,svr_rbf,3.876511978,5.010130220032824
lodging,svr_rbf,5.02322295,4.826493292448305
lodging,svr_rbf,4.940800869,4.685573007989236
lodging,svr_rbf,4.777156571,4.584951982893891
lodging,svr_rbf,5.477913353,5.146471155460961
lodging,svr_rbf,4.261307129,4.5691680289879715
lodging,svr_rbf,4.973536271,3.939251249953215
lodging,svr_rbf,3.114161643,4.0292570342928435
plant_height,svr_rbf,75.67769594,79.31179837779634
plant_height,svr_rbf,84.55449674,79.8065653111094
plant_height,svr_rbf,73.03060308,86.06157546328316
plant_height,svr_rbf,83.591326,83.22147189075902
plant_height,svr_rbf,84.01965112,81.10137596011621
plant_height,svr_rbf,80.04021115,82.90440429939109
plant_height,svr_rbf,81.69455686,80.89790295492821
plant_height,svr_rbf,81.5700258,83.45517483481414
plant_height,svr_rbf,77.22669886,79.3235686442165
plant_height,svr_rbf,82.92253771,99.73820888007177
plant_height,svr_rbf,80.77550615,86.60730992193717
plant_height,svr_rbf,84.37134405,84.19362131351727
plant_height,svr_rbf,84.27392326,79.75787960590982
plant_height,svr_rbf,82.73914471,90.80329783766655
plant_height,svr_rbf,81.77065709,84.18667510908907
plant_height,svr_rbf,82.87641502,79.73771822706135
plant_height,svr_rbf,83.7984174,83.19409879592808
plant_height,svr_rbf,84.68236134,83.26847340093282
plant_height,svr_rbf,86.95854211,83.23076165771857
plant_height,svr_rbf,73.64524526,79.32521117000577
plant_height,svr_rbf,83.18163398,83.77830964600253
plant_height,svr_rbf,81.79162537,83.36161731947578
plant_height,svr_rbf,84.19010671,82.7541918136215
plant_height,svr_rbf,91.23067919,87.53420696413667
plant_height,svr_rbf,79.58098299,83.37536173118343
plant_height,svr_rbf,86.53196357,79.61229593521837
plant_height,svr_rbf,87.60935176,89.29381567563121
plant_height,svr_rbf,85.26875092,78.67039022895013
plant_height,svr_rbf,84.79656269,82.24171152045437
plant_height,svr_rbf,81.65845898,82.76684493084831
plant_height,svr_rbf,79.19504919,82.0251518617223
plant_height,svr_rbf,77.22195544,78.54366643662851
plant_height,svr_rbf,78.80499912,78.4073867394407
plant_height,svr_rbf,90.69975005,81.79303785587507
plant_height,svr_rbf,78.58061471,80.75806080766526
plant_height,svr_rbf,78.4224302,79.47537907761506
plant_height,svr_rbf,83.05011296,82.23892542372718
plant_height,svr_rbf,80.60449466,81.94902918460241
plant_height,svr_rbf,85.87863387,80.84655316706487
plant_height,svr_rbf,82.10460558,80.91921467781901
plant_height,svr_rbf,84.47748544,90.34053202123114
plant_height,svr_rbf,80.99994393,82.47441679934795
plant_height,svr_rbf,76.9130623,79.57096904458345
plant_height,svr_rbf,84.99348103,78.52214524246456
plant_height,svr_rbf,80.1499059,81.9834417354259
plant_height,svr_rbf,79.43039047,82.78673053270305
plant_height,svr_rbf,75.25906779,81.67113669661326
plant_height,svr_rbf,81.7058996,80.8448040099628
plant_height,svr_rbf,84.66399821,83.51601413568888
plant_height,svr_rbf,72.08291102,87.0861094162722
plant_height,svr_rbf,80.49454892,82.70887242429134
plant_height,svr_rbf,78.0534873,82.63089345593644
plant_height,svr_rbf,83.14791631,80.1154494412415
plant_height,svr_rbf,80.71921434,82.84019198470277
plant_height,svr_rbf,82.02358175,82.76274667269712
plant_height,svr_rbf,80.71873988,83.64342135302957
plant_height,svr_rbf,81.01173788,78.22299165739564
plant_height,svr_rbf,82.57606969,81.23610062237347
plant_height,svr_rbf,84.54075078,91.61242927215106
plant_height,svr_rbf,80.25869303,79.83086249036714
plant_height,svr_rbf,79.02601328,79.14143333014158
plant_height,svr_rbf,73.52007095,79.1867419703336
plant_height,svr_rbf,81.13481848,84.6668088397873
plant_height,svr_rbf,89.05232152,86.86383579101646
plant_height,svr_rbf,73.74680528,81.1432515777913
plant_height,svr_rbf,76.46907607,79.62664701456978
plant_height,svr_rbf,84.27503345,82.95652887679906
plant_height,svr_rbf,85.42685187,82.24545172222086
plant_height,svr_rbf,88.13248437,82.19185374908453
plant_height,svr_rbf,75.6804869,80.88272705167878
plant_height,svr_rbf,80.57622999,81.97579410310519
plant_height,svr_rbf,88.48635068,86.59284551837085
plant_height,svr_rbf,79.09958284,80.52259163892361
plant_height,svr_rbf,73.75944618,84.49892462887229
plant_height,svr_rbf,78.63114062,80.19018600034349
plant_height,svr_rbf,79.27130673,80.82501665225865
plant_height,svr_rbf,80.26252419,84.4280026153998
plant_height,svr_rbf,78.81578703,89.2532638490857
plant_height,svr_rbf,79.29505914,82.11064041591129
plant_height,svr_rbf,77.28224185,82.94074330859354
plant_height,svr_rbf,86.97534513,81.28100888652259
plant_height,svr_rbf,75.45900069,80.64173408613607
plant_height,svr_rbf,76.79553268,85.19569197526421
plant_height,svr_rbf,80.8613035,81.26169167366794
plant_height,svr_rbf,79.13978463,78.95683701197925
plant_height,svr_rbf,82.51456253,84.0845413838439
plant_height,svr_rbf,75.31281983,78.71872134935394
plant_height,svr_rbf,82.02537275,86.35355079149106
plant_height,svr_rbf,82.76665597,83.76646690545465
plant_height,svr_rbf,80.29783312,80.43198740781247
plant_height,svr_rbf,80.48778323,84.17034715593417
plant_height,svr_rbf,84.46987751,82.03495282824633
plant_height,svr_rbf,80.59116622,80.26992388959059
plant_height,svr_rbf,78.49164353,84.65605090944699
plant_height,svr_rbf,84.0483785,83.38332508691276
plant_height,svr_rbf,83.2423667,80.90680854530044
plant_height,svr_rbf,85.2154447,83.52858583355153
plant_height,svr_rbf,79.46970653,81.42039764447128
plant_height,svr_rbf,81.25849712,79.16586880159215
plant_height,svr_rbf,88.49311104,87.76688528186455
plant_height,svr_rbf,84.24077708,82.01131656211415
plant_height,svr_rbf,76.46679904,82.75323373320273
plant_height,svr_rbf,79.80926236,81.21576058678781
plant_height,svr_rbf,86.17282795,81.46673782756051
plant_height,svr_rbf,73.67137912,84.1460613442753
plant_height,svr_rbf,85.95560233,82.6418151721866
plant_height,svr_rbf,87.69108092,81.70331831883844
plant_height,svr_rbf,76.92458344,82.91004291376288
plant_height,svr_rbf,79.91594751,78.7731478807642
plant_height,svr_rbf,79.78638915,79.03037400241415
plant_height,svr_rbf,80.5121691,82.21282734625403
plant_height,svr_rbf,84.34711009,79.0716458127449
plant_height,svr_rbf,85.18601784,83.05331688806484
plant_height,svr_rbf,80.19722132,78.89740671998224
plant_height,svr_rbf,85.48879873,78.53905729761429
plant_height,svr_rbf,80.56804861,82.33184690359747
plant_height,svr_rbf,86.38292335,82.66945350540689
plant_height,svr_rbf,80.54354941,82.61334460781526
plant_height,svr_rbf,82.31942524,90.16495643068839
plant_height,svr_rbf,76.66361372,82.03343489895394
plant_height,svr_rbf,84.10942349,83.94758837878756
plant_height,svr_rbf,82.40398891,80.58674017537328
plant_height,svr_rbf,77.45356743,79.2433780298668
plant_height,svr_rbf,79.20619546,82.90709434557017
plant_height,svr_rbf,82.62154378,86.1778621279689
plant_height,svr_rbf,90.64790242,83.73274379336956
plant_height,svr_rbf,81.66368003,81.2215768970816
plant_height,svr_rbf,82.4413102,84.79379082952349
plant_height,svr_rbf,104.791498,107.74296955722454
plant_height,svr_rbf,99.20515494,97.62214301006985
plant_height,svr_rbf,98.78307495,101.6780663194717
plant_height,svr_rbf,103.3252682,105.73841653082496
plant_height,svr_rbf,103.9044492,109.84497326155761
plant_height,svr_rbf,116.3946672,106.98003745650179
plant_height,svr_rbf,112.5064244,109.88946537116092
plant_height,svr_rbf,102.1124159,98.64870298261934
plant_height,svr_rbf,102.1741851,106.36415382300272
plant_height,svr_rbf,94.03272203,99.08162656964409
plant_height,svr_rbf,104.246231,106.30032942455425
plant_height,svr_rbf,106.7733509,106.7421310888977
plant_height,svr_rbf,94.32760749,97.91699438829812
plant_height,svr_rbf,104.7526378,110.64326627594738
plant_height,svr_rbf,102.0692666,114.44577267278441
plant_height,svr_rbf,105.0106756,108.72683890801969
plant_height,svr_rbf,110.0003506,105.23825718737167
plant_height,svr_rbf,96.99404335,99.37345041915493
plant_height,svr_rbf,96.09480052,103.17675215860046
plant_height,svr_rbf,99.5696815,105.24512145204687
plant_height,svr_rbf,101.7519867,98.97163300146077
plant_height,svr_rbf,109.024991,96.73300601263227
plant_height,svr_rbf,103.980509,106.42482264192377
plant_height,svr_rbf,104.6206106,103.18442968159106
plant_height,svr_rbf,94.24850069,97.96212701661503
plant_height,svr_rbf,104.4195437,96.55126014802173
plant_height,svr_rbf,104.0304646,105.11541603402378
plant_height,svr_rbf,97.59420792,97.07968895971985
plant_height,svr_rbf,96.81429649,98.10446435306054
plant_height,svr_rbf,99.11287444,98.1501316590186
plant_height,svr_rbf,96.32051368,99.12702692945493
plant_height,svr_rbf,108.3237741,114.436402796002
plant_height,svr_rbf,96.61128006,98.2083304212027
plant_height,svr_rbf,94.70584238,106.61853801016747
plant_height,svr_rbf,104.2868666,107.81728088435923
plant_height,svr_rbf,103.8891834,103.44316693283184
plant_height,svr_rbf,96.55054534,98.72241152955158
plant_height,svr_rbf,108.4903826,104.9096731758163
plant_height,svr_rbf,101.4465517,97.5167224194437
plant_height,svr_rbf,98.30788836,98.59350489186424
plant_height,svr_rbf,105.2792598,104.308949581314
plant_height,svr_rbf,90.83806671,81.44147441765712
plant_height,svr_rbf,103.5988195,98.50710364639095
plant_height,svr_rbf,110.3599232,107.3952844755072
plant_height,svr_rbf,109.3947486,106.94773548753484
plant_height,svr_rbf,96.90966801,98.47162730237343
plant_height,svr_rbf,103.6874679,95.95622636583201
plant_height,svr_rbf,106.7925269,106.48697915092077
plant_height,svr_rbf,98.05793894,105.39510658344801
plant_height,svr_rbf,99.5416485,105.4317978953064
plant_height,svr_rbf,100.0177059,106.40865635442044
plant_height,svr_rbf,97.23551854,103.22698245939884
plant_height,svr_rbf,92.75667519,96.84653157463406
plant_height,svr_rbf,98.8143873,106.35961213554745
plant_height,svr_rbf,96.53566874,100.3938355596209
plant_height,svr_rbf,101.970682,108.17735425074335
plant_height,svr_rbf,109.7277137,93.19359888449763
plant_height,svr_rbf,106.4612861,106.33227150931519
plant_height,svr_rbf,104.146509,98.91849832583131
plant_height,svr_rbf,97.19875513,99.31850283221405
plant_height,svr_rbf,114.170941,107.50355960753836
plant_height,svr_rbf,103.8896708,106.38679378516508
plant_height,svr_rbf,100.5953734,107.95892105430441
plant_height,svr_rbf,106.7774917,99.17149355273557
plant_height,svr_rbf,91.14937633,96.54235696976853
plant_height,svr_rbf,104.4515707,108.58496727430017
plant_height,svr_rbf,101.752935,97.77823929832445
plant_height,svr_rbf,100.8114874,98.69622343240945
plant_height,svr_rbf,116.8216544,107.2187867299521
plant_height,svr_rbf,105.3134495,105.40889010099315
plant_height,svr_rbf,109.4322557,107.32955491693411
plant_height,svr_rbf,100.299066,96.87061791979367
plant_height,svr_rbf,98.60864638,101.59087715754177
plant_height,svr_rbf,100.928808,105.12853470400177
plant_height,svr_rbf,108.3167101,106.72792839279177
plant_height,svr_rbf,102.8735597,104.13442609317084
plant_height,svr_rbf,103.1319352,105.97146232784269
plant_height,svr_rbf,111.5330853,106.8816658007928
plant_height,svr_rbf,97.75735645,97.84783512456109
plant_height,svr_rbf,110.0622273,107.86721284476442
plant_height,svr_rbf,112.7413188,110.36709275134177
plant_height,svr_rbf,110.9119601,108.35557940116419
plant_height,svr_rbf,95.20452448,108.81772330239282
plant_height,svr_rbf,104.330075,106.77890566218909
plant_height,svr_rbf,105.5206968,109.0630796301234
plant_height,svr_rbf,108.7834547,106.38270122322373
plant_height,svr_rbf,109.3727733,110.89635171627165
plant_height,svr_rbf,105.9322173,100.77399387441925
plant_height,svr_rbf,108.9360538,109.11976784245735
plant_height,svr_rbf,103.7742883,98.13606929003545
plant_height,svr_rbf,98.74725919,98.35441480819263
plant_height,svr_rbf,104.7375295,110.48827231547386
plant_height,svr_rbf,103.6692247,96.23916573457349
plant_height,svr_rbf,110.5487373,109.37959213420288
plant_height,svr_rbf,105.1393866,107.9404638832697
plant_height,svr_rbf,106.667641,107.14765539165172
plant_height,svr_rbf,106.501074,109.55443850137067
plant_height,svr_rbf,104.9363333,112.13510173248699
plant_height,svr_rbf,100.1005164,98.64366881338532
plant_height,svr_rbf,101.235131,98.17380063202292
plant_height,svr_rbf,107.4743003,99.89754651457974
plant_height,svr_rbf,110.2426237,109.13390547314978
plant_height,svr_rbf,108.9027117,107.76262560753145
plant_height,svr_rbf,120.4452243,108.12493541937678
plant_height,svr_rbf,107.6675622,106.69992918628962
plant_height,svr_rbf,113.7609905,108.23329958024952
plant_height,svr_rbf,111.1100484,107.81538042516664
plant_height,svr_rbf,108.5208902,108.62763204591515
plant_height,svr_rbf,104.0465541,97.42760137988611
plant_height,svr_rbf,95.90703063,99.35761070223681
plant_height,svr_rbf,94.39482296,98.55838973602495
plant_height,svr_rbf,80.77938497,83.21013920816175
plant_height,svr_rbf,106.0164131,110.35347104106256
plant_height,svr_rbf,97.57521687,99.23747617303853
plant_height,svr_rbf,101.1178121,110.66875964423147
plant_height,svr_rbf,105.8691642,106.89709279884278
plant_height,svr_rbf,95.1190889,97.13147386119624
plant_height,svr_rbf,102.9203889,107.18529674822034
plant_height,svr_rbf,108.0935143,104.38456549842873
plant_height,svr_rbf,103.1544626,98.8221749012766
plant_height,svr_rbf,116.8681285,105.02731614630679
plant_height,svr_rbf,108.4804085,102.65376611057785
plant_height,svr_rbf,110.8602885,97.49535349150086
plant_height,svr_rbf,85.68837231,83.12304099260159
plant_height,svr_rbf,100.1621169,99.0030729926451
plant_height,svr_rbf,98.03175529,104.48010465616855
plant_height,svr_rbf,111.7053923,108.93020729558219
plant_height,svr_rbf,106.5930212,107.59700779567586
plant_height,svr_rbf,99.21238619,99.46153245164253
plant_height,svr_rbf,102.7849337,99.58813086860252
plant_height,svr_rbf,109.5134214,108.72325513435948
plant_height,svr_rbf,89.78788889,99.12531055460524
plant_height,svr_rbf,99.12037382,99.60386959507497
plant_height,svr_rbf,100.2821818,104.89869198183042
plant_height,svr_rbf,94.03898944,97.12781250533726
plant_height,svr_rbf,109.1602251,107.95498651741005
plant_height,svr_rbf,73.73313728,80.02116329306538
plant_height,svr_rbf,113.298086,106.75045786132102
plant_height,svr_rbf,112.889645,107.28492713737907
plant_height,svr_rbf,101.4950246,97.25018757284255
plant_height,svr_rbf,105.1080631,106.54457308538402
plant_height,svr_rbf,104.6973589,106.20577070299564
plant_height,svr_rbf,96.27874363,97.61110128039499
plant_height,svr_rbf,111.0084496,104.74838087818918
plant_height,svr_rbf,107.0314671,108.51487318820796
plant_height,svr_rbf,98.16360098,100.28554134025376
plant_height,svr_rbf,118.9339867,107.75894741087134
plant_height,svr_rbf,111.3384583,107.02623531831155
plant_height,svr_rbf,105.7811473,107.65960932371543
plant_height,svr_rbf,100.3572381,93.58385775744237
plant_height,svr_rbf,99.38865715,99.24013410625463
plant_height,svr_rbf,103.8241276,108.66535188581035
plant_height,svr_rbf,99.66216213,100.04136797885256
plant_height,svr_rbf,98.92377445,97.76924045505966
plant_height,svr_rbf,109.4109648,106.7287307053528
plant_height,svr_rbf,102.8439996,105.29235344171565
plant_height,svr_rbf,109.1208799,108.53865095981061
plant_height,svr_rbf,94.9364603,100.05920265775966
plant_height,svr_rbf,93.92980373,106.74085207256859
plant_height,svr_rbf,108.5189343,107.64899965428262
plant_height,svr_rbf,96.66033913,98.22771704638473
plant_height,svr_rbf,100.0459788,98.39288409188214
plant_height,svr_rbf,101.7688817,97.7058355086352
plant_height,svr_rbf,105.801013,107.59676629105104
plant_height,svr_rbf,98.04811998,106.01267621471717
plant_height,svr_rbf,105.5450639,104.7169163865617
plant_height,svr_rbf,104.3853684,100.3657192534958
plant_height,svr_rbf,99.00841826,99.85216021016872
plant_height,svr_rbf,102.0987762,101.57717451670145
plant_height,svr_rbf,107.6273416,104.82556931742107
plant_height,svr_rbf,83.86573033,90.03783791469048
plant_height,svr_rbf,82.36976729,89.2954282712562
plant_height,svr_rbf,83.00407693,83.64251343103321
plant_height,svr_rbf,79.61730782,84.61015547404864
plant_height,svr_rbf,83.07234736,82.54238269529318
plant_height,svr_rbf,99.9663455,104.26819155312039
plant_height,svr_rbf,110.325811,100.9470216391248
plant_height,svr_rbf,85.62237777,91.13606769554572
plant_height,svr_rbf,74.22363819,89.47236532666848
plant_height,svr_rbf,89.78247485,94.58509508613267
plant_height,svr_rbf,88.15031468,92.00925510001414
plant_height,svr_rbf,107.8062342,107.14254313195937
plant_height,svr_rbf,93.69927225,92.90611272116124
plant_height,svr_rbf,72.03673557,82.65609418987384
plant_height,svr_rbf,92.68431785,90.04432089933906
plant_height,svr_rbf,81.77488455,92.88729053657795
plant_height,svr_rbf,84.4806443,95.10930099062298
plant_height,svr_rbf,95.21317445,100.07292062860543
plant_height,svr_rbf,93.26990043,95.13919558495556
plant_height,svr_rbf,102.0967015,100.11815913245673
plant_height,svr_rbf,92.46136525,86.16556073361832
plant_height,svr_rbf,82.74160158,87.44942976873901
plant_height,svr_rbf,92.84373657,98.74804983216053
plant_height,svr_rbf,109.0753435,104.37430653976625
plant_height,svr_rbf,108.1507133,97.41074841737141
plant_height,svr_rbf,110.0759924,100.66541945921666
plant_height,svr_rbf,98.06478855,101.26426504795583
plant_height,svr_rbf,107.1791835,108.88429374721522
plant_height,svr_rbf,89.93535703,94.23404060564265
plant_height,svr_rbf,96.27733681,93.88990542946786
plant_height,svr_rbf,92.58562559,102.1132910706654
plant_height,svr_rbf,103.6429528,107.55870461260271
plant_height,svr_rbf,101.931634,106.682996843332
plant_height,svr_rbf,79.45165828,100.86318014916472
plant_height,svr_rbf,89.33985941,89.68157547047483
plant_height,svr_rbf,91.21761717,107.38885821420652
plant_height,svr_rbf,87.92114871,99.71550751791384
plant_height,svr_rbf,88.68702545,92.44365424786821
plant_height,svr_rbf,92.18943817,88.94627156518908
plant_height,svr_rbf,81.57909749,92.43603628427246
plant_height,svr_rbf,91.20890632,99.87069954942055
plant_height,svr_rbf,99.73852339,109.99265810671763
plant_height,svr_rbf,81.05885781,97.35535404831728
plant_height,svr_rbf,84.98866213,91.11019810738662
plant_height,svr_rbf,97.79142946,96.37296976889374
plant_height,svr_rbf,71.40652934,84.18129491545926
plant_height,svr_rbf,93.18502842,95.70729325708889
plant_height,svr_rbf,102.7504563,103.99060367183587
plant_height,svr_rbf,96.67936805,102.64502631191334
plant_height,svr_rbf,99.92336829,104.61290903462422
plant_height,svr_rbf,91.56739166,88.0037972939055
plant_height,svr_rbf,93.83657478,89.77666034847809
plant_height,svr_rbf,83.5764621,90.75901570074534
plant_height,svr_rbf,90.61648175,100.82242476426096
plant_height,svr_rbf,91.14447172,94.40220389718222
plant_height,svr_rbf,89.59623822,92.78159417856698
plant_height,svr_rbf,88.74276627,91.119737756489
plant_height,svr_rbf,93.21460078,113.93610006990117
plant_height,svr_rbf,95.80578738,106.10778380409583
plant_height,svr_rbf,96.08150115,112.57173755849774
plant_height,svr_rbf,90.83744163,99.0104016975961
plant_height,svr_rbf,95.63735365,90.35713234907901
plant_height,svr_rbf,98.08150426,101.75664848029471
plant_height,svr_rbf,81.61785554,90.66808695631563
plant_height,svr_rbf,66.3101114,100.43600848433994
plant_height,svr_rbf,102.6807941,113.9532713921631
plant_height,svr_rbf,94.26519986,107.9218957723786
plant_height,svr_rbf,73.16132585,87.54524853748092
plant_height,svr_rbf,97.20543927,95.9467019703445
plant_height,svr_rbf,88.86433788,85.11466944933719
plant_height,svr_rbf,96.2041398,85.12848179522216
plant_height,svr_rbf,93.54042754,95.26740817867356
plant_height,svr_rbf,94.11657605,106.7135174054056
plant_height,svr_rbf,88.50475551,102.32286626106205
plant_height,svr_rbf,88.35105943,90.83867074222292
plant_height,svr_rbf,93.12664668,106.92378136990007
plant_height,svr_rbf,85.85433889,96.48057245701405
plant_height,svr_rbf,108.1045859,114.21117980840984
plant_height,svr_rbf,86.15823439,92.14400612762893
plant_height,svr_rbf,85.77189621,92.46848833234299
plant_height,svr_rbf,74.2605139,86.91890022279212
plant_height,svr_rbf,88.27665912,83.90028430913578
plant_height,svr_rbf,84.19708766,79.87687029911362
plant_height,svr_rbf,86.61799263,81.52249285027332
plant_height,svr_rbf,89.61881575,93.16659800501675
plant_height,svr_rbf,99.8265961,91.61053194889179
plant_height,svr_rbf,82.16621302,88.71985610848735
plant_height,svr_rbf,91.82146772,93.9308035995644
plant_height,svr_rbf,88.02095063,108.07421754319199
plant_height,svr_rbf,102.2708998,95.68854589478708
plant_height,svr_rbf,116.6076322,94.2701775693106
plant_height,svr_rbf,111.6093318,114.55112236465231
plant_height,svr_rbf,80.96116487,97.11682949916161
plant_height,svr_rbf,94.95110589,89.06446048764015
plant_height,svr_rbf,83.28304574,96.3439274877496
plant_height,svr_rbf,89.89586377,89.26705522952
plant_height,svr_rbf,93.68048662,95.0108145063412
plant_height,svr_rbf,104.7569813,110.724347003713
plant_height,svr_rbf,93.07734934,96.47361805227686
plant_height,svr_rbf,91.0950076,91.10690974487605
plant_height,svr_rbf,90.12732613,84.14286711721759
plant_height,svr_rbf,98.22980571,97.26200146139348
plant_height,svr_rbf,97.78471971,94.21939860740211
plant_height,svr_rbf,107.5955002,105.6684148119313
plant_height,svr_rbf,108.0754297,101.36633268096645
plant_height,svr_rbf,104.4255443,102.4915767221531
plant_height,svr_rbf,90.51806291,98.02017225939977
plant_height,svr_rbf,83.65178452,92.41565469569065
plant_height,svr_rbf,87.05285265,84.99788965576988
plant_height,svr_rbf,104.3698783,96.48962430604348
plant_height,svr_rbf,85.45195539,89.10822152352992
plant_height,svr_rbf,96.96682828,104.3606790963236
plant_height,svr_rbf,97.34539586,94.81969108931857
plant_height,svr_rbf,83.58577129,82.29404735178812
plant_height,svr_rbf,98.54539476,96.4854078538929
plant_height,svr_rbf,79.51210903,90.69570352478364
plant_height,svr_rbf,105.7817781,106.63384160273438
plant_height,svr_rbf,90.26525573,87.6586592936147
plant_height,svr_rbf,92.99528625,97.4769819241429
plant_height,svr_rbf,109.6810866,112.27699670586534
plant_height,svr_rbf,90.03838849,82.01807117995908
plant_height,svr_rbf,89.87602392,93.47395124422192
plant_height,svr_rbf,105.1500541,97.27938821959616
plant_height,svr_rbf,108.8844434,92.73728233502833
plant_height,svr_rbf,90.3855594,92.67238217896718
plant_height,svr_rbf,93.93749025,93.9503878778055
plant_height,svr_rbf,100.975592,98.09299642752154
plant_height,svr_rbf,110.2157095,99.199484398223
plant_height,svr_rbf,99.62432681,93.17055485157259
plant_height,svr_rbf,104.3883324,98.37013366194591
plant_height,svr_rbf,92.83016437,92.09393842443365
plant_height,svr_rbf,92.9545496,98.25752176681156
plant_height,svr_rbf,79.76125308,93.44579006569144
plant_height,svr_rbf,92.90133233,96.68469444045718
plant_height,svr_rbf,88.44499286,92.70231527787259
plant_height,svr_rbf,79.50375766,86.53843706812202
plant_height,svr_rbf,82.95021912,85.1249880754316
plant_height,svr_rbf,107.0200314,104.13281119177793
plant_height,svr_rbf,104.3274562,107.44177174512961
plant_height,svr_rbf,103.5610738,104.6706797239997
plant_height,svr_rbf,90.55282543,100.66054343912606
plant_height,svr_rbf,97.45717879,119.45526387999642
plant_height,svr_rbf,95.01354398,94.43900792206395
plant_height,svr_rbf,99.33351585,102.28976003687274
plant_height,svr_rbf,107.9939957,102.60487592797367
plant_height,svr_rbf,107.6610272,107.2797274839883
plant_height,svr_rbf,99.70262913,96.77401819447084
plant_height,svr_rbf,90.14015096,94.43812521464906
plant_height,svr_rbf,92.35472025,94.93302346069657
plant_height,svr_rbf,90.53223812,93.4206485794625
plant_height,svr_rbf,92.25907558,96.49231486835738
plant_height,svr_rbf,89.99475165,91.47762617521064
plant_height,svr_rbf,101.2149781,103.0898276740801
plant_height,svr_rbf,88.41866461,90.45626174666602
plant_height,svr_rbf,101.4455263,87.16695990695247
plant_height,svr_rbf,103.2295644,98.62723490910173
plant_height,svr_rbf,82.49330603,95.05768980083653
plant_height,svr_rbf,86.98784999,91.96015094915515
plant_height,svr_rbf,97.91399361,111.87592391342778
plant_height,svr_rbf,90.85053973,103.30114959152468
plant_height,svr_rbf,97.86645237,101.85578050277209
plant_height,svr_rbf,92.06027526,97.53695806622146
plant_height,svr_rbf,86.87349,95.24616736789463
plant_height,svr_rbf,80.01782359,89.68520113656277
plant_height,svr_rbf,94.78277458,101.86989184468992
plant_height,svr_rbf,91.63196399,86.89812322410023
plant_height,svr_rbf,98.27207117,94.82778984932713
plant_height,svr_rbf,93.9112139,93.74919932956902
plant_height,svr_rbf,101.8603085,109.73556935829066
plant_height,svr_rbf,100.3548018,107.42789207846809
plant_height,svr_rbf,102.3658083,102.05226716165822
plant_height,svr_rbf,105.7532843,103.3569024782784
plant_height,svr_rbf,80.9252771,82.63174206951965
plant_height,svr_rbf,83.24132617,103.57866977349617
plant_height,svr_rbf,99.30898653,106.69874027038037
plant_height,svr_rbf,106.986275,100.92579336023891
plant_height,svr_rbf,99.85758039,121.34097591933124
plant_height,svr_rbf,94.11243585,102.84907244274712
plant_height,svr_rbf,86.16494672,85.89482537285026
plant_height,svr_rbf,94.5381267,116.47675571626104
plant_height,svr_rbf,90.87429799,93.78936042092363
plant_height,svr_rbf,94.17872961,109.54733451466328
plant_height,svr_rbf,97.49081831,107.28415568344016
plant_height,svr_rbf,87.52455273,92.39694360035733
plant_height,svr_rbf,101.5743995,107.98050295352083
plant_height,svr_rbf,81.07266711,103.30411675607519
plant_height,svr_rbf,94.88799048,92.79558646309796
plant_height,svr_rbf,95.3048723,94.20086869183588
plant_height,svr_rbf,102.2000116,98.03120491483698
plant_height,svr_rbf,80.28901523,81.9049698506269
plant_height,svr_rbf,92.65211123,88.9765537819369
plant_height,svr_rbf,100.6380351,100.29130208303354
plant_height,svr_rbf,93.09491006,107.23885647047024
plant_height,svr_rbf,101.2780417,111.39884814931725
plant_height,svr_rbf,72.93520903,92.60034761550892
plant_height,svr_rbf,87.40570658,86.88047866572741
plant_height,svr_rbf,91.63098253,91.48526237814391
plant_height,svr_rbf,112.8696856,109.56203404431317
plant_height,svr_rbf,101.5124057,104.28547876237374
plant_height,svr_rbf,102.8302531,97.02289173327382
plant_height,svr_rbf,90.40487933,95.73393688216478
plant_height,svr_rbf,82.66104785,82.53092500847703
plant_height,svr_rbf,80.8029244,81.64006712287423
plant_height,svr_rbf,112.4304997,103.9473477442341
plant_height,svr_rbf,100.8328358,98.96313622798726
plant_height,svr_rbf,102.4329582,103.21508041544845
plant_height,svr_rbf,108.3203668,102.27675183151037
plant_height,svr_rbf,78.36013371,85.76702376288647
plant_height,svr_rbf,106.2872517,95.49986225784414
plant_height,svr_rbf,110.8625699,111.12502618565776
plant_height,svr_rbf,107.2225892,104.08500107696688
plant_height,svr_rbf,86.80831265,112.51052596882361
plant_height,svr_rbf,87.19512563,88.69239623908395
plant_height,svr_rbf,91.48452389,99.3011987639654
plant_height,svr_rbf,91.66918297,98.87782943473073
plant_height,svr_rbf,101.2045466,95.75059725708776
plant_height,svr_rbf,83.7734547,92.25140539476726
plant_height,svr_rbf,82.11459949,96.2614264770687
plant_height,svr_rbf,101.8103868,108.04572946951492
plant_height,svr_rbf,82.13611393,102.44501329220422
plant_height,svr_rbf,98.20337607,91.31361218343694
plant_height,svr_rbf,96.89248171,102.04554036439524
plant_height,svr_rbf,109.6950841,107.74065052182665
plant_height,svr_rbf,86.51905437,91.68608123306075
plant_height,svr_rbf,84.44738245,102.02721174497422
plant_height,svr_rbf,94.59613288,90.47103777972796
plant_height,svr_rbf,104.6365623,107.33171107991768
plant_height,svr_rbf,98.53764568,93.72062794033458
plant_height,svr_rbf,102.287211,92.84921706163955
plant_height,svr_rbf,85.88911154,93.66640941800247
plant_height,svr_rbf,110.5770655,103.00520225028635
plant_height,svr_rbf,85.00402025,90.12793551638005
plant_height,svr_rbf,94.12568464,101.11552735869049
plant_height,svr_rbf,85.6865942,88.64437640261445
plant_height,svr_rbf,101.2763783,94.67174069405388
plant_height,svr_rbf,100.9214867,96.82259909516017
plant_height,svr_rbf,98.96481792,93.27052003359762
plant_height,svr_rbf,76.44910994,82.76832982212701
plant_height,svr_rbf,96.74038545,105.17915151045025
plant_height,svr_rbf,91.76990655,97.30648515125174
plant_height,svr_rbf,96.15003032,87.66809416465284
plant_height,svr_rbf,106.7884072,92.78325121939217
plant_height,svr_rbf,86.9773999,99.36763342528864
plant_height,svr_rbf,88.44902954,87.41194126706972
plant_height,svr_rbf,94.71098097,91.31302855823633
plant_height,svr_rbf,90.57164215,107.20971196658762
plant_height,svr_rbf,110.7999823,103.27182331882882
plant_height,svr_rbf,85.77532328,89.79403876801948
plant_height,svr_rbf,95.00876793,94.04123083789452
plant_height,svr_rbf,103.6494551,107.26229799170834
plant_height,svr_rbf,93.95843198,96.50903415296833
plant_height,svr_rbf,89.80174646,87.7956260511065
plant_height,svr_rbf,79.05109541,85.5182864694863
plant_height,svr_rbf,81.70231687,90.44839708291096
plant_height,svr_rbf,85.62724103,91.09067610489763
plant_height,svr_rbf,75.96277283,86.67765363474514
plant_height,svr_rbf,93.68379802,87.46494299296086
plant_height,svr_rbf,90.84451163,94.59322070437392
plant_height,svr_rbf,78.45068352,96.49552564886432
plant_height,svr_rbf,115.9595296,120.72782680786302
plant_height,svr_rbf,112.8265909,93.72348087280474
plant_height,svr_rbf,95.09269706,100.90918616831391
plant_height,svr_rbf,91.51174405,92.62226584605604
plant_height,svr_rbf,76.46784831,83.07613902814262
plant_height,svr_rbf,108.9166387,107.65945096686431
plant_height,svr_rbf,92.39500219,93.34769413325357
plant_height,svr_rbf,103.0688764,95.0007344709015
plant_height,svr_rbf,89.37668701,118.49417485176357
plant_height,svr_rbf,95.98489621,95.55022503495287
plant_height,svr_rbf,106.4278214,107.82887304173776
plant_height,svr_rbf,87.98510007,117.13463958333712
plant_height,svr_rbf,90.01750134,89.72909048306119
plant_height,svr_rbf,105.9284186,104.33974447751713
plant_height,svr_rbf,83.63759729,81.48112022809038
plant_height,svr_rbf,98.5510901,103.76137870676973
plant_height,svr_rbf,99.15920035,94.44498297834666
plant_height,svr_rbf,82.97079929,90.26116622422595
plant_height,svr_rbf,108.1953586,103.30277054892795
plant_height,svr_rbf,95.11626001,96.61702782457235
plant_height,svr_rbf,102.2555453,95.95808408494935
plant_height,svr_rbf,81.55850266,96.86450511939148
plant_height,svr_rbf,105.6584417,103.02120352037817
plant_height,svr_rbf,111.7417001,104.46365764491054
plant_height,svr_rbf,106.8264418,109.12823159739371
plant_height,svr_rbf,110.7216595,103.05764687762648
plant_height,svr_rbf,94.64988014,105.62189272969563
plant_height,svr_rbf,90.25444912,92.36432678237159
plant_height,svr_rbf,101.9885565,104.17556135555212
plant_height,svr_rbf,93.02744592,101.64984986092938
plant_height,svr_rbf,109.8373751,103.48295155276156
plant_height,svr_rbf,91.32702914,99.0720434820975
plant_height,svr_rbf,100.8570212,107.7927551102417
plant_height,svr_rbf,92.83593233,100.61577619331027
plant_height,svr_rbf,73.93123592,84.18182210139007
plant_height,svr_rbf,76.56268311,88.17197232730297
plant_height,svr_rbf,105.9722022,99.27069549699094
plant_height,svr_rbf,75.78023632,83.24928349515261
plant_height,svr_rbf,99.58922651,93.95097268445183
plant_height,svr_rbf,78.39382498,91.88860160990001
plant_height,svr_rbf,81.27816945,80.5293130453675
plant_height,svr_rbf,89.98158156,95.18128330988304
plant_height,svr_rbf,116.3783949,105.72890030158277
plant_height,svr_rbf,97.19902174,96.5817395414593
plant_height,svr_rbf,101.925029,99.57826733309851
plant_height,svr_rbf,82.64115506,89.5150769036525
plant_height,svr_rbf,98.13064022,99.85997304564638
plant_height,svr_rbf,109.2997446,92.82533675183387
plant_height,svr_rbf,106.1721755,105.29209262224506
plant_height,svr_rbf,95.26236224,105.94371768329539
plant_height,svr_rbf,86.77441825,84.64801608798602
plant_height,svr_rbf,104.5038944,113.69373814057532
plant_height,svr_rbf,107.7563274,107.2002004307319
plant_height,svr_rbf,110.0923634,101.70303973520443
plant_height,svr_rbf,99.39564722,96.94527176515126
plant_height,svr_rbf,94.01223372,93.40250665967679
plant_height,svr_rbf,90.41461351,88.02958354331783
plant_height,svr_rbf,99.29713955,97.64746671279372
plant_height,svr_rbf,98.4596998,102.23032977306227
plant_height,svr_rbf,90.59218977,94.93376155387034
plant_height,svr_rbf,94.25892661,102.25649485315213
plant_height,svr_rbf,97.09351122,94.35475487072542
plant_height,svr_rbf,96.82532137,101.78798979190347
plant_height,svr_rbf,107.4388482,100.69790599376114
plant_height,svr_rbf,96.60746906,93.86456838592427
plant_height,svr_rbf,103.5389344,103.90911970292234
plant_height,svr_rbf,114.3082585,105.41694883350672
plant_height,svr_rbf,92.84728508,97.72651378854653
plant_height,svr_rbf,103.7590678,101.42958084235305
plant_height,svr_rbf,91.50745685,91.76788699810724
plant_height,svr_rbf,86.52266266,98.24356595590203
plant_height,svr_rbf,96.93154962,94.1201961928956
plant_height,svr_rbf,97.57174041,98.27943443937897
plant_height,svr_rbf,106.3146747,100.11220868301129
plant_height,svr_rbf,96.2139742,94.3146217962419
plant_height,svr_rbf,104.9498695,105.9600872906128
plant_height,svr_rbf,100.621356,101.54808554746086
plant_height,svr_rbf,86.41832977,89.6527323034589
plant_height,svr_rbf,94.00058218,100.27867558763862
plant_height,svr_rbf,104.298222,118.92641117078054
plant_height,svr_rbf,106.4852336,101.19031627526557
plant_height,svr_rbf,117.2249163,99.37501873195006
plant_height,svr_rbf,100.5336269,87.36303698096279
plant_height,svr_rbf,88.28695041,82.2679803813064
plant_height,svr_rbf,90.71549651,92.63281986712438
plant_height,svr_rbf,97.52299,106.78016548425107
plant_height,svr_rbf,110.6560574,105.74354817483278
plant_height,svr_rbf,99.14900562,92.08217613588056
plant_height,svr_rbf,96.43698067,96.97982786727506
plant_height,svr_rbf,93.6597647,103.10618723098196
plant_height,svr_rbf,118.5807341,107.6165402832696
plant_height,svr_rbf,116.2383174,106.36631026904897
plant_height,svr_rbf,99.83281363,103.91751791914197
plant_height,svr_rbf,92.42178259,99.30865311906508
plant_height,svr_rbf,113.6730373,95.56558087121927
plant_height,svr_rbf,99.50510007,105.51890030847946
plant_height,svr_rbf,93.90072001,100.68718034961566
plant_height,svr_rbf,94.73467444,110.2594518048394
plant_height,svr_rbf,95.92147277,88.7712134866914
plant_height,svr_rbf,96.23719726,97.45458870971841
plant_height,svr_rbf,96.30577138,106.65553175225482
plant_height,svr_rbf,82.03007582,88.45965978939218
plant_height,svr_rbf,89.49573497,89.5737030544195
plant_height,svr_rbf,99.09666009,89.90459253736066
plant_height,svr_rbf,107.7439345,107.4500805507883
plant_height,svr_rbf,98.63883955,98.38479488518375
plant_height,svr_rbf,98.11511886,101.01865363976927
plant_height,svr_rbf,105.2054305,103.43032463502303
plant_height,svr_rbf,87.45087081,103.90077168418571
plant_height,svr_rbf,108.0192496,103.1364919566108
plant_height,svr_rbf,89.15822067,89.76775585560856
plant_height,svr_rbf,81.28465509,99.49574875120341
plant_height,svr_rbf,86.87653964,93.73669329823986
plant_height,svr_rbf,94.03620962,103.18070814906159
plant_height,svr_rbf,111.9612001,107.42443760533723
plant_height,svr_rbf,91.78888738,87.68031590886046
plant_height,svr_rbf,80.8133772,95.67233720516994
plant_height,svr_rbf,98.02511523,97.97906676056985
plant_height,svr_rbf,96.49555734,97.15252452290113
plant_height,svr_rbf,91.66075449,99.08434567223905
plant_height,svr_rbf,85.36639794,95.14038700852642
plant_height,svr_rbf,85.79261859,93.96292696457093
plant_height,svr_rbf,92.50055045,94.24594981030339
plant_height,svr_rbf,86.40597445,94.24388525188341
plant_height,svr_rbf,103.5484041,102.63013366681895
plant_height,svr_rbf,105.1569546,107.58950025119901
plant_height,svr_rbf,90.59187755,92.84304467685868
plant_height,svr_rbf,89.73079159,94.23176631475111
plant_height,svr_rbf,91.35865629,95.5952698994655
plant_height,svr_rbf,95.786828,100.96224409747083
plant_height,svr_rbf,98.61811595,98.15935163279084
plant_height,svr_rbf,105.869282,96.17215613938913
plant_height,svr_rbf,103.4061452,95.65728792163219
plant_height,svr_rbf,102.1304711,106.58030619339539
plant_height,svr_rbf,96.58935449,101.3172143665644
plant_height,svr_rbf,91.46092881,88.03850115490619
plant_height,svr_rbf,94.30556025,95.49717665577502
plant_height,svr_rbf,96.67775241,96.54455672572126
plant_height,svr_rbf,101.3874801,89.46728836962536
plant_height,svr_rbf,85.27013815,92.33848976771236
plant_height,svr_rbf,95.56395762,90.7004634187415
plant_height,svr_rbf,92.4486877,83.7614445095606
plant_height,svr_rbf,103.4177386,104.25495792251702
plant_height,svr_rbf,96.30511339,97.55281682396767
plant_height,svr_rbf,96.82598333,101.49351105342902
plant_height,svr_rbf,110.9122038,97.34803655984324
plant_height,svr_rbf,100.1733929,101.19475156342455
plant_height,svr_rbf,111.0307751,118.77572310011232
plant_height,svr_rbf,97.5423318,88.56289380863254
plant_height,svr_rbf,103.7662347,106.93288711729721
plant_height,svr_rbf,87.55878109,92.27002834471591
plant_height,svr_rbf,96.1133149,103.6399095148315
plant_height,svr_rbf,89.32349401,92.54990481204645
plant_height,svr_rbf,79.24470152,91.49076987735819
plant_height,svr_rbf,88.78641202,90.46712730805997
plant_height,svr_rbf,94.22291177,99.06258292827897
plant_height,svr_rbf,85.11079492,93.38226025685147
plant_height,svr_rbf,84.263067895,87.77726879223852
plant_height,svr_rbf,108.0760429,98.55855990361525
plant_height,svr_rbf,86.29826806,86.12164666190321
plant_height,svr_rbf,90.81127497,94.30249435212029
plant_height,svr_rbf,91.29930062,88.89364891212882
plant_height,svr_rbf,93.33444071,93.89013923125049
plant_height,svr_rbf,88.63747531,91.33731236599239
plant_height,svr_rbf,88.8422075,88.91286580342226
plant_height,svr_rbf,101.9399793,95.80568882175766
plant_height,svr_rbf,83.37382318,86.92010345860709
plant_height,svr_rbf,85.58533965,81.37634550128878
plant_height,svr_rbf,93.67960902,95.14949876753577
plant_height,svr_rbf,93.98356301,100.38472231719419
plant_height,svr_rbf,81.97423357,88.41990837773608
plant_height,svr_rbf,94.75637695,89.76664830763437
plant_height,svr_rbf,96.04735603,111.0350208500643
plant_height,svr_rbf,96.17489811,89.3587314949738
plant_height,svr_rbf,82.63456552,93.06637004207373
plant_height,svr_rbf,82.8799028,91.36474116716472
plant_height,svr_rbf,97.12279726,101.88214207172224
plant_height,svr_rbf,111.5737383,106.72193023858617
plant_height,svr_rbf,94.15870671,98.29768747545856
plant_height,svr_rbf,96.652988,99.95708385370055
plant_height,svr_rbf,93.45888835,103.3147320488983
plant_height,svr_rbf,94.66963915,98.2725379376587
plant_height,svr_rbf,86.97685492,88.79719962501635
plant_height,svr_rbf,92.27208101,93.39776249113308
plant_height,svr_rbf,103.7810771,108.77659960029524
plant_height,svr_rbf,97.40294272,93.97085246850487
plant_height,svr_rbf,103.5172017,102.60975167870384
plant_height,svr_rbf,80.38038345,81.3449747329835
plant_height,svr_rbf,84.77291061,85.6808454202558
plant_height,svr_rbf,95.39830176,102.95468540007242
plant_height,svr_rbf,79.71883683,80.40138652987876
plant_height,svr_rbf,85.20871113,89.47539997196131
plant_height,svr_rbf,92.04978041,88.0952612518511
plant_height,svr_rbf,99.81277816,94.99930239041053
plant_height,svr_rbf,78.98586831,86.17230634636061
plant_height,svr_rbf,71.07498529,99.05204049273573
plant_height,svr_rbf,73.83890661,87.31404824110945
plant_height,svr_rbf,101.1261014,110.84023942578003
plant_height,svr_rbf,110.2101014,111.67258674838362
plant_height,svr_rbf,90.59281627,98.38967637829273
plant_height,svr_rbf,91.09275144,92.66948800367017
plant_height,svr_rbf,85.89483973,89.20282408594022
plant_height,svr_rbf,83.54492948,96.719800528577
plant_height,svr_rbf,86.82978865,90.06798027606987
plant_height,svr_rbf,91.13618964,87.84229168578699
plant_height,svr_rbf,91.70707738,90.86968862602836
plant_height,svr_rbf,77.0593542,89.14550150901958
plant_height,svr_rbf,87.60550923,94.09244516218284
plant_height,svr_rbf,84.45001434,91.94466237792284
plant_height,svr_rbf,91.56391085,83.7541096515093
plant_height,svr_rbf,82.80771585,87.90693913793382
plant_height,svr_rbf,91.2889956,92.75304356800173
plant_height,svr_rbf,98.8608462,109.56099614668165
plant_height,svr_rbf,104.9375769,107.3414089425867
plant_height,svr_rbf,96.07172926,91.23921369102654
plant_height,svr_rbf,88.52620989,85.52771472037696
plant_height,svr_rbf,79.33157179,81.36963350734963
plant_height,svr_rbf,83.99232838,83.9758611591127
plant_height,svr_rbf,87.09385846,89.64695739658276
plant_height,svr_rbf,84.27006224,88.07109765592607
plant_height,svr_rbf,82.06431585,81.10596813313776
plant_height,svr_rbf,93.31959778,90.44228690975757
plant_height,svr_rbf,89.38528502,93.99539950747227
plant_height,svr_rbf,85.69767975,88.20255200891705
plant_height,svr_rbf,84.6587866,91.33592021326483
plant_height,svr_rbf,87.83242622,90.500154835725
plant_height,svr_rbf,85.11824993,88.06884240233082
plant_height,svr_rbf,84.26109346,91.36254235463501
plant_height,svr_rbf,90.09862518,89.16656965374303
plant_height,svr_rbf,72.6890734,86.32476056792387
plant_height,svr_rbf,82.88512467,96.46232590961027
plant_height,svr_rbf,88.97181625,96.44357982576577
plant_height,svr_rbf,99.37217035,107.67670689580027
plant_height,svr_rbf,111.9805724,100.05527014014282
plant_height,svr_rbf,108.0467308,93.18313412849378
plant_height,svr_rbf,95.43058289,95.37574626097322
plant_height,svr_rbf,107.4834911,93.39131782731911
plant_height,svr_rbf,96.79084992,97.57187815763211
plant_height,svr_rbf,87.94720623,107.23479166834161
plant_height,svr_rbf,92.91195053,96.2934096245227
plant_height,svr_rbf,99.21646783,106.7732663546683
plant_height,svr_rbf,87.84583949,87.20405805555448
plant_height,svr_rbf,96.71215559,96.81122092472596
plant_height,svr_rbf,85.01668747,92.58092129619462
plant_height,svr_rbf,91.97563125,99.74854317648479
plant_height,svr_rbf,93.90439132,122.58723909047123
plant_height,svr_rbf,101.963723,107.9316838049633
plant_height,svr_rbf,88.72164229,95.50741253736564
plant_height,svr_rbf,100.2086967,109.90793321851848
plant_height,svr_rbf,107.3659081,106.80077479241672
plant_height,svr_rbf,100.3724687,113.34208060328298
plant_height,svr_rbf,105.3077727,102.81409860097483
plant_height,svr_rbf,93.03038061,101.93658744810459
plant_height,svr_rbf,97.12731776,94.31844809877947
plant_height,svr_rbf,99.51496059,88.93566139536715
plant_height,svr_rbf,88.15851674,95.76920693133027
plant_height,svr_rbf,83.89901146,87.23648005601304
plant_height,svr_rbf,97.30154832,103.03242942052334
plant_height,svr_rbf,103.4501222,99.96074044206891
plant_height,svr_rbf,82.80045056,104.60508909980702
plant_height,svr_rbf,81.84742999,84.11526263038253
plant_height,svr_rbf,93.7413237,108.2730692259178
plant_height,svr_rbf,114.6078129,96.44007563210137
plant_height,svr_rbf,81.63241141,72.28865989219436
plant_height,svr_rbf,92.24217789,95.70407436355372
plant_height,svr_rbf,112.9856187,110.21654680698482
plant_height,svr_rbf,111.0592254,118.31896717546654
plant_height,svr_rbf,117.6815014,94.15378298450159
plant_height,svr_rbf,100.8863322,98.99679068835043
plant_height,svr_rbf,104.3176497,98.13856277414844
plant_height,svr_rbf,115.0017166,112.25290734352512
plant_height,svr_rbf,134.2032372,106.10663271538542
plant_height,svr_rbf,104.7756389,112.2937720893612
plant_height,svr_rbf,120.0037493,125.85497556230442
plant_height,svr_rbf,111.9928546,111.0819658022729
plant_height,svr_rbf,98.13518877,94.87976100144893
plant_height,svr_rbf,113.2057444,113.90103550671171
plant_height,svr_rbf,119.8767512,116.66688633439793
plant_height,svr_rbf,128.8262383,106.91586425380851
plant_height,svr_rbf,103.9651263,103.82541127570205
plant_height,svr_rbf,123.3284954,114.19589388256864
plant_height,svr_rbf,114.6641715,116.51000404838793
plant_height,svr_rbf,119.7987061,107.06779036996224
plant_height,svr_rbf,117.1596799,109.57792067968893
plant_height,svr_rbf,110.943086,111.44046024893636
plant_height,svr_rbf,124.6985306,111.842966190737
plant_height,svr_rbf,120.7892784,119.14329164137442
plant_height,svr_rbf,104.1902739,109.80464357004468
plant_height,svr_rbf,109.7854309,98.28951899407402
plant_height,svr_rbf,103.7636031,92.1870474631142
plant_height,svr_rbf,92.97204184,93.80843082579581
plant_height,svr_rbf,107.9267938,106.29098865527213
plant_height,svr_rbf,89.98129009,93.0956644749833
plant_height,svr_rbf,117.9460621,122.58448028374158
plant_height,svr_rbf,119.4864733,100.86849616579696
plant_height,svr_rbf,118.9143735,95.72337377224129
plant_height,svr_rbf,131.0093086,113.23674571607503
plant_height,svr_rbf,124.4575767,100.31774352281975
plant_height,svr_rbf,113.832301,109.30976723653208
plant_height,svr_rbf,107.6234853,97.03047108009649
plant_height,svr_rbf,121.5593403,101.90315620390396
plant_height,svr_rbf,107.2437435,100.08877392728701
plant_height,svr_rbf,103.2290453,114.21487908981494
plant_height,svr_rbf,107.8473284,108.9764912141357
plant_height,svr_rbf,120.0981307,113.02996959902993
plant_height,svr_rbf,99.65769757,108.16908976160396
plant_height,svr_rbf,122.5409639,112.74170064950513
plant_height,svr_rbf,119.9971094,117.11845802154325
plant_height,svr_rbf,116.3721885,107.62637169445773
plant_height,svr_rbf,129.8039584,105.29511927804813
plant_height,svr_rbf,110.1851792,116.11437157902654
plant_height,svr_rbf,116.9036982,115.44734352564868
plant_height,svr_rbf,120.9437699,106.50262076710843
plant_height,svr_rbf,107.9376623,102.30875627660666
plant_height,svr_rbf,122.2950428,119.64660341552137
plant_height,svr_rbf,117.057289,109.95159464840185
plant_height,svr_rbf,120.9205654,105.0563452908489
plant_height,svr_rbf,110.3116322,86.53003864251342
plant_height,svr_rbf,96.11443676,96.77132328527993
plant_height,svr_rbf,104.8526051,113.17879651778519
plant_height,svr_rbf,105.5795579,102.76908861807046
plant_height,svr_rbf,111.4781726,95.05012141933436
plant_height,svr_rbf,112.8974152,90.6068756447327
plant_height,svr_rbf,106.2794595,88.4916386556819
plant_height,svr_rbf,108.8342622,91.3084199734996
plant_height,svr_rbf,100.4415968,102.68840004054557
plant_height,svr_rbf,109.8410857,95.38663572048068
plant_height,svr_rbf,111.5325127,96.52191896262045
plant_height,svr_rbf,123.1449085,124.82396179152471
plant_height,svr_rbf,106.9502258,101.18470725810695
plant_height,svr_rbf,106.3775416,101.88388531663634
plant_height,svr_rbf,99.85621683,87.28189805641755
plant_height,svr_rbf,110.4937157,111.4774379113321
plant_height,svr_rbf,113.5789047,117.83009675696321
plant_height,svr_rbf,124.2590065,107.64872557212587
plant_height,svr_rbf,127.1060947,109.35473123653395
plant_height,svr_rbf,123.222434,105.70051596728244
plant_height,svr_rbf,101.7823413,94.52155727552733
plant_height,svr_rbf,123.5673197,111.56035875718717
plant_height,svr_rbf,112.1456235,108.73497729816887
plant_height,svr_rbf,118.6357679,115.87946318379143
plant_height,svr_rbf,121.1457073,102.14031507737585
plant_height,svr_rbf,128.7756457,105.13462639050891
plant_height,svr_rbf,127.8431057,109.99263413636164
plant_height,svr_rbf,131.1735789,115.24661564016307
plant_height,svr_rbf,121.4925814,106.20264990070021
plant_height,svr_rbf,111.2514026,113.73832315681273
plant_height,svr_rbf,115.8479139,114.61298666368087
plant_height,svr_rbf,100.9397008,99.66433122596546
plant_height,svr_rbf,132.5448914,113.06003505676722
plant_height,svr_rbf,124.2067106,120.34663691683349
plant_height,svr_rbf,100.4364716,93.51411077709015
plant_height,svr_rbf,106.0942215,103.59141740864875
plant_height,svr_rbf,101.6131454,101.80011709295708
plant_height,svr_rbf,99.88740211,94.48084988695857
plant_height,svr_rbf,121.4822652,110.10711204059916
plant_height,svr_rbf,92.05281075,79.38986990021033
plant_height,svr_rbf,100.2304319,103.93112633609815
plant_height,svr_rbf,92.36898962,101.21871544255347
plant_height,svr_rbf,131.4877533,119.33043802718777
plant_height,svr_rbf,96.52340573,95.100509129204
plant_height,svr_rbf,108.0248674,109.08597826024567
plant_height,svr_rbf,117.3514622,122.4029855686285
plant_height,svr_rbf,114.6001764,93.43297275271931
plant_height,svr_rbf,114.0998233,96.70802668893752
plant_height,svr_rbf,125.9711733,113.55733430148973
plant_height,svr_rbf,116.329911,92.93758264763285
plant_height,svr_rbf,116.7333687,111.43605543916678
plant_height,svr_rbf,134.1641679,109.81153033797256
plant_height,svr_rbf,102.159687,110.87193754915387
plant_height,svr_rbf,104.9180994,113.9318602742238
plant_height,svr_rbf,107.4827731,98.78130960509198
plant_height,svr_rbf,127.1523107,115.78097526027814
plant_height,svr_rbf,119.6107411,117.11565697901051
plant_height,svr_rbf,121.4267711,113.60935869291103
plant_height,svr_rbf,113.6376429,120.0409331716057
plant_height,svr_rbf,107.5984431,96.55188357852897
plant_height,svr_rbf,126.0761084,103.64613040598141
plant_height,svr_rbf,122.7039175,123.74963554167235
plant_height,svr_rbf,115.4979735,105.08857854955276
plant_height,svr_rbf,119.965915,114.01098609173451
plant_height,svr_rbf,114.7913446,102.4314730485197
plant_height,svr_rbf,120.546945,104.57337837583782
plant_height,svr_rbf,120.1732907,116.23660609263372
plant_height,svr_rbf,108.255772,96.57483778437904
plant_height,svr_rbf,118.1172453,115.03554017486294
plant_height,svr_rbf,134.0601499,112.28602815259765
plant_height,svr_rbf,124.5093919,112.69915125536285
plant_height,svr_rbf,124.5675657,118.81091148056566
plant_height,svr_rbf,118.5242,120.71714530514285
plant_height,svr_rbf,128.9837841,110.49314596733248
plant_height,svr_rbf,103.9559692,104.43435877787083
plant_height,svr_rbf,117.5632389,111.13013469686308
plant_height,svr_rbf,129.198765,117.46934126395986
plant_height,svr_rbf,108.3414896,106.92505641883162
plant_height,svr_rbf,134.792114,110.10405334556086
plant_height,svr_rbf,124.1292222,117.30893593566454
plant_height,svr_rbf,121.3359072,114.7441092191488
plant_height,svr_rbf,111.0551308,118.8482033358575
plant_height,svr_rbf,111.4538046,113.86234146673483
plant_height,svr_rbf,118.2068554,110.31012828237407
plant_height,svr_rbf,106.1752828,106.98130856584595
plant_height,svr_rbf,113.0290573,109.37290251929022
plant_height,svr_rbf,121.3036825,110.88357680950384
plant_height,svr_rbf,112.1755482,113.82125315603896
plant_height,svr_rbf,128.5293717,113.87301823199319
plant_height,svr_rbf,112.6047348,114.07831164995243
plant_height,svr_rbf,96.48112943,101.46951777988058
plant_height,svr_rbf,123.8850126,109.971065040506
plant_height,svr_rbf,118.3442201,117.40875839719169
plant_height,svr_rbf,128.7420327,114.59882436452013
plant_height,svr_rbf,101.0732787,96.84686223206967
plant_height,svr_rbf,125.0581682,116.36708139936783
plant_height,svr_rbf,113.6957067,108.55277102717895
plant_height,svr_rbf,96.73207526,97.32047511917963
plant_height,svr_rbf,113.6029867,112.16167385161911
plant_height,svr_rbf,121.5157387,119.15231390332194
plant_height,svr_rbf,113.1422743,112.17980109476974
plant_height,svr_rbf,114.9461614,121.05998894233676
plant_height,svr_rbf,116.2453591,120.31794560825664
plant_height,svr_rbf,123.2389691,119.29034407085292
plant_height,svr_rbf,122.7038643,121.14529184852758
plant_height,svr_rbf,119.0875068,119.70975681804538
plant_height,svr_rbf,113.0776477,93.96235958561424
plant_height,svr_rbf,109.0012811,111.33861480374023
plant_height,svr_rbf,116.8389657,107.92885536295206
plant_height,svr_rbf,118.8033249,116.66622824219309
plant_height,svr_rbf,122.9353699,114.89021186629361
plant_height,svr_rbf,105.9639661,118.73428090931752
plant_height,svr_rbf,121.1614896,114.66307746774707
plant_height,svr_rbf,125.4899128,112.98247318759911
plant_height,svr_rbf,112.9204173,114.1938029944804
plant_height,svr_rbf,136.4899649,114.93996831679755
plant_height,svr_rbf,126.2951438,118.2893551936774
plant_height,svr_rbf,103.7261679,106.34482652899595
plant_height,svr_rbf,111.4762383,115.75611271771626
plant_height,svr_rbf,107.7206036,98.76446890553197
plant_height,svr_rbf,115.4693022,110.01550987687813
plant_height,svr_rbf,108.7609985,100.64601463264302
plant_height,svr_rbf,106.1624157,116.47339171620335
plant_height,svr_rbf,116.1540014,114.83127176669844
plant_height,svr_rbf,128.8110556,121.15075910707472
plant_height,svr_rbf,116.6905255,115.44448334305964
plant_height,svr_rbf,112.3455719,111.40472771353943
plant_height,svr_rbf,119.4079634,106.9154335108733
plant_height,svr_rbf,105.4857894,102.58853335746036
plant_height,svr_rbf,128.8412042,116.31174135542173
plant_height,svr_rbf,121.1790246,113.8685832168992
plant_height,svr_rbf,108.7023681,113.36411894776637
plant_height,svr_rbf,107.3247625,97.96322615824702
plant_height,svr_rbf,120.4673523,121.27004053927482
plant_height,svr_rbf,123.1473043,106.32281414855883
plant_height,svr_rbf,121.0450272,120.14946802811723
plant_height,svr_rbf,127.1053566,113.47827945716867
plant_height,svr_rbf,110.4228253,117.08279427976285
plant_height,svr_rbf,122.6781527,118.34507121262381
plant_height,svr_rbf,127.6582223,118.32022450684954
plant_height,svr_rbf,127.7041339,117.37568326596983
plant_height,svr_rbf,123.2301247,121.57903485334558
plant_height,svr_rbf,116.2204672,117.33821138817908
plant_height,svr_rbf,146.069066,107.4901056368386
plant_height,svr_rbf,127.1685311,118.95832651167672
plant_height,svr_rbf,130.6183339,113.88113192241102
plant_height,svr_rbf,124.9086073,106.12942510853199
plant_height,svr_rbf,122.6643701,111.20531152303684
plant_height,svr_rbf,122.1227675,118.95075907477796
plant_height,svr_rbf,105.7065746,95.38238284441886
plant_height,svr_rbf,103.7348078,91.45839154880699
plant_height,svr_rbf,120.769991,122.42863508902201
plant_height,svr_rbf,90.66226899,92.39694360040468
plant_height,svr_rbf,117.4531979,110.19508996223215
plant_height,svr_rbf,125.9418267,107.73514701960676
plant_height,svr_rbf,122.9698614,116.93729908143676
plant_height,svr_rbf,130.4924975,122.08540696820575
plant_height,svr_rbf,115.9380008,119.56592226932875
plant_height,svr_rbf,136.6347445,115.58001213791071
plant_height,svr_rbf,123.3448183,115.27273346719721
plant_height,svr_rbf,119.6957499,101.06818908333328
plant_height,svr_rbf,113.7035045,96.28392289320284
plant_height,svr_rbf,120.8808453,102.23317709060137
plant_height,svr_rbf,118.3564356,121.70759437649531
plant_height,svr_rbf,128.846156,123.99513099619419
plant_height,svr_rbf,115.6154636,112.55159050168164
plant_height,svr_rbf,116.9716221,111.97512940568828
plant_height,svr_rbf,123.3686299,122.37962684675946
plant_height,svr_rbf,117.250566,116.88123396095399
plant_height,svr_rbf,113.1441259,123.67124659313131
plant_height,svr_rbf,118.7915277,123.03151843900997
plant_height,svr_rbf,120.2736169,104.32854802995143
plant_height,svr_rbf,124.8702481,122.64063333988585
plant_height,svr_rbf,118.5874503,107.2319474354214
plant_height,svr_rbf,111.3179896,110.47787338241592
plant_height,svr_rbf,120.2774982,119.4694115362002
plant_height,svr_rbf,116.4943304,117.64284013645002
plant_height,svr_rbf,123.7604556,100.89806453839329
plant_height,svr_rbf,119.9605898,109.71928671665698
plant_height,svr_rbf,125.2551565,118.71881447237766
plant_height,svr_rbf,117.936323,112.34243519429876
plant_height,svr_rbf,129.5564533,115.56318047239085
plant_height,svr_rbf,128.0826243,113.85806153791027
plant_height,svr_rbf,126.482528,109.2793827562916
plant_height,svr_rbf,126.7914052,116.22842478100242
plant_height,svr_rbf,119.9671751,112.5498672026572
plant_height,svr_rbf,131.3403719,89.79428706719206
plant_height,svr_rbf,127.8967911,119.9632213435916
plant_height,svr_rbf,110.4340489,105.19164719096571
plant_height,svr_rbf,108.4366725,103.57998256693652
plant_height,svr_rbf,113.072724,102.6380415353667
plant_height,svr_rbf,107.9040514,96.43829376520176
plant_height,svr_rbf,121.1457828,116.4508369877396
plant_height,svr_rbf,140.5558154,114.97425290332656
plant_height,svr_rbf,122.334033,102.33112500676566
plant_height,svr_rbf,129.8368486,110.52197104508755
plant_height,svr_rbf,121.2942359,96.73951761334686
plant_height,svr_rbf,122.8885492,91.4789926920287
plant_height,svr_rbf,120.4771385,100.48401399746542
plant_height,svr_rbf,117.680709,112.49168489231258
plant_height,svr_rbf,126.7330912,120.13574367640328
plant_height,svr_rbf,123.9806073,101.43761066368131
plant_height,svr_rbf,112.4696835,107.06024722939677
plant_height,svr_rbf,120.3251529,115.16622429021322
plant_height,svr_rbf,116.709175,113.70710883940876
plant_height,svr_rbf,127.0856392,116.07117542618529
plant_height,svr_rbf,126.1563203,118.32634061439033
plant_height,svr_rbf,122.2539265,116.18221161528662
plant_height,svr_rbf,104.3796509,110.2609716087172
plant_height,svr_rbf,109.1061281,112.33581460206284
plant_height,svr_rbf,115.905697,113.24727107134845
plant_height,svr_rbf,97.46148845,111.96401518444208
plant_height,svr_rbf,104.7726078,85.22089690362043
plant_height,svr_rbf,111.902964,108.33336085533523
plant_height,svr_rbf,110.3634195,97.18822433814525
plant_height,svr_rbf,119.1098221,112.98640120811868
plant_height,svr_rbf,124.6855763,115.00313249616059
plant_height,svr_rbf,123.4609767,122.6891061490094
plant_height,svr_rbf,109.4556853,115.67531130343193
plant_height,svr_rbf,118.4901227,119.44801552487785
plant_height,svr_rbf,111.1233027,90.91999983657048
plant_height,svr_rbf,113.1904993,95.70138471690316
plant_height,svr_rbf,128.3876327,115.73837655025667
plant_height,svr_rbf,129.2049453,100.74247081606316
plant_height,svr_rbf,97.74058152,102.9755535726491
plant_height,svr_rbf,111.3507427,104.60970274855501
plant_height,svr_rbf,112.0007882,114.36361853665102
plant_height,svr_rbf,128.7050068,102.47692338964298
plant_height,svr_rbf,136.0994915,115.1031435448067
plant_height,svr_rbf,138.383599,110.0459704722779
plant_height,svr_rbf,132.9095952,112.10689676669813
plant_height,svr_rbf,96.87507935,93.79063561091421
plant_height,svr_rbf,107.4392418,106.71159278768602
plant_height,svr_rbf,120.7834278,98.34916896819804
plant_height,svr_rbf,132.678896,112.08723497319758
plant_height,svr_rbf,120.4586215,112.87581784018616
puccinia_hordei,svr_rbf,3.277472024,3.369954062740213
puccinia_hordei,svr_rbf,2.704659937,3.0476438704966458
puccinia_hordei,svr_rbf,3.987689749,3.2220378653192476
puccinia_hordei,svr_rbf,2.936407423,3.038285813626667
puccinia_hordei,svr_rbf,2.339840503,3.118562710521392
puccinia_hordei,svr_rbf,2.23818106,2.958520246083273
puccinia_hordei,svr_rbf,2.36839872,3.2022319946586926
puccinia_hordei,svr_rbf,2.435159827,2.9353651334448605
puccinia_hordei,svr_rbf,4.285290114,3.0645385739151694
puccinia_hordei,svr_rbf,3.013334901,3.353402504382972
puccinia_hordei,svr_rbf,3.180363224,3.140859141095397
puccinia_hordei,svr_rbf,2.559396466,2.785975424063477
puccinia_hordei,svr_rbf,3.227694049,3.0611924594493196
puccinia_hordei,svr_rbf,3.653139978,3.2491970712205847
puccinia_hordei,svr_rbf,2.151695764,2.8669852985349666
puccinia_hordei,svr_rbf,3.586529899,3.267434234853353
puccinia_hordei,svr_rbf,2.575955544,2.8704327164724948
puccinia_hordei,svr_rbf,3.29189463,3.283532342560708
puccinia_hordei,svr_rbf,3.122467129,2.8542683981394683
puccinia_hordei,svr_rbf,3.681231306,3.0802463740379
puccinia_hordei,svr_rbf,3.419676527,2.7942794711223944
puccinia_hordei,svr_rbf,2.50903281,3.0146164048643467
puccinia_hordei,svr_rbf,2.755863966,2.829263612688524
puccinia_hordei,svr_rbf,3.030632551,3.773436112483827
puccinia_hordei,svr_rbf,3.544363585,3.1965251963908208
puccinia_hordei,svr_rbf,3.452074517,3.2605052373968304
puccinia_hordei,svr_rbf,3.212672784,3.6267466479582495
puccinia_hordei,svr_rbf,3.613287387,3.2352445680513
puccinia_hordei,svr_rbf,3.327161818,3.2723545621595447
puccinia_hordei,svr_rbf,1.694911443,2.9462552888863955
puccinia_hordei,svr_rbf,3.642335315,3.1159546024322733
puccinia_hordei,svr_rbf,2.850409116,3.1654092484785386
puccinia_hordei,svr_rbf,2.127103216,3.155035639908714
puccinia_hordei,svr_rbf,3.069837308,3.0127849716140513
puccinia_hordei,svr_rbf,2.582454207,3.148230384478045
puccinia_hordei,svr_rbf,3.481789567,2.9372198454681904
puccinia_hordei,svr_rbf,3.503111504,3.158045911177007
puccinia_hordei,svr_rbf,3.655794005,3.193678106084741
puccinia_hordei,svr_rbf,3.215957119,3.0394102739038074
puccinia_hordei,svr_rbf,1.934419049,2.9395183832699683
puccinia_hordei,svr_rbf,3.245047476,3.518164802942077
puccinia_hordei,svr_rbf,2.330782329,3.416084104955565
puccinia_hordei,svr_rbf,2.692185626,3.1630869437273716
puccinia_hordei,svr_rbf,3.259357504,3.3345599996768835
puccinia_hordei,svr_rbf,3.668898241,3.1293113860966093
puccinia_hordei,svr_rbf,3.722300922,3.1725755685069745
puccinia_hordei,svr_rbf,3.485160564,3.0730716546760957
puccinia_hordei,svr_rbf,3.101516215,3.1209601135406833
puccinia_hordei,svr_rbf,2.52351814,2.8470551148546335
puccinia_hordei,svr_rbf,3.455529152,3.1344800471351677
puccinia_hordei,svr_rbf,2.491589388,3.0755403221734317
puccinia_hordei,svr_rbf,2.747696887,3.0782157641347956
puccinia_hordei,svr_rbf,3.539816433,2.6616440360700366
puccinia_hordei,svr_rbf,3.156730065,3.181558653201194
puccinia_hordei,svr_rbf,2.251752855,3.1184480828341603
puccinia_hordei,svr_rbf,3.224428432,3.1320763013238686
puccinia_hordei,svr_rbf,3.298355298,3.2203934049815977
puccinia_hordei,svr_rbf,2.485937804,3.236768452849481
puccinia_hordei,svr_rbf,3.201214853,3.9257663600667043
puccinia_hordei,svr_rbf,3.534294529,3.148364990774054
puccinia_hordei,svr_rbf,3.870549068,3.204912097792551
puccinia_hordei,svr_rbf,3.435513967,3.376070046007845
puccinia_hordei,svr_rbf,2.187329704,2.9310227085924536
puccinia_hordei,svr_rbf,2.847834612,3.456789316711867
puccinia_hordei,svr_rbf,4.14361593,3.139557517897114
puccinia_hordei,svr_rbf,2.415050198,3.2984897241460107
puccinia_hordei,svr_rbf,1.887397576,3.089197322116894
puccinia_hordei,svr_rbf,4.241806878,2.9442992666689043
puccinia_hordei,svr_rbf,3.040840407,2.93906725618722
puccinia_hordei,svr_rbf,3.152653976,3.4008803788713995
puccinia_hordei,svr_rbf,3.094822419,3.017499221767498
puccinia_hordei,svr_rbf,2.840948973,2.9055525985375725
puccinia_hordei,svr_rbf,3.423078891,3.0328072639121526
puccinia_hordei,svr_rbf,3.56963414,2.8181346888581698
puccinia_hordei,svr_rbf,2.900417363,3.205665736625096
puccinia_hordei,svr_rbf,3.490592946,3.1346455670132016
puccinia_hordei,svr_rbf,2.655641478,2.945203232676839
puccinia_hordei,svr_rbf,4.196592221,3.247134428467322
puccinia_hordei,svr_rbf,3.654297906,3.1348264944538293
puccinia_hordei,svr_rbf,1.897279566,2.70483677980613
puccinia_hordei,svr_rbf,2.843900985,3.0045932007545746
puccinia_hordei,svr_rbf,4.104650059,3.1751698684852414
puccinia_hordei,svr_rbf,2.75148623,3.1506903912560995
puccinia_hordei,svr_rbf,3.515686406,2.9857726249584586
puccinia_hordei,svr_rbf,2.422133949,3.224461840909316
puccinia_hordei,svr_rbf,2.453013617,2.7886281523272114
puccinia_hordei,svr_rbf,2.439909945,3.1575770544811688
puccinia_hordei,svr_rbf,2.337096095,2.943058409767035
puccinia_hordei,svr_rbf,3.301891917,3.077515263587484
puccinia_hordei,svr_rbf,2.684202513,3.1470203401300787
puccinia_hordei,svr_rbf,2.992472873,3.125530688185725
puccinia_hordei,svr_rbf,2.843604603,3.1612126296505885
puccinia_hordei,svr_rbf,2.824497168,3.1078718140530333
puccinia_hordei,svr_rbf,3.311040749,3.36855398922856
puccinia_hordei,svr_rbf,3.663168131,3.190410658068627
puccinia_hordei,svr_rbf,2.917100952,3.1779328301072205
puccinia_hordei,svr_rbf,2.688501234,3.0161383484788904
puccinia_hordei,svr_rbf,3.507935788,3.074090260397493
puccinia_hordei,svr_rbf,3.577773861,3.214135981821824
puccinia_hordei,svr_rbf,4.392170107,3.2663670809396526
puccinia_hordei,svr_rbf,2.939003143,3.1023328223668454
puccinia_hordei,svr_rbf,3.375402593,3.043971128237416
puccinia_hordei,svr_rbf,3.378501294,3.0784460645941385
puccinia_hordei,svr_rbf,2.532428429,3.1243815650465696
puccinia_hordei,svr_rbf,2.311449485,3.056874199659383
puccinia_hordei,svr_rbf,3.52203928,3.1578005949516137
puccinia_hordei,svr_rbf,3.545318486,3.067555939531685
puccinia_hordei,svr_rbf,3.621145305,3.154597255507701
puccinia_hordei,svr_rbf,3.553013262,3.299510929549313
puccinia_hordei,svr_rbf,4.246663348,3.1320923339726767
puccinia_hordei,svr_rbf,3.126109544,2.9540024531839357
puccinia_hordei,svr_rbf,3.89029475,3.0826297446424906
puccinia_hordei,svr_rbf,2.606335367,2.8435822712291836
puccinia_hordei,svr_rbf,2.735197398,3.159085505207476
puccinia_hordei,svr_rbf,2.651647807,3.30698757797522
puccinia_hordei,svr_rbf,3.503593726,3.1577706520369624
puccinia_hordei,svr_rbf,3.026223848,2.8099414108295138
puccinia_hordei,svr_rbf,3.045311468,2.831379700291162
puccinia_hordei,svr_rbf,2.389406597,2.813745333031882
puccinia_hordei,svr_rbf,3.911573142,3.127135299104794
puccinia_hordei,svr_rbf,2.020286019,3.1727631977785054
puccinia_hordei,svr_rbf,3.682322422,2.962957125042366
puccinia_hordei,svr_rbf,3.258138848,3.058361575793601
puccinia_hordei,svr_rbf,4.321117532,2.7864042036158905
puccinia_hordei,svr_rbf,3.112914363,3.1645697885363275
puccinia_hordei,svr_rbf,2.157948781,2.851166171016102
puccinia_hordei,svr_rbf,3.259205402,3.4124268342767374
puccinia_hordei,svr_rbf,2.474510058,3.322380644837838
puccinia_hordei,svr_rbf,4.704376164,3.898001398971862
puccinia_hordei,svr_rbf,2.996081601,2.6284480117618534
puccinia_hordei,svr_rbf,3.078000571,3.4684601345941957
puccinia_hordei,svr_rbf,3.724975859,3.8932291069702636
puccinia_hordei,svr_rbf,3.800702182,3.904838303114732
puccinia_hordei,svr_rbf,4.153108705,3.944812796449315
puccinia_hordei,svr_rbf,3.316778808,3.7197408975864037
puccinia_hordei,svr_rbf,2.244565353,2.838707751761471
puccinia_hordei,svr_rbf,5.660555098,3.7482356492057454
puccinia_hordei,svr_rbf,3.363905464,3.036807037359261
puccinia_hordei,svr_rbf,4.834584662,3.7448931170454802
puccinia_hordei,svr_rbf,3.183891717,3.843584468516069
puccinia_hordei,svr_rbf,2.777285482,2.695824300915111
puccinia_hordei,svr_rbf,5.033953443,3.861206751913307
puccinia_hordei,svr_rbf,4.955517329,4.308193347843915
puccinia_hordei,svr_rbf,3.935124328,3.82329148065368
puccinia_hordei,svr_rbf,4.278917309,4.1625711261080856
puccinia_hordei,svr_rbf,3.390786197,3.2501617377837864
puccinia_hordei,svr_rbf,3.96995203,3.3693565761136264
puccinia_hordei,svr_rbf,4.035830004,3.6579125683490434
puccinia_hordei,svr_rbf,3.292926101,2.896838180562422
puccinia_hordei,svr_rbf,2.850452156,2.8122068656325925
puccinia_hordei,svr_rbf,3.492930467,3.880430243170966
puccinia_hordei,svr_rbf,4.853022147,3.7869660814183526
puccinia_hordei,svr_rbf,2.625468412,2.9529160305759516
puccinia_hordei,svr_rbf,2.485006993,2.9807615807411474
puccinia_hordei,svr_rbf,3.435232216,3.712900828460116
puccinia_hordei,svr_rbf,2.394827239,2.481245601818591
puccinia_hordei,svr_rbf,2.201137565,3.3605462315630685
puccinia_hordei,svr_rbf,3.15448517,2.8343453362349846
puccinia_hordei,svr_rbf,2.822002793,3.0066052182603986
puccinia_hordei,svr_rbf,3.895829864,4.31492825833519
puccinia_hordei,svr_rbf,3.367690134,2.959895634096348
puccinia_hordei,svr_rbf,3.545386202,3.9341642599653848
puccinia_hordei,svr_rbf,4.335581173,3.7725880260378326
puccinia_hordei,svr_rbf,3.733577503,3.754547683474171
puccinia_hordei,svr_rbf,2.70743914,3.128855583121197
puccinia_hordei,svr_rbf,4.482906013,3.767857809604587
puccinia_hordei,svr_rbf,2.318754641,2.575030755075359
puccinia_hordei,svr_rbf,2.433929439,3.047712153493662
puccinia_hordei,svr_rbf,3.801690551,3.659372562560277
puccinia_hordei,svr_rbf,4.365719835,3.144687547992749
puccinia_hordei,svr_rbf,2.740921654,2.521797744684129
puccinia_hordei,svr_rbf,4.075720076,3.558196638270993
puccinia_hordei,svr_rbf,2.98485908,3.8143086261990877
puccinia_hordei,svr_rbf,3.189461862,2.754809460473683
puccinia_hordei,svr_rbf,3.016803459,2.705150838716392
puccinia_hordei,svr_rbf,5.546862832,4.149923499996371
puccinia_hordei,svr_rbf,3.754008315,3.6822369758118807
puccinia_hordei,svr_rbf,5.233900646,4.029377199700209
puccinia_hordei,svr_rbf,3.425608465,3.8641765652803013
puccinia_hordei,svr_rbf,4.759420795,3.7069976513816782
puccinia_hordei,svr_rbf,2.435437232,2.6300171203861904
puccinia_hordei,svr_rbf,3.527622595,3.9411255535792717
puccinia_hordei,svr_rbf,3.694697124,3.3238529874766964
puccinia_hordei,svr_rbf,4.883169536,3.8398910140994045
puccinia_hordei,svr_rbf,1.950576409,2.8922796212606916
puccinia_hordei,svr_rbf,2.608922607,3.9180564052879183
puccinia_hordei,svr_rbf,2.637789542,3.101126393762513
puccinia_hordei,svr_rbf,2.5668081,3.073938926137178
puccinia_hordei,svr_rbf,4.51785379,3.9484555388546445
puccinia_hordei,svr_rbf,3.29845433,3.9259575564743705
puccinia_hordei,svr_rbf,3.580885016,3.922714096580606
puccinia_hordei,svr_rbf,2.359486864,2.9404582933850856
puccinia_hordei,svr_rbf,2.302934061,2.9958804556410596
puccinia_hordei,svr_rbf,3.431809402,3.856898590522972
puccinia_hordei,svr_rbf,4.425092876,3.1827679192442813
puccinia_hordei,svr_rbf,2.38644984,2.7797213883923866
puccinia_hordei,svr_rbf,3.259365758,4.3087090139596445
puccinia_hordei,svr_rbf,4.543606227,3.5496375309243
puccinia_hordei,svr_rbf,4.437109031,3.684218781596035
puccinia_hordei,svr_rbf,6.732138521,2.894368032992036
puccinia_hordei,svr_rbf,2.286749536,3.3435360585712663
puccinia_hordei,svr_rbf,3.586890105,3.7500656237083305
puccinia_hordei,svr_rbf,3.847656786,3.79961271940692
puccinia_hordei,svr_rbf,4.511306501,3.976428728136729
puccinia_hordei,svr_rbf,3.297578566,4.095500640996171
puccinia_hordei,svr_rbf,3.210091574,3.9280086833562144
puccinia_hordei,svr_rbf,3.084104415,2.6708008656480526
puccinia_hordei,svr_rbf,3.240887432,3.55999782091481
puccinia_hordei,svr_rbf,4.369050314,4.0763597027323595
puccinia_hordei,svr_rbf,3.602862624,3.6896575564496468
puccinia_hordei,svr_rbf,4.05174367,3.89616843715505
puccinia_hordei,svr_rbf,4.617894444,4.033920307502507
puccinia_hordei,svr_rbf,4.493664086,3.9540572926000084
puccinia_hordei,svr_rbf,3.941010324,4.4450555250953645
puccinia_hordei,svr_rbf,3.207944726,4.035713281889822
puccinia_hordei,svr_rbf,2.987776782,3.5876922567854006
puccinia_hordei,svr_rbf,4.220586142,3.805400119046522
puccinia_hordei,svr_rbf,5.139909598,3.4313924616292493
puccinia_hordei,svr_rbf,2.292733071,2.9009517781803087
puccinia_hordei,svr_rbf,3.98105119,4.049241507610264
puccinia_hordei,svr_rbf,2.434904658,2.712404308908929
puccinia_hordei,svr_rbf,3.499322479,3.6221326101008566
puccinia_hordei,svr_rbf,3.409550091,3.828875846020079
puccinia_hordei,svr_rbf,3.190417333,3.557622898881945
puccinia_hordei,svr_rbf,3.894144759,4.2231906022227115
puccinia_hordei,svr_rbf,3.301038624,4.1487211823560965
puccinia_hordei,svr_rbf,3.006552355,2.9549138284244116
puccinia_hordei,svr_rbf,2.416579566,2.8043143975903195
puccinia_hordei,svr_rbf,2.216430104,3.3946124071495656
puccinia_hordei,svr_rbf,3.890102553,3.9468910743292374
puccinia_hordei,svr_rbf,4.067255282,3.7780349591178672
puccinia_hordei,svr_rbf,4.384195279,3.839129405651244
puccinia_hordei,svr_rbf,3.87921308,4.0132123817657614
puccinia_hordei,svr_rbf,2.902092619,3.541615575413985
puccinia_hordei,svr_rbf,3.820092496,3.9214473122130418
puccinia_hordei,svr_rbf,3.025008995,3.9342671850546767
puccinia_hordei,svr_rbf,3.225244892,2.7543007707254206
puccinia_hordei,svr_rbf,2.382297749,2.891085452043198
puccinia_hordei,svr_rbf,3.491801679,3.2855797558336644
puccinia_hordei,svr_rbf,4.752133911,3.109571596892028
puccinia_hordei,svr_rbf,3.038948346,3.742279335926887
puccinia_hordei,svr_rbf,2.061989595,2.767639688939619
puccinia_hordei,svr_rbf,4.865424415,4.120521100812674
puccinia_hordei,svr_rbf,4.054610666,3.7116085465863105
puccinia_hordei,svr_rbf,2.997159288,2.8414811683980528
puccinia_hordei,svr_rbf,4.167600868,3.8559643759763387
puccinia_hordei,svr_rbf,5.206443538,3.556932776136011
puccinia_hordei,svr_rbf,2.536685187,3.2594867661506597
puccinia_hordei,svr_rbf,3.422121213,3.9886438310801537
puccinia_hordei,svr_rbf,2.672359935,4.242817216464584
puccinia_hordei,svr_rbf,2.291861143,2.61157606176351
puccinia_hordei,svr_rbf,4.252229468,2.884766609975447
puccinia_hordei,svr_rbf,2.36968538,2.6529062537737063
puccinia_hordei,svr_rbf,3.019232724,3.5374879837875595
puccinia_hordei,svr_rbf,3.422231878,3.526312135656821
puccinia_hordei,svr_rbf,4.012427564,3.7348714652761674
puccinia_hordei,svr_rbf,3.544412291,3.0022991538619674
puccinia_hordei,svr_rbf,2.352113465,3.372278323561457
puccinia_hordei,svr_rbf,3.996819878,3.7795267320459756
puccinia_hordei,svr_rbf,2.129006955,3.442440549912253
puccinia_hordei,svr_rbf,2.635985504,3.243973193040069
puccinia_hordei,svr_rbf,4.824819093,4.151474378170363
puccinia_hordei,svr_rbf,3.005197388,2.684786184867102
puccinia_hordei,svr_rbf,3.283135611,3.7593684034245753
puccinia_hordei,svr_rbf,3.213854989,3.1803685876973655
puccinia_hordei,svr_rbf,2.904180983,3.6964195554815906
puccinia_hordei,svr_rbf,3.990675395,4.039858473187673
puccinia_hordei,svr_rbf,3.178215111,2.5870162315686676
puccinia_hordei,svr_rbf,4.208782789,3.6605849088501263
puccinia_hordei,svr_rbf,4.209667083,3.78931909955687
puccinia_hordei,svr_rbf,3.021880704,2.786165807468435
puccinia_hordei,svr_rbf,2.997767347,3.756761803377456
puccinia_hordei,svr_rbf,3.929371235,3.8030896746408223
puccinia_hordei,svr_rbf,3.823862364,3.1139226749354765
puccinia_hordei,svr_rbf,3.458364316,3.8110585658021985
puccinia_hordei,svr_rbf,3.554952507,3.68710627937884
puccinia_hordei,svr_rbf,4.495270668,3.6577352580684397
puccinia_hordei,svr_rbf,3.753172901,2.8238213766503533
puccinia_hordei,svr_rbf,2.230148973,3.044857718039649
puccinia_hordei,svr_rbf,2.489197525,3.9254747429753496
puccinia_hordei,svr_rbf,5.14920616,3.7386677846053384
puccinia_hordei,svr_rbf,2.725553038,2.734730130694108
puccinia_hordei,svr_rbf,3.208613182,4.0738067592158345
puccinia_hordei,svr_rbf,4.288239778,3.8047185000076285
puccinia_hordei,svr_rbf,3.805014659,3.914536724835159
puccinia_hordei,svr_rbf,3.296138908,2.771481427066469
puccinia_hordei,svr_rbf,3.736892102,3.9383227826551264
puccinia_hordei,svr_rbf,3.924627931,3.5912744526779625
puccinia_hordei,svr_rbf,3.042942123,2.7178799619220855
puccinia_hordei,svr_rbf,2.79359558,2.997062616892846
puccinia_hordei,svr_rbf,2.630860408,2.8761858050031295
puccinia_hordei,svr_rbf,3.934773756,4.141592333839658
puccinia_hordei,svr_rbf,3.178047993,3.713850072574667
puccinia_hordei,svr_rbf,3.080001886,3.6167848597797154
puccinia_hordei,svr_rbf,3.298762807,3.358723036977624
puccinia_hordei,svr_rbf,2.037578347,3.3001704487556363
puccinia_hordei,svr_rbf,4.302396377,3.5408098876206995
puccinia_hordei,svr_rbf,4.871193964,3.726208735409615
puccinia_hordei,svr_rbf,6.159276674,5.244583257335206
puccinia_hordei,svr_rbf,5.545036274,5.664816571023166
puccinia_hordei,svr_rbf,6.617436693,4.719164271756963
puccinia_hordei,svr_rbf,5.974325564,5.909234503250498
puccinia_hordei,svr_rbf,6.390596062,5.827551650794926
puccinia_hordei,svr_rbf,4.5597863,4.757576118080504
puccinia_hordei,svr_rbf,2.926005732,3.916053683046721
puccinia_hordei,svr_rbf,4.866128898,4.993914851721328
puccinia_hordei,svr_rbf,5.942990037,3.966244084876829
puccinia_hordei,svr_rbf,4.551163469,3.455118182421703
puccinia_hordei,svr_rbf,4.67386539,4.548899957271367
puccinia_hordei,svr_rbf,3.650349529,4.752959300029957
puccinia_hordei,svr_rbf,5.516817921,4.51485341283454
puccinia_hordei,svr_rbf,4.188099474,4.416248947982661
puccinia_hordei,svr_rbf,3.722916558,3.489834150191342
puccinia_hordei,svr_rbf,2.291571549,3.139405027056058
puccinia_hordei,svr_rbf,4.884865343,3.306540630575344
puccinia_hordei,svr_rbf,4.252943974,4.466169322899243
puccinia_hordei,svr_rbf,2.98566495,4.897747767947284
puccinia_hordei,svr_rbf,2.058572759,3.4050810783220173
puccinia_hordei,svr_rbf,3.659636669,4.402851476591444
puccinia_hordei,svr_rbf,4.894147838,5.066647113783948
puccinia_hordei,svr_rbf,3.617064811,4.7827471038001175
puccinia_hordei,svr_rbf,5.27885052,5.501023752524276
puccinia_hordei,svr_rbf,4.726271006,4.713125675371043
puccinia_hordei,svr_rbf,4.712618739,4.691471732973188
puccinia_hordei,svr_rbf,5.365833824,5.053985452409178
puccinia_hordei,svr_rbf,4.350912703,4.410972408967787
puccinia_hordei,svr_rbf,6.199935744,4.869941244570863
puccinia_hordei,svr_rbf,4.65316017,5.118071805699089
puccinia_hordei,svr_rbf,4.090260303,4.562298112870054
puccinia_hordei,svr_rbf,3.616646348,3.7958333695231206
puccinia_hordei,svr_rbf,4.579586246,3.4277226185093808
puccinia_hordei,svr_rbf,3.398025096,4.811158842332878
puccinia_hordei,svr_rbf,4.174465326,5.065936487684023
puccinia_hordei,svr_rbf,6.01474557,6.28521203583258
puccinia_hordei,svr_rbf,3.992743152,6.178439372001363
puccinia_hordei,svr_rbf,4.900736251,5.102717549546123
puccinia_hordei,svr_rbf,4.997227105,5.034632442818674
puccinia_hordei,svr_rbf,4.901974511,4.96046098321657
puccinia_hordei,svr_rbf,5.075318654,4.697265688924049
puccinia_hordei,svr_rbf,4.455145629,5.142208763571328
puccinia_hordei,svr_rbf,2.481614469,3.661915560861011
puccinia_hordei,svr_rbf,4.719276822,4.909397020772125
puccinia_hordei,svr_rbf,4.899075576,3.5950041812289464
puccinia_hordei,svr_rbf,4.271300291,4.046977469031129
puccinia_hordei,svr_rbf,3.449587438,4.124375814621152
puccinia_hordei,svr_rbf,3.94621894,4.321689032801816
puccinia_hordei,svr_rbf,3.249016218,3.8381423901890144
puccinia_hordei,svr_rbf,4.870237253,5.50411366236437
puccinia_hordei,svr_rbf,5.391160985,5.427107513893592
puccinia_hordei,svr_rbf,5.807178616,4.867202519153972
puccinia_hordei,svr_rbf,5.667100245,5.029771364339038
puccinia_hordei,svr_rbf,3.849916634,4.414772708512084
puccinia_hordei,svr_rbf,5.999044022,4.949819809861618
puccinia_hordei,svr_rbf,5.922888009,5.206826282818175
puccinia_hordei,svr_rbf,3.364563149,4.745523588245275
puccinia_hordei,svr_rbf,4.344678804,3.9128370662433074
puccinia_hordei,svr_rbf,3.844594026,4.221313405530055
puccinia_hordei,svr_rbf,3.11067437,4.1188188090133675
puccinia_hordei,svr_rbf,5.16892617,4.540502034959925
puccinia_hordei,svr_rbf,4.295867062,3.861621454804075
puccinia_hordei,svr_rbf,3.811055463,4.348391101897804
puccinia_hordei,svr_rbf,6.300599924,5.659202386000457
puccinia_hordei,svr_rbf,3.603779553,5.275414525712592
puccinia_hordei,svr_rbf,5.107347502,4.332461240165301
puccinia_hordei,svr_rbf,3.892149974,4.322810344975491
puccinia_hordei,svr_rbf,6.037754899,5.6051290808970915
puccinia_hordei,svr_rbf,2.986500288,3.3387958085820166
puccinia_hordei,svr_rbf,5.085301335,4.666076024149011
puccinia_hordei,svr_rbf,3.75953967,4.810399365794491
puccinia_hordei,svr_rbf,3.867121615,4.670666170351257
puccinia_hordei,svr_rbf,4.934474187,3.9062830921207663
puccinia_hordei,svr_rbf,3.557623393,4.0425470919323985
puccinia_hordei,svr_rbf,3.694606242,3.977671964518904
puccinia_hordei,svr_rbf,3.743767297,3.4851393187510933
puccinia_hordei,svr_rbf,4.811330702,4.841154801446019
puccinia_hordei,svr_rbf,5.48575449,4.298915641966726
puccinia_hordei,svr_rbf,3.439067514,3.5198141844362834
puccinia_hordei,svr_rbf,4.79729568,4.055136960094824
puccinia_hordei,svr_rbf,3.15352416,3.333808795414793
puccinia_hordei,svr_rbf,5.882034504,6.084378235564588
puccinia_hordei,svr_rbf,5.863594491,5.659420010396578
puccinia_hordei,svr_rbf,5.769068013,5.5414003676233206
puccinia_hordei,svr_rbf,5.597621919,5.058314733760906
puccinia_hordei,svr_rbf,4.087469778,3.5958800937137863
puccinia_hordei,svr_rbf,5.297600796,4.823271961759099
puccinia_hordei,svr_rbf,5.694146769,4.630277593692552
puccinia_hordei,svr_rbf,4.916357531,4.2360918631430255
puccinia_hordei,svr_rbf,4.013740811,4.961382926853049
puccinia_hordei,svr_rbf,3.264362148,4.129156079671466
puccinia_hordei,svr_rbf,5.186607252,4.5024989598053455
puccinia_hordei,svr_rbf,5.305322064,4.386083162894955
puccinia_hordei,svr_rbf,4.034457326,3.906945376832617
puccinia_hordei,svr_rbf,5.370473982,5.062499229878875
puccinia_hordei,svr_rbf,3.665065449,4.4006826167575825
puccinia_hordei,svr_rbf,3.904151627,4.905684928465426
puccinia_hordei,svr_rbf,3.465693914,4.460698960302898
puccinia_hordei,svr_rbf,4.739315934,4.160904223680462
puccinia_hordei,svr_rbf,4.677228227,4.451615004938849
puccinia_hordei,svr_rbf,4.906338264,4.751984140005797
puccinia_hordei,svr_rbf,4.245558176,3.972416742717447
puccinia_hordei,svr_rbf,4.059026695,4.473477909921643
puccinia_hordei,svr_rbf,3.76358415,4.216651665334205
puccinia_hordei,svr_rbf,4.184214872,3.58603113213225
puccinia_hordei,svr_rbf,5.058798432,3.8872581916474216
puccinia_hordei,svr_rbf,4.008280335,4.884222794945266
puccinia_hordei,svr_rbf,5.643715611,5.1604341375551686
puccinia_hordei,svr_rbf,5.239935078,5.220623593773271
puccinia_hordei,svr_rbf,3.080240091,4.552524331304387
puccinia_hordei,svr_rbf,3.779871727,4.865620494909448
puccinia_hordei,svr_rbf,2.103124196,3.8770487650123235
puccinia_hordei,svr_rbf,3.148806516,2.7850319112295936
puccinia_hordei,svr_rbf,5.663335825,4.555851182129292
puccinia_hordei,svr_rbf,3.33456567,3.7329232850912843
puccinia_hordei,svr_rbf,5.059118732,4.900977285899295
puccinia_hordei,svr_rbf,2.91762368,4.031202808385908
puccinia_hordei,svr_rbf,3.717596471,3.803294096671549
puccinia_hordei,svr_rbf,3.569822237,4.449978602127873
puccinia_hordei,svr_rbf,3.002257017,4.374704976632543
puccinia_hordei,svr_rbf,6.497600366,6.270887556914043
puccinia_hordei,svr_rbf,5.538474763,4.983377294750313
puccinia_hordei,svr_rbf,5.852271628,5.171629823716436
puccinia_hordei,svr_rbf,5.637326704,4.910405951796282
puccinia_hordei,svr_rbf,4.083270138,4.3857198923056835
puccinia_hordei,svr_rbf,5.093261544,5.015831470718373
puccinia_hordei,svr_rbf,4.848950102,4.9536446931226
puccinia_hordei,svr_rbf,4.86946176,4.706082075340873
puccinia_hordei,svr_rbf,4.583306968,4.94633652630875
puccinia_hordei,svr_rbf,4.545383864,4.731305439233813
puccinia_hordei,svr_rbf,4.701328131,5.143754285446898
puccinia_hordei,svr_rbf,4.861684252,4.879057715592182
puccinia_hordei,svr_rbf,6.000967952,5.760554148642455
puccinia_hordei,svr_rbf,5.47049407,4.39735225844891
puccinia_hordei,svr_rbf,6.004139063,5.315890059729896
puccinia_hordei,svr_rbf,2.90591926,4.305467336715221
puccinia_hordei,svr_rbf,3.595792888,3.8368675592377723
puccinia_hordei,svr_rbf,3.742547336,4.529559612683196
puccinia_hordei,svr_rbf,3.926045157,5.165512439805343
puccinia_hordei,svr_rbf,4.10638058,4.586113121551248
puccinia_hordei,svr_rbf,5.819141386,4.9192675585047905
puccinia_hordei,svr_rbf,3.852033452,4.1625717158798405
puccinia_hordei,svr_rbf,3.466896958,3.9339616274874594
puccinia_hordei,svr_rbf,3.121519459,3.6255598016817068
puccinia_hordei,svr_rbf,2.626746852,4.125344474027478
puccinia_hordei,svr_rbf,5.524248201,4.677439999697317
puccinia_hordei,svr_rbf,5.653535504,5.4535381046703035
puccinia_hordei,svr_rbf,5.375965049,5.124196097610543
puccinia_hordei,svr_rbf,5.463966235,5.135845556146312
puccinia_hordei,svr_rbf,4.934323666,5.835314255154276
puccinia_hordei,svr_rbf,5.856312,4.1816314257444045
puccinia_hordei,svr_rbf,5.074007487,4.859012348779356
puccinia_hordei,svr_rbf,4.800183115,4.720719379920168
puccinia_hordei,svr_rbf,4.848370155,5.271020358878934
puccinia_hordei,svr_rbf,5.71047576,5.21557565303066
puccinia_hordei,svr_rbf,5.087022338,4.716080793565297
puccinia_hordei,svr_rbf,4.127803289,4.985262334497689
puccinia_hordei,svr_rbf,4.922041341,4.303307230647315
puccinia_hordei,svr_rbf,4.82250767,4.101232321769031
puccinia_hordei,svr_rbf,5.326418857,4.720285537600997
puccinia_hordei,svr_rbf,5.656986911,5.0402842837877015
puccinia_hordei,svr_rbf,5.602496487,5.359441583167288
puccinia_hordei,svr_rbf,5.720915105,6.683303322249166
puccinia_hordei,svr_rbf,5.050148355,4.203618288470865
puccinia_hordei,svr_rbf,4.6183157,4.491946339149002
puccinia_hordei,svr_rbf,6.028429495,4.803274261353545
puccinia_hordei,svr_rbf,4.043158845,4.1120559444256894
puccinia_hordei,svr_rbf,5.538998703,5.045053147532866
puccinia_hordei,svr_rbf,3.386979033,4.208810124903576
puccinia_hordei,svr_rbf,3.921671116,3.9257698553633524
puccinia_hordei,svr_rbf,3.857271585,4.1832450375540295
puccinia_hordei,svr_rbf,3.435175658,4.022144670576449
puccinia_hordei,svr_rbf,4.965261045,5.051869492091586
puccinia_hordei,svr_rbf,4.223525895,3.7510690360304357
puccinia_hordei,svr_rbf,3.455699374,4.54256274324686
puccinia_hordei,svr_rbf,5.647607553,5.327635480575359
puccinia_hordei,svr_rbf,4.703847485,4.555745360688237
puccinia_hordei,svr_rbf,4.19960416,3.9715426842294357
puccinia_hordei,svr_rbf,4.751856953,5.1544757315664995
puccinia_hordei,svr_rbf,3.904698802,4.4447557816676735
puccinia_hordei,svr_rbf,4.969817642,3.8841910774703936
puccinia_hordei,svr_rbf,3.625439002,3.78562175647525
puccinia_hordei,svr_rbf,4.669522589,3.9911845763929623
puccinia_hordei,svr_rbf,4.134243211,4.506576989102818
puccinia_hordei,svr_rbf,5.12332523,5.190940873330565
puccinia_hordei,svr_rbf,3.986774417,4.867928524036817
puccinia_hordei,svr_rbf,5.174359391,4.616489118466998
puccinia_hordei,svr_rbf,4.530805269,5.020648736998045
puccinia_hordei,svr_rbf,4.531428282,4.815969288392501
puccinia_hordei,svr_rbf,4.852406174,4.8542719803168675
puccinia_hordei,svr_rbf,4.489280749,5.01617673863953
puccinia_hordei,svr_rbf,4.633206945,4.8941147523450015
puccinia_hordei,svr_rbf,4.455678871,4.538654966031068
puccinia_hordei,svr_rbf,5.41148054,4.621438972805957
puccinia_hordei,svr_rbf,4.535905114,3.2285232496594203
puccinia_hordei,svr_rbf,4.549321502,5.050025881535275
puccinia_hordei,svr_rbf,3.607289483,3.379773267154316
puccinia_hordei,svr_rbf,3.907498686,4.588909783032239
puccinia_hordei,svr_rbf,3.958437643,4.270181117817865
puccinia_hordei,svr_rbf,5.106923718,4.245801479410631
puccinia_hordei,svr_rbf,5.377003654,4.822596228304667
puccinia_hordei,svr_rbf,4.568067401,5.264250440389923
puccinia_hordei,svr_rbf,6.09178368,5.724076304353619
puccinia_hordei,svr_rbf,4.082630528,4.164017497051429
puccinia_hordei,svr_rbf,4.438538148,4.924029478799217
puccinia_hordei,svr_rbf,4.385093768,3.83244359810502
puccinia_hordei,svr_rbf,3.692774327,4.56778051534856
puccinia_hordei,svr_rbf,5.679074842,6.151308606157574
puccinia_hordei,svr_rbf,4.647541678,4.294785114398603
puccinia_hordei,svr_rbf,3.846789238,4.636280771749865
puccinia_hordei,svr_rbf,4.346915323,4.638156647168946
puccinia_hordei,svr_rbf,5.207567498,4.5014325098342365
puccinia_hordei,svr_rbf,3.362645237,3.260353742832858
puccinia_hordei,svr_rbf,4.313143032,4.6588015616742
puccinia_hordei,svr_rbf,2.521830956,4.520104776331077
puccinia_hordei,svr_rbf,4.672090341,3.9396713760038775
puccinia_hordei,svr_rbf,5.510220644,6.0182788258405004
puccinia_hordei,svr_rbf,4.992737536,3.9682971615561993
puccinia_hordei,svr_rbf,5.571061885,5.249684120344256
puccinia_hordei,svr_rbf,4.839797396,3.5986334320804056
puccinia_hordei,svr_rbf,3.586721187,3.1662319728556114
puccinia_hordei,svr_rbf,4.094695229,5.260716928410767
puccinia_hordei,svr_rbf,2.948983953,3.4250932940617123
puccinia_hordei,svr_rbf,5.739080027,4.830337754408676
puccinia_hordei,svr_rbf,4.525223178,3.5435084130014047
puccinia_hordei,svr_rbf,3.430325804,3.523661813477172
puccinia_hordei,svr_rbf,4.825098332,4.264262999180797
puccinia_hordei,svr_rbf,4.941104162,5.21631808932789
puccinia_hordei,svr_rbf,3.102552644,3.8186446200611845
puccinia_hordei,svr_rbf,5.041372359,4.597098738351365
puccinia_hordei,svr_rbf,4.978419346,4.580594766850346
puccinia_hordei,svr_rbf,5.419200692,5.362853853925596
puccinia_hordei,svr_rbf,3.410690058,3.7279242195307836
puccinia_hordei,svr_rbf,5.160131284,5.19938292262534
puccinia_hordei,svr_rbf,3.671626843,5.059763139692347
puccinia_hordei,svr_rbf,4.468252791,4.865904696839021
puccinia_hordei,svr_rbf,4.900481838,4.786539220962539
puccinia_hordei,svr_rbf,5.903498933,5.653774217018173
puccinia_hordei,svr_rbf,4.518984673,3.972757578744046
puccinia_hordei,svr_rbf,5.295476952,6.2934605772328425
puccinia_hordei,svr_rbf,3.433155592,4.102145708168659
puccinia_hordei,svr_rbf,3.558267531,4.533222300336739
puccinia_hordei,svr_rbf,4.136747266,4.825265675685383
puccinia_hordei,svr_rbf,6.029060577,5.173537160053689
puccinia_hordei,svr_rbf,5.014044238,4.7736688056889145
puccinia_hordei,svr_rbf,5.088079196,5.373356133990121
puccinia_hordei,svr_rbf,3.975110727,3.955754476624015
puccinia_hordei,svr_rbf,3.997853383,3.538851282259457
puccinia_hordei,svr_rbf,5.109265525,3.5488860889248603
puccinia_hordei,svr_rbf,4.057626893,4.836296452056932
puccinia_hordei,svr_rbf,4.086296693,3.7987920307412906
puccinia_hordei,svr_rbf,4.634814595,3.2789875437652953
puccinia_hordei,svr_rbf,2.555611844,3.1241213611927834
puccinia_hordei,svr_rbf,3.407975487,3.120309211137135
puccinia_hordei,svr_rbf,3.010003602,3.523072918216486
puccinia_hordei,svr_rbf,5.481629511,6.496115690971417
puccinia_hordei,svr_rbf,5.227385109,4.968150665638931
puccinia_hordei,svr_rbf,4.80791175,6.527761107431659
puccinia_hordei,svr_rbf,5.50703143,4.3104974182123765
puccinia_hordei,svr_rbf,3.096080413,4.2103666861899605
puccinia_hordei,svr_rbf,4.50764515,4.405835964699815
puccinia_hordei,svr_rbf,4.319122344,4.358218858805037
puccinia_hordei,svr_rbf,3.824176995,4.1321521457972334
puccinia_hordei,svr_rbf,4.100141003,5.196183983114267
puccinia_hordei,svr_rbf,4.443141645,4.926916603066215
puccinia_hordei,svr_rbf,2.971688826,3.703630408627484
puccinia_hordei,svr_rbf,3.696541077,3.8849989578352035
puccinia_hordei,svr_rbf,4.745375507,4.367676504915182
puccinia_hordei,svr_rbf,4.350952086,4.69377457563713
puccinia_hordei,svr_rbf,4.86964648,4.37123457017931
puccinia_hordei,svr_rbf,4.202576015,4.875105066164816
puccinia_hordei,svr_rbf,4.363643853,4.8671818971422
puccinia_hordei,svr_rbf,3.896403524,4.071285520478839
puccinia_hordei,svr_rbf,3.615140713,4.20669565735953
puccinia_hordei,svr_rbf,3.05812978,4.277017273415852
puccinia_hordei,svr_rbf,3.339806624,3.42809825617879
puccinia_hordei,svr_rbf,5.236616573,4.928264676278227
puccinia_hordei,svr_rbf,3.16213825,4.152511960848096
puccinia_hordei,svr_rbf,5.724021594,3.813211811119263
puccinia_hordei,svr_rbf,3.497067139,4.876035693675114
puccinia_hordei,svr_rbf,4.896840812,4.6705614996135
puccinia_hordei,svr_rbf,3.949604005,4.140745401845045
puccinia_hordei,svr_rbf,4.428101252,4.198751524657073
puccinia_hordei,svr_rbf,4.904667963,4.958401658506084
puccinia_hordei,svr_rbf,4.081287755,3.9999143659885217
puccinia_hordei,svr_rbf,5.285811494,4.805057401552575
puccinia_hordei,svr_rbf,4.896686515,5.4059371694904765
puccinia_hordei,svr_rbf,3.732297059,3.8489139508006414
puccinia_hordei,svr_rbf,4.420422042,5.374320742686222
puccinia_hordei,svr_rbf,4.868603108,4.258087691878467
puccinia_hordei,svr_rbf,3.899499026,3.8104872080131176
puccinia_hordei,svr_rbf,4.013155235,4.749831452941961
puccinia_hordei,svr_rbf,3.794360838,4.357455148618401
puccinia_hordei,svr_rbf,6.444457289,5.464254494549779
puccinia_hordei,svr_rbf,5.197134184,5.345216403559899
puccinia_hordei,svr_rbf,3.066799223,3.643746640731389
puccinia_hordei,svr_rbf,6.620807864,5.669721473243848
puccinia_hordei,svr_rbf,5.765854794,5.2827469428443
puccinia_hordei,svr_rbf,6.19995437,5.803785256218595
puccinia_hordei,svr_rbf,5.433274636,6.091674230183333
puccinia_hordei,svr_rbf,6.38845092,5.6493731615674445
puccinia_hordei,svr_rbf,4.787595621,5.4489702448227275
puccinia_hordei,svr_rbf,5.525437754,4.135375272739639
puccinia_hordei,svr_rbf,3.344554043,3.454144124472178
puccinia_hordei,svr_rbf,6.267438295,4.921108739961111
puccinia_hordei,svr_rbf,5.544931122,5.326115853634249
puccinia_hordei,svr_rbf,3.456472424,4.422568567857899
puccinia_hordei,svr_rbf,6.039983709,4.543529921682638
puccinia_hordei,svr_rbf,5.44120136,5.350957787605015
puccinia_hordei,svr_rbf,2.785763907,2.867068853723885
puccinia_hordei,svr_rbf,3.119575943,4.37775553553131
puccinia_hordei,svr_rbf,5.35484517,4.866869052203457
puccinia_hordei,svr_rbf,4.120542269,4.76837030971349
puccinia_hordei,svr_rbf,5.241229794,5.403314493669463
puccinia_hordei,svr_rbf,5.099732813,5.869528365284651
puccinia_hordei,svr_rbf,5.705215963,4.929376942266197
puccinia_hordei,svr_rbf,4.042952541,3.9862520001655386
puccinia_hordei,svr_rbf,5.765191154,4.711497607803968
puccinia_hordei,svr_rbf,4.817727217,4.788959349600431
puccinia_hordei,svr_rbf,4.14271312,4.464057568090034
puccinia_hordei,svr_rbf,4.05445961,4.074425453023273
puccinia_hordei,svr_rbf,3.630235921,4.391087748299716
puccinia_hordei,svr_rbf,5.316746772,5.189694357488385
puccinia_hordei,svr_rbf,5.349038142,4.970751073180715
puccinia_hordei,svr_rbf,4.297290653,4.772128240193489
puccinia_hordei,svr_rbf,4.24629282,5.234383572929515
puccinia_hordei,svr_rbf,3.577584274,3.9141318435706194
puccinia_hordei,svr_rbf,4.252503562,4.348368044939725
puccinia_hordei,svr_rbf,3.938115162,3.9136111520099357
puccinia_hordei,svr_rbf,4.026439413,4.87942152771954
puccinia_hordei,svr_rbf,2.936467325,3.7311060115775803
puccinia_hordei,svr_rbf,3.494077012,4.9822971686419235
puccinia_hordei,svr_rbf,3.943247746,5.7427435012595005
puccinia_hordei,svr_rbf,4.004435333,4.8605093133895165
puccinia_hordei,svr_rbf,3.711776611,4.817150547194224
puccinia_hordei,svr_rbf,3.495590721,5.708019216044305
puccinia_hordei,svr_rbf,5.008356167,4.941964894733559
puccinia_hordei,svr_rbf,4.030562748,5.3028850345485825
puccinia_hordei,svr_rbf,4.573895269,4.736058254658829
puccinia_hordei,svr_rbf,3.830039131,4.637638923214872
puccinia_hordei,svr_rbf,3.393259304,4.6204459886381795
puccinia_hordei,svr_rbf,4.598259415,5.079036995877379
puccinia_hordei,svr_rbf,5.335554388,5.122511151466199
puccinia_hordei,svr_rbf,2.969744743,3.5007920842865166
puccinia_hordei,svr_rbf,4.221697571,4.534501481028837
puccinia_hordei,svr_rbf,4.263509389,4.096277466090431
puccinia_hordei,svr_rbf,3.541075254,3.539000839311994
puccinia_hordei,svr_rbf,3.792012981,3.9910898668755084
puccinia_hordei,svr_rbf,4.271702693,4.076526544305365
puccinia_hordei,svr_rbf,4.16990622,4.760780092766225
puccinia_hordei,svr_rbf,5.107867709,4.382506357400227
puccinia_hordei,svr_rbf,2.964698411,4.15885821976689
puccinia_hordei,svr_rbf,3.864113318,3.678915900277031
puccinia_hordei,svr_rbf,4.422938185,4.857677701250377
puccinia_hordei,svr_rbf,5.521443783,5.196160764149368
puccinia_hordei,svr_rbf,4.516980963,4.388993227190203
puccinia_hordei,svr_rbf,3.661490862,3.948535722192651
puccinia_hordei,svr_rbf,5.206190171,5.405364504856354
puccinia_hordei,svr_rbf,4.163978409,4.574387645411857
puccinia_hordei,svr_rbf,4.68621716,4.149729231498234
puccinia_hordei,svr_rbf,4.643771431,4.906452632724158
puccinia_hordei,svr_rbf,6.497719785,5.203427456635095
puccinia_hordei,svr_rbf,4.712747766,4.795786006103505
puccinia_hordei,svr_rbf,5.29316104,5.458544860322391
puccinia_hordei,svr_rbf,3.850808413,4.359417235068598
puccinia_hordei,svr_rbf,2.817666015,4.638280246568199
puccinia_hordei,svr_rbf,5.324818828,4.550957083739304
puccinia_hordei,svr_rbf,2.798906716,3.880753771141717
puccinia_hordei,svr_rbf,3.326486445,4.041062753229703
puccinia_hordei,svr_rbf,5.758948123,5.889980013421321
puccinia_hordei,svr_rbf,4.522150471,3.8576897561661854
puccinia_hordei,svr_rbf,4.19222051,3.633894842411947
puccinia_hordei,svr_rbf,4.889351019,4.192867530725468
puccinia_hordei,svr_rbf,3.349282165,3.9291380897625303
puccinia_hordei,svr_rbf,4.894538768,5.1798229409751695
puccinia_hordei,svr_rbf,5.577261257,5.362405517858789
puccinia_hordei,svr_rbf,4.561562062,5.420163504217609
puccinia_hordei,svr_rbf,5.051885203,4.31519604640582
puccinia_hordei,svr_rbf,4.175492147,4.379932856187045
puccinia_hordei,svr_rbf,5.821787061,5.751746332925202
puccinia_hordei,svr_rbf,5.579656745,5.106682757452682
puccinia_hordei,svr_rbf,4.862943299,5.820649798164577
puccinia_hordei,svr_rbf,5.430246734,5.041618851946964
puccinia_hordei,svr_rbf,4.226174685,4.743571137852583
puccinia_hordei,svr_rbf,5.052717324,4.630927503145896
puccinia_hordei,svr_rbf,4.629827894,4.624647663429744
puccinia_hordei,svr_rbf,3.83315006,3.75357730035737
puccinia_hordei,svr_rbf,3.3889216,3.4901524350723303
puccinia_hordei,svr_rbf,3.165540835,3.7972945521489363
puccinia_hordei,svr_rbf,4.383542268,3.6695375231970555
puccinia_hordei,svr_rbf,5.403716878,4.68319691935462
puccinia_hordei,svr_rbf,4.539167507,4.029543566170131
puccinia_hordei,svr_rbf,3.724590194,4.346865110867947
puccinia_hordei,svr_rbf,5.771486819,5.161657947563453
puccinia_hordei,svr_rbf,4.952567492,4.510228773783035
puccinia_hordei,svr_rbf,5.010515738,4.654098275129021
puccinia_hordei,svr_rbf,5.263843284,4.628586264849424
puccinia_hordei,svr_rbf,2.657051554,4.920988878041726
puccinia_hordei,svr_rbf,4.748758793,4.969542222634505
puccinia_hordei,svr_rbf,5.182112679,4.799829142591958
puccinia_hordei,svr_rbf,5.179698314,5.15799690462587
puccinia_hordei,svr_rbf,3.527817983,3.8183925192642407
puccinia_hordei,svr_rbf,4.009452371,4.653750582986881
puccinia_hordei,svr_rbf,3.364840056,3.7285804782172605
puccinia_hordei,svr_rbf,3.861971881,3.496662760772477
puccinia_hordei,svr_rbf,3.432145705,4.5358284085865215
puccinia_hordei,svr_rbf,4.868892999,4.40896211757752
puccinia_hordei,svr_rbf,5.862539121,4.89258852739839
puccinia_hordei,svr_rbf,4.034815353,4.3108647743714075
puccinia_hordei,svr_rbf,4.664127628,3.0438260332738745
puccinia_hordei,svr_rbf,3.285346936,4.067344547534692
puccinia_hordei,svr_rbf,5.010424909,5.083018229859917
puccinia_hordei,svr_rbf,5.074368633,4.435779442346304
puccinia_hordei,svr_rbf,5.241909893,5.234195363011988
puccinia_hordei,svr_rbf,3.682242283,3.519881274045198
puccinia_hordei,svr_rbf,5.434867234,5.220610587292047
puccinia_hordei,svr_rbf,5.6613006734999995,5.231003442053248
puccinia_hordei,svr_rbf,3.229585757,3.91750864216546
puccinia_hordei,svr_rbf,3.663392335,5.401318017986066
puccinia_hordei,svr_rbf,4.960693099,5.39913060820396
puccinia_hordei,svr_rbf,5.868809945,5.653802405241489
puccinia_hordei,svr_rbf,4.890440306,4.76686843241569
puccinia_hordei,svr_rbf,4.83733673,5.0487607048884175
puccinia_hordei,svr_rbf,4.692139715,5.675048072346536
puccinia_hordei,svr_rbf,3.03867019,3.523313005019382
puccinia_hordei,svr_rbf,5.583360352,5.196714160289254
puccinia_hordei,svr_rbf,4.748978196,3.74603267076105
puccinia_hordei,svr_rbf,5.428134624,5.708938608307375
puccinia_hordei,svr_rbf,2.977593898,3.512822095390893
puccinia_hordei,svr_rbf,4.658850812,5.783289523960748
puccinia_hordei,svr_rbf,5.776782656,5.480428161849614
puccinia_hordei,svr_rbf,4.082488022,3.83239338516284
puccinia_hordei,svr_rbf,4.89567263,5.376875783393905
puccinia_hordei,svr_rbf,4.20501813,3.268386135014935
puccinia_hordei,svr_rbf,2.729399592,3.7673153511046764
puccinia_hordei,svr_rbf,3.653255173,3.7051837511181773
puccinia_hordei,svr_rbf,5.872121331,5.114510983329285
puccinia_hordei,svr_rbf,3.447762162,3.6049611499166647
puccinia_hordei,svr_rbf,4.676304311,6.020434619584263
puccinia_hordei,svr_rbf,5.217024954,4.469575692470647
puccinia_hordei,svr_rbf,3.207299013,3.6836386426572036
puccinia_hordei,svr_rbf,4.847468854,4.750861633542973
puccinia_hordei,svr_rbf,4.830592296,4.202065629034689
puccinia_hordei,svr_rbf,3.339689623,4.228678935437826
puccinia_hordei,svr_rbf,3.488740747,5.225788176864438
puccinia_hordei,svr_rbf,3.439518465,4.646182645469129
puccinia_hordei,svr_rbf,5.833532868,6.408735299093165
puccinia_hordei,svr_rbf,5.726448185,5.8927128680902285
puccinia_hordei,svr_rbf,3.780428288,4.0235051616352795
puccinia_hordei,svr_rbf,5.527012979,6.335066522095506
puccinia_hordei,svr_rbf,5.843337056,5.77266570187662
puccinia_hordei,svr_rbf,5.2576874,5.452393838313972
puccinia_hordei,svr_rbf,3.022248958,3.7028975663789057
puccinia_hordei,svr_rbf,6.685474056,5.5978733667080816
puccinia_hordei,svr_rbf,5.86449009,5.449452610955363
puccinia_hordei,svr_rbf,5.954275428,5.903459608626332
puccinia_hordei,svr_rbf,3.28654681,4.133864582719389
puccinia_hordei,svr_rbf,3.85782238,4.306215382856036
puccinia_hordei,svr_rbf,4.481067802,4.657265768276505
puccinia_hordei,svr_rbf,4.400099721,4.937353871772649
puccinia_hordei,svr_rbf,4.782022514,5.154735766433754
puccinia_hordei,svr_rbf,4.825730713,4.57349643634361
puccinia_hordei,svr_rbf,5.691663641,5.008038101052019
puccinia_hordei,svr_rbf,5.104549447,5.183953968863677
puccinia_hordei,svr_rbf,4.642575309,4.961847091140762
puccinia_hordei,svr_rbf,5.396360299,4.813273212794108
puccinia_hordei,svr_rbf,4.550016155,4.959506236754667
puccinia_hordei,svr_rbf,5.414262648,4.952567689565151
puccinia_hordei,svr_rbf,5.24630128,5.312120301260034
puccinia_hordei,svr_rbf,5.498271636,5.197448112322515
puccinia_hordei,svr_rbf,5.473429974,4.846768620087694
puccinia_hordei,svr_rbf,4.82153375,4.8011778555908275
puccinia_hordei,svr_rbf,3.482597714,4.592950168185785
puccinia_hordei,svr_rbf,5.927656802,4.82226622374959
puccinia_hordei,svr_rbf,5.826212559,5.904705480559006
puccinia_hordei,svr_rbf,5.759761174,5.995055768144958
puccinia_hordei,svr_rbf,6.341249515,5.914167171223241
puccinia_hordei,svr_rbf,5.67509724,5.466430588164857
puccinia_hordei,svr_rbf,4.91831111,5.9312657416838075
puccinia_hordei,svr_rbf,6.141965853,5.532078788346657
puccinia_hordei,svr_rbf,3.993190548,4.865355568122431
puccinia_hordei,svr_rbf,3.347731522,5.122561769671759
puccinia_hordei,svr_rbf,5.277420574,5.00035739302784
puccinia_hordei,svr_rbf,5.970150625,4.873242365272407
puccinia_hordei,svr_rbf,3.49127002,3.7179177530004788
puccinia_hordei,svr_rbf,3.753245093,3.4268166622549048
puccinia_hordei,svr_rbf,2.332783491,3.1895259331728116
puccinia_hordei,svr_rbf,2.683943119,3.4651429326992473
puccinia_hordei,svr_rbf,3.738838783,4.321497731374581
puccinia_hordei,svr_rbf,4.279829602,4.956067900583048
puccinia_hordei,svr_rbf,5.905016495,5.231921689033001
puccinia_hordei,svr_rbf,5.385033333,5.00956060184549
puccinia_hordei,svr_rbf,4.386601769,4.433601031554243
puccinia_hordei,svr_rbf,4.028763501,3.577621999186671
puccinia_hordei,svr_rbf,4.700050791,5.671306928790206
puccinia_hordei,svr_rbf,3.365292138,3.5571467255444875
puccinia_hordei,svr_rbf,2.953068205,3.514899528446362
puccinia_hordei,svr_rbf,5.433006589,5.118981852271385
puccinia_hordei,svr_rbf,3.007970722,3.642641154055356
puccinia_hordei,svr_rbf,4.275437384,4.359386348922235
puccinia_hordei,svr_rbf,2.709740814,3.3380747899683114
puccinia_hordei,svr_rbf,4.292255029,4.827438340196409
puccinia_hordei,svr_rbf,5.886303936,4.698098756046038
puccinia_hordei,svr_rbf,3.480316969,4.709844148986543
puccinia_hordei,svr_rbf,4.333216835,4.637891030097835
puccinia_hordei,svr_rbf,3.920769911,4.735935135283433
puccinia_hordei,svr_rbf,3.513263431,3.548127974757635
puccinia_hordei,svr_rbf,4.646092256,4.773306337382095
puccinia_hordei,svr_rbf,5.74539154,5.099603558769389
puccinia_hordei,svr_rbf,3.931890687,3.9993377733672197
puccinia_hordei,svr_rbf,3.897114854,4.325789053589337
puccinia_hordei,svr_rbf,5.771386368,5.64025227586863
puccinia_hordei,svr_rbf,4.403653465,4.095638307789939
puccinia_hordei,svr_rbf,4.425953405,4.662662600435007
puccinia_hordei,svr_rbf,3.73658681,3.4835419062318094
puccinia_hordei,svr_rbf,3.95518653,3.3971861752639034
puccinia_hordei,svr_rbf,3.817785793,3.533907913202145
puccinia_hordei,svr_rbf,3.130920046,4.985429852497601
puccinia_hordei,svr_rbf,5.59360552,5.184967389336849
puccinia_hordei,svr_rbf,4.84819905,4.4174598681146895
puccinia_hordei,svr_rbf,3.201428656,3.248273697151781
puccinia_hordei,svr_rbf,3.409885012,3.8334231025401566
puccinia_hordei,svr_rbf,3.764890926,4.969946271245301
puccinia_hordei,svr_rbf,5.814374148,6.325528572437703
puccinia_hordei,svr_rbf,3.728880277,4.734496687857752
puccinia_hordei,svr_rbf,5.910693124,4.6658824243482
puccinia_hordei,svr_rbf,5.489845179,3.6926416666833863
puccinia_hordei,svr_rbf,3.14263305,3.634361990455373
puccinia_hordei,svr_rbf,2.854584712,4.101140086466787
puccinia_hordei,svr_rbf,6.29308379,4.925780308833832
puccinia_hordei,svr_rbf,5.486235387,3.736200121549188
puccinia_hordei,svr_rbf,4.828328054,4.661424886188798
puccinia_hordei,svr_rbf,3.600879732,4.848416241568646
puccinia_hordei,svr_rbf,3.013072399,3.9961917489785512
puccinia_hordei,svr_rbf,6.978953069,4.436494919907037
puccinia_hordei,svr_rbf,4.099397844,4.738835452895186
puccinia_hordei,svr_rbf,6.28062142,4.210891535039404
puccinia_hordei,svr_rbf,5.216375639,4.2858307815559575
puccinia_hordei,svr_rbf,3.926738647,4.403792207036171
puccinia_hordei,svr_rbf,2.994304006,4.615732026803333
puccinia_hordei,svr_rbf,4.452775001,4.675310782260498
puccinia_hordei,svr_rbf,3.492837986,4.567736775574194
puccinia_hordei,svr_rbf,6.660369389,6.310727030741753
puccinia_hordei,svr_rbf,6.000833412,4.64357661396256
puccinia_hordei,svr_rbf,3.706879108,4.463169424996239
puccinia_hordei,svr_rbf,4.410125616,4.687209080622358
puccinia_hordei,svr_rbf,3.893309743,4.076421857454134
puccinia_hordei,svr_rbf,3.366426244,3.6170774083198696
puccinia_hordei,svr_rbf,6.28583978,3.89530384283182
puccinia_hordei,svr_rbf,5.410506064,3.885387885350866
puccinia_hordei,svr_rbf,4.928978647,4.2254335838764465
puccinia_hordei,svr_rbf,5.56034475,4.311062324131079
puccinia_hordei,svr_rbf,4.20630793,4.948486452510873
puccinia_hordei,svr_rbf,5.766364463,3.703416788075016
puccinia_hordei,svr_rbf,4.461187988,3.6730839634287022
puccinia_hordei,svr_rbf,4.391928618,4.307534864446209
puccinia_hordei,svr_rbf,4.951212932,4.1843290118988
puccinia_hordei,svr_rbf,3.100514446,4.181369333574516
puccinia_hordei,svr_rbf,3.65550809,3.7366770508968874
puccinia_hordei,svr_rbf,5.154977936,4.609861015644192
puccinia_hordei,svr_rbf,3.574311524,3.510002282150737
puccinia_hordei,svr_rbf,4.512866397,4.3931479950485315
puccinia_hordei,svr_rbf,3.189763183,4.262280673590899
puccinia_hordei,svr_rbf,4.515335705,4.423889623565268
puccinia_hordei,svr_rbf,4.587312235,4.243073935439861
puccinia_hordei,svr_rbf,4.645168871,4.912294441094035
puccinia_hordei,svr_rbf,3.843870823,4.220577184707524
puccinia_hordei,svr_rbf,6.080432576,5.308717005160321
puccinia_hordei,svr_rbf,5.473671975,3.415208318084132
puccinia_hordei,svr_rbf,5.79300262,4.28911925712517
puccinia_hordei,svr_rbf,5.246789933,4.15366415334524
puccinia_hordei,svr_rbf,6.973048002,5.700416039737856
puccinia_hordei,svr_rbf,3.250193053,4.157790174404566
puccinia_hordei,svr_rbf,4.609314309,4.553085959964235
puccinia_hordei,svr_rbf,3.542777887,4.6698327821595065
puccinia_hordei,svr_rbf,6.389609511,6.19127242394144
puccinia_hordei,svr_rbf,7.702860857,5.094055102970032
puccinia_hordei,svr_rbf,6.772145694,5.5061476286447775
puccinia_hordei,svr_rbf,6.590323465,6.158874926210954
puccinia_hordei,svr_rbf,7.85144456,6.1213613729745875
puccinia_hordei,svr_rbf,7.044387211,5.455673911540954
puccinia_hordei,svr_rbf,7.327804153,5.321596408078555
puccinia_hordei,svr_rbf,6.962556899,5.07540633883335
puccinia_hordei,svr_rbf,5.122119826,5.01071772670385
puccinia_hordei,svr_rbf,7.327437091,6.142816390700499
puccinia_hordei,svr_rbf,7.444561933,5.253776140491009
puccinia_hordei,svr_rbf,3.666045076,3.9843678813584056
puccinia_hordei,svr_rbf,4.634229918,4.8257766682805165
puccinia_hordei,svr_rbf,6.243156559,5.825718278223095
puccinia_hordei,svr_rbf,7.679669242,5.2963884989737
puccinia_hordei,svr_rbf,7.626089798,5.025589100691518
puccinia_hordei,svr_rbf,4.607272932,5.429707043480766
puccinia_hordei,svr_rbf,5.116937701,5.04684359882086
puccinia_hordei,svr_rbf,6.258365644,4.450826030189198
puccinia_hordei,svr_rbf,6.400456816,4.982632680769036
puccinia_hordei,svr_rbf,4.731585335,4.821106116131309
puccinia_hordei,svr_rbf,7.939244019,4.9262320886517434
puccinia_hordei,svr_rbf,7.059298658,5.292142589320228
puccinia_hordei,svr_rbf,5.005057076,4.305726040016948
puccinia_hordei,svr_rbf,7.231759129,6.68355442712423
puccinia_hordei,svr_rbf,7.478580528,4.475633725752223
puccinia_hordei,svr_rbf,6.147850097,4.638224578544952
puccinia_hordei,svr_rbf,6.326648927,5.214334407319842
puccinia_hordei,svr_rbf,3.499184401,3.9197709535198078
puccinia_hordei,svr_rbf,4.006980044,4.058559888049087
puccinia_hordei,svr_rbf,4.747942198,4.238005591645081
puccinia_hordei,svr_rbf,5.755382146,4.822220868576977
puccinia_hordei,svr_rbf,5.427565557,4.479400245942987
puccinia_hordei,svr_rbf,5.198219102,6.604330156378481
puccinia_hordei,svr_rbf,6.734494454,5.253407242309746
puccinia_hordei,svr_rbf,7.47009636,4.958086789006029
puccinia_hordei,svr_rbf,3.597395332,4.066393183605092
puccinia_hordei,svr_rbf,4.002905548,3.672194645347732
puccinia_hordei,svr_rbf,7.476520184,5.6347279642013195
puccinia_hordei,svr_rbf,4.861004285,6.829429953402428
puccinia_hordei,svr_rbf,8.093166541,5.4177397313328335
puccinia_hordei,svr_rbf,6.819796492,4.013325265192066
puccinia_hordei,svr_rbf,3.849530618,3.847608878910001
puccinia_hordei,svr_rbf,4.377696448,5.011553847106272
puccinia_hordei,svr_rbf,6.34619391,5.462735617264799
puccinia_hordei,svr_rbf,6.73611763,5.77706506795053
puccinia_hordei,svr_rbf,5.149779317,5.1145181426481345
puccinia_hordei,svr_rbf,6.073667991,5.047868485119632
puccinia_hordei,svr_rbf,6.278210338,4.586792251054212
puccinia_hordei,svr_rbf,6.652321365,5.172543503062885
puccinia_hordei,svr_rbf,4.744101861,4.716382721840508
puccinia_hordei,svr_rbf,4.519386415,4.650600289316328
puccinia_hordei,svr_rbf,5.131927331,3.8072227021284344
puccinia_hordei,svr_rbf,3.290128528,3.9872910796619263
puccinia_hordei,svr_rbf,4.322166549,4.440771587965841
puccinia_hordei,svr_rbf,7.3685328,4.205800179869339
puccinia_hordei,svr_rbf,4.747206199,4.185107993457617
puccinia_hordei,svr_rbf,5.39248977,4.815495583007349
puccinia_hordei,svr_rbf,4.628830582,4.930862866279861
puccinia_hordei,svr_rbf,5.586630558,5.047157601126031
puccinia_hordei,svr_rbf,4.819397731,4.235353002457067
puccinia_hordei,svr_rbf,5.882579651,4.553442024059031
puccinia_hordei,svr_rbf,3.882566594,5.351245446547503
puccinia_hordei,svr_rbf,4.25260685,4.096045011124307
puccinia_hordei,svr_rbf,3.422757421,4.3885246472542985
puccinia_hordei,svr_rbf,4.66690479,4.043723710351996
puccinia_hordei,svr_rbf,3.369868257,4.808149659301144
puccinia_hordei,svr_rbf,5.798976521,4.970076761665443
puccinia_hordei,svr_rbf,5.044229551,6.211012559748058
puccinia_hordei,svr_rbf,6.070301802,5.1868201324720475
puccinia_hordei,svr_rbf,4.320681985,4.384341681262008
puccinia_hordei,svr_rbf,5.887386159,4.190783882414071
puccinia_hordei,svr_rbf,3.884277193,4.705628117441609
puccinia_hordei,svr_rbf,5.015881165,4.626790644282476
puccinia_hordei,svr_rbf,5.493784573,5.063122607548726
puccinia_hordei,svr_rbf,7.264382377,4.505422617323809
puccinia_hordei,svr_rbf,4.459435086,4.647048470732688
puccinia_hordei,svr_rbf,3.864537645,4.7333502173000515
puccinia_hordei,svr_rbf,5.745644342,4.924999481961885
puccinia_hordei,svr_rbf,5.126994484,5.0937118694562304
puccinia_hordei,svr_rbf,6.735798354,5.39841312666619
puccinia_hordei,svr_rbf,4.948915492,5.033190613302992
puccinia_hordei,svr_rbf,5.17573623,4.973100890424639
puccinia_hordei,svr_rbf,4.056998575,4.848907991911034
puccinia_hordei,svr_rbf,3.981486084,4.093905365136509
puccinia_hordei,svr_rbf,6.538963069,6.081480971977229
puccinia_hordei,svr_rbf,5.048118279,4.604674401159859
puccinia_hordei,svr_rbf,5.748510962,4.860065818411617
puccinia_hordei,svr_rbf,4.359883824,4.413943414539271
puccinia_hordei,svr_rbf,4.267503833,4.392315622763194
puccinia_hordei,svr_rbf,5.310756612,4.358555217633625
puccinia_hordei,svr_rbf,7.063812889,5.34896573259919
puccinia_hordei,svr_rbf,5.48973374,4.3545292980324
puccinia_hordei,svr_rbf,5.461725521,5.0252674492142075
puccinia_hordei,svr_rbf,4.562018473,4.909821280517199
puccinia_hordei,svr_rbf,7.459779078,5.46399899876765
puccinia_hordei,svr_rbf,4.127580151,5.550335424838277
puccinia_hordei,svr_rbf,3.642940767,5.535356125025578
puccinia_hordei,svr_rbf,4.862029809,6.102038752063363
puccinia_hordei,svr_rbf,5.249207065,4.611993649232616
puccinia_hordei,svr_rbf,5.217444844,5.195032651251111
puccinia_hordei,svr_rbf,4.849444904,4.812016884645766
puccinia_hordei,svr_rbf,5.160133421,4.866962977640387
puccinia_hordei,svr_rbf,5.52739809,4.799970608706182
puccinia_hordei,svr_rbf,2.868919948,4.559762845123875
puccinia_hordei,svr_rbf,4.730945872,4.649559350397729
puccinia_hordei,svr_rbf,5.173872249,4.723307895369333
puccinia_hordei,svr_rbf,3.658997027,4.2664411789563745
puccinia_hordei,svr_rbf,7.236860124,4.96991964060729
puccinia_hordei,svr_rbf,4.299447722,4.173997459791007
puccinia_hordei,svr_rbf,5.426322312,4.609032917996528
puccinia_hordei,svr_rbf,5.950832849,4.564351558045294
puccinia_hordei,svr_rbf,5.213057779,5.120641563141732
puccinia_hordei,svr_rbf,4.865274488,4.376173206194171
puccinia_hordei,svr_rbf,4.867723082,4.362062081374743
puccinia_hordei,svr_rbf,5.143924962,4.66766457987125
puccinia_hordei,svr_rbf,3.968176135,4.816062816451058
puccinia_hordei,svr_rbf,4.066935446,4.380643078162471
puccinia_hordei,svr_rbf,3.950058107,4.1536680273299105
puccinia_hordei,svr_rbf,4.536593529,4.436524772553746
puccinia_hordei,svr_rbf,3.416596015,3.5016063649558813
puccinia_hordei,svr_rbf,7.650137699,4.239570099959433
puccinia_hordei,svr_rbf,5.398832602,4.613081882105665
puccinia_hordei,svr_rbf,7.284788597,5.283766420449324
puccinia_hordei,svr_rbf,5.354730654,4.827439504986307
puccinia_hordei,svr_rbf,4.885314141,5.327787394413104
puccinia_hordei,svr_rbf,4.240043797,5.473346312629982
puccinia_hordei,svr_rbf,4.641064941,4.934057052233028
puccinia_hordei,svr_rbf,5.143507319,4.744878343473661
puccinia_hordei,svr_rbf,6.03631095,4.672872474060615
puccinia_hordei,svr_rbf,4.225547042,4.66294075970074
puccinia_hordei,svr_rbf,5.836061598,4.327110534546355
puccinia_hordei,svr_rbf,5.167076556,5.165936829183799
puccinia_hordei,svr_rbf,4.036781422,4.2167006626305
puccinia_hordei,svr_rbf,4.417839463,4.984265946759768
puccinia_hordei,svr_rbf,3.639976681,4.2691311394333615
puccinia_hordei,svr_rbf,5.987516619,4.808210347671051
puccinia_hordei,svr_rbf,4.494502967,4.191025098383064
puccinia_hordei,svr_rbf,6.156348025,5.206585183395716
puccinia_hordei,svr_rbf,6.656670676,5.903145085752302
puccinia_hordei,svr_rbf,4.422635503,5.319150612001523
puccinia_hordei,svr_rbf,5.43325413,5.011860810806939
puccinia_hordei,svr_rbf,5.842569008,5.134501159386739
puccinia_hordei,svr_rbf,5.489107666,4.581272119325575
puccinia_hordei,svr_rbf,4.737523018,4.600929547065762
puccinia_hordei,svr_rbf,5.208242913,4.6201416381576665
puccinia_hordei,svr_rbf,2.925686915,3.815259537543078
puccinia_hordei,svr_rbf,5.467036268,3.9347913719617758
puccinia_hordei,svr_rbf,5.188375335,4.597968277337339
puccinia_hordei,svr_rbf,4.171336165,4.634440185168481
puccinia_hordei,svr_rbf,5.553508835,5.363180938377496
puccinia_hordei,svr_rbf,6.924642944,6.022841375302103
puccinia_hordei,svr_rbf,5.136772164,4.791947086337026
puccinia_hordei,svr_rbf,7.124137334,4.506623951127218
puccinia_hordei,svr_rbf,5.315779948,6.081179570771814
puccinia_hordei,svr_rbf,4.694676045,4.655669524310511
puccinia_hordei,svr_rbf,5.049195782,4.542708075783587
puccinia_hordei,svr_rbf,6.22060281,5.058215595041882
puccinia_hordei,svr_rbf,4.057733594,4.600604627502358
puccinia_hordei,svr_rbf,3.985132155,4.541720459738552
puccinia_hordei,svr_rbf,3.66628953,4.52463387565324
puccinia_hordei,svr_rbf,5.895013112,4.73723677720708
puccinia_hordei,svr_rbf,4.885329568,4.548640577253544
puccinia_hordei,svr_rbf,4.884830023,4.418991034026364
puccinia_hordei,svr_rbf,4.398845747,4.580018446132726
puccinia_hordei,svr_rbf,3.764212472,4.959805733116469
puccinia_hordei,svr_rbf,3.886758025,4.424749615690402
puccinia_hordei,svr_rbf,5.147600028,4.231836534473503
puccinia_hordei,svr_rbf,4.314173173,4.973920062150881
puccinia_hordei,svr_rbf,4.471529445,4.967743272596866
puccinia_hordei,svr_rbf,5.16214936,4.936620997025221
puccinia_hordei,svr_rbf,4.515009561,4.997749402410772
puccinia_hordei,svr_rbf,3.763589436,5.126125212401921
puccinia_hordei,svr_rbf,5.170574619,5.033582857301369
puccinia_hordei,svr_rbf,4.511233328,4.921321071920137
puccinia_hordei,svr_rbf,8.067492668,6.264239015030308
puccinia_hordei,svr_rbf,4.361056318,4.970620373380669
puccinia_hordei,svr_rbf,6.480310919,5.2893055534757005
puccinia_hordei,svr_rbf,4.94419022,4.878156653908314
puccinia_hordei,svr_rbf,3.049792542,3.7709500022964866
puccinia_hordei,svr_rbf,4.208752825,4.055118288989151
puccinia_hordei,svr_rbf,5.225720404,4.331499191213304
puccinia_hordei,svr_rbf,4.217569149,4.065694244668921
puccinia_hordei,svr_rbf,4.270095325,3.9828457064770975
puccinia_hordei,svr_rbf,4.867465776,3.8429641496207925
puccinia_hordei,svr_rbf,3.021471829,4.126017644102308
puccinia_hordei,svr_rbf,4.064916933,5.0387983162629535
puccinia_hordei,svr_rbf,3.465709765,4.8670145625037184
puccinia_hordei,svr_rbf,4.48112822,4.898329144817543
puccinia_hordei,svr_rbf,6.455532845,6.334786477572541
puccinia_hordei,svr_rbf,6.188745677,4.497761136934556
puccinia_hordei,svr_rbf,6.390215263,4.052338803619464
puccinia_hordei,svr_rbf,4.584778207,4.754063877519984
puccinia_hordei,svr_rbf,5.127639253,4.480327063709758
puccinia_hordei,svr_rbf,5.640975082,4.946073913052115
puccinia_hordei,svr_rbf,4.199636259,4.3690960954673335
puccinia_hordei,svr_rbf,5.782022612,4.937095418699585
puccinia_hordei,svr_rbf,6.01106057,4.52713414966608
puccinia_hordei,svr_rbf,4.612048952,4.804355394000111
puccinia_hordei,svr_rbf,4.891330052,4.672108735476742
puccinia_hordei,svr_rbf,4.045849095,4.075565680229528
puccinia_hordei,svr_rbf,3.912457511,4.691590449080662
puccinia_hordei,svr_rbf,5.493977556,4.038054235292554
puccinia_hordei,svr_rbf,4.795768896,4.281724427359636
puccinia_hordei,svr_rbf,5.988599249,4.705000825138482
puccinia_hordei,svr_rbf,2.905339463,4.230716462233071
puccinia_hordei,svr_rbf,4.946174224,4.489533660700288
puccinia_hordei,svr_rbf,4.660712258,4.981754825209718
puccinia_hordei,svr_rbf,4.561313541,4.332126653446576
puccinia_hordei,svr_rbf,2.982930532,4.396150877555115
puccinia_hordei,svr_rbf,3.210027499,4.514481529798783
puccinia_hordei,svr_rbf,3.605301178,4.238335759560119
puccinia_hordei,svr_rbf,7.41107463,4.92366624411773
puccinia_hordei,svr_rbf,6.575702367,5.004687123383701
puccinia_hordei,svr_rbf,4.461074907,3.9442750315385338
puccinia_hordei,svr_rbf,6.522792196,5.78949244576819
puccinia_hordei,svr_rbf,3.681549496,4.254077121836099
puccinia_hordei,svr_rbf,4.213584611,4.62908929149708
puccinia_hordei,svr_rbf,5.593371537,4.830837801745298
puccinia_hordei,svr_rbf,3.217875897,4.4393468567713255
puccinia_hordei,svr_rbf,5.272623229,4.394471651995865
puccinia_hordei,svr_rbf,5.587370321,5.421660052838593
puccinia_hordei,svr_rbf,6.134679473,6.109187481065021
puccinia_hordei,svr_rbf,3.658027429,4.571344879858977
puccinia_hordei,svr_rbf,4.431011159,3.9429301150216296
puccinia_hordei,svr_rbf,4.465605687,3.704916569424248
puccinia_hordei,svr_rbf,6.22094112,4.418579442188277
puccinia_hordei,svr_rbf,3.653623009,4.238941592993567
puccinia_hordei,svr_rbf,3.674036726,3.471528098983922
puccinia_hordei,svr_rbf,1.749900931,2.881444314975626
puccinia_hordei,svr_rbf,2.159521207,3.6769221987662712
puccinia_hordei,svr_rbf,5.072514591,4.2522631107434075
puccinia_hordei,svr_rbf,7.783960463,5.292549257966049
puccinia_hordei,svr_rbf,6.628729405,6.151422047587335
puccinia_hordei,svr_rbf,3.092675575,4.059963617338904
puccinia_hordei,svr_rbf,5.87886159,4.6526609020253025
puccinia_hordei,svr_rbf,3.80887168,4.042434676493842
ramularia_collo_cygni,svr_rbf,3.42831066,4.001483728369747
ramularia_collo_cygni,svr_rbf,4.365826741,3.891176122253732
ramularia_collo_cygni,svr_rbf,4.500978139,3.7103643570753198
ramularia_collo_cygni,svr_rbf,4.437046039,4.012448502948396
ramularia_collo_cygni,svr_rbf,3.094091779,3.864728035620369
ramularia_collo_cygni,svr_rbf,4.521557705,3.821509864412648
ramularia_collo_cygni,svr_rbf,4.385427381,3.919139823921642
ramularia_collo_cygni,svr_rbf,3.302585212,3.9012035975209
ramularia_collo_cygni,svr_rbf,3.745519057,4.09555675241205
ramularia_collo_cygni,svr_rbf,2.589831131,3.779851122787688
ramularia_collo_cygni,svr_rbf,3.714680823,3.7823657348342845
ramularia_collo_cygni,svr_rbf,3.700189432,3.716002216739206
ramularia_collo_cygni,svr_rbf,3.362848265,4.1194755106329
ramularia_collo_cygni,svr_rbf,4.31236669,3.6364765791632196
ramularia_collo_cygni,svr_rbf,5.283981982,3.8213506997874704
ramularia_collo_cygni,svr_rbf,4.596461477,4.010078712991513
ramularia_collo_cygni,svr_rbf,3.320986172,3.914713750307901
ramularia_collo_cygni,svr_rbf,4.138210508,4.073652405471305
ramularia_collo_cygni,svr_rbf,3.765495759,3.694113544610437
ramularia_collo_cygni,svr_rbf,4.170570139,4.117359174820489
ramularia_collo_cygni,svr_rbf,4.072371337,3.858013483712012
ramularia_collo_cygni,svr_rbf,3.865577065,3.8639041658729076
ramularia_collo_cygni,svr_rbf,5.289792753,3.7518899362123035
ramularia_collo_cygni,svr_rbf,3.773536525,3.7584660164954147
ramularia_collo_cygni,svr_rbf,4.037617072,3.9328207621778235
ramularia_collo_cygni,svr_rbf,4.417133438,3.9346853750457713
ramularia_collo_cygni,svr_rbf,4.038302282,3.707372585345124
ramularia_collo_cygni,svr_rbf,3.430470077,3.940286344560411
ramularia_collo_cygni,svr_rbf,2.85184877,3.832378506573288
ramularia_collo_cygni,svr_rbf,3.930260901,3.8832311445865693
ramularia_collo_cygni,svr_rbf,4.203571359,3.8674817040308542
ramularia_collo_cygni,svr_rbf,3.817322722,4.107041923147981
ramularia_collo_cygni,svr_rbf,4.179563889,3.9557794586461665
ramularia_collo_cygni,svr_rbf,3.333262525,3.9313229434668306
ramularia_collo_cygni,svr_rbf,4.316585924,3.874750558240965
ramularia_collo_cygni,svr_rbf,3.064781666,3.8426949746353674
ramularia_collo_cygni,svr_rbf,3.387541643,4.002936076443183
ramularia_collo_cygni,svr_rbf,4.036693317,4.018322554757181
ramularia_collo_cygni,svr_rbf,3.36014906,4.051336942240863
ramularia_collo_cygni,svr_rbf,5.088292905,3.9506379744785223
ramularia_collo_cygni,svr_rbf,3.402715799,3.732571863431113
ramularia_collo_cygni,svr_rbf,4.53295124,3.912322225413429
ramularia_collo_cygni,svr_rbf,3.751793022,3.9580465119467925
ramularia_collo_cygni,svr_rbf,3.973647393,4.042373974783056
ramularia_collo_cygni,svr_rbf,3.974826325,3.903092776348502
ramularia_collo_cygni,svr_rbf,3.849774107,4.001569182357402
ramularia_collo_cygni,svr_rbf,4.78646123,4.022747418519951
ramularia_collo_cygni,svr_rbf,2.988031234,3.949943003900505
ramularia_collo_cygni,svr_rbf,4.080663826,3.9066177480011124
ramularia_collo_cygni,svr_rbf,3.558470747,3.8059955704703934
ramularia_collo_cygni,svr_rbf,4.756529725,3.9665903946490846
ramularia_collo_cygni,svr_rbf,4.215241727,3.900179195646497
ramularia_collo_cygni,svr_rbf,4.448866604,3.9027007960990248
ramularia_collo_cygni,svr_rbf,4.34311344,3.9740528657496914
ramularia_collo_cygni,svr_rbf,3.245382506,3.877351201310838
ramularia_collo_cygni,svr_rbf,4.791254677,3.8342724793106666
ramularia_collo_cygni,svr_rbf,3.970313676,4.140376586868835
ramularia_collo_cygni,svr_rbf,2.806980064,3.937779000341372
ramularia_collo_cygni,svr_rbf,3.347413123,3.9697035097831876
ramularia_collo_cygni,svr_rbf,3.649279464,4.144954072923854
ramularia_collo_cygni,svr_rbf,3.693710974,3.970843465031416
ramularia_collo_cygni,svr_rbf,3.184434296,4.0191415572269085
ramularia_collo_cygni,svr_rbf,3.000614552,3.85452805297616
ramularia_collo_cygni,svr_rbf,4.274323001,3.5086955338700094
ramularia_collo_cygni,svr_rbf,4.238150826,3.8588947337764683
ramularia_collo_cygni,svr_rbf,4.853581407,3.952749686830159
ramularia_collo_cygni,svr_rbf,2.973693739,3.857151484875239
ramularia_collo_cygni,svr_rbf,2.923482933,3.917133639534045
ramularia_collo_cygni,svr_rbf,4.408453061,3.811239464317494
ramularia_collo_cygni,svr_rbf,3.875791798,3.909431444196508
ramularia_collo_cygni,svr_rbf,3.194287141,4.111475524995179
ramularia_collo_cygni,svr_rbf,3.165124262,3.749374172712111
ramularia_collo_cygni,svr_rbf,4.308725802,3.946476195729313
ramularia_collo_cygni,svr_rbf,4.675516423,3.7130761202593208
ramularia_collo_cygni,svr_rbf,5.296268304,3.988417580885176
ramularia_collo_cygni,svr_rbf,4.182686034,3.9866928061210967
ramularia_collo_cygni,svr_rbf,3.486470521,3.749635069894521
ramularia_collo_cygni,svr_rbf,4.532100579,3.7746753717616466
ramularia_collo_cygni,svr_rbf,4.061512428,3.9006448924806536
ramularia_collo_cygni,svr_rbf,4.745048095,3.7868891379854843
ramularia_collo_cygni,svr_rbf,3.314666414,3.915327796980428
ramularia_collo_cygni,svr_rbf,5.051852949,3.862073995056792
ramularia_collo_cygni,svr_rbf,3.862011819,3.7472677841255617
ramularia_collo_cygni,svr_rbf,4.671023008,3.9758066051259244
ramularia_collo_cygni,svr_rbf,3.757631532,3.9647837047182097
ramularia_collo_cygni,svr_rbf,3.509173338,3.8027952223137773
ramularia_collo_cygni,svr_rbf,4.307256327,4.165535850218259
ramularia_collo_cygni,svr_rbf,4.476386063,3.657613755448073
ramularia_collo_cygni,svr_rbf,4.749510665,3.859490800790582
ramularia_collo_cygni,svr_rbf,4.025395323,3.924807584509025
ramularia_collo_cygni,svr_rbf,3.726838091,3.827094293914839
ramularia_collo_cygni,svr_rbf,4.444371446,3.8508314300804583
ramularia_collo_cygni,svr_rbf,4.533859707,3.9151670444300435
ramularia_collo_cygni,svr_rbf,3.757215397,3.833305608307878
ramularia_collo_cygni,svr_rbf,4.041297363,3.803359537885861
ramularia_collo_cygni,svr_rbf,4.501342217,3.8879307415960294
ramularia_collo_cygni,svr_rbf,4.283747399,3.855333034162435
ramularia_collo_cygni,svr_rbf,4.21679931,3.8666326753228693
ramularia_collo_cygni,svr_rbf,4.096388791,3.964577473496426
ramularia_collo_cygni,svr_rbf,3.625770914,3.945427992620791
ramularia_collo_cygni,svr_rbf,4.258178831,3.9127949182310813
ramularia_collo_cygni,svr_rbf,3.812246476,3.979499120766593
ramularia_collo_cygni,svr_rbf,3.522152517,3.994989016959907
ramularia_collo_cygni,svr_rbf,3.731348212,4.0030065882170245
ramularia_collo_cygni,svr_rbf,4.208891682,3.8412446314547632
ramularia_collo_cygni,svr_rbf,3.358982509,3.983828531306701
ramularia_collo_cygni,svr_rbf,3.946425984,3.8490667269970205
ramularia_collo_cygni,svr_rbf,4.653991324,3.876956243135873
ramularia_collo_cygni,svr_rbf,4.765418798,4.039055198252266
ramularia_collo_cygni,svr_rbf,3.522068041,4.131062095588403
ramularia_collo_cygni,svr_rbf,4.097671692,3.8866676134540157
ramularia_collo_cygni,svr_rbf,3.120199241,4.133551006922494
ramularia_collo_cygni,svr_rbf,3.082427739,3.843861100977476
ramularia_collo_cygni,svr_rbf,4.236243964,4.1147255234721
ramularia_collo_cygni,svr_rbf,3.890559573,4.0131347017523655
ramularia_collo_cygni,svr_rbf,3.797054665,4.011648605471711
ramularia_collo_cygni,svr_rbf,3.43963234,3.776044024022774
ramularia_collo_cygni,svr_rbf,4.660988772,3.746540019426694
ramularia_collo_cygni,svr_rbf,4.955657674,3.8412796520564063
ramularia_collo_cygni,svr_rbf,3.616000315,4.002641173275331
ramularia_collo_cygni,svr_rbf,3.419957287,3.9194361417462176
ramularia_collo_cygni,svr_rbf,4.500533302,3.90498582269091
ramularia_collo_cygni,svr_rbf,3.987552262,4.124607075850464
ramularia_collo_cygni,svr_rbf,3.278140392,3.9263100674394993
ramularia_collo_cygni,svr_rbf,3.758529682,3.8209069627107084
ramularia_collo_cygni,svr_rbf,4.23502664,3.70896359783263
ramularia_collo_cygni,svr_rbf,3.008098001,3.9134427538428094
ramularia_collo_cygni,svr_rbf,4.409118156,3.999650013883013
ramularia_collo_cygni,svr_rbf,3.522105046,3.723325242185614
ramularia_collo_cygni,svr_rbf,3.807928287,3.8027894469011283
ramularia_collo_cygni,svr_rbf,3.885331597,3.7852022613280885
ramularia_collo_cygni,svr_rbf,4.368788682,3.8385826311251163
ramularia_collo_cygni,svr_rbf,3.222187996,3.928490675971735
ramularia_collo_cygni,svr_rbf,4.90238914,3.8429175323707665
ramularia_collo_cygni,svr_rbf,3.604785307,3.7614670797871517
ramularia_collo_cygni,svr_rbf,4.449291347,3.798176021689122
ramularia_collo_cygni,svr_rbf,5.87231137,3.7267805145732913
ramularia_collo_cygni,svr_rbf,3.343437831,3.7637625220706994
ramularia_collo_cygni,svr_rbf,5.285032347,3.8130053370025974
ramularia_collo_cygni,svr_rbf,5.773812397,3.8244057166759697
ramularia_collo_cygni,svr_rbf,3.115672116,3.755899864489177
ramularia_collo_cygni,svr_rbf,4.218407129,3.7187843113188257
ramularia_collo_cygni,svr_rbf,3.266417174,3.701980173806355
ramularia_collo_cygni,svr_rbf,4.765773931,3.8272818689708314
ramularia_collo_cygni,svr_rbf,3.138177838,3.7201540426045656
ramularia_collo_cygni,svr_rbf,4.744789554,3.773813637597509
ramularia_collo_cygni,svr_rbf,3.138558791,3.9512117642184763
ramularia_collo_cygni,svr_rbf,5.877005546,3.61279584792625
ramularia_collo_cygni,svr_rbf,5.142060256,3.727792224536085
ramularia_collo_cygni,svr_rbf,6.024987263,3.655625682814315
ramularia_collo_cygni,svr_rbf,4.156710931,3.732276057203191
ramularia_collo_cygni,svr_rbf,3.57251506,3.727927238658403
ramularia_collo_cygni,svr_rbf,3.769583908,3.6630206195574178
ramularia_collo_cygni,svr_rbf,1.85093372,3.6306081896350495
ramularia_collo_cygni,svr_rbf,3.90149874,3.7201222234202502
ramularia_collo_cygni,svr_rbf,4.81842325,3.788508758278029
ramularia_collo_cygni,svr_rbf,4.068987193,3.6053679458202095
ramularia_collo_cygni,svr_rbf,4.210645459,3.684185008638231
ramularia_collo_cygni,svr_rbf,4.239543277,3.7772586037327303
ramularia_collo_cygni,svr_rbf,3.851000155,3.736415415417143
ramularia_collo_cygni,svr_rbf,3.342424765,3.6171462356499644
ramularia_collo_cygni,svr_rbf,3.976996093,3.7414243019301936
ramularia_collo_cygni,svr_rbf,4.061231721,3.9008888330147378
ramularia_collo_cygni,svr_rbf,3.973305043,3.9145270875021345
ramularia_collo_cygni,svr_rbf,3.565326738,3.566296600454333
ramularia_collo_cygni,svr_rbf,4.915981086,3.8517448923838393
ramularia_collo_cygni,svr_rbf,3.579897855,3.7986193239375328
ramularia_collo_cygni,svr_rbf,2.572022057,3.7818856384153166
ramularia_collo_cygni,svr_rbf,4.330824164,3.569688858986771
ramularia_collo_cygni,svr_rbf,3.111195423,3.9814085469215157
ramularia_collo_cygni,svr_rbf,3.364712912,3.8357237741570835
ramularia_collo_cygni,svr_rbf,2.691247854,3.8971764801971185
ramularia_collo_cygni,svr_rbf,4.026538823,4.126268487107183
ramularia_collo_cygni,svr_rbf,4.739010462,3.7418899190896187
ramularia_collo_cygni,svr_rbf,4.009999189,3.8691024859980354
ramularia_collo_cygni,svr_rbf,3.609860498,3.721696416845781
ramularia_collo_cygni,svr_rbf,1.107948288,3.935921437302112
ramularia_collo_cygni,svr_rbf,4.473240284,3.7931135714308164
ramularia_collo_cygni,svr_rbf,4.419433643,3.7455365105413803
ramularia_collo_cygni,svr_rbf,3.840786937,3.9689008065491365
ramularia_collo_cygni,svr_rbf,3.604136333,3.6424605164798747
ramularia_collo_cygni,svr_rbf,3.931930066,4.007996830647582
ramularia_collo_cygni,svr_rbf,4.124553604,3.7454900687379737
ramularia_collo_cygni,svr_rbf,4.650085273,3.838061201094272
ramularia_collo_cygni,svr_rbf,4.355699602,3.6837555091499117
ramularia_collo_cygni,svr_rbf,3.927495725,3.9850487556318375
ramularia_collo_cygni,svr_rbf,3.419133123,3.6888371173221506
ramularia_collo_cygni,svr_rbf,3.219421238,3.8017096801048713
ramularia_collo_cygni,svr_rbf,2.691546827,3.9457854461792286
ramularia_collo_cygni,svr_rbf,3.498578876,3.688959453501394
ramularia_collo_cygni,svr_rbf,3.900161724,3.8454572248775154
ramularia_collo_cygni,svr_rbf,4.897208793,3.577423680089253
ramularia_collo_cygni,svr_rbf,3.648807584,3.6267212489972676
ramularia_collo_cygni,svr_rbf,3.494499315,4.076087238943064
ramularia_collo_cygni,svr_rbf,4.221923865,3.563441564377851
ramularia_collo_cygni,svr_rbf,2.498699498,3.5732756389670026
ramularia_collo_cygni,svr_rbf,2.002335288,3.613585974785299
ramularia_collo_cygni,svr_rbf,4.79096325,3.9211563795105056
ramularia_collo_cygni,svr_rbf,5.054962,3.8009078491722192
ramularia_collo_cygni,svr_rbf,3.400488818,3.807526770107028
ramularia_collo_cygni,svr_rbf,3.303715053,3.7876999153702275
ramularia_collo_cygni,svr_rbf,4.411942162,3.6599787694868167
ramularia_collo_cygni,svr_rbf,3.963405174,3.845185968532376
ramularia_collo_cygni,svr_rbf,3.165001373,3.7682882366993815
ramularia_collo_cygni,svr_rbf,5.257198235,3.7894658309050966
ramularia_collo_cygni,svr_rbf,3.372764387,3.702656322157707
ramularia_collo_cygni,svr_rbf,4.63030133,3.808192492663149
ramularia_collo_cygni,svr_rbf,3.371829154,3.8784353864105356
ramularia_collo_cygni,svr_rbf,3.430387774,3.6524237461086746
ramularia_collo_cygni,svr_rbf,3.380218053,3.805035104079028
ramularia_collo_cygni,svr_rbf,3.133307332,3.7341153608552395
ramularia_collo_cygni,svr_rbf,2.390930461,3.7579549951491154
ramularia_collo_cygni,svr_rbf,3.500977493,3.8685542360854237
ramularia_collo_cygni,svr_rbf,3.606934822,3.7637116337187098
ramularia_collo_cygni,svr_rbf,2.850743,4.040288493358188
ramularia_collo_cygni,svr_rbf,5.242865986,3.7771378039221677
ramularia_collo_cygni,svr_rbf,3.920316302,3.7364394034936175
ramularia_collo_cygni,svr_rbf,3.257116547,3.7391565487935794
ramularia_collo_cygni,svr_rbf,3.131876564,3.8459064918651658
ramularia_collo_cygni,svr_rbf,3.864930471,3.6332468946872836
ramularia_collo_cygni,svr_rbf,4.114688409,3.865082593488817
ramularia_collo_cygni,svr_rbf,4.560012196,3.903910649273354
ramularia_collo_cygni,svr_rbf,4.730976823,4.011544577989202
ramularia_collo_cygni,svr_rbf,4.269068034,3.8818788921431766
ramularia_collo_cygni,svr_rbf,4.340829046,3.677597880576402
ramularia_collo_cygni,svr_rbf,3.513606783,3.7066358094297853
ramularia_collo_cygni,svr_rbf,4.246042695,3.721446691947625
ramularia_collo_cygni,svr_rbf,3.686307157,3.83684060681625
ramularia_collo_cygni,svr_rbf,3.768162003,3.8212680618535755
ramularia_collo_cygni,svr_rbf,3.258915185,3.6767717997345475
ramularia_collo_cygni,svr_rbf,4.522461519,3.75073092662267
ramularia_collo_cygni,svr_rbf,2.676557903,3.599001123730101
ramularia_collo_cygni,svr_rbf,3.578401133,3.679085535359881
ramularia_collo_cygni,svr_rbf,3.133982724,3.7465733789137285
ramularia_collo_cygni,svr_rbf,2.934768869,4.069056271501153
ramularia_collo_cygni,svr_rbf,3.566447198,3.828183577316894
ramularia_collo_cygni,svr_rbf,3.791161481,3.750498538624778
ramularia_collo_cygni,svr_rbf,1.462217794,3.79380160620541
ramularia_collo_cygni,svr_rbf,3.097393664,3.813538869314321
ramularia_collo_cygni,svr_rbf,4.816455289,3.8218948526491276
ramularia_collo_cygni,svr_rbf,4.61626316,3.7517919965580395
ramularia_collo_cygni,svr_rbf,4.495393011,3.7914059886350095
ramularia_collo_cygni,svr_rbf,3.195293186,3.69927980326802
ramularia_collo_cygni,svr_rbf,3.606165577,3.8395514638078674
ramularia_collo_cygni,svr_rbf,3.664927065,3.725300960638048
ramularia_collo_cygni,svr_rbf,3.856945458,3.8145432295394355
ramularia_collo_cygni,svr_rbf,4.3889316,3.949870108512389
ramularia_collo_cygni,svr_rbf,2.400981843,3.796336975381648
ramularia_collo_cygni,svr_rbf,4.287945823,3.7876578834169186
ramularia_collo_cygni,svr_rbf,3.562814098,3.7473412299263984
ramularia_collo_cygni,svr_rbf,2.818188106,3.8161567845720556
ramularia_collo_cygni,svr_rbf,5.43967518,3.751382674187761
ramularia_collo_cygni,svr_rbf,3.062052984,3.8241965642592803
ramularia_collo_cygni,svr_rbf,4.094779953,3.891266428887282
ramularia_collo_cygni,svr_rbf,2.261776301,3.8752168666530666
ramularia_collo_cygni,svr_rbf,2.947566375,3.940146809108059
ramularia_collo_cygni,svr_rbf,3.312466922,3.7731618004071152
ramularia_collo_cygni,svr_rbf,2.28738143,3.8293178259351066
ramularia_collo_cygni,svr_rbf,3.739037375,3.726362455633546
ramularia_collo_cygni,svr_rbf,2.022751817,3.9261142271024982
ramularia_collo_cygni,svr_rbf,4.346449643,3.780761437737539
ramularia_collo_cygni,svr_rbf,4.031793298,3.7030166469325714
ramularia_collo_cygni,svr_rbf,4.351179102,3.6393830082813334
ramularia_collo_cygni,svr_rbf,4.431300847,3.704907082841309
ramularia_collo_cygni,svr_rbf,6.243061825,3.9917693899637987
ramularia_collo_cygni,svr_rbf,3.325721687,3.632245506404091
ramularia_collo_cygni,svr_rbf,1.154549373,3.7682111655827657
ramularia_collo_cygni,svr_rbf,4.041940652,3.8066214728750456
ramularia_collo_cygni,svr_rbf,3.547357078,3.8764944571443705
ramularia_collo_cygni,svr_rbf,3.684698903,3.7450430763804015
ramularia_collo_cygni,svr_rbf,3.916528085,3.812199647694646
ramularia_collo_cygni,svr_rbf,3.194391196,4.048152090503856
ramularia_collo_cygni,svr_rbf,2.806923021,4.086776292374226
ramularia_collo_cygni,svr_rbf,4.689523269,3.7488947207461982
ramularia_collo_cygni,svr_rbf,2.80472813,3.9130798153659905
ramularia_collo_cygni,svr_rbf,4.602095218,3.8338522026595703
ramularia_collo_cygni,svr_rbf,4.844544966,3.7299625024159933
ramularia_collo_cygni,svr_rbf,0.916171488,3.8172480437610496
ramularia_collo_cygni,svr_rbf,3.616341218,3.758375268725044
ramularia_collo_cygni,svr_rbf,1.318238564,3.808453485773244
ramularia_collo_cygni,svr_rbf,3.177990537,3.7543957201903515
ramularia_collo_cygni,svr_rbf,3.9993053,3.791213632380185
ramularia_collo_cygni,svr_rbf,4.141506889,3.6873104733592736
ramularia_collo_cygni,svr_rbf,5.062196411,3.706124752301468
ramularia_collo_cygni,svr_rbf,4.370872461,4.050431570015226
ramularia_collo_cygni,svr_rbf,2.933696544,3.776770016084983
ramularia_collo_cygni,svr_rbf,4.369807717,3.67868710300164
ramularia_collo_cygni,svr_rbf,4.036868588,3.9028027682956834
ramularia_collo_cygni,svr_rbf,3.608224085,3.8007427607810587
ramularia_collo_cygni,svr_rbf,2.58169415,3.864565738464747
ramularia_collo_cygni,svr_rbf,2.670617168,3.7823736612214853
ramularia_collo_cygni,svr_rbf,4.495853904,3.909182947247512
ramularia_collo_cygni,svr_rbf,4.914672444,3.829649493047902
ramularia_collo_cygni,svr_rbf,3.13269646,3.847071338452359
ramularia_collo_cygni,svr_rbf,3.122540442,3.760737124159356
ramularia_collo_cygni,svr_rbf,2.530995978,3.757339014765623
ramularia_collo_cygni,svr_rbf,4.240286695,3.7038275081646272
ramularia_collo_cygni,svr_rbf,3.781473213,3.8245608767303914
ramularia_collo_cygni,svr_rbf,3.432719508,4.182838765709173
ramularia_collo_cygni,svr_rbf,3.933261311,4.022645065360062
ramularia_collo_cygni,svr_rbf,3.581771184,3.281800951109234
ramularia_collo_cygni,svr_rbf,3.430087584,3.294906146251722
ramularia_collo_cygni,svr_rbf,2.763131086,3.800124698010312
ramularia_collo_cygni,svr_rbf,1.450327339,3.3981336830155238
ramularia_collo_cygni,svr_rbf,3.282822827,2.9505612727279376
ramularia_collo_cygni,svr_rbf,4.293328581,3.9781394040188824
ramularia_collo_cygni,svr_rbf,5.290598459,4.470886024314994
ramularia_collo_cygni,svr_rbf,5.360588196,4.815591092531295
ramularia_collo_cygni,svr_rbf,5.775340651,4.887683103779688
ramularia_collo_cygni,svr_rbf,2.488838603,3.36534409165741
ramularia_collo_cygni,svr_rbf,2.144960571,3.4872458942776063
ramularia_collo_cygni,svr_rbf,6.851032269,4.454469466611203
ramularia_collo_cygni,svr_rbf,4.927429627,3.7604025788393116
ramularia_collo_cygni,svr_rbf,4.021618678,3.703516940814869
ramularia_collo_cygni,svr_rbf,5.21519891,3.467693492890775
ramularia_collo_cygni,svr_rbf,3.190131874,3.323747906842815
ramularia_collo_cygni,svr_rbf,3.035504362,4.017533208320159
ramularia_collo_cygni,svr_rbf,4.572778053,3.6825262508761254
ramularia_collo_cygni,svr_rbf,5.194459305,4.114865541816629
ramularia_collo_cygni,svr_rbf,3.114654861,3.984805072678816
ramularia_collo_cygni,svr_rbf,7.002524163,4.6333355772908735
ramularia_collo_cygni,svr_rbf,1.233856615,3.335280048488372
ramularia_collo_cygni,svr_rbf,2.427392164,2.9786027271912605
ramularia_collo_cygni,svr_rbf,2.53771847,2.745664956252065
ramularia_collo_cygni,svr_rbf,3.270127226,2.85053361669645
ramularia_collo_cygni,svr_rbf,2.204159501,2.837340689640352
ramularia_collo_cygni,svr_rbf,1.754134029,3.3545725254560823
ramularia_collo_cygni,svr_rbf,4.404584833,3.7192517665159666
ramularia_collo_cygni,svr_rbf,4.996330779,3.526103641964766
ramularia_collo_cygni,svr_rbf,2.531023314,3.121962605874442
ramularia_collo_cygni,svr_rbf,2.943167526,3.434764665192839
ramularia_collo_cygni,svr_rbf,4.297870077,3.1718460247440086
ramularia_collo_cygni,svr_rbf,4.467355525,3.912073815831037
ramularia_collo_cygni,svr_rbf,3.700006213,4.301714681232287
ramularia_collo_cygni,svr_rbf,2.396070063,3.719386950917954
ramularia_collo_cygni,svr_rbf,5.06595948,3.05038241488006
ramularia_collo_cygni,svr_rbf,1.201291163,4.0442394035089055
ramularia_collo_cygni,svr_rbf,4.592503068,3.533977621896762
ramularia_collo_cygni,svr_rbf,5.985831643,3.716316342153477
ramularia_collo_cygni,svr_rbf,3.524422024,3.1307685258209768
ramularia_collo_cygni,svr_rbf,4.158736277,3.5996639939136132
ramularia_collo_cygni,svr_rbf,8.548221744,4.106231087523377
ramularia_collo_cygni,svr_rbf,2.649326853,3.9915190589535103
ramularia_collo_cygni,svr_rbf,6.297236061,3.8735754348417712
ramularia_collo_cygni,svr_rbf,3.267106376,3.661801666361317
ramularia_collo_cygni,svr_rbf,3.573618611,2.87366198800751
ramularia_collo_cygni,svr_rbf,4.354431994,3.509696717189876
ramularia_collo_cygni,svr_rbf,4.284855867,3.6696244746662505
ramularia_collo_cygni,svr_rbf,5.74864388,5.0680552561343735
ramularia_collo_cygni,svr_rbf,3.857893905,4.067450878088859
ramularia_collo_cygni,svr_rbf,3.757455848,4.248484995886571
ramularia_collo_cygni,svr_rbf,2.898364027,3.30602910768219
ramularia_collo_cygni,svr_rbf,1.448175396,3.793568058047617
ramularia_collo_cygni,svr_rbf,2.024299449,2.7431748504715374
ramularia_collo_cygni,svr_rbf,4.405236324,4.007037688936505
ramularia_collo_cygni,svr_rbf,4.479770129,3.569358994215129
ramularia_collo_cygni,svr_rbf,5.041228187,4.902011710490904
ramularia_collo_cygni,svr_rbf,6.082941713,3.891772092328316
ramularia_collo_cygni,svr_rbf,3.880730578,3.6145558823425152
ramularia_collo_cygni,svr_rbf,2.718036423,3.8867459234427355
ramularia_collo_cygni,svr_rbf,4.944623844,4.757254997365785
ramularia_collo_cygni,svr_rbf,2.282427154,3.98714612283496
ramularia_collo_cygni,svr_rbf,4.031759375,3.500618644269573
ramularia_collo_cygni,svr_rbf,2.035319327,3.032912836883808
ramularia_collo_cygni,svr_rbf,3.578148727,2.936706648380666
ramularia_collo_cygni,svr_rbf,1.904222669,4.589964708131255
ramularia_collo_cygni,svr_rbf,4.261597524,4.6467934085786275
ramularia_collo_cygni,svr_rbf,4.018955858,3.7505611447594505
ramularia_collo_cygni,svr_rbf,3.340896845,3.866843132737395
ramularia_collo_cygni,svr_rbf,2.650359724,3.7953447576862938
ramularia_collo_cygni,svr_rbf,2.563984631,3.7552012365727894
ramularia_collo_cygni,svr_rbf,4.708284147,3.3156603398394813
ramularia_collo_cygni,svr_rbf,4.737661973,3.0077957220048916
ramularia_collo_cygni,svr_rbf,3.464831831,3.430134777535479
ramularia_collo_cygni,svr_rbf,6.889271424,4.2474478723669264
ramularia_collo_cygni,svr_rbf,3.514604737,3.068717974275497
ramularia_collo_cygni,svr_rbf,6.274130982,3.8048502040126797
ramularia_collo_cygni,svr_rbf,4.662675867,4.082279504796386
ramularia_collo_cygni,svr_rbf,2.162742673,3.777318737412076
ramularia_collo_cygni,svr_rbf,5.124570604,3.7203167678051523
ramularia_collo_cygni,svr_rbf,3.259773822,3.319473267138884
ramularia_collo_cygni,svr_rbf,1.490526643,3.229630904802316
ramularia_collo_cygni,svr_rbf,3.173582338,3.680477910369135
ramularia_collo_cygni,svr_rbf,3.008664127,3.5944525589131073
ramularia_collo_cygni,svr_rbf,6.176567578,3.6944115624650746
ramularia_collo_cygni,svr_rbf,3.816714459,3.7099956875979445
ramularia_collo_cygni,svr_rbf,2.694371236,3.5452809708633355
ramularia_collo_cygni,svr_rbf,3.709263623,3.6552031423974993
ramularia_collo_cygni,svr_rbf,2.807043859,3.67854255869838
ramularia_collo_cygni,svr_rbf,3.233772746,3.1997116019871283
ramularia_collo_cygni,svr_rbf,6.610941082,4.207039309166292
ramularia_collo_cygni,svr_rbf,3.505148456,3.895601190116359
ramularia_collo_cygni,svr_rbf,2.149242967,3.553206772798248
ramularia_collo_cygni,svr_rbf,5.228883358,4.267847064699142
ramularia_collo_cygni,svr_rbf,3.986991452,3.817734093371386
ramularia_collo_cygni,svr_rbf,2.412601509,2.8964110253455475
ramularia_collo_cygni,svr_rbf,4.734468412,3.424177693398791
ramularia_collo_cygni,svr_rbf,3.076640751,3.6520728851160014
ramularia_collo_cygni,svr_rbf,3.122931051,3.9366540359090965
ramularia_collo_cygni,svr_rbf,2.141887878,3.466398847703717
ramularia_collo_cygni,svr_rbf,2.457865499,3.3634622960381755
ramularia_collo_cygni,svr_rbf,2.347164566,3.4532477983172862
ramularia_collo_cygni,svr_rbf,1.220141441,3.5378597845376314
ramularia_collo_cygni,svr_rbf,2.13605753,3.105683230980229
ramularia_collo_cygni,svr_rbf,3.935382247,3.5292286069324956
ramularia_collo_cygni,svr_rbf,2.775908336,3.941678044938131
ramularia_collo_cygni,svr_rbf,5.740205657,3.922401442083533
ramularia_collo_cygni,svr_rbf,3.38855013,3.546511214165958
ramularia_collo_cygni,svr_rbf,2.426675868,4.295109962433593
ramularia_collo_cygni,svr_rbf,2.75058108,3.690864948847047
ramularia_collo_cygni,svr_rbf,4.864051027,3.633002819639609
ramularia_collo_cygni,svr_rbf,5.520170426,5.234080216322141
ramularia_collo_cygni,svr_rbf,4.326983478,3.2838261556958623
ramularia_collo_cygni,svr_rbf,6.037651804,4.189977191507791
ramularia_collo_cygni,svr_rbf,2.476557312,3.547360340734168
ramularia_collo_cygni,svr_rbf,3.855057112,3.83525438868834
ramularia_collo_cygni,svr_rbf,1.640472479,3.826028248701169
ramularia_collo_cygni,svr_rbf,2.578341755,3.2343320980771813
ramularia_collo_cygni,svr_rbf,2.799388991,3.423039130060781
ramularia_collo_cygni,svr_rbf,5.071548359,3.798224851633884
ramularia_collo_cygni,svr_rbf,2.141703083,3.369806105894004
ramularia_collo_cygni,svr_rbf,3.197686802,3.6890689480361605
ramularia_collo_cygni,svr_rbf,4.329645726,4.205320076220913
ramularia_collo_cygni,svr_rbf,3.161037997,4.465686328977709
ramularia_collo_cygni,svr_rbf,3.061859671,2.932942942491945
ramularia_collo_cygni,svr_rbf,2.573876061,3.0298301142915345
ramularia_collo_cygni,svr_rbf,1.345417781,2.702098883945047
ramularia_collo_cygni,svr_rbf,3.105801781,2.88676788563172
ramularia_collo_cygni,svr_rbf,4.384087039,4.776143116014545
ramularia_collo_cygni,svr_rbf,2.198534702,2.669768233840459
ramularia_collo_cygni,svr_rbf,3.121071022,4.148451041662464
ramularia_collo_cygni,svr_rbf,3.040769483,2.905693657015864
ramularia_collo_cygni,svr_rbf,1.0890685,5.089333912749346
ramularia_collo_cygni,svr_rbf,5.496895266,5.128463149368379
ramularia_collo_cygni,svr_rbf,4.610307375,5.187821052041923
ramularia_collo_cygni,svr_rbf,3.389230908,2.807307831245107
ramularia_collo_cygni,svr_rbf,1.687163261,3.426506960739603
ramularia_collo_cygni,svr_rbf,2.902023966,2.5258237319686474
ramularia_collo_cygni,svr_rbf,3.630364881,3.722113816311944
ramularia_collo_cygni,svr_rbf,2.569358823,3.54961055536878
ramularia_collo_cygni,svr_rbf,2.288140407,3.8197579416940433
ramularia_collo_cygni,svr_rbf,4.416633139,3.7129147206544832
ramularia_collo_cygni,svr_rbf,2.69384033,2.9086806142525172
ramularia_collo_cygni,svr_rbf,3.076856246,3.3248010526219867
ramularia_collo_cygni,svr_rbf,3.08092805,4.183173936553405
ramularia_collo_cygni,svr_rbf,2.924983962,3.5522619801603543
ramularia_collo_cygni,svr_rbf,1.705884254,3.6497690006309003
ramularia_collo_cygni,svr_rbf,3.894886322,3.2889573449209077
ramularia_collo_cygni,svr_rbf,3.855620725,3.9621516569529702
ramularia_collo_cygni,svr_rbf,3.627686052,4.63043746160956
ramularia_collo_cygni,svr_rbf,2.136632229,3.2395210770948677
ramularia_collo_cygni,svr_rbf,3.204825077,4.865374809729006
ramularia_collo_cygni,svr_rbf,3.19596072,4.409914140172608
ramularia_collo_cygni,svr_rbf,1.897774277,2.8879341223083714
ramularia_collo_cygni,svr_rbf,4.85067705,4.314065061844696
ramularia_collo_cygni,svr_rbf,4.392169051,3.5871859500698484
ramularia_collo_cygni,svr_rbf,4.095418006,3.3001910929221516
ramularia_collo_cygni,svr_rbf,3.86799669,4.0731219672247265
ramularia_collo_cygni,svr_rbf,2.884306008,2.8973984998914233
ramularia_collo_cygni,svr_rbf,6.598511048,3.9742944879709974
ramularia_collo_cygni,svr_rbf,3.463569664,3.813869606366965
ramularia_collo_cygni,svr_rbf,5.414865704,3.869863520951702
ramularia_collo_cygni,svr_rbf,3.388154499,3.719351831063671
ramularia_collo_cygni,svr_rbf,2.557460867,3.772315195678714
ramularia_collo_cygni,svr_rbf,4.419656093,3.775255012813447
ramularia_collo_cygni,svr_rbf,3.726341105,3.604013179172726
ramularia_collo_cygni,svr_rbf,2.247824888,3.5604791537752747
ramularia_collo_cygni,svr_rbf,3.815346786,3.159855392150272
ramularia_collo_cygni,svr_rbf,3.835370751,3.227959833384304
ramularia_collo_cygni,svr_rbf,3.506211748,3.2058813965626407
ramularia_collo_cygni,svr_rbf,4.869271382,5.2552239934339875
ramularia_collo_cygni,svr_rbf,2.914906526,3.8153631028349553
ramularia_collo_cygni,svr_rbf,2.00274482,3.32301439381766
ramularia_collo_cygni,svr_rbf,3.087213814,3.2921425539113685
ramularia_collo_cygni,svr_rbf,3.75312319,3.6779109215529044
ramularia_collo_cygni,svr_rbf,2.946496284,3.038274922290095
ramularia_collo_cygni,svr_rbf,5.71286631,4.836694207524181
ramularia_collo_cygni,svr_rbf,2.721500554,3.3415327892237916
ramularia_collo_cygni,svr_rbf,4.736381382,5.055356009003788
ramularia_collo_cygni,svr_rbf,4.937605208,3.1488979123846033
ramularia_collo_cygni,svr_rbf,1.675700747,3.54424903113778
ramularia_collo_cygni,svr_rbf,4.26409092,4.023763600777631
ramularia_collo_cygni,svr_rbf,3.038330779,3.376103602181651
ramularia_collo_cygni,svr_rbf,5.399140213,3.3886952329603375
ramularia_collo_cygni,svr_rbf,3.099776861,3.731915904808193
ramularia_collo_cygni,svr_rbf,2.4131964,3.839859012330342
ramularia_collo_cygni,svr_rbf,4.87738971,3.7511792012729104
ramularia_collo_cygni,svr_rbf,6.434082362,3.907256176129289
ramularia_collo_cygni,svr_rbf,4.93447029,4.573431805867265
ramularia_collo_cygni,svr_rbf,3.365553261,2.3947441763510544
ramularia_collo_cygni,svr_rbf,1.280916407,3.3019397626494773
ramularia_collo_cygni,svr_rbf,1.377580101,2.8998972200244917
ramularia_collo_cygni,svr_rbf,4.717755792,3.8045474302592157
ramularia_collo_cygni,svr_rbf,2.961774616,4.344733701067986
ramularia_collo_cygni,svr_rbf,2.345039678,3.7121937268510496
ramularia_collo_cygni,svr_rbf,2.588567421,3.0719463496343065
ramularia_collo_cygni,svr_rbf,2.125766079,3.562912152118997
ramularia_collo_cygni,svr_rbf,4.008527949,3.259325714241299
ramularia_collo_cygni,svr_rbf,4.506492525,3.7712672528467257
ramularia_collo_cygni,svr_rbf,6.476028084,4.879394308300842
ramularia_collo_cygni,svr_rbf,1.764895617,3.2318834123467157
ramularia_collo_cygni,svr_rbf,3.104401162,2.997225363246504
ramularia_collo_cygni,svr_rbf,2.906608396,3.2142553107196306
ramularia_collo_cygni,svr_rbf,3.318745079,2.778449037164077
ramularia_collo_cygni,svr_rbf,2.636440892,3.2576278941679897
ramularia_collo_cygni,svr_rbf,4.646836048,3.7309144249431583
ramularia_collo_cygni,svr_rbf,2.036641273,3.652627329332543
ramularia_collo_cygni,svr_rbf,2.673417615,2.9058420372199256
ramularia_collo_cygni,svr_rbf,1.550159709,3.491615956628587
ramularia_collo_cygni,svr_rbf,4.513120959,3.6925664194098298
ramularia_collo_cygni,svr_rbf,4.107966245,3.6936323506135076
ramularia_collo_cygni,svr_rbf,2.736106536,3.618632473956044
ramularia_collo_cygni,svr_rbf,4.837276781,4.441803852170814
ramularia_collo_cygni,svr_rbf,4.238231441,3.3218880994317064
ramularia_collo_cygni,svr_rbf,3.824216105,4.40879508556688
ramularia_collo_cygni,svr_rbf,4.560709146,3.3699606514102687
ramularia_collo_cygni,svr_rbf,3.519437238,3.24329518906135
ramularia_collo_cygni,svr_rbf,4.478654864,3.668615780581709
ramularia_collo_cygni,svr_rbf,2.527374749,3.563184837423218
ramularia_collo_cygni,svr_rbf,4.253695514,3.186132289298339
ramularia_collo_cygni,svr_rbf,2.450242583,3.3897646236444268
ramularia_collo_cygni,svr_rbf,4.959045319,4.098454002523399
ramularia_collo_cygni,svr_rbf,2.97119362,3.7549280663932034
ramularia_collo_cygni,svr_rbf,2.702798303,3.670009595825216
ramularia_collo_cygni,svr_rbf,3.420231336,3.5298935979172446
ramularia_collo_cygni,svr_rbf,3.537439326,3.2603137253367125
ramularia_collo_cygni,svr_rbf,2.909600554,3.794999438125567
ramularia_collo_cygni,svr_rbf,5.764115368,4.973066777729497
ramularia_collo_cygni,svr_rbf,1.936129039,3.4651558422160655
ramularia_collo_cygni,svr_rbf,3.405083485,3.2599843945467653
ramularia_collo_cygni,svr_rbf,3.428346769,3.7271727184630823
ramularia_collo_cygni,svr_rbf,4.25820283,4.649933322642557
ramularia_collo_cygni,svr_rbf,4.891236629,3.8262645583085075
ramularia_collo_cygni,svr_rbf,3.40126358,3.49165137708035
ramularia_collo_cygni,svr_rbf,2.48877912,3.948504849188283
ramularia_collo_cygni,svr_rbf,2.744944513,3.1619113210525693
ramularia_collo_cygni,svr_rbf,3.994317308,3.615678406596961
ramularia_collo_cygni,svr_rbf,2.024380657,3.8249608491205045
ramularia_collo_cygni,svr_rbf,2.734240062,3.2261371298160317
ramularia_collo_cygni,svr_rbf,3.459146427,3.0629425310124114
ramularia_collo_cygni,svr_rbf,4.960260512,3.7372236127735023
ramularia_collo_cygni,svr_rbf,2.075838609,3.9378798791089915
ramularia_collo_cygni,svr_rbf,4.966769522,3.7732746439971967
ramularia_collo_cygni,svr_rbf,3.845437759,3.1122639181514797
ramularia_collo_cygni,svr_rbf,3.099281261,3.5431590137868687
ramularia_collo_cygni,svr_rbf,5.401392483,4.283952014155435
ramularia_collo_cygni,svr_rbf,3.259294302,3.584718945192001
ramularia_collo_cygni,svr_rbf,3.12497194,3.933697353955394
ramularia_collo_cygni,svr_rbf,2.50199137,3.1763287882574063
ramularia_collo_cygni,svr_rbf,2.413393425,3.754977402783944
ramularia_collo_cygni,svr_rbf,6.32558943,3.8439063354630982
ramularia_collo_cygni,svr_rbf,3.416019284,3.525884919786816
ramularia_collo_cygni,svr_rbf,2.524910406,3.714146784292848
ramularia_collo_cygni,svr_rbf,4.268662724,3.659735028120749
ramularia_collo_cygni,svr_rbf,3.309878547,3.662405650066804
ramularia_collo_cygni,svr_rbf,5.99485731,3.8176475358513633
ramularia_collo_cygni,svr_rbf,5.665475341,3.7465605277799208
ramularia_collo_cygni,svr_rbf,2.884749052,3.2520751071956813
ramularia_collo_cygni,svr_rbf,3.995458448,3.787533773531135
ramularia_collo_cygni,svr_rbf,2.948209598,2.8047966012805476
ramularia_collo_cygni,svr_rbf,3.760367429,3.8837366669334257
ramularia_collo_cygni,svr_rbf,4.799642917,5.022763484168761
ramularia_collo_cygni,svr_rbf,2.926128078,3.182911540447701
ramularia_collo_cygni,svr_rbf,3.643332334,3.569312133082593
ramularia_collo_cygni,svr_rbf,3.43440072,3.5436713409360245
ramularia_collo_cygni,svr_rbf,7.392783657,3.7783953195583018
ramularia_collo_cygni,svr_rbf,2.917245967,3.843232435722445
ramularia_collo_cygni,svr_rbf,1.761814835,3.19894953427098
ramularia_collo_cygni,svr_rbf,1.865185043,3.988887105895295
ramularia_collo_cygni,svr_rbf,2.876749188,4.06657227798915
ramularia_collo_cygni,svr_rbf,2.484843149,3.5703842595705835
ramularia_collo_cygni,svr_rbf,5.896337905,5.061454543274747
ramularia_collo_cygni,svr_rbf,2.579220491,3.8076616691301703
ramularia_collo_cygni,svr_rbf,3.597219811,3.6913723282633253
ramularia_collo_cygni,svr_rbf,3.175306769,3.7001071563004784
ramularia_collo_cygni,svr_rbf,2.626497646,3.0968103264861897
ramularia_collo_cygni,svr_rbf,4.715294154,4.271140118292144
ramularia_collo_cygni,svr_rbf,4.154898698,3.5210682700699345
ramularia_collo_cygni,svr_rbf,4.751582918,3.5611589500758796
ramularia_collo_cygni,svr_rbf,3.163699705,4.257363018780605
ramularia_collo_cygni,svr_rbf,3.454596767,3.1861949733404744
ramularia_collo_cygni,svr_rbf,1.995635846,3.5752849871906656
ramularia_collo_cygni,svr_rbf,3.459933102,2.806981358909757
ramularia_collo_cygni,svr_rbf,2.262293476,3.695315284651348
ramularia_collo_cygni,svr_rbf,3.229686625,3.711161428194033
ramularia_collo_cygni,svr_rbf,2.542971992,3.1151182670192954
ramularia_collo_cygni,svr_rbf,3.417921067,3.9030532517130796
ramularia_collo_cygni,svr_rbf,2.495533359,2.9930453504187904
ramularia_collo_cygni,svr_rbf,3.035047283,4.488938086371704
ramularia_collo_cygni,svr_rbf,2.366379384,3.0438933636450365
ramularia_collo_cygni,svr_rbf,4.950227997,3.11226200597213
ramularia_collo_cygni,svr_rbf,2.934761374,4.744374490297183
ramularia_collo_cygni,svr_rbf,1.609135652,3.4806109256576487
ramularia_collo_cygni,svr_rbf,3.631397141,2.9838002358386544
ramularia_collo_cygni,svr_rbf,2.394825673,3.15183630474186
ramularia_collo_cygni,svr_rbf,1.714128763,3.9319901172445597
ramularia_collo_cygni,svr_rbf,4.828344921,2.636976460633323
ramularia_collo_cygni,svr_rbf,2.676800441,2.8968153028102104
ramularia_collo_cygni,svr_rbf,2.219621162,3.532160754673411
ramularia_collo_cygni,svr_rbf,1.269995021,3.2591705741698513
ramularia_collo_cygni,svr_rbf,4.198350055,3.497268666180431
ramularia_collo_cygni,svr_rbf,2.580800729,3.3905785865956544
ramularia_collo_cygni,svr_rbf,5.895995422,3.978259877564085
ramularia_collo_cygni,svr_rbf,3.23861038,2.568408704418455
ramularia_collo_cygni,svr_rbf,2.132216086,3.7971897194088697
ramularia_collo_cygni,svr_rbf,2.697672234,2.8363277647437233
ramularia_collo_cygni,svr_rbf,1.995342421,3.0597247711949205
ramularia_collo_cygni,svr_rbf,4.04849834,3.7867006589496452
ramularia_collo_cygni,svr_rbf,1.379596989,3.5531589041625384
ramularia_collo_cygni,svr_rbf,2.528756836,3.1358626966578487
ramularia_collo_cygni,svr_rbf,3.2204298,2.569555581506281
ramularia_collo_cygni,svr_rbf,3.944384101,3.3024017662246816
ramularia_collo_cygni,svr_rbf,3.493605964,3.587744714895692
ramularia_collo_cygni,svr_rbf,1.468025776,3.708783845480163
ramularia_collo_cygni,svr_rbf,3.705096507,2.9536990722190968
ramularia_collo_cygni,svr_rbf,3.248482937,3.8391211331694586
ramularia_collo_cygni,svr_rbf,2.404233258,3.7744020734745543
ramularia_collo_cygni,svr_rbf,3.223963411,3.279354141971232
ramularia_collo_cygni,svr_rbf,3.26313003,3.4265130100126635
ramularia_collo_cygni,svr_rbf,3.032379058,3.572398147753044
ramularia_collo_cygni,svr_rbf,3.773309223,3.2057729750881956
ramularia_collo_cygni,svr_rbf,2.758507881,4.592871693868183
ramularia_collo_cygni,svr_rbf,4.515359173,3.363854793192294
ramularia_collo_cygni,svr_rbf,3.023334769,3.448886919678462
ramularia_collo_cygni,svr_rbf,4.377569538,3.4809954882146545
ramularia_collo_cygni,svr_rbf,2.749119607,2.891679574019015
ramularia_collo_cygni,svr_rbf,3.629104928,3.5610182894221967
ramularia_collo_cygni,svr_rbf,4.481511759,3.5680761703259183
ramularia_collo_cygni,svr_rbf,2.312755669,4.528099882550888
ramularia_collo_cygni,svr_rbf,5.022894253,3.457779921014291
ramularia_collo_cygni,svr_rbf,6.473476598,4.080511095511783
ramularia_collo_cygni,svr_rbf,4.905271878,4.641402617354445
ramularia_collo_cygni,svr_rbf,2.257163915,3.3219152029860437
ramularia_collo_cygni,svr_rbf,3.062720262,3.221155486006321
ramularia_collo_cygni,svr_rbf,6.453292221,4.096992400707524
ramularia_collo_cygni,svr_rbf,3.707519962,4.494376775986618
ramularia_collo_cygni,svr_rbf,2.378921726,3.5610682038458994
ramularia_collo_cygni,svr_rbf,2.585558854,3.5505984567470175
ramularia_collo_cygni,svr_rbf,3.026681536,3.21256154695063
ramularia_collo_cygni,svr_rbf,2.232717824,3.7835770048321273
ramularia_collo_cygni,svr_rbf,4.725632349,5.0677860049910946
ramularia_collo_cygni,svr_rbf,2.785731238,3.597845540346973
ramularia_collo_cygni,svr_rbf,2.883765112,3.2334640386050046
ramularia_collo_cygni,svr_rbf,2.025951147,3.0187307798122434
ramularia_collo_cygni,svr_rbf,2.594676733,3.667237481216179
ramularia_collo_cygni,svr_rbf,2.818139828,3.621575228498701
ramularia_collo_cygni,svr_rbf,2.283454127,3.4716635669674063
ramularia_collo_cygni,svr_rbf,2.821696306,3.38199912099315
ramularia_collo_cygni,svr_rbf,3.007580614,3.403632845921338
ramularia_collo_cygni,svr_rbf,2.85916878,3.2581837354072243
ramularia_collo_cygni,svr_rbf,2.578256026,3.7892581386876705
ramularia_collo_cygni,svr_rbf,2.821392866,3.797800745289534
ramularia_collo_cygni,svr_rbf,2.514597673,3.8509047643770478
ramularia_collo_cygni,svr_rbf,4.177928981,3.995394791963431
ramularia_collo_cygni,svr_rbf,3.311945574,3.5832867296865505
ramularia_collo_cygni,svr_rbf,4.532230443,2.948251703616089
ramularia_collo_cygni,svr_rbf,3.421079755,4.060249478063107
ramularia_collo_cygni,svr_rbf,3.200617315,3.9297623874080934
ramularia_collo_cygni,svr_rbf,5.08050109,4.065684349459481
ramularia_collo_cygni,svr_rbf,3.638899688,2.813432790233289
ramularia_collo_cygni,svr_rbf,3.456848545,4.10469202715054
ramularia_collo_cygni,svr_rbf,2.07417155,3.55701359208857
ramularia_collo_cygni,svr_rbf,2.787417022,3.6273981306843446
ramularia_collo_cygni,svr_rbf,4.945459399,3.621176278906482
ramularia_collo_cygni,svr_rbf,3.045417883,2.893390067920344
ramularia_collo_cygni,svr_rbf,3.994740891,3.3939681201557566
ramularia_collo_cygni,svr_rbf,2.681116279,3.169942583345496
ramularia_collo_cygni,svr_rbf,1.961541095,3.3994919454662322
ramularia_collo_cygni,svr_rbf,3.553626424,3.2377645502858923
ramularia_collo_cygni,svr_rbf,2.791185155,3.442971745596592
ramularia_collo_cygni,svr_rbf,3.547001743,3.7595418902375224
ramularia_collo_cygni,svr_rbf,2.341523802,3.4658098725031765
ramularia_collo_cygni,svr_rbf,3.59775894,3.255469006796197
ramularia_collo_cygni,svr_rbf,2.877121589,3.8008679809621975
ramularia_collo_cygni,svr_rbf,3.585528338,4.528701848308034
ramularia_collo_cygni,svr_rbf,3.647624243,3.6581439785695116
ramularia_collo_cygni,svr_rbf,3.478650494,3.6751158148634873
ramularia_collo_cygni,svr_rbf,5.285380786,3.792684421362723
ramularia_collo_cygni,svr_rbf,5.550408685,4.051634475521693
ramularia_collo_cygni,svr_rbf,5.239179351,3.83361224465154
ramularia_collo_cygni,svr_rbf,4.401479629,3.8516746034900806
ramularia_collo_cygni,svr_rbf,3.506192159,3.624925486530219
ramularia_collo_cygni,svr_rbf,3.567025994,2.8409121029809326
ramularia_collo_cygni,svr_rbf,4.077914898,3.89028767197983
ramularia_collo_cygni,svr_rbf,4.024790387,3.4621141967797167
ramularia_collo_cygni,svr_rbf,4.044241807,4.247762593406883
ramularia_collo_cygni,svr_rbf,3.722318491,3.7023214573780705
ramularia_collo_cygni,svr_rbf,2.121753296,3.6359323777728303
ramularia_collo_cygni,svr_rbf,2.896969564,2.8374457930914927
ramularia_collo_cygni,svr_rbf,4.279852668,4.696658587104407
ramularia_collo_cygni,svr_rbf,2.203441626,3.422337717778579
ramularia_collo_cygni,svr_rbf,3.536834135,3.584959305729794
ramularia_collo_cygni,svr_rbf,5.288690925,4.124026932077451
ramularia_collo_cygni,svr_rbf,4.443297334,3.535833658641078
ramularia_collo_cygni,svr_rbf,2.560804452,3.085964273889792
ramularia_collo_cygni,svr_rbf,2.56277974,3.9764807522851493
ramularia_collo_cygni,svr_rbf,3.103139733,3.6319352214719816
ramularia_collo_cygni,svr_rbf,3.285279158,3.9757574265318847
ramularia_collo_cygni,svr_rbf,3.749509455,3.820431401455947
ramularia_collo_cygni,svr_rbf,1.846640664,3.5946554985856896
ramularia_collo_cygni,svr_rbf,3.563807504,3.519541763860815
ramularia_collo_cygni,svr_rbf,4.725567919,3.3438341726767984
ramularia_collo_cygni,svr_rbf,2.820378375,3.56856173970162
ramularia_collo_cygni,svr_rbf,3.833067311,3.469309360049995
ramularia_collo_cygni,svr_rbf,3.859638477,3.3384181979817513
ramularia_collo_cygni,svr_rbf,2.273804712,4.099069301025863
ramularia_collo_cygni,svr_rbf,3.341534023,3.2590381646862117
ramularia_collo_cygni,svr_rbf,2.551762557,3.844987210336766
ramularia_collo_cygni,svr_rbf,3.239318252,3.685848710466693
ramularia_collo_cygni,svr_rbf,4.941599489,4.077616022948911
ramularia_collo_cygni,svr_rbf,4.675626764,3.7931197864912933
ramularia_collo_cygni,svr_rbf,5.418930035,5.15045550595071
ramularia_collo_cygni,svr_rbf,3.603778592,4.306713633386359
ramularia_collo_cygni,svr_rbf,4.773843321,5.066726105144781
ramularia_collo_cygni,svr_rbf,6.10085344,5.059996042161713
ramularia_collo_cygni,svr_rbf,2.789382434,4.292340162307245
ramularia_collo_cygni,svr_rbf,3.246976209,3.808419248967752
ramularia_collo_cygni,svr_rbf,3.405392688,3.303134949832317
ramularia_collo_cygni,svr_rbf,6.266704312,4.972176234222345
ramularia_collo_cygni,svr_rbf,3.547937644,3.5965353248873444
ramularia_collo_cygni,svr_rbf,3.432035666,3.2940521384721837
ramularia_collo_cygni,svr_rbf,4.575312137,4.942399932674016
ramularia_collo_cygni,svr_rbf,4.203844661,4.191887281417646
ramularia_collo_cygni,svr_rbf,4.428609383,5.365883679410153
ramularia_collo_cygni,svr_rbf,5.768947126,5.200769194317458
ramularia_collo_cygni,svr_rbf,5.087406811,3.6506318143818293
ramularia_collo_cygni,svr_rbf,5.850030434,4.154737840530368
ramularia_collo_cygni,svr_rbf,4.529621301,4.180256927131378
ramularia_collo_cygni,svr_rbf,3.987652996,3.452958419328632
ramularia_collo_cygni,svr_rbf,2.821261723,3.5782272131257242
ramularia_collo_cygni,svr_rbf,4.885907108,4.859252540198714
ramularia_collo_cygni,svr_rbf,4.261444672,3.4999454813016695
ramularia_collo_cygni,svr_rbf,4.093869485,3.2190842886714996
ramularia_collo_cygni,svr_rbf,3.011464279,3.8781128781894805
ramularia_collo_cygni,svr_rbf,2.181853119,2.792627890573896
ramularia_collo_cygni,svr_rbf,4.080442172,3.526226103462417
ramularia_collo_cygni,svr_rbf,3.392410972,3.655567259026424
ramularia_collo_cygni,svr_rbf,2.793423956,3.1974550643426856
ramularia_collo_cygni,svr_rbf,2.067225015,3.549169410148537
ramularia_collo_cygni,svr_rbf,2.647936909,3.555609128188783
ramularia_collo_cygni,svr_rbf,4.60339488,3.323686243837183
ramularia_collo_cygni,svr_rbf,3.207127644,2.9787186692571117
ramularia_collo_cygni,svr_rbf,5.477360192,4.011870116998336
ramularia_collo_cygni,svr_rbf,2.587664835,2.9123919560381726
ramularia_collo_cygni,svr_rbf,2.85361331,3.6113855944252164
ramularia_collo_cygni,svr_rbf,2.912007506,4.243021089828664
ramularia_collo_cygni,svr_rbf,3.605552384,3.4577666044799615
ramularia_collo_cygni,svr_rbf,2.686727591,3.6131504445354397
ramularia_collo_cygni,svr_rbf,4.161470519,3.714837279309296
ramularia_collo_cygni,svr_rbf,4.094530922,3.905430688779995
ramularia_collo_cygni,svr_rbf,3.700595574,4.00067276285459
ramularia_collo_cygni,svr_rbf,3.589567946,4.033299460299278
ramularia_collo_cygni,svr_rbf,5.167707153,3.7613842704740863
ramularia_collo_cygni,svr_rbf,4.976781985,3.919521254011287
ramularia_collo_cygni,svr_rbf,2.981036124,3.450688143302515
ramularia_collo_cygni,svr_rbf,1.934766171,3.3508498237586704
ramularia_collo_cygni,svr_rbf,2.457538063,3.896527578007668
ramularia_collo_cygni,svr_rbf,3.813297204,3.554075587122894
ramularia_collo_cygni,svr_rbf,4.784532818,4.651310343049589
ramularia_collo_cygni,svr_rbf,5.641355229,3.613359116554977
ramularia_collo_cygni,svr_rbf,4.268353806,4.522211638722063
ramularia_collo_cygni,svr_rbf,1.916796457,4.300050218380683
ramularia_collo_cygni,svr_rbf,3.180723486,3.597500856912536
ramularia_collo_cygni,svr_rbf,4.497063188,3.6902249410153103
ramularia_collo_cygni,svr_rbf,4.600415743,3.5457101098292116
ramularia_collo_cygni,svr_rbf,2.589009647,4.231866976962186
ramularia_collo_cygni,svr_rbf,5.121012268,3.876775656273685
ramularia_collo_cygni,svr_rbf,5.714832154,4.422424277382508
ramularia_collo_cygni,svr_rbf,2.399790388,3.7069255938309813
ramularia_collo_cygni,svr_rbf,2.883699798,3.1339553058964627
ramularia_collo_cygni,svr_rbf,1.84906439,2.976410909983769
ramularia_collo_cygni,svr_rbf,1.152231625,3.831596098459366
ramularia_collo_cygni,svr_rbf,4.802934616,4.122951991609258
ramularia_collo_cygni,svr_rbf,3.743532797,2.887919041115649
ramularia_collo_cygni,svr_rbf,4.041996855,3.4019379000095693
ramularia_collo_cygni,svr_rbf,3.591401207,3.703714809357074
ramularia_collo_cygni,svr_rbf,6.134557667,3.8712228864558416
ramularia_collo_cygni,svr_rbf,5.35826487,4.242311501312945
ramularia_collo_cygni,svr_rbf,2.375793414,3.8506608098244612
ramularia_collo_cygni,svr_rbf,3.366106575,3.661758306466041
ramularia_collo_cygni,svr_rbf,4.107306663,5.227700292192922
ramularia_collo_cygni,svr_rbf,4.361707918,4.053654278695602
ramularia_collo_cygni,svr_rbf,6.594091469,4.60723455254512
ramularia_collo_cygni,svr_rbf,4.308905283,3.774771861210799
ramularia_collo_cygni,svr_rbf,4.18397681,3.9670311747524556
ramularia_collo_cygni,svr_rbf,4.80999667,4.8260241449416
ramularia_collo_cygni,svr_rbf,5.702008013,5.129080174349895
ramularia_collo_cygni,svr_rbf,5.168934426,4.114891682558528
ramularia_collo_cygni,svr_rbf,3.274845099,4.195636119448959
ramularia_collo_cygni,svr_rbf,3.260999846,4.445744837627931
ramularia_collo_cygni,svr_rbf,2.836712807,2.7539644326795543
ramularia_collo_cygni,svr_rbf,2.916695638,3.8008323884653596
ramularia_collo_cygni,svr_rbf,4.411263815,4.738971384622782
ramularia_collo_cygni,svr_rbf,2.942746578,3.2613155477386275
ramularia_collo_cygni,svr_rbf,3.313049094,3.422238878951248
ramularia_collo_cygni,svr_rbf,3.324902719,3.785994957462292
ramularia_collo_cygni,svr_rbf,3.36595316,3.5810721379494015
ramularia_collo_cygni,svr_rbf,2.605692417,3.562210200559474
ramularia_collo_cygni,svr_rbf,2.967903146,3.7990678800899884
ramularia_collo_cygni,svr_rbf,3.917309573,3.6810393884285966
ramularia_collo_cygni,svr_rbf,3.878615155,3.845815303008048
ramularia_collo_cygni,svr_rbf,5.102677644,3.774050873205863
ramularia_collo_cygni,svr_rbf,1.962848078,3.6557276867503075
ramularia_collo_cygni,svr_rbf,3.833500065,2.6646049252199093
ramularia_collo_cygni,svr_rbf,1.780891635,3.649549367301867
ramularia_collo_cygni,svr_rbf,2.465654743,3.119646940297172
ramularia_collo_cygni,svr_rbf,2.938385175,3.3582286818434435
ramularia_collo_cygni,svr_rbf,3.148012422,3.588712024408503
ramularia_collo_cygni,svr_rbf,5.185656631,3.2420775566109743
ramularia_collo_cygni,svr_rbf,4.950109023,4.140381757171448
ramularia_collo_cygni,svr_rbf,4.219673819,3.7987113753248813
ramularia_collo_cygni,svr_rbf,3.686608589,4.747257056840926
ramularia_collo_cygni,svr_rbf,3.336622593,3.3128088149050017
ramularia_collo_cygni,svr_rbf,5.092895008,3.8289790814432956
ramularia_collo_cygni,svr_rbf,2.052345551,3.107165041415789
ramularia_collo_cygni,svr_rbf,2.364933613,3.61336430126029
ramularia_collo_cygni,svr_rbf,3.53496635,3.6474939076813477
ramularia_collo_cygni,svr_rbf,4.401780525,4.115167808708081
ramularia_collo_cygni,svr_rbf,3.358527067,3.446710748538756
ramularia_collo_cygni,svr_rbf,3.670143081,3.0561038428837994
ramularia_collo_cygni,svr_rbf,2.014016309,5.58385408384952
ramularia_collo_cygni,svr_rbf,1.960530286,4.119954644019269
ramularia_collo_cygni,svr_rbf,5.172937334,4.138863552197467
ramularia_collo_cygni,svr_rbf,4.283459272,2.791873076464139
ramularia_collo_cygni,svr_rbf,2.925395363,4.573433936851347
ramularia_collo_cygni,svr_rbf,3.42247289,3.8685815576825933
ramularia_collo_cygni,svr_rbf,4.515746299,3.599331523174993
ramularia_collo_cygni,svr_rbf,4.191695379,3.950165579658164
ramularia_collo_cygni,svr_rbf,3.606880456,2.961830253333492
ramularia_collo_cygni,svr_rbf,5.105749703,3.686861609074337
ramularia_collo_cygni,svr_rbf,3.056245208,3.5701740678840976
ramularia_collo_cygni,svr_rbf,4.364984067,3.6950081657200067
ramularia_collo_cygni,svr_rbf,5.383216251,4.461146486100354
ramularia_collo_cygni,svr_rbf,3.328242805,4.971919584168388
ramularia_collo_cygni,svr_rbf,4.299196503,4.425329115023091
ramularia_collo_cygni,svr_rbf,2.861931624,3.423361608356477
ramularia_collo_cygni,svr_rbf,5.418319692,4.797710933736662
ramularia_collo_cygni,svr_rbf,4.521262301,4.093672335407934
ramularia_collo_cygni,svr_rbf,4.121323765,3.7734950261550275
ramularia_collo_cygni,svr_rbf,3.966327195,3.6097877299090237
ramularia_collo_cygni,svr_rbf,2.145341559,3.7792423005933453
ramularia_collo_cygni,svr_rbf,4.147352865,5.171956293652563
ramularia_collo_cygni,svr_rbf,5.899597746,3.7593038942357913
ramularia_collo_cygni,svr_rbf,2.245947462,3.7912504678639167
ramularia_collo_cygni,svr_rbf,5.91872848,4.698006955934953
ramularia_collo_cygni,svr_rbf,5.393861608,3.774952114417971
ramularia_collo_cygni,svr_rbf,4.257490261,3.275189111564298
ramularia_collo_cygni,svr_rbf,6.282555558,3.074741613919798
ramularia_collo_cygni,svr_rbf,6.859493481,4.876541058046693
ramularia_collo_cygni,svr_rbf,4.708309131,2.648768880933326
ramularia_collo_cygni,svr_rbf,4.720761253,4.019069868414794
ramularia_collo_cygni,svr_rbf,3.908208118,3.65813725780435
ramularia_collo_cygni,svr_rbf,4.899081514,3.934551720640929
ramularia_collo_cygni,svr_rbf,5.281835445,4.213030649898224
ramularia_collo_cygni,svr_rbf,5.032160195,3.8991425144639913
ramularia_collo_cygni,svr_rbf,5.517781468,3.3447727056788583
ramularia_collo_cygni,svr_rbf,4.314165211,3.6278873565165495
ramularia_collo_cygni,svr_rbf,4.035735845,3.8371928801052713
ramularia_collo_cygni,svr_rbf,4.344159778,3.5470143460531602
ramularia_collo_cygni,svr_rbf,2.312160739,3.7529665022582583
ramularia_collo_cygni,svr_rbf,2.83038719,3.674134807957946
ramularia_collo_cygni,svr_rbf,4.599680006,4.585195826092019
ramularia_collo_cygni,svr_rbf,1.879105656,3.6707233695697683
ramularia_collo_cygni,svr_rbf,5.692827358,4.061209197378627
ramularia_collo_cygni,svr_rbf,3.379602875,3.7955567762429676
ramularia_collo_cygni,svr_rbf,3.169491497,4.041971761666
ramularia_collo_cygni,svr_rbf,4.685454688,3.9709400372482406
ramularia_collo_cygni,svr_rbf,3.025492215,4.4954774846275445
ramularia_collo_cygni,svr_rbf,4.308853114,4.37811296101468
ramularia_collo_cygni,svr_rbf,2.889358684,4.086075885262809
ramularia_collo_cygni,svr_rbf,3.918952634,3.799981448735663
ramularia_collo_cygni,svr_rbf,3.634395405,3.6241121827632794
ramularia_collo_cygni,svr_rbf,4.396953124,3.6570251906229676
ramularia_collo_cygni,svr_rbf,3.608744614,3.5979954272989185
ramularia_collo_cygni,svr_rbf,3.711884855,4.36452593764384
ramularia_collo_cygni,svr_rbf,3.451430151,3.819004323989624
ramularia_collo_cygni,svr_rbf,3.101452885,3.4278261632954097
ramularia_collo_cygni,svr_rbf,3.573299311,3.6246512050608453
ramularia_collo_cygni,svr_rbf,5.932678396,4.107701533234497
ramularia_collo_cygni,svr_rbf,5.56570577,4.191310749482923
ramularia_collo_cygni,svr_rbf,5.353029659,4.783693918382508
ramularia_collo_cygni,svr_rbf,5.379636672,5.422807344675515
ramularia_collo_cygni,svr_rbf,3.736429595,3.1670380679459678
ramularia_collo_cygni,svr_rbf,4.457101364,3.224987005470715
ramularia_collo_cygni,svr_rbf,3.897659932,4.380856787174696
ramularia_collo_cygni,svr_rbf,2.054417732,3.846254036916641
ramularia_collo_cygni,svr_rbf,4.924119115,3.599356787334419
ramularia_collo_cygni,svr_rbf,4.942875189,3.646561438128394
ramularia_collo_cygni,svr_rbf,5.124787577,4.681881726308896
ramularia_collo_cygni,svr_rbf,4.208323136,4.194635362738191
ramularia_collo_cygni,svr_rbf,3.764073537,3.6848798553611006
ramularia_collo_cygni,svr_rbf,4.280333381,3.344320746982917
ramularia_collo_cygni,svr_rbf,4.097195533,2.9137357435459723
ramularia_collo_cygni,svr_rbf,2.971079525,3.1489460540515477
ramularia_collo_cygni,svr_rbf,2.791846957,4.432125445131445
ramularia_collo_cygni,svr_rbf,2.96989492,2.794525087791663
ramularia_collo_cygni,svr_rbf,3.62670802,3.0837023151153433
ramularia_collo_cygni,svr_rbf,1.058412984,3.3867146745835814
ramularia_collo_cygni,svr_rbf,3.637462746,3.378514057202227
ramularia_collo_cygni,svr_rbf,4.198037082,3.4362541535187
ramularia_collo_cygni,svr_rbf,2.806247735,2.8540825913056964
ramularia_collo_cygni,svr_rbf,3.187094494,3.26721054262202
ramularia_collo_cygni,svr_rbf,4.572081454,3.0587387146667493
ramularia_collo_cygni,svr_rbf,1.377134412,3.262733352204192
ramularia_collo_cygni,svr_rbf,2.20076438,3.6510216694014668
ramularia_collo_cygni,svr_rbf,4.001062911,3.4143160662554703
ramularia_collo_cygni,svr_rbf,3.979907854,3.5636212876428766
ramularia_collo_cygni,svr_rbf,4.094413014,3.5783592024716935
ramularia_collo_cygni,svr_rbf,7.912654034,3.822809289951553
ramularia_collo_cygni,svr_rbf,4.602135083,3.817708747697
ramularia_collo_cygni,svr_rbf,3.281307401,3.4435244793410256
ramularia_collo_cygni,svr_rbf,1.967202572,3.106093901796077
ramularia_collo_cygni,svr_rbf,4.026223815,3.679486910652627
ramularia_collo_cygni,svr_rbf,6.539995772,3.417911994581822
ramularia_collo_cygni,svr_rbf,3.748131232,3.166263057964637
ramularia_collo_cygni,svr_rbf,4.846660504,3.8288294475090985
ramularia_collo_cygni,svr_rbf,2.34483348,3.596092694058911
ramularia_collo_cygni,svr_rbf,4.506167921,3.911379991631767
ramularia_collo_cygni,svr_rbf,3.635939077,3.5237187542389186
ramularia_collo_cygni,svr_rbf,4.142354605,3.753476944267223
ramularia_collo_cygni,svr_rbf,3.374663247,3.6801613688448764
ramularia_collo_cygni,svr_rbf,5.756445066,3.4925434260525154
ramularia_collo_cygni,svr_rbf,3.674601278,3.8000042174839854
ramularia_collo_cygni,svr_rbf,3.324055877,3.9802886781169304
ramularia_collo_cygni,svr_rbf,2.7807053,3.570488438435472
ramularia_collo_cygni,svr_rbf,4.894689472,3.7450544097580054
ramularia_collo_cygni,svr_rbf,3.100060051,3.316144566936749
ramularia_collo_cygni,svr_rbf,2.781169457,3.608765027966648
ramularia_collo_cygni,svr_rbf,4.882267891,3.4619527021679857
ramularia_collo_cygni,svr_rbf,3.356692615,3.4911335961511663
ramularia_collo_cygni,svr_rbf,3.748821937,3.8547269419692545
ramularia_collo_cygni,svr_rbf,6.178172917,3.3480818808247106
ramularia_collo_cygni,svr_rbf,3.147795686,3.8527478968108624
ramularia_collo_cygni,svr_rbf,3.772567524,3.6363707133693772
ramularia_collo_cygni,svr_rbf,3.465270808,2.939857652447648
ramularia_collo_cygni,svr_rbf,4.466200077,3.88975485317723
ramularia_collo_cygni,svr_rbf,3.014228158,3.696367889075754
ramularia_collo_cygni,svr_rbf,4.18621684,3.680987837494678
ramularia_collo_cygni,svr_rbf,4.885353121,3.745023228267491
ramularia_collo_cygni,svr_rbf,2.896596825,3.9264098573312656
ramularia_collo_cygni,svr_rbf,4.36834635,3.3539377857323256
ramularia_collo_cygni,svr_rbf,3.332716693,2.9112390359286886
ramularia_collo_cygni,svr_rbf,3.236620609,3.603322204033843
ramularia_collo_cygni,svr_rbf,4.095243662,3.5500391629703545
ramularia_collo_cygni,svr_rbf,5.132430577,3.259594049524071
ramularia_collo_cygni,svr_rbf,4.966375253,3.746210475553385
ramularia_collo_cygni,svr_rbf,3.766851454,3.5392162885631153
ramularia_collo_cygni,svr_rbf,2.780572046,3.7973337202484814
ramularia_collo_cygni,svr_rbf,5.209136069,4.7171096470800045
ramularia_collo_cygni,svr_rbf,4.908590413,3.6630929189735193
ramularia_collo_cygni,svr_rbf,0.772513064,3.6655784286647184
ramularia_collo_cygni,svr_rbf,4.933122661,3.8090433856434935
ramularia_collo_cygni,svr_rbf,2.422759972,3.2516875223775905
ramularia_collo_cygni,svr_rbf,5.232655849,3.536880570749052
ramularia_collo_cygni,svr_rbf,5.047861795,3.07920649407926
ramularia_collo_cygni,svr_rbf,2.916785295,3.7335293974332022
ramularia_collo_cygni,svr_rbf,4.654387945,3.681833401355351
ramularia_collo_cygni,svr_rbf,1.93062327,3.6589440857052886
ramularia_collo_cygni,svr_rbf,4.994512049,3.581707121820406
ramularia_collo_cygni,svr_rbf,4.761266522,4.691545975147069
ramularia_collo_cygni,svr_rbf,4.478468915,3.612249427884941
ramularia_collo_cygni,svr_rbf,3.612838272,3.6502181439751373
ramularia_collo_cygni,svr_rbf,3.720366044,3.7156902265016765
ramularia_collo_cygni,svr_rbf,3.268945899,3.7255898701837222
ramularia_collo_cygni,svr_rbf,3.509920814,3.638994122649825
ramularia_collo_cygni,svr_rbf,2.902518827,3.441965589741694
ramularia_collo_cygni,svr_rbf,2.758478011,3.7131414183628424
ramularia_collo_cygni,svr_rbf,3.298315347,3.327337059033021
ramularia_collo_cygni,svr_rbf,3.24430407,3.2459698518641327
ramularia_collo_cygni,svr_rbf,2.052194097,3.979928116028688
ramularia_collo_cygni,svr_rbf,3.936873726,4.0071573000043115
ramularia_collo_cygni,svr_rbf,4.984592729,2.940314355341671
ramularia_collo_cygni,svr_rbf,3.840652164,3.700932300685623
ramularia_collo_cygni,svr_rbf,3.818425112,3.6904010337630417
ramularia_collo_cygni,svr_rbf,3.532386837,3.510212835574128
ramularia_collo_cygni,svr_rbf,3.216726866,3.752655105196676
ramularia_collo_cygni,svr_rbf,3.579921635,3.5630054925710115
ramularia_collo_cygni,svr_rbf,3.236319367,3.5019933945243187
ramularia_collo_cygni,svr_rbf,2.642613298,3.0271812359234875
ramularia_collo_cygni,svr_rbf,4.354321111,3.643545945523105
ramularia_collo_cygni,svr_rbf,5.614259509,3.5829468019251562
ramularia_collo_cygni,svr_rbf,1.945137839,3.6459591059070964
ramularia_collo_cygni,svr_rbf,4.225988032,3.864576824679299
ramularia_collo_cygni,svr_rbf,2.925201645,3.6516477605368625
ramularia_collo_cygni,svr_rbf,3.101281019,3.6455001206915068
ramularia_collo_cygni,svr_rbf,5.535770599,3.3759808480243683
ramularia_collo_cygni,svr_rbf,2.788529878,3.4354791186466125
ramularia_collo_cygni,svr_rbf,3.667776838,3.6412014001771578
ramularia_collo_cygni,svr_rbf,4.24250557,3.700979438712726
ramularia_collo_cygni,svr_rbf,3.543947456,3.417802390552142
ramularia_collo_cygni,svr_rbf,1.943472971,3.375361809122409
ramularia_collo_cygni,svr_rbf,4.570598289,3.640822284683352
ramularia_collo_cygni,svr_rbf,4.197081682,3.4740009294739016
ramularia_collo_cygni,svr_rbf,2.653980556,3.6639885604203934
ramularia_collo_cygni,svr_rbf,4.211633251,3.766678874977217
ramularia_collo_cygni,svr_rbf,3.960757063,3.679571823739345
ramularia_collo_cygni,svr_rbf,3.834533361,3.5634804178860104
ramularia_collo_cygni,svr_rbf,6.670582425,3.6643700504760344
ramularia_collo_cygni,svr_rbf,2.482367824,3.8491764620151034
ramularia_collo_cygni,svr_rbf,5.613125232,3.50227683430599
ramularia_collo_cygni,svr_rbf,5.076323998,3.1626885604656882
ramularia_collo_cygni,svr_rbf,5.060772723,3.562516797288504
ramularia_collo_cygni,svr_rbf,5.766442162,3.4085735591701596
ramularia_collo_cygni,svr_rbf,5.229388598,3.826075604667903
ramularia_collo_cygni,svr_rbf,3.412965916,3.6342605989222014
ramularia_collo_cygni,svr_rbf,3.825129378,3.8154776169676086
ramularia_collo_cygni,svr_rbf,3.038109583,3.1666090435033856
ramularia_collo_cygni,svr_rbf,3.932260925,3.540765518786981
ramularia_collo_cygni,svr_rbf,3.323076629,3.5597307048625164
ramularia_collo_cygni,svr_rbf,2.283147278,3.724511061304621
ramularia_collo_cygni,svr_rbf,2.764524705,3.6495635516897886
ramularia_collo_cygni,svr_rbf,5.130832621,3.3367750192831913
ramularia_collo_cygni,svr_rbf,4.614598134,3.796739745943226
ramularia_collo_cygni,svr_rbf,4.120846027,4.007946581760435
ramularia_collo_cygni,svr_rbf,4.057256154,3.9988962588181476
ramularia_collo_cygni,svr_rbf,5.018066575,3.6822690855975035
ramularia_collo_cygni,svr_rbf,4.203911834,3.643113526550023
ramularia_collo_cygni,svr_rbf,3.350155655,3.5034529926342657
ramularia_collo_cygni,svr_rbf,2.700511078,3.6354045843255527
ramularia_collo_cygni,svr_rbf,5.435757346,3.5027500190696563
ramularia_collo_cygni,svr_rbf,5.744139393,3.622347586903924
ramularia_collo_cygni,svr_rbf,2.082386316,3.689695991547811
ramularia_collo_cygni,svr_rbf,3.442166582,3.1678842880752693
ramularia_collo_cygni,svr_rbf,2.633708499,3.7631291657093326
ramularia_collo_cygni,svr_rbf,5.006632025,3.565201295931164
ramularia_collo_cygni,svr_rbf,2.809406345,3.6062959588672285
ramularia_collo_cygni,svr_rbf,5.86691796,4.02375848888236
ramularia_collo_cygni,svr_rbf,4.96490818,3.7170313439567035
ramularia_collo_cygni,svr_rbf,4.361131337,3.7944255138715164
ramularia_collo_cygni,svr_rbf,3.186026337,3.4462099131754425
ramularia_collo_cygni,svr_rbf,3.066823366,3.3952304749527293
ramularia_collo_cygni,svr_rbf,3.271356448,3.58367072594008
ramularia_collo_cygni,svr_rbf,3.242413327,3.2650055065737904
ramularia_collo_cygni,svr_rbf,3.36176845,3.7108504463190606
ramularia_collo_cygni,svr_rbf,7.428986112,3.0745415825049673
ramularia_collo_cygni,svr_rbf,5.549428508,4.180675737800879
ramularia_collo_cygni,svr_rbf,3.244212607,3.5318271307749614
ramularia_collo_cygni,svr_rbf,4.244248246,3.5384280168902786
ramularia_collo_cygni,svr_rbf,4.317522933,3.7308964428443128
ramularia_collo_cygni,svr_rbf,2.548050553,3.742610521511703
ramularia_collo_cygni,svr_rbf,4.031171262,3.770103430727109
ramularia_collo_cygni,svr_rbf,4.159968901,3.5933372290166896
ramularia_collo_cygni,svr_rbf,2.386557644,3.890645410259008
ramularia_collo_cygni,svr_rbf,2.49070038,3.6918129033540357
ramularia_collo_cygni,svr_rbf,4.014262556,3.7207744533239175
ramularia_collo_cygni,svr_rbf,4.053531802,4.6440121352486745
ramularia_collo_cygni,svr_rbf,4.986592774,3.5717861555950337
ramularia_collo_cygni,svr_rbf,5.128380095,3.655535344189105
ramularia_collo_cygni,svr_rbf,3.19479583,3.7949668289589105
ramularia_collo_cygni,svr_rbf,3.961847816,3.645946722374635
ramularia_collo_cygni,svr_rbf,5.172772762,3.103693553329312
ramularia_collo_cygni,svr_rbf,3.947623385,4.237550822275242
ramularia_collo_cygni,svr_rbf,3.871761849,3.753664683301589
ramularia_collo_cygni,svr_rbf,3.976043434,3.025769687592597
ramularia_collo_cygni,svr_rbf,3.498114796,3.123840376406565
ramularia_collo_cygni,svr_rbf,2.097208233,2.917590643304402
ramularia_collo_cygni,svr_rbf,2.978758553,3.539413623446797
ramularia_collo_cygni,svr_rbf,3.092853738,3.076465612506419
ramularia_collo_cygni,svr_rbf,3.976198132,3.4206890632043567
ramularia_collo_cygni,svr_rbf,3.464276137,3.9078084568593097
ramularia_collo_cygni,svr_rbf,2.392332433,4.068587604262755
ramularia_collo_cygni,svr_rbf,1.564335835,3.7475281536555745
ramularia_collo_cygni,svr_rbf,3.747707792,4.255335840267176
ramularia_collo_cygni,svr_rbf,4.691661168,3.500192673037992
ramularia_collo_cygni,svr_rbf,5.685102941,3.512646173363854
ramularia_collo_cygni,svr_rbf,4.326022413,3.7665523356636137
ramularia_collo_cygni,svr_rbf,6.181568149,3.66950212392187
ramularia_collo_cygni,svr_rbf,2.594955535,3.3335782202953714
ramularia_collo_cygni,svr_rbf,3.422066567,3.7186400621505205
ramularia_collo_cygni,svr_rbf,5.089783175,2.9437793364001013
ramularia_collo_cygni,svr_rbf,5.667261938,4.4553047264977
ramularia_collo_cygni,svr_rbf,4.703529731,3.7973108061616068
ramularia_collo_cygni,svr_rbf,3.936011539,3.880361416135333
ramularia_collo_cygni,svr_rbf,3.963781073,3.551821915734739
ramularia_collo_cygni,svr_rbf,2.513943088,3.5112729371241067
ramularia_collo_cygni,svr_rbf,4.816860958,3.56468638158132
ramularia_collo_cygni,svr_rbf,2.963390923,3.638497205685116
ramularia_collo_cygni,svr_rbf,4.415387441,3.5697842594052935
ramularia_collo_cygni,svr_rbf,3.421875007,3.2448870794176528
ramularia_collo_cygni,svr_rbf,3.091254785,3.4352568168681596
ramularia_collo_cygni,svr_rbf,2.734206549,3.7579456503097117
ramularia_collo_cygni,svr_rbf,4.641817846,3.3752513367374064
ramularia_collo_cygni,svr_rbf,2.753001933,3.626529607213505
ramularia_collo_cygni,svr_rbf,4.083835137,3.7361835630807936
ramularia_collo_cygni,svr_rbf,0.943149133,3.494414070471682
ramularia_collo_cygni,svr_rbf,2.498818324,3.578472626287166
ramularia_collo_cygni,svr_rbf,5.45167807,3.7587117951624887
ramularia_collo_cygni,svr_rbf,3.648534566,3.5370581847043083
ramularia_collo_cygni,svr_rbf,3.242660677,3.458899556116718
ramularia_collo_cygni,svr_rbf,3.352884116,3.786190534469584
ramularia_collo_cygni,svr_rbf,2.913844398,3.679237649031913
ramularia_collo_cygni,svr_rbf,2.945929577,3.6945358712411562
ramularia_collo_cygni,svr_rbf,3.782103229,3.3755817737329394
ramularia_collo_cygni,svr_rbf,5.120479034,4.115228139578838
ramularia_collo_cygni,svr_rbf,5.343574256,4.845776736916191
ramularia_collo_cygni,svr_rbf,6.860258267,3.5047105530258165
ramularia_collo_cygni,svr_rbf,4.883654271,3.7251674415833644
ramularia_collo_cygni,svr_rbf,5.257686547,3.82308233330514
ramularia_collo_cygni,svr_rbf,3.553791047,3.7517024160920016
ramularia_collo_cygni,svr_rbf,5.662357093,3.3651069198554038
ramularia_collo_cygni,svr_rbf,3.221431133,3.629832206481052
ramularia_collo_cygni,svr_rbf,3.432403154,3.6889402859512543
ramularia_collo_cygni,svr_rbf,3.886985639,3.5362351606393876
ramularia_collo_cygni,svr_rbf,2.707898616,3.324419759542006
ramularia_collo_cygni,svr_rbf,2.025316763,3.64089015304745
ramularia_collo_cygni,svr_rbf,5.86222209,3.5481941472479357
ramularia_collo_cygni,svr_rbf,5.662238007,3.6581993005472184
ramularia_collo_cygni,svr_rbf,5.890842927,3.8222812377797126
ramularia_collo_cygni,svr_rbf,3.277553284,3.8119518921407822
ramularia_collo_cygni,svr_rbf,3.369604407,4.3003268698144055
rhynchosporium,svr_rbf,1.310326236,1.382781702669801
rhynchosporium,svr_rbf,1.344107518,1.7720079922569365
rhynchosporium,svr_rbf,1.309002242,1.4182445494599998
rhynchosporium,svr_rbf,1.324556844,1.7741734677067935
rhynchosporium,svr_rbf,1.312321401,1.787214046195192
rhynchosporium,svr_rbf,1.309149836,1.3534475653407922
rhynchosporium,svr_rbf,1.316316184,1.3209207539881282
rhynchosporium,svr_rbf,1.3057131,1.3564780271171561
rhynchosporium,svr_rbf,1.30807905,1.3902553931397907
rhynchosporium,svr_rbf,1.398461187,1.3023904498727104
rhynchosporium,svr_rbf,1.347799677,1.776754561682342
rhynchosporium,svr_rbf,1.255117837,1.3589581942455986
rhynchosporium,svr_rbf,1.309443889,1.8005811005051715
rhynchosporium,svr_rbf,1.308237993,1.7801589356440082
rhynchosporium,svr_rbf,1.309252336,1.7620402654006007
rhynchosporium,svr_rbf,1.307989944,1.3765963821598013
rhynchosporium,svr_rbf,1.301401881,1.3346809296323836
rhynchosporium,svr_rbf,1.312510549,1.4432517487231271
rhynchosporium,svr_rbf,1.308943569,1.3730176303805353
rhynchosporium,svr_rbf,1.309306927,1.3935241531533853
rhynchosporium,svr_rbf,1.308841766,1.7474789088789155
rhynchosporium,svr_rbf,1.312800815,1.786113894537203
rhynchosporium,svr_rbf,1.310054512,1.364481612887652
rhynchosporium,svr_rbf,1.308703013,1.8262598222763264
rhynchosporium,svr_rbf,1.312103602,1.3597239808236865
rhynchosporium,svr_rbf,1.314996021,1.4060498018111047
rhynchosporium,svr_rbf,1.308676098,1.4176026583343198
rhynchosporium,svr_rbf,1.32482464,1.78927485364151
rhynchosporium,svr_rbf,1.322951217,1.342015237087267
rhynchosporium,svr_rbf,1.267071087,1.4185897315907767
rhynchosporium,svr_rbf,1.314265219,1.7361777747642333
rhynchosporium,svr_rbf,1.309905797,1.7907122313745187
rhynchosporium,svr_rbf,1.318010051,1.788468456370617
rhynchosporium,svr_rbf,1.322779797,1.4256648787805246
rhynchosporium,svr_rbf,1.252998815,1.7966739865084795
rhynchosporium,svr_rbf,1.316599262,1.7673988247643093
rhynchosporium,svr_rbf,1.307150585,1.3588835952856917
rhynchosporium,svr_rbf,1.315671734,1.3698292970402441
rhynchosporium,svr_rbf,1.300729129,1.407396723119942
rhynchosporium,svr_rbf,1.310931866,1.7660594863375398
rhynchosporium,svr_rbf,1.316058707,1.7936570199817594
rhynchosporium,svr_rbf,1.307164241,1.3839129150139389
rhynchosporium,svr_rbf,1.290038545,1.330726910031284
rhynchosporium,svr_rbf,1.308237993,1.390088200035833
rhynchosporium,svr_rbf,1.316175088,1.746942106233687
rhynchosporium,svr_rbf,1.81538176,1.354179256077751
rhynchosporium,svr_rbf,1.311018919,1.3967584519674325
rhynchosporium,svr_rbf,1.307961342,1.7605798429113435
rhynchosporium,svr_rbf,1.307469195,1.351134771564932
rhynchosporium,svr_rbf,1.268497884,1.7547046203189116
rhynchosporium,svr_rbf,1.305901404,1.351936647767877
rhynchosporium,svr_rbf,1.308050027,1.761079178330132
rhynchosporium,svr_rbf,1.309096144,1.7721465048971776
rhynchosporium,svr_rbf,1.308247643,1.345756395221844
rhynchosporium,svr_rbf,1.309079766,1.7491070430127165
rhynchosporium,svr_rbf,1.307694076,1.3053806086891688
rhynchosporium,svr_rbf,1.309096144,1.7906451809235273
rhynchosporium,svr_rbf,1.313883603,1.3691357906843624
rhynchosporium,svr_rbf,1.309006625,1.6688059940860014
rhynchosporium,svr_rbf,1.309212467,1.7915299316366513
rhynchosporium,svr_rbf,1.308198495,1.3846552032152593
rhynchosporium,svr_rbf,1.315560425,1.3849878009230034
rhynchosporium,svr_rbf,1.312120559,1.339681891996447
rhynchosporium,svr_rbf,1.808301646,1.8194495750429698
rhynchosporium,svr_rbf,1.328080852,1.787160621399898
rhynchosporium,svr_rbf,1.322951217,1.3917906692793565
rhynchosporium,svr_rbf,1.308239795,1.7533165602730603
rhynchosporium,svr_rbf,1.278771807,1.7539076778129217
rhynchosporium,svr_rbf,1.329407666,1.3582189983636852
rhynchosporium,svr_rbf,1.308260727,1.3485300260296493
rhynchosporium,svr_rbf,1.275090296,1.7832092572699665
rhynchosporium,svr_rbf,1.307673316,1.4085476840164564
rhynchosporium,svr_rbf,1.274338592,1.4361994429068383
rhynchosporium,svr_rbf,1.30866066,1.4159011526526477
rhynchosporium,svr_rbf,1.324421665,1.3655722806830164
rhynchosporium,svr_rbf,1.307093272,1.3187458904685097
rhynchosporium,svr_rbf,1.309095755,1.7445141612040882
rhynchosporium,svr_rbf,1.315213226,1.3643943355089898
rhynchosporium,svr_rbf,1.315018532,1.756405790650677
rhynchosporium,svr_rbf,1.258830292,1.3542029236245858
rhynchosporium,svr_rbf,1.327624404,1.7784198086168246
rhynchosporium,svr_rbf,1.317228039,1.3630564458304444
rhynchosporium,svr_rbf,1.312866393,1.3878218644881353
rhynchosporium,svr_rbf,1.309335211,1.7257641477850052
rhynchosporium,svr_rbf,1.342810291,1.3930418495733135
rhynchosporium,svr_rbf,1.302186095,1.7615808512315667
rhynchosporium,svr_rbf,1.306884244,1.7883009462892194
rhynchosporium,svr_rbf,1.310472929,1.7569330198910664
rhynchosporium,svr_rbf,1.308016728,1.7497258596327783
rhynchosporium,svr_rbf,2.827815956,1.320155817715337
rhynchosporium,svr_rbf,1.300518857,1.354909307011439
rhynchosporium,svr_rbf,1.252689086,1.7769295154222264
rhynchosporium,svr_rbf,1.313219661,1.3957646059955868
rhynchosporium,svr_rbf,1.313806303,1.3927404541377584
rhynchosporium,svr_rbf,1.31361679,1.3681541084138604
rhynchosporium,svr_rbf,1.310758946,1.7886552352948122
rhynchosporium,svr_rbf,1.309051787,1.7681852728245009
rhynchosporium,svr_rbf,1.308016728,1.3274655707513703
rhynchosporium,svr_rbf,1.308494695,1.7871247427336976
rhynchosporium,svr_rbf,1.667037446,1.3639358329455962
rhynchosporium,svr_rbf,1.308143677,1.748378652898892
rhynchosporium,svr_rbf,1.310023317,1.7316647903817368
rhynchosporium,svr_rbf,1.310350169,1.3555738862401463
rhynchosporium,svr_rbf,1.327478504,1.3414062668260351
rhynchosporium,svr_rbf,1.322836722,1.2904918845351585
rhynchosporium,svr_rbf,1.30752193,1.3573205206823336
rhynchosporium,svr_rbf,1.315414499,1.3580817196622261
rhynchosporium,svr_rbf,1.31653304,1.7528352360682369
rhynchosporium,svr_rbf,1.272442298,1.3986387346349005
rhynchosporium,svr_rbf,1.279118075,1.7940643243591228
rhynchosporium,svr_rbf,1.308947469,1.3739377746549388
rhynchosporium,svr_rbf,1.308369146,1.394347367859388
rhynchosporium,svr_rbf,1.339424681,1.7632264629463388
rhynchosporium,svr_rbf,1.316674426,1.7876768113355888
rhynchosporium,svr_rbf,1.309926121,1.3728806533793678
rhynchosporium,svr_rbf,1.309306927,1.3851171114280456
rhynchosporium,svr_rbf,1.309890252,1.3509372529800017
rhynchosporium,svr_rbf,1.314600533,1.3762520385154942
rhynchosporium,svr_rbf,1.273468868,1.2702352857421806
rhynchosporium,svr_rbf,1.308904143,1.3484075840299377
rhynchosporium,svr_rbf,1.253999664,1.368005916854155
rhynchosporium,svr_rbf,1.308713182,1.7839386665733383
rhynchosporium,svr_rbf,1.285008082,1.402864761591823
rhynchosporium,svr_rbf,1.328948698,1.3505177346380761
rhynchosporium,svr_rbf,1.308096772,1.3670058670271565
rhynchosporium,svr_rbf,1.308621299,1.3889344665128638
rhynchosporium,svr_rbf,1.31146662,1.3522919064419958
rhynchosporium,svr_rbf,1.301544971,1.4191052211908608
rhynchosporium,svr_rbf,1.51603867,1.6103965263292503
rhynchosporium,svr_rbf,0.937511538,1.625442020041849
rhynchosporium,svr_rbf,1.079658797,1.652296840962563
rhynchosporium,svr_rbf,1.677442248,1.4434714614427882
rhynchosporium,svr_rbf,1.079658759,1.4959474215829751
rhynchosporium,svr_rbf,1.286671559,1.3428751029041162
rhynchosporium,svr_rbf,1.795364238,1.659193030266071
rhynchosporium,svr_rbf,1.166565918,1.2051866568529346
rhynchosporium,svr_rbf,1.23174408,1.5499976234326582
rhynchosporium,svr_rbf,1.373891306,1.380728137325184
rhynchosporium,svr_rbf,1.291022042,1.5513880604142487
rhynchosporium,svr_rbf,1.037759143,1.5790524543640962
rhynchosporium,svr_rbf,1.917653567,1.3882824049089422
rhynchosporium,svr_rbf,3.179617596,1.6010645534855992
rhynchosporium,svr_rbf,1.295372633,1.7711278279103189
rhynchosporium,svr_rbf,1.084627797,1.4932721248076581
rhynchosporium,svr_rbf,1.226775079,1.6300937471394115
rhynchosporium,svr_rbf,1.286671565,1.2277445620801566
rhynchosporium,svr_rbf,1.286671546,1.3671488992905878
rhynchosporium,svr_rbf,1.166565887,1.3591313463035233
rhynchosporium,svr_rbf,1.368922367,1.480679700716008
rhynchosporium,svr_rbf,1.03775914,1.3262191883561454
rhynchosporium,svr_rbf,2.50610068,1.5533213923939893
rhynchosporium,svr_rbf,1.27106203,1.5163851988710586
rhynchosporium,svr_rbf,1.511069701,1.4803656656275646
rhynchosporium,svr_rbf,1.162215282,1.2116623993383617
rhynchosporium,svr_rbf,1.663078025,1.5975404970842548
rhynchosporium,svr_rbf,1.291022078,1.4300891803831157
rhynchosporium,svr_rbf,1.226775054,1.582389935792691
rhynchosporium,svr_rbf,1.084627821,1.3663012720940437
rhynchosporium,svr_rbf,2.299723209,1.500407702580067
rhynchosporium,svr_rbf,1.037759175,1.6812196121259686
rhynchosporium,svr_rbf,0.937511516,1.2028813257264073
rhynchosporium,svr_rbf,1.664390598,1.6671180224879518
rhynchosporium,svr_rbf,1.404219362,1.401146506517669
rhynchosporium,svr_rbf,1.937511561,1.4088916841877992
rhynchosporium,svr_rbf,1.521488009,1.172595976084859
rhynchosporium,svr_rbf,1.150956341,1.477260538275936
rhynchosporium,svr_rbf,1.084627763,1.6324586590178298
rhynchosporium,svr_rbf,1.166565869,1.1555627279588911
rhynchosporium,svr_rbf,1.524324946,1.5578884828286104
rhynchosporium,svr_rbf,6.158751803,1.3445168424363672
rhynchosporium,svr_rbf,1.95241852,1.6364483748737981
rhynchosporium,svr_rbf,1.544285,1.366451199243941
rhynchosporium,svr_rbf,0.937511479,1.2920645684686751
rhynchosporium,svr_rbf,2.061187515,1.3504867088514383
rhynchosporium,svr_rbf,1.291022057,1.5385586491760965
rhynchosporium,svr_rbf,2.226775064,1.5548155399599026
rhynchosporium,svr_rbf,1.368922407,1.5084940506296065
rhynchosporium,svr_rbf,1.773237299,1.5860890294665055
rhynchosporium,svr_rbf,2.299723207,1.6406669941534673
rhynchosporium,svr_rbf,1.800333245,1.4364939568242696
rhynchosporium,svr_rbf,1.544284931,1.4523995494228004
rhynchosporium,svr_rbf,1.363953375,1.4679885534574544
rhynchosporium,svr_rbf,1.162215353,1.2164155649738593
rhynchosporium,svr_rbf,1.668123863,1.3642037083637617
rhynchosporium,svr_rbf,1.399868796,1.6195735798999231
rhynchosporium,svr_rbf,1.648781129,1.4503733313769596
rhynchosporium,svr_rbf,1.02214961,1.3185949053451453
rhynchosporium,svr_rbf,1.037759133,1.6394921825221789
rhynchosporium,svr_rbf,1.03775913,1.5298786063159826
rhynchosporium,svr_rbf,1.275412633,1.6481115486272666
rhynchosporium,svr_rbf,1.419828814,1.5204394649916455
rhynchosporium,svr_rbf,1.552986156,1.2293080277536192
rhynchosporium,svr_rbf,1.291022071,1.518774679180515
rhynchosporium,svr_rbf,1.926354595,1.422986059361937
rhynchosporium,svr_rbf,1.437846618,1.310435612511509
rhynchosporium,svr_rbf,0.937511523,1.2303376868713176
rhynchosporium,svr_rbf,1.415478252,1.4889811149713235
rhynchosporium,svr_rbf,1.913303026,1.3468759915793862
rhynchosporium,svr_rbf,1.816741229,1.548192681811858
rhynchosporium,svr_rbf,1.226775117,1.5622882559974451
rhynchosporium,svr_rbf,1.221806107,1.6465042317760696
rhynchosporium,svr_rbf,2.521007615,1.668188976807023
rhynchosporium,svr_rbf,1.516038669,1.5666305015067297
rhynchosporium,svr_rbf,1.51603864,1.2735887193703976
rhynchosporium,svr_rbf,1.810271116,1.4901505323905313
rhynchosporium,svr_rbf,1.653216953,1.6425840281738802
rhynchosporium,svr_rbf,2.777628285,1.623556854220899
rhynchosporium,svr_rbf,1.279763126,1.3484493611490196
rhynchosporium,svr_rbf,1.653216943,1.7067291852902784
rhynchosporium,svr_rbf,1.43784663,1.5546835135566879
rhynchosporium,svr_rbf,1.777587875,1.583999406414795
rhynchosporium,svr_rbf,1.216484223,1.539530529200504
rhynchosporium,svr_rbf,1.037759125,1.6604756897069048
rhynchosporium,svr_rbf,1.769890301,1.7605245860397067
rhynchosporium,svr_rbf,2.162215319,1.5394520240195053
rhynchosporium,svr_rbf,1.166565905,1.3957326381077293
rhynchosporium,svr_rbf,1.291022093,1.645939434527243
rhynchosporium,svr_rbf,1.079658848,1.6479077310555101
rhynchosporium,svr_rbf,2.40856985,1.481053999631987
rhynchosporium,svr_rbf,1.937511479,1.6458919465215256
rhynchosporium,svr_rbf,1.926354621,1.5381450711120306
rhynchosporium,svr_rbf,1.415478213,1.3519161459723958
rhynchosporium,svr_rbf,1.788846803,1.319971845190055
rhynchosporium,svr_rbf,1.331034388,1.4044030385582578
rhynchosporium,svr_rbf,2.299723204,1.635622292453244
rhynchosporium,svr_rbf,1.947506556,1.9065014399863072
rhynchosporium,svr_rbf,1.079658805,1.3696155738344074
rhynchosporium,svr_rbf,1.55239688,1.340825123482973
rhynchosporium,svr_rbf,1.101933874,1.2637328554972762
rhynchosporium,svr_rbf,1.08462778,1.4899840115330782
rhynchosporium,svr_rbf,1.4111277,1.6461668001829464
rhynchosporium,svr_rbf,1.291022039,1.5724328871916142
rhynchosporium,svr_rbf,1.363953384,1.6436283769406823
rhynchosporium,svr_rbf,1.212615101,1.6514437762025929
rhynchosporium,svr_rbf,1.511069629,1.4349622760527512
rhynchosporium,svr_rbf,1.937511524,1.314239716540551
rhynchosporium,svr_rbf,1.231744048,1.4383944764015262
rhynchosporium,svr_rbf,1.216484127,1.4775077690394405
rhynchosporium,svr_rbf,1.404219404,1.1398509133534287
rhynchosporium,svr_rbf,6.459407529,1.2953788239470692
rhynchosporium,svr_rbf,1.468817719,1.6506341214083577
rhynchosporium,svr_rbf,1.216484168,1.6156160177394425
rhynchosporium,svr_rbf,1.162215357,1.6603974419866159
rhynchosporium,svr_rbf,1.552986087,1.5433326207859488
rhynchosporium,svr_rbf,1.022149615,1.2556193593843952
rhynchosporium,svr_rbf,1.150956396,1.5333328954482452
rhynchosporium,svr_rbf,1.037759195,1.3943987953064227
rhynchosporium,svr_rbf,1.084627815,1.5595562677325652
rhynchosporium,svr_rbf,1.415478249,1.533336750635448
rhynchosporium,svr_rbf,1.368922286,1.3834083629985252
rhynchosporium,svr_rbf,1.668123855,1.3390039475664994
rhynchosporium,svr_rbf,6.459407487,1.3928605496037794
rhynchosporium,svr_rbf,1.166565898,1.6301104163313618
rhynchosporium,svr_rbf,1.820929035,1.4641923629291238
rhynchosporium,svr_rbf,1.226775013,1.376090724243252
rhynchosporium,svr_rbf,1.415478216,1.374239918281202
rhynchosporium,svr_rbf,1.275412589,1.4730845682605207
rhynchosporium,svr_rbf,1.561187543,1.300136158669054
rhynchosporium,svr_rbf,1.216484175,1.6421985932774577
rhynchosporium,svr_rbf,2.224399466,1.3815170830472354
rhynchosporium,svr_rbf,1.037759159,1.3974415062418934
rhynchosporium,svr_rbf,1.08462777,1.415042809513119
rhynchosporium,svr_rbf,3.393767266,1.4519385628167156
rhynchosporium,svr_rbf,1.373891396,1.4570253428116342
rhynchosporium,svr_rbf,6.459407488,1.3302817063151233
rhynchosporium,svr_rbf,1.368922349,1.558802826913201
rhynchosporium,svr_rbf,2.166565885,1.5540336494911164
rhynchosporium,svr_rbf,1.373891317,1.6298567242756554
rhynchosporium,svr_rbf,1.295372638,1.3774084084882414
rhynchosporium,svr_rbf,1.275412571,1.6476616507984954
rhynchosporium,svr_rbf,1.913303013,1.520947681436864
rhynchosporium,svr_rbf,1.399868752,1.336030550895615
rhynchosporium,svr_rbf,1.295372592,1.3345675501245458
rhynchosporium,svr_rbf,1.363953381,1.5373586424828787
rhynchosporium,svr_rbf,1.788846828,1.439824372124581
rhynchosporium,svr_rbf,1.037759186,1.5586002639246863
rhynchosporium,svr_rbf,1.331034461,1.6420001464971183
rhynchosporium,svr_rbf,1.895068956,1.6042184552057863
rhynchosporium,svr_rbf,0.937511542,1.1544087101004898
rhynchosporium,svr_rbf,1.291022061,1.4823042277620295
rhynchosporium,svr_rbf,1.327165361,1.4476920924971741
rhynchosporium,svr_rbf,1.162215314,1.2018071691547612
rhynchosporium,svr_rbf,1.539934443,1.6420889123925444
rhynchosporium,svr_rbf,1.942480466,1.5007672645911414
rhynchosporium,svr_rbf,2.815240088,1.3915194955322896
rhynchosporium,svr_rbf,1.022149652,1.4512502182369549
rhynchosporium,svr_rbf,1.331034471,1.7129021788576713
rhynchosporium,svr_rbf,1.441715617,1.492217014026243
rhynchosporium,svr_rbf,2.286671505,1.6220622826054907
rhynchosporium,svr_rbf,1.162215317,1.4801553174096889
rhynchosporium,svr_rbf,2.271062039,1.3217894384710893
rhynchosporium,svr_rbf,2.937511467,1.6768491167838542
rhynchosporium,svr_rbf,1.411127733,1.6625273835547936
rhynchosporium,svr_rbf,1.32716541,1.4474769232242892
rhynchosporium,svr_rbf,1.231744003,1.1994214735931887
rhynchosporium,svr_rbf,1.084627807,1.638285222483004
rhynchosporium,svr_rbf,1.942480435,1.608624313823137
rhynchosporium,svr_rbf,2.00285975,1.5372846632949968
rhynchosporium,svr_rbf,1.310662828,2.0470998219120204
rhynchosporium,svr_rbf,1.345295665,2.0838129583894727
rhynchosporium,svr_rbf,1.308152926,1.6276737359663789
rhynchosporium,svr_rbf,1.329615671,1.4469255169181647
rhynchosporium,svr_rbf,1.309136661,1.4737846384848634
rhynchosporium,svr_rbf,1.347090622,1.5497221783971353
rhynchosporium,svr_rbf,1.345964928,1.4383378741383255
rhynchosporium,svr_rbf,1.32218118,1.60058930232814
rhynchosporium,svr_rbf,1.312014403,1.6363671685194126
rhynchosporium,svr_rbf,1.345987229,1.6077547115427548
rhynchosporium,svr_rbf,1.376770695,1.890602025349241
rhynchosporium,svr_rbf,1.361658452,1.5424792317870832
rhynchosporium,svr_rbf,1.373389813,1.638555889346187
rhynchosporium,svr_rbf,1.307816663,1.6318847020242835
rhynchosporium,svr_rbf,1.31737709,1.3242554268088473
rhynchosporium,svr_rbf,1.309189968,1.3755523998693118
rhynchosporium,svr_rbf,2.349505539,1.5615698438431627
rhynchosporium,svr_rbf,1.3471061,1.8285621959249272
rhynchosporium,svr_rbf,1.343521037,1.6704101372785665
rhynchosporium,svr_rbf,1.328575392,1.7825883933610924
rhynchosporium,svr_rbf,1.339987066,1.829535258753353
rhynchosporium,svr_rbf,1.345611308,1.8041443618567456
rhynchosporium,svr_rbf,1.343836725,1.6425238559934934
rhynchosporium,svr_rbf,1.347981651,1.6443026856803347
rhynchosporium,svr_rbf,1.346664439,1.5252413619554268
rhynchosporium,svr_rbf,1.3438632,1.8000838466459836
rhynchosporium,svr_rbf,1.361658452,1.6381318322157568
rhynchosporium,svr_rbf,1.343884369,1.4172735271101873
rhynchosporium,svr_rbf,1.308494695,1.7995785093942767
rhynchosporium,svr_rbf,1.34529899,1.7977366780786241
rhynchosporium,svr_rbf,1.34599483,1.7377252180145248
rhynchosporium,svr_rbf,1.346448141,1.5814252355778817
rhynchosporium,svr_rbf,1.344630982,1.8192593727705648
rhynchosporium,svr_rbf,1.344338755,1.7845860410716883
rhynchosporium,svr_rbf,2.298577029,1.7956613201901421
rhynchosporium,svr_rbf,1.331018761,2.124288915243666
rhynchosporium,svr_rbf,1.30814784,2.292364455103712
rhynchosporium,svr_rbf,1.307463626,1.4798139596368305
rhynchosporium,svr_rbf,1.358698169,1.8090086601530055
rhynchosporium,svr_rbf,1.356796248,1.857696253142569
rhynchosporium,svr_rbf,1.362765677,1.4002051822420674
rhynchosporium,svr_rbf,1.315504218,1.839398757467004
rhynchosporium,svr_rbf,1.320015099,1.8115215054576006
rhynchosporium,svr_rbf,1.343894857,1.6361037937495257
rhynchosporium,svr_rbf,1.358698169,1.785473499555696
rhynchosporium,svr_rbf,1.372354411,1.81289103421026
rhynchosporium,svr_rbf,1.361337796,1.5078543943420466
rhynchosporium,svr_rbf,1.3438632,1.4843032965685983
rhynchosporium,svr_rbf,1.320043805,1.9717628251372465
rhynchosporium,svr_rbf,1.362765677,1.9275864855002534
rhynchosporium,svr_rbf,1.346453976,1.445861094017289
rhynchosporium,svr_rbf,1.343884369,1.6427731448299652
rhynchosporium,svr_rbf,1.673626471,1.6117841236746944
rhynchosporium,svr_rbf,1.343290102,1.5467140770841639
rhynchosporium,svr_rbf,1.345964928,1.5610842825342321
rhynchosporium,svr_rbf,1.345987229,1.5877284547991029
rhynchosporium,svr_rbf,1.347090622,1.4872806111960497
rhynchosporium,svr_rbf,1.344101569,1.7035122696967118
rhynchosporium,svr_rbf,1.361759762,2.958758342906259
rhynchosporium,svr_rbf,1.307594555,1.8449756314580577
rhynchosporium,svr_rbf,1.345419789,1.7639298605724476
rhynchosporium,svr_rbf,1.38064486,1.9084464715225624
rhynchosporium,svr_rbf,1.347090622,2.3096954434073624
rhynchosporium,svr_rbf,1.274000406,2.163483774832568
rhynchosporium,svr_rbf,1.342984828,1.6130094594927262
rhynchosporium,svr_rbf,1.358510891,1.413793606355954
rhynchosporium,svr_rbf,1.344116137,1.4141341999460078
rhynchosporium,svr_rbf,1.308874274,2.586581298133938
rhynchosporium,svr_rbf,1.868275097,1.5275968807982754
rhynchosporium,svr_rbf,1.261762696,1.4867610918724703
rhynchosporium,svr_rbf,1.343290102,1.6233151135665196
rhynchosporium,svr_rbf,1.418277421,1.3651070971333192
rhynchosporium,svr_rbf,1.342365499,1.790428618228358
rhynchosporium,svr_rbf,1.348299515,1.423316377860727
rhynchosporium,svr_rbf,1.324382238,1.593566747626196
rhynchosporium,svr_rbf,1.313470676,1.811327220645162
rhynchosporium,svr_rbf,1.30761712,1.588502755619755
rhynchosporium,svr_rbf,1.348299515,1.4682322540652883
rhynchosporium,svr_rbf,1.30840155,1.840427769179229
rhynchosporium,svr_rbf,3.345611308,1.7620350474725364
rhynchosporium,svr_rbf,1.316608886,1.768688991594104
rhynchosporium,svr_rbf,1.309275417,1.8171823048132802
rhynchosporium,svr_rbf,1.358530138,1.8028304819929712
rhynchosporium,svr_rbf,1.361658452,1.846058438740193
rhynchosporium,svr_rbf,1.520433454,1.6005740976703948
rhynchosporium,svr_rbf,1.345221174,1.4946295430992151
rhynchosporium,svr_rbf,1.344338755,1.7965816754198065
rhynchosporium,svr_rbf,1.330384449,1.8104443847067548
rhynchosporium,svr_rbf,1.345010008,1.6845526809773335
rhynchosporium,svr_rbf,1.361337796,1.8348837722406608
rhynchosporium,svr_rbf,1.307741567,1.5248907809024896
rhynchosporium,svr_rbf,1.344195959,1.3839784323765794
rhynchosporium,svr_rbf,1.308810999,1.7962602863279962
rhynchosporium,svr_rbf,1.345005202,1.7958272268468887
rhynchosporium,svr_rbf,1.347981651,1.8366132883953739
rhynchosporium,svr_rbf,1.345164609,1.6508164509813659
rhynchosporium,svr_rbf,1.346664439,1.7319772764105146
rhynchosporium,svr_rbf,1.343825587,1.5975920683212794
rhynchosporium,svr_rbf,1.342365499,1.3862305998528974
rhynchosporium,svr_rbf,1.346685288,1.7999367820930496
rhynchosporium,svr_rbf,1.3438632,1.539949841998714
rhynchosporium,svr_rbf,1.345005202,1.4122640108670816
rhynchosporium,svr_rbf,1.348299515,1.4992015584351717
rhynchosporium,svr_rbf,1.345221174,1.7937375603835706
rhynchosporium,svr_rbf,1.342365499,1.7926498975374818
rhynchosporium,svr_rbf,1.345005202,1.4269741050212053
rhynchosporium,svr_rbf,1.34529899,1.79815143877778
rhynchosporium,svr_rbf,1.31157668,1.8044026523065901
rhynchosporium,svr_rbf,1.34098313,1.8045265949036418
rhynchosporium,svr_rbf,1.345010008,1.446375957640078
rhynchosporium,svr_rbf,1.307140951,1.6560951925338832
rhynchosporium,svr_rbf,1.308295119,1.7380545748208562
rhynchosporium,svr_rbf,1.345164609,1.8414481890360401
rhynchosporium,svr_rbf,1.362765677,1.8094618511989191
rhynchosporium,svr_rbf,1.345112701,1.3896335388628143
rhynchosporium,svr_rbf,1.308095006,1.933835920832586
rhynchosporium,svr_rbf,2.267762271,1.3786459618858644
rhynchosporium,svr_rbf,1.254449435,1.4387986190509319
rhynchosporium,svr_rbf,1.343894857,1.6254498219252274
rhynchosporium,svr_rbf,1.28543033,1.6799339310669368
rhynchosporium,svr_rbf,1.361759762,1.8068387701723199
rhynchosporium,svr_rbf,1.373389813,1.6428245779576451
rhynchosporium,svr_rbf,1.273772365,1.7138699177350576
rhynchosporium,svr_rbf,1.344195959,1.6413735889492385
rhynchosporium,svr_rbf,1.343836725,1.6492199454835268
rhynchosporium,svr_rbf,1.352646083,1.839057876421809
rhynchosporium,svr_rbf,1.343825587,1.8528001123189162
rhynchosporium,svr_rbf,1.345221174,1.905326550650564
rhynchosporium,svr_rbf,1.362108974,1.4627916519846769
rhynchosporium,svr_rbf,1.343521037,1.565579981734339
rhynchosporium,svr_rbf,1.345221174,1.6387213046653342
rhynchosporium,svr_rbf,1.362108974,1.845535288505885
rhynchosporium,svr_rbf,1.413527402,2.4483835982337605
rhynchosporium,svr_rbf,1.308756762,1.443512155830915
rhynchosporium,svr_rbf,1.345955249,1.8729359646215655
rhynchosporium,svr_rbf,1.345548918,1.9567314421923871
rhynchosporium,svr_rbf,1.376770695,1.479366524497541
rhynchosporium,svr_rbf,1.343521037,1.5153867204478433
rhynchosporium,svr_rbf,2.298577029,1.6639628890467089
rhynchosporium,svr_rbf,1.3471061,1.428722021126564
rhynchosporium,svr_rbf,1.362724719,1.576480100883701
rhynchosporium,svr_rbf,1.373389813,1.4046115991384927
rhynchosporium,svr_rbf,1.343775605,1.4473399943845642
rhynchosporium,svr_rbf,1.344116137,1.7710706204053774
rhynchosporium,svr_rbf,1.268581383,1.4819951688336097
rhynchosporium,svr_rbf,1.362108974,1.6557612863463613
rhynchosporium,svr_rbf,1.344101569,1.65848106701029
rhynchosporium,svr_rbf,1.352646083,1.631412354205995
rhynchosporium,svr_rbf,1.344003723,1.5222119032044885
rhynchosporium,svr_rbf,1.347090622,1.687666859067641
rhynchosporium,svr_rbf,1.342828272,1.7756392663584093
rhynchosporium,svr_rbf,1.343290102,2.213588265301962
rhynchosporium,svr_rbf,1.343290102,1.579905953740935
rhynchosporium,svr_rbf,1.34529899,2.117693919705699
rhynchosporium,svr_rbf,1.347981651,1.6995748011259115
rhynchosporium,svr_rbf,1.329598578,1.8412435864039072
rhynchosporium,svr_rbf,1.342040205,1.7033900147649859
rhynchosporium,svr_rbf,1.872196484,1.8066560441342137
rhynchosporium,svr_rbf,1.345010008,1.2765176578600523
rhynchosporium,svr_rbf,1.345221174,2.455826863099408
rhynchosporium,svr_rbf,1.344003723,1.9118151414596174
rhynchosporium,svr_rbf,1.343661201,1.894218906530026
rhynchosporium,svr_rbf,1.346664439,1.9316968501729714
rhynchosporium,svr_rbf,1.324382238,1.7859151445703672
rhynchosporium,svr_rbf,1.34599483,1.4779168249872134
rhynchosporium,svr_rbf,1.404285801,1.499656751818865
rhynchosporium,svr_rbf,1.346689537,1.509235346887396
rhynchosporium,svr_rbf,1.330384449,1.4238892708548634
rhynchosporium,svr_rbf,1.346685288,1.7988615888203907
rhynchosporium,svr_rbf,1.32789758,1.764790638500013
rhynchosporium,svr_rbf,1.319540847,1.4762468172178709
rhynchosporium,svr_rbf,1.376770695,1.4750961040177617
rhynchosporium,svr_rbf,1.34529899,1.4118522222515
rhynchosporium,svr_rbf,1.345955249,1.9068898743159894
rhynchosporium,svr_rbf,1.347090622,1.839720877343168
rhynchosporium,svr_rbf,1.344116137,1.4384968191464738
rhynchosporium,svr_rbf,1.345164609,1.777548846521793
rhynchosporium,svr_rbf,1.346448141,1.454490888696492
rhynchosporium,svr_rbf,1.345987229,1.5404707044999368
rhynchosporium,svr_rbf,1.376770695,1.9611374534970116
rhynchosporium,svr_rbf,1.34599483,1.6208203741825282
rhynchosporium,svr_rbf,1.346689537,1.8027698285834863
rhynchosporium,svr_rbf,1.344630982,1.5437730165151637
rhynchosporium,svr_rbf,3.343199505,1.6389979437187359
rhynchosporium,svr_rbf,1.344116137,1.7902785813645545
rhynchosporium,svr_rbf,1.329598578,1.6515074029755985
rhynchosporium,svr_rbf,1.347981651,1.8553878753140587
rhynchosporium,svr_rbf,1.343894857,1.541525085696271
rhynchosporium,svr_rbf,1.343836725,1.4226649694690794
rhynchosporium,svr_rbf,1.370487668,1.4477613129364153
rhynchosporium,svr_rbf,1.346689537,1.5913639944378721
rhynchosporium,svr_rbf,1.345112701,1.4201712627516163
rhynchosporium,svr_rbf,1.345548918,1.8586337834065376
rhynchosporium,svr_rbf,1.345548918,1.6186039182830456
rhynchosporium,svr_rbf,1.358530138,1.8470782919653326
rhynchosporium,svr_rbf,1.342984828,1.9970908127897027
rhynchosporium,svr_rbf,1.307571682,1.3400375364867414
rhynchosporium,svr_rbf,1.367352762,1.6428482589253162
rhynchosporium,svr_rbf,1.345987229,1.8270282409068412
rhynchosporium,svr_rbf,1.344640469,1.396845238415315
rhynchosporium,svr_rbf,1.342365499,1.6414024175445023
rhynchosporium,svr_rbf,1.274951367,1.4361528402141148
rhynchosporium,svr_rbf,1.345955249,1.4411032278363494
rhynchosporium,svr_rbf,1.362108974,1.8392895766568425
rhynchosporium,svr_rbf,1.3471061,1.8039598485166903
rhynchosporium,svr_rbf,1.859770775,1.42832518339563
rhynchosporium,svr_rbf,1.323171999,1.8317106592791759
rhynchosporium,svr_rbf,1.345964928,1.8230002924549518
rhynchosporium,svr_rbf,1.376770695,1.6234079222673479
rhynchosporium,svr_rbf,1.345419789,1.380470087293222
rhynchosporium,svr_rbf,1.343836725,1.8178704386794706
rhynchosporium,svr_rbf,1.343884369,1.7313181275814054
rhynchosporium,svr_rbf,1.346448141,1.7422894402183464
rhynchosporium,svr_rbf,1.344640469,1.5802392638968106
rhynchosporium,svr_rbf,1.308160209,1.7434867198046358
rhynchosporium,svr_rbf,1.373389813,1.4872810887240782
rhynchosporium,svr_rbf,1.346448141,2.3747973995293385
rhynchosporium,svr_rbf,1.344003723,1.4758004963733606
rhynchosporium,svr_rbf,1.343775605,1.6235019125953973
rhynchosporium,svr_rbf,1.345221174,1.4261974824653674
rhynchosporium,svr_rbf,1.352646083,1.3498859251548647
rhynchosporium,svr_rbf,1.342528747,1.7042288534918628
rhynchosporium,svr_rbf,1.323413606,1.8046895440521404
rhynchosporium,svr_rbf,1.308576545,1.652678531107286
rhynchosporium,svr_rbf,1.358698169,1.6850301811585213
rhynchosporium,svr_rbf,1.398877693,1.7126552032680624
rhynchosporium,svr_rbf,1.349505539,1.8075068544366777
rhynchosporium,svr_rbf,1.34098313,1.8208099024297562
rhynchosporium,svr_rbf,1.306815206,1.264485332928023
rhynchosporium,svr_rbf,1.659224765,1.6477498350966933
rhynchosporium,svr_rbf,1.349505539,1.8604267870681834
rhynchosporium,svr_rbf,1.34599483,1.6309137477162299
rhynchosporium,svr_rbf,1.345987229,1.7830385930874304
rhynchosporium,svr_rbf,1.345964928,1.8134180379115814
rhynchosporium,svr_rbf,1.342828272,1.638196003939764
rhynchosporium,svr_rbf,1.300292809,1.6918395800866566
rhynchosporium,svr_rbf,1.345164609,1.9198070118702109
rhynchosporium,svr_rbf,1.345240852,1.8176180428143405
rhynchosporium,svr_rbf,1.307943939,1.6240168268131834
rhynchosporium,svr_rbf,1.309751459,2.089228867412116
rhynchosporium,svr_rbf,1.273468868,1.5906998402569437
rhynchosporium,svr_rbf,1.370487668,1.686070428048497
rhynchosporium,svr_rbf,1.31727149,1.801128075443563
rhynchosporium,svr_rbf,3.344302198,1.921449411999874
rhynchosporium,svr_rbf,1.343884369,1.6107876298708965
rhynchosporium,svr_rbf,1.345221174,1.9491240328837036
rhynchosporium,svr_rbf,1.345955249,1.739558171379725
rhynchosporium,svr_rbf,1.373389813,1.3962541748646407
rhynchosporium,svr_rbf,1.34298733,1.7851916336494678
rhynchosporium,svr_rbf,1.372354411,1.7960801057094602
rhynchosporium,svr_rbf,1.345611308,1.8037078258968613
rhynchosporium,svr_rbf,1.346689537,1.8315378614905096
rhynchosporium,svr_rbf,1.254267769,1.4120961008143813
rhynchosporium,svr_rbf,1.267762271,1.2996962233000913
rhynchosporium,svr_rbf,1.308397703,1.3053958246542268
rhynchosporium,svr_rbf,2.321384749,1.8386847597739946
rhynchosporium,svr_rbf,1.343825587,1.6525598306411975
rhynchosporium,svr_rbf,1.342984828,1.939780623108826
rhynchosporium,svr_rbf,1.345964928,1.7990382230265929
rhynchosporium,svr_rbf,1.301161561,1.8051996422827117
rhynchosporium,svr_rbf,1.344101569,1.5215602873356693
rhynchosporium,svr_rbf,1.343661201,1.4485613269345339
rhynchosporium,svr_rbf,1.344630982,1.9195526460241323
rhynchosporium,svr_rbf,1.308025907,1.4385232935191503
rhynchosporium,svr_rbf,1.362765677,1.7848772757389288
rhynchosporium,svr_rbf,1.358698169,1.7928025593148895
rhynchosporium,svr_rbf,1.307560079,1.7914194833960726
rhynchosporium,svr_rbf,1.3471061,1.7732969353027945
rhynchosporium,svr_rbf,1.345112701,1.410043844367983
rhynchosporium,svr_rbf,1.360066546,1.534555753863435
rhynchosporium,svr_rbf,1.345010008,1.71629823007657
rhynchosporium,svr_rbf,1.418277421,1.6427731448299652
rhynchosporium,svr_rbf,1.307535089,1.536934221764173
rhynchosporium,svr_rbf,1.345611308,1.4596589370888489
rhynchosporium,svr_rbf,1.34298733,1.9171328567510793
rhynchosporium,svr_rbf,1.345955249,1.7943716279442221
rhynchosporium,svr_rbf,1.352646083,1.780506686686174
rhynchosporium,svr_rbf,3.358510891,1.6207112911893555
rhynchosporium,svr_rbf,1.312579352,1.5515769057471767
rhynchosporium,svr_rbf,1.309600007,1.8294837337619896
rhynchosporium,svr_rbf,1.329598578,1.5255825830560492
rhynchosporium,svr_rbf,1.343661201,1.6492279787682742
rhynchosporium,svr_rbf,1.366050664,1.6523438566522124
rhynchosporium,svr_rbf,1.306632111,1.6109751546006632
rhynchosporium,svr_rbf,1.344640469,1.4596197393156414
rhynchosporium,svr_rbf,1.342040205,1.41617827156054
rhynchosporium,svr_rbf,1.342528747,1.5371045356491961
rhynchosporium,svr_rbf,1.346453976,1.4153872969922439
rhynchosporium,svr_rbf,1.345005202,2.238452034170603
rhynchosporium,svr_rbf,1.344338755,1.6074564502355624
rhynchosporium,svr_rbf,3.329598578,1.6139807324361133
rhynchosporium,svr_rbf,1.343290102,1.938354844504931
rhynchosporium,svr_rbf,1.345419789,1.7061872422597442
rhynchosporium,svr_rbf,1.340082861,1.4394667859202046
rhynchosporium,svr_rbf,1.343199505,1.9403262314801044
rhynchosporium,svr_rbf,1.308804498,1.4362974661051593
rhynchosporium,svr_rbf,1.308716982,1.7403475745780557
rhynchosporium,svr_rbf,1.34599483,1.6409120470227552
rhynchosporium,svr_rbf,1.413527402,1.880437099382051
rhynchosporium,svr_rbf,1.418277421,1.4179879879486634
rhynchosporium,svr_rbf,1.376770695,1.7700479709223775
rhynchosporium,svr_rbf,1.362765677,1.5353579346302406
rhynchosporium,svr_rbf,1.358510891,1.76874027699069
rhynchosporium,svr_rbf,1.308183347,1.4631240595161934
rhynchosporium,svr_rbf,2.324939367,1.6526406497994726
rhynchosporium,svr_rbf,1.349505539,1.3744331552299693
rhynchosporium,svr_rbf,1.31638602,1.6993224680727208
rhynchosporium,svr_rbf,1.346685288,1.5659752242159612
rhynchosporium,svr_rbf,1.36845848,1.5027559218714037
rhynchosporium,svr_rbf,1.343213976,1.7642707903144612
rhynchosporium,svr_rbf,1.343199505,1.4484251617998962
rhynchosporium,svr_rbf,1.308662994,1.61165791279816
rhynchosporium,svr_rbf,1.346689537,1.4101090179740516
rhynchosporium,svr_rbf,1.345419789,1.6740107849592716
rhynchosporium,svr_rbf,1.362108974,1.7964775253215122
rhynchosporium,svr_rbf,1.34098313,1.7278457740506918
rhynchosporium,svr_rbf,1.346685288,1.806166330857489
rhynchosporium,svr_rbf,1.349505539,1.7959256926756724
rhynchosporium,svr_rbf,1.342365499,1.362422614696732
rhynchosporium,svr_rbf,1.358510891,1.5176798178516064
rhynchosporium,svr_rbf,1.348299515,1.728198031262672
rhynchosporium,svr_rbf,1.361337796,1.7814602747743165
rhynchosporium,svr_rbf,1.330384449,1.440401960368694
rhynchosporium,svr_rbf,1.254152301,1.8119837528597014
rhynchosporium,svr_rbf,1.344338755,1.5333039784064166
rhynchosporium,svr_rbf,1.345295665,1.7318782028770332
rhynchosporium,svr_rbf,1.345295665,1.7978116854158863
rhynchosporium,svr_rbf,1.358698169,1.9131411122863333
rhynchosporium,svr_rbf,1.345112701,1.5677174366549433
rhynchosporium,svr_rbf,1.347090622,1.858473500377187
rhynchosporium,svr_rbf,1.345295665,1.8692546896710793
rhynchosporium,svr_rbf,1.307591499,1.7001778071735696
rhynchosporium,svr_rbf,1.345112701,1.6484283728547313
rhynchosporium,svr_rbf,1.86754999,1.651122445238473
rhynchosporium,svr_rbf,1.344640469,1.8331700544085248
rhynchosporium,svr_rbf,1.370487668,1.8452237139268626
rhynchosporium,svr_rbf,1.346664439,1.8389298838565675
rhynchosporium,svr_rbf,1.343521037,1.6669351036947229
rhynchosporium,svr_rbf,1.353220165,1.4421301658246872
rhynchosporium,svr_rbf,1.322837368,1.8021302975323952
rhynchosporium,svr_rbf,1.345010008,1.628726309608288
rhynchosporium,svr_rbf,1.3471061,1.813285813411324
rhynchosporium,svr_rbf,1.347981651,1.6064002651837048
rhynchosporium,svr_rbf,1.34098313,1.7730226493734136
rhynchosporium,svr_rbf,1.360066546,1.804880622072293
rhynchosporium,svr_rbf,1.34098313,1.3273044849400129
rhynchosporium,svr_rbf,1.34599483,1.3661214305904497
rhynchosporium,svr_rbf,1.345295665,1.7972860038993408
rhynchosporium,svr_rbf,1.345164609,1.789635829851283
rhynchosporium,svr_rbf,1.343775605,1.8532064102017918
rhynchosporium,svr_rbf,1.353220165,1.7843005228155497
rhynchosporium,svr_rbf,1.345548918,1.8174636805950326
rhynchosporium,svr_rbf,1.343884369,1.8688196143071942
rhynchosporium,svr_rbf,1.308720507,1.6249668878617842
rhynchosporium,svr_rbf,1.344630982,2.123830709537796
rhynchosporium,svr_rbf,1.343894857,1.7053532250193675
rhynchosporium,svr_rbf,1.301392636,1.8324995296872149
rhynchosporium,svr_rbf,1.353220165,1.5607166416092126
rhynchosporium,svr_rbf,1.343825587,1.6624328212927932
rhynchosporium,svr_rbf,1.343661201,1.776645971707572
rhynchosporium,svr_rbf,1.336920793,1.642772906806848
rhynchosporium,svr_rbf,1.305544366,1.5205066733475243
rhynchosporium,svr_rbf,1.362765677,1.5161571427352716
rhynchosporium,svr_rbf,1.346685288,1.6124481189306474
rhynchosporium,svr_rbf,1.340363673,1.6429137876536481
rhynchosporium,svr_rbf,1.309444785,1.7758733660203043
rhynchosporium,svr_rbf,1.361658452,1.6025725930454195
rhynchosporium,svr_rbf,1.305675356,1.665745357103114
rhynchosporium,svr_rbf,1.307959865,1.3813743392506665
rhynchosporium,svr_rbf,1.344630982,1.787799158825182
rhynchosporium,svr_rbf,1.346448141,1.8568370668497451
rhynchosporium,svr_rbf,1.348299515,1.6255160788846248
rhynchosporium,svr_rbf,1.343836725,1.5639022669846054
rhynchosporium,svr_rbf,1.326515081,1.7480588977730247
rhynchosporium,svr_rbf,1.298577029,1.60585996916846
rhynchosporium,svr_rbf,1.347090622,2.073228569343298
rhynchosporium,svr_rbf,1.343290102,1.7757573636240143
rhynchosporium,svr_rbf,1.330384449,1.282518505998894
rhynchosporium,svr_rbf,1.344640469,1.7683379701349327
rhynchosporium,svr_rbf,1.360066546,1.67773906022747
rhynchosporium,svr_rbf,1.358510891,1.6232612259175445
rhynchosporium,svr_rbf,1.344640469,1.6186859259556212
rhynchosporium,svr_rbf,1.345112701,1.5632528092564657
rhynchosporium,svr_rbf,1.362108974,1.7905252061957633
rhynchosporium,svr_rbf,1.345005202,1.9476343832784822
rhynchosporium,svr_rbf,1.372354411,1.8245921870726098
rhynchosporium,svr_rbf,1.343199505,1.694132142004826
rhynchosporium,svr_rbf,1.3438632,1.5686951148327302
rhynchosporium,svr_rbf,1.367836057,1.767486549725291
rhynchosporium,svr_rbf,1.346664439,1.459604741240377
rhynchosporium,svr_rbf,1.349505539,1.4426748137184209
rhynchosporium,svr_rbf,1.376770695,1.6390243464437388
rhynchosporium,svr_rbf,1.344630982,1.8422782302075482
rhynchosporium,svr_rbf,1.346685288,1.7650532123740628
rhynchosporium,svr_rbf,1.346453976,1.599106385078943
rhynchosporium,svr_rbf,1.348299515,1.7926100457174643
rhynchosporium,svr_rbf,1.348299515,1.8071822344203265
rhynchosporium,svr_rbf,1.3077768,1.6526406497994726
rhynchosporium,svr_rbf,1.418277421,1.7607781675398892
rhynchosporium,svr_rbf,1.342828272,1.5592789548556687
rhynchosporium,svr_rbf,1.308165434,1.7826130072386812
rhynchosporium,svr_rbf,1.346689537,1.7594652117407208
rhynchosporium,svr_rbf,1.346664439,1.7859961997419636
rhynchosporium,svr_rbf,1.301249564,1.606321723878392
rhynchosporium,svr_rbf,1.344101569,1.7852308440481266
rhynchosporium,svr_rbf,1.34529899,1.7991500853640128
rhynchosporium,svr_rbf,1.343775605,1.4718041915296578
rhynchosporium,svr_rbf,1.335189025,1.6427731362753768
rhynchosporium,svr_rbf,1.344101569,1.8330607433806163
rhynchosporium,svr_rbf,1.32933753,1.4190330052566493
rhynchosporium,svr_rbf,1.298577029,1.6348559115817831
rhynchosporium,svr_rbf,1.345295665,1.8875373240832747
rhynchosporium,svr_rbf,1.315406884,1.718555490804796
rhynchosporium,svr_rbf,1.349505539,1.5460206753962018
rhynchosporium,svr_rbf,1.34298733,1.5858384696950578
rhynchosporium,svr_rbf,1.346664439,1.895638508181721
rhynchosporium,svr_rbf,1.3579537285,1.2950941135856104
rhynchosporium,svr_rbf,1.398346461,1.8826925731483781
rhynchosporium,svr_rbf,1.339987066,1.8001587554187788
rhynchosporium,svr_rbf,1.343661201,1.655716052381846
rhynchosporium,svr_rbf,1.345964928,1.8689731708857562
rhynchosporium,svr_rbf,1.3471061,1.789605638789134
rhynchosporium,svr_rbf,1.346448141,1.6335467586792074
rhynchosporium,svr_rbf,1.343836725,1.8898750725447413
rhynchosporium,svr_rbf,1.346482527,1.7750036419823623
rhynchosporium,svr_rbf,1.360066546,1.4916078684562246
rhynchosporium,svr_rbf,1.345987229,1.4705322457016483
rhynchosporium,svr_rbf,1.346453976,1.862052419017559
rhynchosporium,svr_rbf,1.308055837,1.6970508434775422
rhynchosporium,svr_rbf,1.34098313,1.7944676325324702
rhynchosporium,svr_rbf,1.361337796,1.853711398583954
rhynchosporium,svr_rbf,1.343661201,1.8724925903998513
rhynchosporium,svr_rbf,1.343521037,1.7897129435024999
rhynchosporium,svr_rbf,1.346685288,1.3721994889254776
rhynchosporium,svr_rbf,1.309197826,1.682763380143821
rhynchosporium,svr_rbf,1.342040205,1.8115166431821785
rhynchosporium,svr_rbf,1.520433454,1.8256997640234753
rhynchosporium,svr_rbf,1.300671927,1.7872859656392048
rhynchosporium,svr_rbf,1.361337796,1.9260720884411873
rhynchosporium,svr_rbf,1.361759762,1.762498639735865
rhynchosporium,svr_rbf,2.778129841,1.7737586141488229
rhynchosporium,svr_rbf,1.340363673,1.649794761678276
rhynchosporium,svr_rbf,1.343825587,1.834491123095724
rhynchosporium,svr_rbf,1.346453976,1.5872648351828254
rhynchosporium,svr_rbf,1.358530138,1.8620720146469416
rhynchosporium,svr_rbf,1.372354411,1.735876770488287
rhynchosporium,svr_rbf,1.30807905,1.816683297687621
rhynchosporium,svr_rbf,1.866814843,1.5815381650504543
rhynchosporium,svr_rbf,1.344003723,1.478409938519401
rhynchosporium,svr_rbf,1.308054608,1.8084613781190637
rhynchosporium,svr_rbf,1.349505539,1.8023089030432724
rhynchosporium,svr_rbf,1.3438632,1.8411010505454735
rhynchosporium,svr_rbf,1.30780901,1.7522453798775226
rhynchosporium,svr_rbf,1.305640819,1.7115043218593553
rhynchosporium,svr_rbf,1.3094274,1.7460014574357305
rhynchosporium,svr_rbf,5.342723977,1.5548227034781992
rhynchosporium,svr_rbf,1.345008161,1.799404220245529
rhynchosporium,svr_rbf,1.353220165,1.5209502451793173
rhynchosporium,svr_rbf,1.348299515,1.6828843462482708
rhynchosporium,svr_rbf,1.346689537,1.3486785652009692
rhynchosporium,svr_rbf,1.342040205,1.845090783895949
rhynchosporium,svr_rbf,1.361337796,1.5953975405091865
rhynchosporium,svr_rbf,1.353220165,1.4427692159390546
rhynchosporium,svr_rbf,1.344003723,1.7713885839795949
rhynchosporium,svr_rbf,1.343521037,1.4394578215461853
rhynchosporium,svr_rbf,1.307782504,1.7931850678995807
rhynchosporium,svr_rbf,1.344003723,1.3991631754713365
rhynchosporium,svr_rbf,1.273690741,1.4320832215292145
rhynchosporium,svr_rbf,1.347090622,1.798660437530959
rhynchosporium,svr_rbf,1.345005202,1.7823855078352457
rhynchosporium,svr_rbf,1.358530138,1.783171101299932
rhynchosporium,svr_rbf,1.347981651,1.8274287536584428
rhynchosporium,svr_rbf,1.344116137,1.5363783679287744
rhynchosporium,svr_rbf,1.413527402,1.3865096517183533
rhynchosporium,svr_rbf,3.889058053,1.8918920196246665
rhynchosporium,svr_rbf,1.307550168,1.4317835757306043
rhynchosporium,svr_rbf,1.301544971,1.8118886773977232
rhynchosporium,svr_rbf,3.811587476,1.8107571982799087
rhynchosporium,svr_rbf,1.34599483,1.8320400076298216
rhynchosporium,svr_rbf,1.272689828,1.5589529834463092
rhynchosporium,svr_rbf,1.274764257,1.5913461927191188
rhynchosporium,svr_rbf,1.340363673,1.7831747521410426
rhynchosporium,svr_rbf,1.34529899,1.4365064565760437
rhynchosporium,svr_rbf,1.342828272,1.6389950951833812
rhynchosporium,svr_rbf,1.307278278,1.8265710032279918
rhynchosporium,svr_rbf,1.348299515,1.6730819609033687
rhynchosporium,svr_rbf,1.3239048,1.4139135369130296
rhynchosporium,svr_rbf,1.307591499,1.484822868006171
rhynchosporium,svr_rbf,1.345987229,1.9508094179799669
rhynchosporium,svr_rbf,1.831244023,1.6492731754272998
rhynchosporium,svr_rbf,1.310157253,2.2176722906116835
rhynchosporium,svr_rbf,1.311861531,2.33676045402967
rhynchosporium,svr_rbf,1.358698169,1.812978312563269
rhynchosporium,svr_rbf,1.298577029,1.7984023126212962
rhynchosporium,svr_rbf,1.342040205,2.1255761305593746
rhynchosporium,svr_rbf,1.322963995,1.4586332807133437
rhynchosporium,svr_rbf,1.321444246,1.92073784562168
rhynchosporium,svr_rbf,1.346448141,1.7803323168294816
rhynchosporium,svr_rbf,1.308350204,1.411140031839379
rhynchosporium,svr_rbf,1.344195959,1.7992810623268864
rhynchosporium,svr_rbf,1.850124299,1.7123866005985855
rhynchosporium,svr_rbf,1.361658452,1.471151994282669
rhynchosporium,svr_rbf,1.321500144,1.6389979205274368
rhynchosporium,svr_rbf,1.307520684,1.8769196508138262
rhynchosporium,svr_rbf,1.370487668,1.6759573478091696
rhynchosporium,svr_rbf,1.340363673,1.5201107695486347
rhynchosporium,svr_rbf,1.376770695,1.8145164201278063
rhynchosporium,svr_rbf,1.346685288,1.8257987864668135
rhynchosporium,svr_rbf,1.344338755,1.817039533459707
rhynchosporium,svr_rbf,1.329438861,1.411160408771246
rhynchosporium,svr_rbf,2.358510891,1.543147859727303
rhynchosporium,svr_rbf,1.342528747,1.4397248752882794
rhynchosporium,svr_rbf,1.413527402,1.5090354996752207
rhynchosporium,svr_rbf,1.346453976,1.5830957330755322
rhynchosporium,svr_rbf,1.360066546,1.2523203520497663
rhynchosporium,svr_rbf,1.313352083,1.3409454261747755
rhynchosporium,svr_rbf,1.342528747,1.3863550177231014
rhynchosporium,svr_rbf,1.347981651,1.8285626644989068
rhynchosporium,svr_rbf,1.344893435,1.5658641761931476
rhynchosporium,svr_rbf,1.344195959,1.4737774133438342
rhynchosporium,svr_rbf,1.352646083,1.8096234388309316
rhynchosporium,svr_rbf,1.308812035,1.4299146849455233
rhynchosporium,svr_rbf,1.330384449,1.8183508878626788
rhynchosporium,svr_rbf,1.3471061,2.716034963518042
rhynchosporium,svr_rbf,3.055161343,1.8973784786663224
rhynchosporium,svr_rbf,1.150956425,1.5103280687777993
rhynchosporium,svr_rbf,2.66439061,1.6208974455606318
rhynchosporium,svr_rbf,2.797547908,1.5817845662687116
rhynchosporium,svr_rbf,1.166565902,1.7542667402716454
rhynchosporium,svr_rbf,1.800333172,1.553785648354677
rhynchosporium,svr_rbf,1.226775092,1.8779565660198476
rhynchosporium,svr_rbf,1.0846278,1.716647709704694
rhynchosporium,svr_rbf,2.084627793,1.7670051814745482
rhynchosporium,svr_rbf,1.084627814,1.6857430172669947
rhynchosporium,svr_rbf,3.677442262,1.6430019269302898
rhynchosporium,svr_rbf,1.777587867,1.9547667507291586
rhynchosporium,svr_rbf,1.926354636,1.736345095026158
rhynchosporium,svr_rbf,2.800333104,1.5561928464904062
rhynchosporium,svr_rbf,4.034188774,1.6603325983003032
rhynchosporium,svr_rbf,1.539934426,1.680422600795195
rhynchosporium,svr_rbf,3.072987176,1.922111862138092
rhynchosporium,svr_rbf,3.383829302,1.7960271850542342
rhynchosporium,svr_rbf,1.800333181,1.9976365473226854
rhynchosporium,svr_rbf,5.942480457,1.9519363540143668
rhynchosporium,svr_rbf,2.548635579,2.346109472974228
rhynchosporium,svr_rbf,3.910745141,2.2887207078644884
rhynchosporium,svr_rbf,2.094565749,1.6438197381131436
rhynchosporium,svr_rbf,1.544284983,1.5439872170129993
rhynchosporium,svr_rbf,4.806249044,1.4429745390634796
rhynchosporium,svr_rbf,5.937389355,1.428799100969587
rhynchosporium,svr_rbf,4.719895978,2.94006140584915
rhynchosporium,svr_rbf,5.537376594,1.5529441317706936
rhynchosporium,svr_rbf,2.327165351,1.7673387610842566
rhynchosporium,svr_rbf,1.548527852,1.5727609948796226
rhynchosporium,svr_rbf,1.516038609,1.490361666123383
rhynchosporium,svr_rbf,4.077337742,1.4821507080624943
rhynchosporium,svr_rbf,4.717020916,1.8206449641626379
rhynchosporium,svr_rbf,3.81059953,2.0288218324856477
rhynchosporium,svr_rbf,1.022149746,1.7263323253428577
rhynchosporium,svr_rbf,1.150956412,1.8034003932893716
rhynchosporium,svr_rbf,1.795364245,1.4452885124380526
rhynchosporium,svr_rbf,2.10580294,1.639439754200753
rhynchosporium,svr_rbf,2.521007582,1.7178701924626445
rhynchosporium,svr_rbf,3.428529944,1.864839933500475
rhynchosporium,svr_rbf,1.150956416,1.4115341468065203
rhynchosporium,svr_rbf,1.295372619,1.9304911091174093
rhynchosporium,svr_rbf,3.393767268,1.6142879657385591
rhynchosporium,svr_rbf,3.525976592,2.2898561241085487
rhynchosporium,svr_rbf,2.802384279,1.5983353666617908
rhynchosporium,svr_rbf,1.411127677,1.761869019589802
rhynchosporium,svr_rbf,1.373891306,2.0309684867007625
rhynchosporium,svr_rbf,2.284113702,1.6630957116258502
rhynchosporium,svr_rbf,3.962356462,1.892862798567908
rhynchosporium,svr_rbf,1.793197301,1.7615200990646909
rhynchosporium,svr_rbf,1.535583863,1.441593621330485
rhynchosporium,svr_rbf,1.368922381,1.854460262196002
rhynchosporium,svr_rbf,4.816695389,1.6373297311379063
rhynchosporium,svr_rbf,5.039551927,2.186401252247043
rhynchosporium,svr_rbf,3.437231032,1.7172879736176627
rhynchosporium,svr_rbf,3.552396836,2.340588283365121
rhynchosporium,svr_rbf,5.162620829,1.8317117864421304
rhynchosporium,svr_rbf,4.717020954,1.5545131855625005
rhynchosporium,svr_rbf,6.424179376,1.6149687976704876
rhynchosporium,svr_rbf,4.432880485,1.5777870931364382
rhynchosporium,svr_rbf,3.231743977,2.3472855272823607
rhynchosporium,svr_rbf,3.810271171,1.6819742638819113
rhynchosporium,svr_rbf,2.399868753,2.4503787941698945
rhynchosporium,svr_rbf,2.166565836,1.7353139937493247
rhynchosporium,svr_rbf,3.794990068,2.3846198855096987
rhynchosporium,svr_rbf,4.806249013,2.6331516101313746
rhynchosporium,svr_rbf,4.717020891,1.599029376655772
rhynchosporium,svr_rbf,1.29102209,1.35344471150082
rhynchosporium,svr_rbf,2.037759198,0.9918867075319838
rhynchosporium,svr_rbf,3.820209121,1.837966876356707
rhynchosporium,svr_rbf,1.368922386,2.2654937486069384
rhynchosporium,svr_rbf,4.104503709,1.4410363245558202
rhynchosporium,svr_rbf,3.677442243,1.8743407889888866
rhynchosporium,svr_rbf,3.383829285,2.4287856255995983
rhynchosporium,svr_rbf,3.437231044,1.6326997497804334
rhynchosporium,svr_rbf,3.228091223,1.858375889008806
rhynchosporium,svr_rbf,3.97028386,1.5703234010580716
rhynchosporium,svr_rbf,4.295628113,1.786317637879582
rhynchosporium,svr_rbf,1.399868768,2.449499189766179
rhynchosporium,svr_rbf,1.150956338,1.8341947447710416
rhynchosporium,svr_rbf,4.231960254,1.4843176496514503
rhynchosporium,svr_rbf,1.995121674,1.4140738074189243
rhynchosporium,svr_rbf,4.050810802,1.3081119175449438
rhynchosporium,svr_rbf,6.236713047,1.4363559691759165
rhynchosporium,svr_rbf,1.995121717,1.8611646762290703
rhynchosporium,svr_rbf,2.795364243,1.938480198183961
rhynchosporium,svr_rbf,6.255551244,1.6452354305937713
rhynchosporium,svr_rbf,2.236713072,1.6077846741684767
rhynchosporium,svr_rbf,2.378860355,1.4904233068443897
rhynchosporium,svr_rbf,3.281040107,1.783828117814759
rhynchosporium,svr_rbf,2.673092864,2.4331861979925193
rhynchosporium,svr_rbf,4.002859751,1.618278056401127
rhynchosporium,svr_rbf,6.077544384,1.424656040333942
rhynchosporium,svr_rbf,5.21484569,1.554310461702173
rhynchosporium,svr_rbf,1.084627823,1.7603672208598637
rhynchosporium,svr_rbf,3.899916617,1.6310164334836512
rhynchosporium,svr_rbf,3.613083774,2.0555032055072853
rhynchosporium,svr_rbf,0.93751152,1.6394292956213847
rhynchosporium,svr_rbf,4.104503652,1.610335245518061
rhynchosporium,svr_rbf,1.166565829,1.3791157253382216
rhynchosporium,svr_rbf,1.291022085,1.4948834619119475
rhynchosporium,svr_rbf,1.373891358,1.3689761665913829
rhynchosporium,svr_rbf,1.653216896,1.648729831722522
rhynchosporium,svr_rbf,2.226775035,1.7876957884157252
rhynchosporium,svr_rbf,4.673091663,2.098859359437743
rhynchosporium,svr_rbf,1.216484133,1.7491772512757975
rhynchosporium,svr_rbf,4.166489864,1.8291754714616804
rhynchosporium,svr_rbf,0.937511537,1.6758157361045307
rhynchosporium,svr_rbf,2.521007596,1.7910727375520472
rhynchosporium,svr_rbf,1.673091741,1.5349559431007782
rhynchosporium,svr_rbf,1.216484222,1.9974539230716215
rhynchosporium,svr_rbf,4.246650991,1.4928955411530649
rhynchosporium,svr_rbf,4.530945561,1.570120556580253
rhynchosporium,svr_rbf,1.101933942,1.753070264712189
rhynchosporium,svr_rbf,2.150956438,1.5664724266057097
rhynchosporium,svr_rbf,1.216484184,1.4956265005746106
rhynchosporium,svr_rbf,2.644430528,1.4448489354144125
rhynchosporium,svr_rbf,2.166565854,1.8402267059015827
rhynchosporium,svr_rbf,1.913302957,1.808433116694451
rhynchosporium,svr_rbf,2.166565886,2.7882345357437277
rhynchosporium,svr_rbf,1.516038645,1.7974238488988359
rhynchosporium,svr_rbf,2.363953405,1.710578020695336
rhynchosporium,svr_rbf,1.295372655,1.230947271853459
rhynchosporium,svr_rbf,1.150956419,1.6520341455220733
rhynchosporium,svr_rbf,2.226775042,1.794528343803203
rhynchosporium,svr_rbf,1.793197387,1.5638651325391169
rhynchosporium,svr_rbf,3.535914538,1.6453520061998783
rhynchosporium,svr_rbf,1.511069651,1.576868419710064
rhynchosporium,svr_rbf,3.113541001,1.615742117877101
rhynchosporium,svr_rbf,1.271062017,1.8201819406156443
rhynchosporium,svr_rbf,1.373891344,1.794987668588461
rhynchosporium,svr_rbf,2.42417935,2.438302599720192
rhynchosporium,svr_rbf,2.236713022,1.7505053102786252
rhynchosporium,svr_rbf,1.537724038,1.7379722455818483
rhynchosporium,svr_rbf,1.653217027,1.6689745355290675
rhynchosporium,svr_rbf,1.793197323,1.7332349344253342
rhynchosporium,svr_rbf,4.424179399,2.89173010356646
rhynchosporium,svr_rbf,1.810271144,2.7815541270480537
rhynchosporium,svr_rbf,1.677442321,1.7558753126484203
rhynchosporium,svr_rbf,1.433977626,1.6154244522515593
rhynchosporium,svr_rbf,1.27541261,1.6889135410060516
rhynchosporium,svr_rbf,1.415478246,1.686707540977281
rhynchosporium,svr_rbf,5.588214198,1.7239933690996174
rhynchosporium,svr_rbf,1.942480502,1.8038149446146083
rhynchosporium,svr_rbf,2.368922315,1.775459145376682
rhynchosporium,svr_rbf,0.937511542,1.8323752521569665
rhynchosporium,svr_rbf,2.657482196,2.6245853063194104
rhynchosporium,svr_rbf,2.002859784,1.6618472055351632
rhynchosporium,svr_rbf,2.433977617,2.435181601619785
rhynchosporium,svr_rbf,3.668123866,2.795368218257751
rhynchosporium,svr_rbf,1.795364238,1.8165338571707932
rhynchosporium,svr_rbf,3.544284971,1.9063038578402556
rhynchosporium,svr_rbf,1.593738644,1.6468604048580024
rhynchosporium,svr_rbf,2.05081083,1.7687797293057634
rhynchosporium,svr_rbf,1.653131708,1.5639001389635954
rhynchosporium,svr_rbf,0.937511517,1.7924859959489507
rhynchosporium,svr_rbf,1.584627849,1.548863219045501
rhynchosporium,svr_rbf,1.150956381,1.8138800718107109
rhynchosporium,svr_rbf,4.957387446,1.679817433983892
rhynchosporium,svr_rbf,1.231744074,1.7329898305755016
rhynchosporium,svr_rbf,2.286671477,1.84225510555972
rhynchosporium,svr_rbf,0.937511531,1.498531053327187
rhynchosporium,svr_rbf,1.221806126,1.7756190640141654
rhynchosporium,svr_rbf,1.022149651,1.7174603247434412
rhynchosporium,svr_rbf,1.658185947,1.8293587778761033
rhynchosporium,svr_rbf,1.648247976,1.4605340114600927
rhynchosporium,svr_rbf,1.037759191,1.4085667897959613
rhynchosporium,svr_rbf,1.511069661,1.5554232872529392
rhynchosporium,svr_rbf,1.234068626,1.5903294671935013
rhynchosporium,svr_rbf,1.084627801,1.4417846310888809
rhynchosporium,svr_rbf,1.777587835,1.6014882434298514
rhynchosporium,svr_rbf,1.664390642,1.5044515896831165
rhynchosporium,svr_rbf,1.291022087,1.5978267741535221
rhynchosporium,svr_rbf,4.388798298,1.745556487912813
rhynchosporium,svr_rbf,5.383829257,1.5294632607480318
rhynchosporium,svr_rbf,4.408569952,1.3128885402776715
rhynchosporium,svr_rbf,2.026500251,1.8185516394603318
rhynchosporium,svr_rbf,2.4378466,2.1061966827301672
rhynchosporium,svr_rbf,1.539934439,1.7383583421304565
rhynchosporium,svr_rbf,1.166565894,1.7846237032963828
rhynchosporium,svr_rbf,2.059511906,1.3649112341439418
rhynchosporium,svr_rbf,1.917653563,1.597767157199829
rhynchosporium,svr_rbf,1.221806052,1.7531117841477424
rhynchosporium,svr_rbf,1.404219315,1.7323708948486918
rhynchosporium,svr_rbf,2.516038625,1.6652545195053405
rhynchosporium,svr_rbf,2.378860278,1.6185134445419194
rhynchosporium,svr_rbf,1.084627778,1.6347363444502638
rhynchosporium,svr_rbf,1.516038621,1.7599461486489887
rhynchosporium,svr_rbf,1.166565922,1.749399747608965
rhynchosporium,svr_rbf,3.712670323,1.9184041736149613
rhynchosporium,svr_rbf,1.226775087,1.8566491058945027
rhynchosporium,svr_rbf,1.037759156,1.5259083062367282
rhynchosporium,svr_rbf,1.373891335,1.8952346932108013
rhynchosporium,svr_rbf,2.797547878,1.6554817410802574
rhynchosporium,svr_rbf,2.077337735,1.7554902993427643
rhynchosporium,svr_rbf,2.506100645,1.7920569883979425
rhynchosporium,svr_rbf,1.079658796,1.7399599147161746
rhynchosporium,svr_rbf,1.552396851,1.6001180945450602
rhynchosporium,svr_rbf,1.777587867,1.690307309428681
rhynchosporium,svr_rbf,1.800333178,1.7339280488075246
rhynchosporium,svr_rbf,1.079658812,1.3008102193510291
rhynchosporium,svr_rbf,3.31277491,2.3966961218309373
rhynchosporium,svr_rbf,5.304073726,1.6527293485331105
rhynchosporium,svr_rbf,2.037759125,1.7543466397238263
rhynchosporium,svr_rbf,4.673092846,1.6389979437187359
rhynchosporium,svr_rbf,4.468108579,2.006185805542791
rhynchosporium,svr_rbf,3.241682005,1.7963178915453302
rhynchosporium,svr_rbf,2.579856833,1.8977872821035828
rhynchosporium,svr_rbf,1.166565842,1.3167762853855576
rhynchosporium,svr_rbf,1.231744098,1.2782446774994978
rhynchosporium,svr_rbf,1.884440496,1.5481929810379467
rhynchosporium,svr_rbf,2.050810773,1.4043245137495064
rhynchosporium,svr_rbf,4.459407456,1.7996417447020798
rhynchosporium,svr_rbf,1.295372719,2.07870213505531
rhynchosporium,svr_rbf,3.31277491,1.611189557555899
rhynchosporium,svr_rbf,1.286671536,1.7527845172583332
rhynchosporium,svr_rbf,1.64824796,2.164279442487679
rhynchosporium,svr_rbf,1.441715643,1.4489221059782604
rhynchosporium,svr_rbf,1.942480444,1.5868433463904439
rhynchosporium,svr_rbf,2.084627779,1.4062296839664876
rhynchosporium,svr_rbf,1.022149666,2.0089594663628363
rhynchosporium,svr_rbf,1.275412545,1.478748805726766
rhynchosporium,svr_rbf,1.146605826,1.7770153548846117
rhynchosporium,svr_rbf,2.666183394,1.6814700617642235
rhynchosporium,svr_rbf,1.08462779,1.3703177130367712
rhynchosporium,svr_rbf,1.942480489,1.7996134422091505
rhynchosporium,svr_rbf,2.445584667,2.01954962815317
rhynchosporium,svr_rbf,1.535583834,1.8034434354634308
rhynchosporium,svr_rbf,2.648781076,2.1015958507830383
rhynchosporium,svr_rbf,4.219196206,1.7962969016658945
rhynchosporium,svr_rbf,1.084627748,1.4727783087573187
rhynchosporium,svr_rbf,1.399868734,1.444693545398808
rhynchosporium,svr_rbf,1.231744032,1.5402525717677373
rhynchosporium,svr_rbf,2.524324925,1.4632506636240332
rhynchosporium,svr_rbf,1.648781119,1.6162255314856602
rhynchosporium,svr_rbf,2.037759174,1.4574392735744455
rhynchosporium,svr_rbf,1.942480508,1.6954857822733038
rhynchosporium,svr_rbf,0.937511521,1.427736622242488
rhynchosporium,svr_rbf,3.428529935,1.6427731448299652
rhynchosporium,svr_rbf,1.216484155,1.7472446287052643
rhynchosporium,svr_rbf,3.962356371,4.069896304375031
rhynchosporium,svr_rbf,1.516038648,1.6368069818835436
rhynchosporium,svr_rbf,1.908952426,1.5215039425635661
rhynchosporium,svr_rbf,4.269433029,1.5735181361976438
rhynchosporium,svr_rbf,1.279763171,1.846565264691316
rhynchosporium,svr_rbf,1.810271154,1.5319570378348666
rhynchosporium,svr_rbf,2.445584659,1.4101620039540872
rhynchosporium,svr_rbf,2.087624947,1.6266989652472617
rhynchosporium,svr_rbf,2.084627862,1.5560833106698195
rhynchosporium,svr_rbf,1.327165418,1.4343981637961356
rhynchosporium,svr_rbf,1.166565928,1.5376883820581413
rhynchosporium,svr_rbf,1.664390597,1.8698797141741084
rhynchosporium,svr_rbf,1.150956433,1.672377696433085
rhynchosporium,svr_rbf,3.52597656,1.487198404076802
rhynchosporium,svr_rbf,1.810271179,1.66935571204839
rhynchosporium,svr_rbf,1.880571458,1.6482499549717848
rhynchosporium,svr_rbf,0.937511466,1.5782040116938765
rhynchosporium,svr_rbf,1.827165365,1.8208252747204916
rhynchosporium,svr_rbf,1.079658813,1.5650885248189668
rhynchosporium,svr_rbf,1.795364214,1.1858414127233814
rhynchosporium,svr_rbf,2.888309544,1.7446553825868685
rhynchosporium,svr_rbf,2.53993443,1.7288735378282916
rhynchosporium,svr_rbf,3.560134905,1.7896044316682644
rhynchosporium,svr_rbf,2.368922365,1.7954714435393404
rhynchosporium,svr_rbf,4.468108555,1.6337083246047308
rhynchosporium,svr_rbf,1.221806109,1.7654750819518292
rhynchosporium,svr_rbf,3.338772488,1.5993507856835092
rhynchosporium,svr_rbf,1.653216924,1.5125382376608374
rhynchosporium,svr_rbf,0.937511585,2.2699404229390296
rhynchosporium,svr_rbf,1.295372587,1.4537287271369652
rhynchosporium,svr_rbf,1.275412609,1.5687380797900938
rhynchosporium,svr_rbf,2.23196032,2.2599931181460873
rhynchosporium,svr_rbf,5.712670401,1.3954714444313643
rhynchosporium,svr_rbf,3.235829364,1.8131720838388394
rhynchosporium,svr_rbf,2.663154846,1.7270644408928455
rhynchosporium,svr_rbf,1.884440493,1.9281211171087462
rhynchosporium,svr_rbf,1.594565755,1.6285914841516405
rhynchosporium,svr_rbf,5.605345756,1.7964015947789418
rhynchosporium,svr_rbf,1.079658816,1.6270962168015368
rhynchosporium,svr_rbf,1.91765356,1.8716104965723228
rhynchosporium,svr_rbf,3.39376729,1.8234123187789855
rhynchosporium,svr_rbf,3.91248631,1.9609150917988853
rhynchosporium,svr_rbf,1.291022115,1.8020296063229793
rhynchosporium,svr_rbf,3.051939641,1.5913720383759884
rhynchosporium,svr_rbf,4.806249012,2.899768729695472
rhynchosporium,svr_rbf,4.246650957,1.84916415984691
rhynchosporium,svr_rbf,1.212615116,1.575599914727637
rhynchosporium,svr_rbf,1.668741198,1.6326723604571676
