trait,model_name,learning_rate,batch_size,fold,IID,y_true,y_pred,selected_best_for_trait
ramularia_collo_cygni,mlp_a,0.001,32,1,SAMEA110189859,4.437046051025391,4.056278705596924,True
ramularia_collo_cygni,mlp_a,0.001,32,1,SAMEA110189838,3.7146809101104736,3.741462469100952,True
ramularia_collo_cygni,mlp_a,0.001,32,1,SAMEA110189753,3.3628482818603516,4.2395148277282715,True
ramularia_collo_cygni,mlp_a,0.001,32,1,SAMEA110189739,3.773536443710327,3.867288827896118,True
ramularia_collo_cygni,mlp_a,0.001,32,1,SAMEA110189758,4.203571319580078,4.098879814147949,True
ramularia_collo_cygni,mlp_a,0.001,32,1,SAMEA110189759,3.8173227310180664,4.197151184082031,True
ramularia_collo_cygni,mlp_a,0.001,32,1,SAMEA110189743,5.088293075561523,4.114542007446289,True
ramularia_collo_cygni,mlp_a,0.001,32,1,SAMEA110189763,3.9748263359069824,4.0831522941589355,True
ramularia_collo_cygni,mlp_a,0.001,32,1,SAMEA110189943,3.5584707260131836,4.030792713165283,True
ramularia_collo_cygni,mlp_a,0.001,32,1,SAMEA110189809,4.2152419090271,4.140126705169678,True
ramularia_collo_cygni,mlp_a,0.001,32,1,SAMEA110189745,3.24538254737854,4.153787612915039,True
ramularia_collo_cygni,mlp_a,0.001,32,1,SAMEA110189765,3.970313787460327,4.310057640075684,True
ramularia_collo_cygni,mlp_a,0.001,32,1,SAMEA110189782,3.3474130630493164,3.5765013694763184,True
ramularia_collo_cygni,mlp_a,0.001,32,1,SAMEA110189811,3.6492793560028076,4.1356024742126465,True
ramularia_collo_cygni,mlp_a,0.001,32,1,SAMEA110189783,4.274322986602783,3.8051042556762695,True
ramularia_collo_cygni,mlp_a,0.001,32,1,SAMEA110189785,2.97369384765625,4.027467727661133,True
ramularia_collo_cygni,mlp_a,0.001,32,1,SAMEA110189813,2.923482894897461,4.028295040130615,True
ramularia_collo_cygni,mlp_a,0.001,32,1,SAMEA110189829,3.194287061691284,4.097354412078857,True
ramularia_collo_cygni,mlp_a,0.001,32,1,SAMEA110189771,3.4864704608917236,4.064993858337402,True
ramularia_collo_cygni,mlp_a,0.001,32,1,SAMEA110189848,4.061512470245361,4.160099029541016,True
ramularia_collo_cygni,mlp_a,0.001,32,1,SAMEA110189789,4.671022891998291,4.082043170928955,True
ramularia_collo_cygni,mlp_a,0.001,32,1,SAMEA110189772,4.30725622177124,4.2005438804626465,True
ramularia_collo_cygni,mlp_a,0.001,32,1,SAMEA110189791,4.749510765075684,3.9969797134399414,True
ramularia_collo_cygni,mlp_a,0.001,32,1,SAMEA110189832,4.28374719619751,4.129899024963379,True
ramularia_collo_cygni,mlp_a,0.001,32,1,SAMEA110189817,4.2581787109375,4.090085983276367,True
ramularia_collo_cygni,mlp_a,0.001,32,1,SAMEA110189833,3.812246561050415,4.086859226226807,True
ramularia_collo_cygni,mlp_a,0.001,32,1,SAMEA110189819,4.653991222381592,4.080580711364746,True
ramularia_collo_cygni,mlp_a,0.001,32,1,SAMEA110189844,3.5220680236816406,4.170257568359375,True
ramularia_collo_cygni,mlp_a,0.001,32,1,SAMEA110189796,4.236244201660156,4.193704605102539,True
ramularia_collo_cygni,mlp_a,0.001,32,1,SAMEA110189983,3.5221049785614014,3.5634191036224365,True
ramularia_collo_cygni,mlp_a,0.001,32,1,SAMEA110189965,5.872311592102051,3.9674129486083984,True
ramularia_collo_cygni,mlp_a,0.001,32,1,SAMEA110189900,5.285032272338867,3.7677130699157715,True
ramularia_collo_cygni,mlp_a,0.001,32,1,SAMEA110189929,5.773812294006348,3.778229236602783,True
ramularia_collo_cygni,mlp_a,0.001,32,1,SAMEA110189889,4.218407154083252,3.574977159500122,True
ramularia_collo_cygni,mlp_a,0.001,32,1,SAMEA110189936,4.0689873695373535,3.613050699234009,True
ramularia_collo_cygni,mlp_a,0.001,32,1,SAMEA110189950,4.239543437957764,3.9134750366210938,True
ramularia_collo_cygni,mlp_a,0.001,32,1,SAMEA110189894,4.330824375152588,3.6313953399658203,True
ramularia_collo_cygni,mlp_a,0.001,32,1,SAMEA110190030,4.0099992752075195,3.7405147552490234,True
ramularia_collo_cygni,mlp_a,0.001,32,1,SAMEA110190000,4.41943359375,3.836230754852295,True
ramularia_collo_cygni,mlp_a,0.001,32,1,SAMEA110190031,4.35569953918457,3.636397361755371,True
ramularia_collo_cygni,mlp_a,0.001,32,1,SAMEA110189939,3.6488075256347656,3.5897858142852783,True
ramularia_collo_cygni,mlp_a,0.001,32,1,SAMEA110189904,5.054962158203125,3.828413486480713,True
ramularia_collo_cygni,mlp_a,0.001,32,1,SAMEA110189905,3.40048885345459,3.9578804969787598,True
ramularia_collo_cygni,mlp_a,0.001,32,1,SAMEA110189971,3.4303877353668213,2.9940621852874756,True
ramularia_collo_cygni,mlp_a,0.001,32,1,SAMEA110189910,3.380218029022217,3.885507822036743,True
ramularia_collo_cygni,mlp_a,0.001,32,1,SAMEA110189952,3.1333072185516357,3.747328758239746,True
ramularia_collo_cygni,mlp_a,0.001,32,1,SAMEA110190011,3.1318764686584473,3.6723270416259766,True
ramularia_collo_cygni,mlp_a,0.001,32,1,SAMEA110189913,4.114688396453857,3.955890655517578,True
ramularia_collo_cygni,mlp_a,0.001,32,1,SAMEA110190028,2.676558017730713,3.6021718978881836,True
ramularia_collo_cygni,mlp_a,0.001,32,1,SAMEA110189916,1.4622178077697754,3.8350703716278076,True
ramularia_collo_cygni,mlp_a,0.001,32,1,SAMEA110189918,3.606165647506714,3.8424863815307617,True
ramularia_collo_cygni,mlp_a,0.001,32,1,SAMEA110190014,2.400981903076172,3.6299691200256348,True
ramularia_collo_cygni,mlp_a,0.001,32,1,SAMEA110190017,3.312466859817505,3.64198899269104,True
ramularia_collo_cygni,mlp_a,0.001,32,1,SAMEA110189920,3.3257217407226562,3.672983407974243,True
ramularia_collo_cygni,mlp_a,0.001,32,1,SAMEA110189994,3.9165279865264893,3.837686061859131,True
ramularia_collo_cygni,mlp_a,0.001,32,1,SAMEA110190032,4.689523220062256,3.905419111251831,True
ramularia_collo_cygni,mlp_a,0.001,32,1,SAMEA110189923,4.602095127105713,3.801576852798462,True
ramularia_collo_cygni,mlp_a,0.001,32,1,SAMEA110189995,0.9161714911460876,3.946571111679077,True
ramularia_collo_cygni,mlp_a,0.001,32,1,SAMEA110189979,4.369807720184326,3.45546817779541,True
ramularia_collo_cygni,mlp_a,0.001,32,1,SAMEA110190019,2.5816941261291504,3.7024829387664795,True
ramularia_collo_cygni,mlp_a,0.001,32,1,SAMEA110189960,4.914672374725342,3.7939395904541016,True
ramularia_collo_cygni,mlp_a,0.001,32,1,SAMEA110189981,4.240286827087402,3.525420665740967,True
ramularia_collo_cygni,mlp_a,0.001,32,1,SAMEA6619041,3.4327194690704346,4.0321221351623535,True
ramularia_collo_cygni,mlp_a,0.001,32,1,SAMEA110189554,3.9332613945007324,4.080522060394287,True
ramularia_collo_cygni,mlp_a,0.001,32,1,SAMEA110189684,5.775340557098389,4.4609270095825195,True
ramularia_collo_cygni,mlp_a,0.001,32,1,SAMEA110189693,5.194459438323975,4.772987365722656,True
ramularia_collo_cygni,mlp_a,0.001,32,1,SAMEA110189260,3.114654779434204,4.407339096069336,True
ramularia_collo_cygni,mlp_a,0.001,32,1,SAMEA110189323,2.5377185344696045,2.7330451011657715,True
ramularia_collo_cygni,mlp_a,0.001,32,1,SAMEA6619035,4.404584884643555,4.059436321258545,True
ramularia_collo_cygni,mlp_a,0.001,32,1,SAMEA6619034,4.996330738067627,3.4731481075286865,True
ramularia_collo_cygni,mlp_a,0.001,32,1,SAMEA110189327,4.29787015914917,3.1682286262512207,True
ramularia_collo_cygni,mlp_a,0.001,32,1,SAMEA6619033,4.467355728149414,4.49636697769165,True
ramularia_collo_cygni,mlp_a,0.001,32,1,SAMEA6619032,3.7000062465667725,3.975473165512085,True
ramularia_collo_cygni,mlp_a,0.001,32,1,SAMEA110189330,2.3960700035095215,3.752655029296875,True
ramularia_collo_cygni,mlp_a,0.001,32,1,SAMEA110189158,1.2012912034988403,4.030449390411377,True
ramularia_collo_cygni,mlp_a,0.001,32,1,SAMEA110189699,2.649326801300049,4.603209495544434,True
ramularia_collo_cygni,mlp_a,0.001,32,1,SAMEA110189552,4.354432106018066,3.9148545265197754,True
ramularia_collo_cygni,mlp_a,0.001,32,1,SAMEA6619023,2.718036413192749,3.5094687938690186,True
ramularia_collo_cygni,mlp_a,0.001,32,1,SAMEA110189445,2.2824270725250244,3.4731147289276123,True
ramularia_collo_cygni,mlp_a,0.001,32,1,SAMEA6619020,1.9042227268218994,4.739794731140137,True
ramularia_collo_cygni,mlp_a,0.001,32,1,SAMEA110189486,4.662675857543945,4.8726348876953125,True
ramularia_collo_cygni,mlp_a,0.001,32,1,SAMEA6619002,3.2597737312316895,3.3757286071777344,True
ramularia_collo_cygni,mlp_a,0.001,32,1,SAMEA110188994,1.4905266761779785,3.0572917461395264,True
ramularia_collo_cygni,mlp_a,0.001,32,1,SAMEA110189447,6.610940933227539,4.199993133544922,True
ramularia_collo_cygni,mlp_a,0.001,32,1,SAMEA6618996,3.9869914054870605,3.598511219024658,True
ramularia_collo_cygni,mlp_a,0.001,32,1,SAMEA110189306,3.93538236618042,3.8416330814361572,True
ramularia_collo_cygni,mlp_a,0.001,32,1,SAMEA110189305,2.7759082317352295,4.146639347076416,True
ramularia_collo_cygni,mlp_a,0.001,32,1,SAMEA110189450,2.7505810260772705,2.980018138885498,True
ramularia_collo_cygni,mlp_a,0.001,32,1,SAMEA6618994,5.520170211791992,4.658496856689453,True
ramularia_collo_cygni,mlp_a,0.001,32,1,SAMEA110189243,6.037652015686035,3.9873321056365967,True
ramularia_collo_cygni,mlp_a,0.001,32,1,SAMEA110189088,2.1417031288146973,3.280203342437744,True
ramularia_collo_cygni,mlp_a,0.001,32,1,SAMEA110188999,3.1610379219055176,5.144059658050537,True
ramularia_collo_cygni,mlp_a,0.001,32,1,SAMEA110188927,3.061859607696533,2.7469987869262695,True
ramularia_collo_cygni,mlp_a,0.001,32,1,SAMEA110188928,2.573876142501831,2.7234442234039307,True
ramularia_collo_cygni,mlp_a,0.001,32,1,SAMEA110188931,2.1985347270965576,1.8803684711456299,True
ramularia_collo_cygni,mlp_a,0.001,32,1,SAMEA110189454,3.1210711002349854,3.5938079357147217,True
ramularia_collo_cygni,mlp_a,0.001,32,1,SAMEA110189086,5.4968953132629395,4.729005813598633,True
ramularia_collo_cygni,mlp_a,0.001,32,1,SAMEA6618986,3.627686023712158,4.402087211608887,True
ramularia_collo_cygni,mlp_a,0.001,32,1,SAMEA110189003,3.2048251628875732,4.419965744018555,True
ramularia_collo_cygni,mlp_a,0.001,32,1,SAMEA110188940,1.8977742195129395,2.3987905979156494,True
ramularia_collo_cygni,mlp_a,0.001,32,1,SAMEA110189096,3.8679966926574707,3.700489044189453,True
ramularia_collo_cygni,mlp_a,0.001,32,1,SAMEA110189007,2.884305953979492,2.920711040496826,True
ramularia_collo_cygni,mlp_a,0.001,32,1,SAMEA6618982,3.8153467178344727,3.255631923675537,True
ramularia_collo_cygni,mlp_a,0.001,32,1,SAMEA110189016,2.7215006351470947,3.298192262649536,True
ramularia_collo_cygni,mlp_a,0.001,32,1,SAMEA6618976,4.937605381011963,3.2209081649780273,True
ramularia_collo_cygni,mlp_a,0.001,32,1,SAMEA110189102,3.0383307933807373,3.4122066497802734,True
ramularia_collo_cygni,mlp_a,0.001,32,1,SAMEA6618970,2.9617745876312256,4.475700855255127,True
ramularia_collo_cygni,mlp_a,0.001,32,1,SAMEA110189027,3.104401111602783,3.1215691566467285,True
ramularia_collo_cygni,mlp_a,0.001,32,1,SAMEA110189029,2.6364409923553467,3.127377510070801,True
ramularia_collo_cygni,mlp_a,0.001,32,1,SAMEA110189605,3.82421612739563,4.104817867279053,True
ramularia_collo_cygni,mlp_a,0.001,32,1,SAMEA110188971,2.702798366546631,3.74993896484375,True
ramularia_collo_cygni,mlp_a,0.001,32,1,SAMEA6618964,3.5374393463134766,3.8305811882019043,True
ramularia_collo_cygni,mlp_a,0.001,32,1,SAMEA110188975,1.936129093170166,3.1798806190490723,True
ramularia_collo_cygni,mlp_a,0.001,32,1,SAMEA110189548,3.405083417892456,3.194204807281494,True
ramularia_collo_cygni,mlp_a,0.001,32,1,SAMEA110189283,4.258203029632568,3.908390998840332,True
ramularia_collo_cygni,mlp_a,0.001,32,1,SAMEA6618961,2.488779067993164,4.253703594207764,True
ramularia_collo_cygni,mlp_a,0.001,32,1,SAMEA6618960,2.7449445724487305,3.2656149864196777,True
ramularia_collo_cygni,mlp_a,0.001,32,1,SAMEA6618959,2.7342400550842285,3.8253464698791504,True
ramularia_collo_cygni,mlp_a,0.001,32,1,SAMEA6618956,2.075838565826416,4.312073707580566,True
ramularia_collo_cygni,mlp_a,0.001,32,1,SAMEA110189127,3.84543776512146,3.145557165145874,True
ramularia_collo_cygni,mlp_a,0.001,32,1,SAMEA6618954,2.5019912719726562,3.6756186485290527,True
ramularia_collo_cygni,mlp_a,0.001,32,1,SAMEA110188950,2.413393497467041,3.9297525882720947,True
ramularia_collo_cygni,mlp_a,0.001,32,1,SAMEA110189132,3.7603673934936523,3.05767560005188,True
ramularia_collo_cygni,mlp_a,0.001,32,1,SAMEA110189638,1.865185022354126,3.8220157623291016,True
ramularia_collo_cygni,mlp_a,0.001,32,1,SAMEA110189506,2.5792205333709717,3.9589877128601074,True
ramularia_collo_cygni,mlp_a,0.001,32,1,SAMEA110189355,2.366379499435425,3.1677119731903076,True
ramularia_collo_cygni,mlp_a,0.001,32,1,SAMEA110189076,2.3948256969451904,3.0173122882843018,True
ramularia_collo_cygni,mlp_a,0.001,32,1,SAMEA6618941,4.828344821929932,2.988020896911621,True
ramularia_collo_cygni,mlp_a,0.001,32,1,SAMEA6618938,2.132215976715088,4.0393171310424805,True
ramularia_collo_cygni,mlp_a,0.001,32,1,SAMEA6618931,1.468025803565979,3.5619587898254395,True
ramularia_collo_cygni,mlp_a,0.001,32,1,SAMEA110189390,3.705096483230591,3.2512056827545166,True
ramularia_collo_cygni,mlp_a,0.001,32,1,SAMEA6618930,3.2484829425811768,3.8327603340148926,True
ramularia_collo_cygni,mlp_a,0.001,32,1,SAMEA110189553,2.7585079669952393,5.0360107421875,True
ramularia_collo_cygni,mlp_a,0.001,32,1,SAMEA110189279,2.312755584716797,4.384307861328125,True
ramularia_collo_cygni,mlp_a,0.001,32,1,SAMEA110189608,6.453292369842529,4.238553047180176,True
ramularia_collo_cygni,mlp_a,0.001,32,1,SAMEA110189281,2.859168767929077,3.131107807159424,True
ramularia_collo_cygni,mlp_a,0.001,32,1,SAMEA110189369,2.578256130218506,4.12177848815918,True
ramularia_collo_cygni,mlp_a,0.001,32,1,SAMEA110189513,3.2006173133850098,3.93265962600708,True
ramularia_collo_cygni,mlp_a,0.001,32,1,SAMEA110189664,1.9615410566329956,3.586597204208374,True
ramularia_collo_cygni,mlp_a,0.001,32,1,SAMEA6618910,3.553626537322998,3.44167423248291,True
ramularia_collo_cygni,mlp_a,0.001,32,1,SAMEA110189264,2.877121686935425,3.7646379470825195,True
ramularia_collo_cygni,mlp_a,0.001,32,1,SAMEA110189461,3.567025899887085,2.6874070167541504,True
ramularia_collo_cygni,mlp_a,0.001,32,1,SAMEA110189296,4.443297386169434,3.8208000659942627,True
ramularia_collo_cygni,mlp_a,0.001,32,1,SAMEA110189247,2.5608043670654297,3.0452675819396973,True
ramularia_collo_cygni,mlp_a,0.001,32,1,SAMEA110189302,3.103139638900757,3.6191000938415527,True
ramularia_collo_cygni,mlp_a,0.001,32,1,SAMEA110189265,3.563807487487793,3.660593271255493,True
ramularia_collo_cygni,mlp_a,0.001,32,1,SAMEA110189248,3.8330674171447754,3.698539972305298,True
ramularia_collo_cygni,mlp_a,0.001,32,1,SAMEA110189519,3.34153413772583,3.446837902069092,True
ramularia_collo_cygni,mlp_a,0.001,32,1,SAMEA110189628,3.246976137161255,3.8472280502319336,True
ramularia_collo_cygni,mlp_a,0.001,32,1,SAMEA110189564,6.266704082489014,5.043277740478516,True
ramularia_collo_cygni,mlp_a,0.001,32,1,SAMEA6618892,4.57531213760376,5.033844470977783,True
ramularia_collo_cygni,mlp_a,0.001,32,1,SAMEA110189584,4.2038445472717285,4.576549530029297,True
ramularia_collo_cygni,mlp_a,0.001,32,1,SAMEA6618889,3.9876530170440674,3.1244914531707764,True
ramularia_collo_cygni,mlp_a,0.001,32,1,SAMEA110189712,4.885907173156738,4.869340896606445,True
ramularia_collo_cygni,mlp_a,0.001,32,1,SAMEA110189669,2.1818530559539795,2.660646915435791,True
ramularia_collo_cygni,mlp_a,0.001,32,1,SAMEA110189197,2.793423891067505,3.8959598541259766,True
ramularia_collo_cygni,mlp_a,0.001,32,1,SAMEA110189221,4.603394985198975,3.680628776550293,True
ramularia_collo_cygni,mlp_a,0.001,32,1,SAMEA110189568,3.7005956172943115,4.351497650146484,True
ramularia_collo_cygni,mlp_a,0.001,32,1,SAMEA110189467,2.45753812789917,3.7496273517608643,True
ramularia_collo_cygni,mlp_a,0.001,32,1,SAMEA110189251,4.7845330238342285,3.960963726043701,True
ramularia_collo_cygni,mlp_a,0.001,32,1,SAMEA110189268,5.641355037689209,3.786712169647217,True
ramularia_collo_cygni,mlp_a,0.001,32,1,SAMEA110189270,1.9167964458465576,3.8783602714538574,True
ramularia_collo_cygni,mlp_a,0.001,32,1,SAMEA110189254,5.714832305908203,3.7490921020507812,True
ramularia_collo_cygni,mlp_a,0.001,32,1,SAMEA110189521,4.802934646606445,4.063236713409424,True
ramularia_collo_cygni,mlp_a,0.001,32,1,SAMEA110189523,4.041996955871582,3.3995859622955322,True
ramularia_collo_cygni,mlp_a,0.001,32,1,SAMEA110189558,6.594091415405273,4.523319244384766,True
ramularia_collo_cygni,mlp_a,0.001,32,1,SAMEA110189222,4.308905124664307,3.93190336227417,True
ramularia_collo_cygni,mlp_a,0.001,32,1,SAMEA6618879,5.702008247375488,4.790358066558838,True
ramularia_collo_cygni,mlp_a,0.001,32,1,SAMEA110189536,3.2748451232910156,4.812100410461426,True
ramularia_collo_cygni,mlp_a,0.001,32,1,SAMEA110189278,2.8367128372192383,2.1923041343688965,True
ramularia_collo_cygni,mlp_a,0.001,32,1,SAMEA110189543,4.411263942718506,4.488512992858887,True
ramularia_collo_cygni,mlp_a,0.001,32,1,SAMEA110189225,2.9679031372070312,3.7448978424072266,True
ramularia_collo_cygni,mlp_a,0.001,32,1,SAMEA110189300,5.102677822113037,3.863079071044922,True
ramularia_collo_cygni,mlp_a,0.001,32,1,SAMEA110189427,1.9628480672836304,3.7942452430725098,True
ramularia_collo_cygni,mlp_a,0.001,32,1,SAMEA110189681,2.0140163898468018,4.859907150268555,True
ramularia_collo_cygni,mlp_a,0.001,32,1,SAMEA110189607,1.9605302810668945,3.837944507598877,True
ramularia_collo_cygni,mlp_a,0.001,32,1,SAMEA110189533,5.172937393188477,3.568115711212158,True
ramularia_collo_cygni,mlp_a,0.001,32,1,SAMEA110189436,3.328242778778076,4.289584159851074,True
ramularia_collo_cygni,mlp_a,0.001,32,1,SAMEA110189439,4.147352695465088,4.551377296447754,True
ramularia_collo_cygni,mlp_a,0.001,32,1,SAMEA110189656,4.720761299133301,3.7747199535369873,True
ramularia_collo_cygni,mlp_a,0.001,32,1,SAMEA6618823,3.908208131790161,3.594186305999756,True
ramularia_collo_cygni,mlp_a,0.001,32,1,SAMEA110189705,2.3121607303619385,3.218733549118042,True
ramularia_collo_cygni,mlp_a,0.001,32,1,SAMEA110189332,3.1694915294647217,4.099559307098389,True
ramularia_collo_cygni,mlp_a,0.001,32,1,SAMEA110189599,3.89766001701355,3.9549355506896973,True
ramularia_collo_cygni,mlp_a,0.001,32,1,SAMEA110189432,2.054417848587036,3.669658660888672,True
ramularia_collo_cygni,mlp_a,0.001,32,1,SAMEA110189632,4.942875385284424,3.44866943359375,True
ramularia_collo_cygni,mlp_a,0.001,32,1,SAMEA6618831,2.791846990585327,4.509650230407715,True
ramularia_collo_cygni,mlp_a,0.001,32,1,SAMEA110188993,4.142354488372803,3.9661293029785156,True
ramularia_collo_cygni,mlp_a,0.001,32,1,SAMEA6618838,3.100059986114502,3.312777042388916,True
ramularia_collo_cygni,mlp_a,0.001,32,1,SAMEA110189448,2.7811694145202637,3.257683277130127,True
ramularia_collo_cygni,mlp_a,0.001,32,1,SAMEA110189500,3.748821973800659,3.805342674255371,True
ramularia_collo_cygni,mlp_a,0.001,32,1,SAMEA6618839,4.46619987487793,3.822479248046875,True
ramularia_collo_cygni,mlp_a,0.001,32,1,SAMEA110189502,3.332716703414917,3.1248347759246826,True
ramularia_collo_cygni,mlp_a,0.001,32,1,SAMEA110189348,4.966375350952148,3.698244094848633,True
ramularia_collo_cygni,mlp_a,0.001,32,1,SAMEA110188937,0.7725130915641785,3.3915679454803467,True
ramularia_collo_cygni,mlp_a,0.001,32,1,SAMEA110189039,2.9025187492370605,3.3185229301452637,True
ramularia_collo_cygni,mlp_a,0.001,32,1,SAMEA110189115,4.984592914581299,3.206542491912842,True
ramularia_collo_cygni,mlp_a,0.001,32,1,SAMEA110189045,3.8406522274017334,3.508358955383301,True
ramularia_collo_cygni,mlp_a,0.001,32,1,SAMEA110188949,3.5323867797851562,3.499680519104004,True
ramularia_collo_cygni,mlp_a,0.001,32,1,SAMEA110189384,3.2363193035125732,3.2348275184631348,True
ramularia_collo_cygni,mlp_a,0.001,32,1,SAMEA110189120,4.225987911224365,3.7730650901794434,True
ramularia_collo_cygni,mlp_a,0.001,32,1,SAMEA110189048,3.101280927658081,3.6986372470855713,True
ramularia_collo_cygni,mlp_a,0.001,32,1,SAMEA110188978,1.943472981452942,3.310847759246826,True
ramularia_collo_cygni,mlp_a,0.001,32,1,SAMEA110189060,2.482367753982544,3.498408317565918,True
ramularia_collo_cygni,mlp_a,0.001,32,1,SAMEA110189063,5.060772895812988,3.423360586166382,True
ramularia_collo_cygni,mlp_a,0.001,32,1,SAMEA110189135,5.22938871383667,3.8031041622161865,True
ramularia_collo_cygni,mlp_a,0.001,32,1,SAMEA110189064,3.9322609901428223,3.565969705581665,True
ramularia_collo_cygni,mlp_a,0.001,32,1,SAMEA110189141,5.130832672119141,3.5471954345703125,True
ramularia_collo_cygni,mlp_a,0.001,32,1,SAMEA110189069,4.05725622177124,3.2612435817718506,True
ramularia_collo_cygni,mlp_a,0.001,32,1,SAMEA110189387,3.1860263347625732,3.4079577922821045,True
ramularia_collo_cygni,mlp_a,0.001,32,1,SAMEA110189391,7.428986072540283,2.9082436561584473,True
ramularia_collo_cygni,mlp_a,0.001,32,1,SAMEA110189362,4.0311713218688965,3.5245962142944336,True
ramularia_collo_cygni,mlp_a,0.001,32,1,SAMEA110189368,3.9476234912872314,4.068901062011719,True
ramularia_collo_cygni,mlp_a,0.001,32,1,SAMEA110189510,1.564335823059082,3.625250816345215,True
ramularia_collo_cygni,mlp_a,0.001,32,1,SAMEA110189412,2.5139431953430176,3.7063043117523193,True
ramularia_collo_cygni,mlp_a,0.001,32,1,SAMEA110189590,4.4153876304626465,3.2282087802886963,True
ramularia_collo_cygni,mlp_a,0.001,32,1,SAMEA110189190,3.421875,3.267136573791504,True
ramularia_collo_cygni,mlp_a,0.001,32,1,SAMEA110189425,3.553791046142578,3.6498687267303467,True
ramularia_collo_cygni,mlp_a,0.001,32,1,SAMEA110189224,5.662357330322266,3.349952220916748,True
ramularia_collo_cygni,mlp_a,0.001,32,1,SAMEA110189377,3.221431016921997,3.8083746433258057,True
ramularia_collo_cygni,mlp_a,0.001,32,1,SAMEA110189674,2.7078986167907715,3.8528494834899902,True
ramularia_collo_cygni,mlp_a,0.001,32,1,SAMEA110189557,5.890842914581299,4.212945461273193,True
ramularia_collo_cygni,mlp_a,0.001,32,2,SAMEA110189858,4.500977993011475,3.2944083213806152,True
ramularia_collo_cygni,mlp_a,0.001,32,2,SAMEA110189836,4.521557807922363,3.921320915222168,True
ramularia_collo_cygni,mlp_a,0.001,32,2,SAMEA110189837,4.385427474975586,3.9410061836242676,True
ramularia_collo_cygni,mlp_a,0.001,32,2,SAMEA110189750,3.3025851249694824,3.9922890663146973,True
ramularia_collo_cygni,mlp_a,0.001,32,2,SAMEA110189752,2.5898311138153076,3.188599109649658,True
ramularia_collo_cygni,mlp_a,0.001,32,2,SAMEA110189803,4.417133331298828,3.9718174934387207,True
ramularia_collo_cygni,mlp_a,0.001,32,2,SAMEA110189757,3.9302608966827393,3.8952388763427734,True
ramularia_collo_cygni,mlp_a,0.001,32,2,SAMEA110189824,3.3332624435424805,3.651638984680176,True
ramularia_collo_cygni,mlp_a,0.001,32,2,SAMEA110189828,4.79125452041626,3.6137642860412598,True
ramularia_collo_cygni,mlp_a,0.001,32,2,SAMEA110189767,3.693711042404175,3.9530205726623535,True
ramularia_collo_cygni,mlp_a,0.001,32,2,SAMEA110189812,3.000614643096924,3.839555263519287,True
ramularia_collo_cygni,mlp_a,0.001,32,2,SAMEA110189784,4.853581428527832,4.01143741607666,True
ramularia_collo_cygni,mlp_a,0.001,32,2,SAMEA110189734,3.1651241779327393,3.588547706604004,True
ramularia_collo_cygni,mlp_a,0.001,32,2,SAMEA110189847,4.308725833892822,3.63889217376709,True
ramularia_collo_cygni,mlp_a,0.001,32,2,SAMEA110189843,4.532100677490234,3.4859189987182617,True
ramularia_collo_cygni,mlp_a,0.001,32,2,SAMEA110189815,5.051853179931641,3.730351448059082,True
ramularia_collo_cygni,mlp_a,0.001,32,2,SAMEA110189849,3.8620119094848633,3.59616756439209,True
ramularia_collo_cygni,mlp_a,0.001,32,2,SAMEA110189790,3.757631540298462,3.9382834434509277,True
ramularia_collo_cygni,mlp_a,0.001,32,2,SAMEA110189793,4.533859729766846,3.800403118133545,True
ramularia_collo_cygni,mlp_a,0.001,32,2,SAMEA110189915,4.041297435760498,3.596097946166992,True
ramularia_collo_cygni,mlp_a,0.001,32,2,SAMEA110189852,4.216799259185791,3.847487449645996,True
ramularia_collo_cygni,mlp_a,0.001,32,2,SAMEA110189854,4.208891868591309,3.651237964630127,True
ramularia_collo_cygni,mlp_a,0.001,32,2,SAMEA110189818,3.9464259147644043,3.5857362747192383,True
ramularia_collo_cygni,mlp_a,0.001,32,2,SAMEA110189914,4.0976715087890625,3.758042812347412,True
ramularia_collo_cygni,mlp_a,0.001,32,2,SAMEA110189798,4.955657482147217,3.7427544593811035,True
ramularia_collo_cygni,mlp_a,0.001,32,2,SAMEA110189834,3.419957399368286,3.6689109802246094,True
ramularia_collo_cygni,mlp_a,0.001,32,2,SAMEA110189985,4.449291229248047,3.4708070755004883,True
ramularia_collo_cygni,mlp_a,0.001,32,2,SAMEA110189899,3.343437910079956,3.1866331100463867,True
ramularia_collo_cygni,mlp_a,0.001,32,2,SAMEA110189966,3.1381778717041016,3.4291224479675293,True
ramularia_collo_cygni,mlp_a,0.001,32,2,SAMEA110189982,4.7447896003723145,3.216547966003418,True
ramularia_collo_cygni,mlp_a,0.001,32,2,SAMEA110189949,4.818423271179199,3.129056453704834,True
ramularia_collo_cygni,mlp_a,0.001,32,2,SAMEA110189988,4.915981292724609,3.6313562393188477,True
ramularia_collo_cygni,mlp_a,0.001,32,2,SAMEA110189999,4.473240375518799,3.5475988388061523,True
ramularia_collo_cygni,mlp_a,0.001,32,2,SAMEA110190010,4.124553680419922,3.363522529602051,True
ramularia_collo_cygni,mlp_a,0.001,32,2,SAMEA110189870,2.0023353099823,3.30196475982666,True
ramularia_collo_cygni,mlp_a,0.001,32,2,SAMEA110189907,5.257198333740234,3.82437801361084,True
ramularia_collo_cygni,mlp_a,0.001,32,2,SAMEA110189911,2.390930414199829,3.409402847290039,True
ramularia_collo_cygni,mlp_a,0.001,32,2,SAMEA110189972,3.6069347858428955,3.7330260276794434,True
ramularia_collo_cygni,mlp_a,0.001,32,2,SAMEA110189974,5.242866039276123,3.410655975341797,True
ramularia_collo_cygni,mlp_a,0.001,32,2,SAMEA110190008,4.560012340545654,3.2612662315368652,True
ramularia_collo_cygni,mlp_a,0.001,32,2,SAMEA110189872,4.269068241119385,3.7236361503601074,True
ramularia_collo_cygni,mlp_a,0.001,32,2,SAMEA110189873,3.686307191848755,3.235283374786377,True
ramularia_collo_cygni,mlp_a,0.001,32,2,SAMEA110189876,3.5664472579956055,3.7377758026123047,True
ramularia_collo_cygni,mlp_a,0.001,32,2,SAMEA110189953,3.097393751144409,3.073214054107666,True
ramularia_collo_cygni,mlp_a,0.001,32,2,SAMEA110190013,4.816455364227295,3.6519289016723633,True
ramularia_collo_cygni,mlp_a,0.001,32,2,SAMEA110189942,3.6649270057678223,3.111170768737793,True
ramularia_collo_cygni,mlp_a,0.001,32,2,SAMEA110189885,4.287945747375488,3.6068272590637207,True
ramularia_collo_cygni,mlp_a,0.001,32,2,SAMEA110189954,3.5628139972686768,3.4968948364257812,True
ramularia_collo_cygni,mlp_a,0.001,32,2,SAMEA110189955,2.818188190460205,3.2849769592285156,True
ramularia_collo_cygni,mlp_a,0.001,32,2,SAMEA110190004,2.2617762088775635,3.3335366249084473,True
ramularia_collo_cygni,mlp_a,0.001,32,2,SAMEA110190042,2.022751808166504,3.5489606857299805,True
ramularia_collo_cygni,mlp_a,0.001,32,2,SAMEA110190005,4.346449851989746,3.6225204467773438,True
ramularia_collo_cygni,mlp_a,0.001,32,2,SAMEA110189897,4.031793117523193,3.8583550453186035,True
ramularia_collo_cygni,mlp_a,0.001,32,2,SAMEA110189993,1.1545493602752686,3.912144184112549,True
ramularia_collo_cygni,mlp_a,0.001,32,2,SAMEA110189898,3.177990436553955,3.454296588897705,True
ramularia_collo_cygni,mlp_a,0.001,32,2,SAMEA110190033,3.999305248260498,3.2780022621154785,True
ramularia_collo_cygni,mlp_a,0.001,32,2,SAMEA110189996,2.9336965084075928,3.120649814605713,True
ramularia_collo_cygni,mlp_a,0.001,32,2,SAMEA110189980,2.67061710357666,3.1807260513305664,True
ramularia_collo_cygni,mlp_a,0.001,32,2,SAMEA110190020,3.1225404739379883,3.218560218811035,True
ramularia_collo_cygni,mlp_a,0.001,32,2,SAMEA110189540,4.293328762054443,3.0598268508911133,True
ramularia_collo_cygni,mlp_a,0.001,32,2,SAMEA110189682,5.290598392486572,3.779501438140869,True
ramularia_collo_cygni,mlp_a,0.001,32,2,SAMEA110189683,5.360588073730469,4.3131608963012695,True
ramularia_collo_cygni,mlp_a,0.001,32,2,SAMEA110189227,2.4888386726379395,3.2171688079833984,True
ramularia_collo_cygni,mlp_a,0.001,32,2,SAMEA110189435,2.144960641860962,2.86252498626709,True
ramularia_collo_cygni,mlp_a,0.001,32,2,SAMEA110189164,4.927429676055908,3.3201284408569336,True
ramularia_collo_cygni,mlp_a,0.001,32,2,SAMEA110189294,5.215198993682861,3.3160533905029297,True
ramularia_collo_cygni,mlp_a,0.001,32,2,SAMEA110189694,1.2338565587997437,2.4361839294433594,True
ramularia_collo_cygni,mlp_a,0.001,32,2,SAMEA110189697,2.5310232639312744,3.302839756011963,True
ramularia_collo_cygni,mlp_a,0.001,32,2,SAMEA110189497,3.267106294631958,3.1720056533813477,True
ramularia_collo_cygni,mlp_a,0.001,32,2,SAMEA110189491,3.757455825805664,4.774050712585449,True
ramularia_collo_cygni,mlp_a,0.001,32,2,SAMEA6619027,2.8983640670776367,3.0787277221679688,True
ramularia_collo_cygni,mlp_a,0.001,32,2,SAMEA6619026,1.4481754302978516,3.3979859352111816,True
ramularia_collo_cygni,mlp_a,0.001,32,2,SAMEA110189612,4.40523624420166,3.604008197784424,True
ramularia_collo_cygni,mlp_a,0.001,32,2,SAMEA110189485,4.479770183563232,3.3320279121398926,True
ramularia_collo_cygni,mlp_a,0.001,32,2,SAMEA110189643,6.08294153213501,3.4061832427978516,True
ramularia_collo_cygni,mlp_a,0.001,32,2,SAMEA110189566,4.031759262084961,3.5589027404785156,True
ramularia_collo_cygni,mlp_a,0.001,32,2,SAMEA110189301,4.018955707550049,3.2865982055664062,True
ramularia_collo_cygni,mlp_a,0.001,32,2,SAMEA110189573,2.5639846324920654,3.1341676712036133,True
ramularia_collo_cygni,mlp_a,0.001,32,2,SAMEA110189290,4.708284378051758,3.36222505569458,True
ramularia_collo_cygni,mlp_a,0.001,32,2,SAMEA110189261,2.8070437908172607,3.760509967803955,True
ramularia_collo_cygni,mlp_a,0.001,32,2,SAMEA110189630,3.2337727546691895,3.3338170051574707,True
ramularia_collo_cygni,mlp_a,0.001,32,2,SAMEA110189238,3.1229310035705566,3.4664087295532227,True
ramularia_collo_cygni,mlp_a,0.001,32,2,SAMEA110188929,3.105801820755005,2.5717267990112305,True
ramularia_collo_cygni,mlp_a,0.001,32,2,SAMEA110188930,4.384087085723877,4.3207688331604,True
ramularia_collo_cygni,mlp_a,0.001,32,2,SAMEA6618989,1.0890685319900513,4.689406394958496,True
ramularia_collo_cygni,mlp_a,0.001,32,2,SAMEA110188932,3.389230966567993,2.855134963989258,True
ramularia_collo_cygni,mlp_a,0.001,32,2,SAMEA110188933,1.687163233757019,2.7389755249023438,True
ramularia_collo_cygni,mlp_a,0.001,32,2,SAMEA110188963,2.5693588256835938,3.312168598175049,True
ramularia_collo_cygni,mlp_a,0.001,32,2,SAMEA110188964,2.693840265274048,3.0076723098754883,True
ramularia_collo_cygni,mlp_a,0.001,32,2,SAMEA110189000,2.9249839782714844,3.4244794845581055,True
ramularia_collo_cygni,mlp_a,0.001,32,2,SAMEA110189001,3.8948862552642822,3.1713414192199707,True
ramularia_collo_cygni,mlp_a,0.001,32,2,SAMEA110189093,3.8556206226348877,3.4136199951171875,True
ramularia_collo_cygni,mlp_a,0.001,32,2,SAMEA6618985,3.3881545066833496,3.5908074378967285,True
ramularia_collo_cygni,mlp_a,0.001,32,2,SAMEA6618983,4.419656276702881,3.4285497665405273,True
ramularia_collo_cygni,mlp_a,0.001,32,2,SAMEA110189012,3.7263410091400146,3.3406314849853516,True
ramularia_collo_cygni,mlp_a,0.001,32,2,SAMEA6618977,4.736381530761719,4.355129718780518,True
ramularia_collo_cygni,mlp_a,0.001,32,2,SAMEA6618974,4.2640910148620605,3.8921561241149902,True
ramularia_collo_cygni,mlp_a,0.001,32,2,SAMEA110189019,4.877389907836914,3.40293025970459,True
ramularia_collo_cygni,mlp_a,0.001,32,2,SAMEA6618972,1.280916452407837,2.696871280670166,True
ramularia_collo_cygni,mlp_a,0.001,32,2,SAMEA110189024,4.008527755737305,3.216524124145508,True
ramularia_collo_cygni,mlp_a,0.001,32,2,SAMEA110189031,2.0366413593292236,3.7732467651367188,True
ramularia_collo_cygni,mlp_a,0.001,32,2,SAMEA110189032,2.673417568206787,2.6513872146606445,True
ramularia_collo_cygni,mlp_a,0.001,32,2,SAMEA110189108,4.238231658935547,3.4846596717834473,True
ramularia_collo_cygni,mlp_a,0.001,32,2,SAMEA110189042,4.253695487976074,3.08180570602417,True
ramularia_collo_cygni,mlp_a,0.001,32,2,SAMEA110188970,2.971193552017212,3.221419334411621,True
ramularia_collo_cygni,mlp_a,0.001,32,2,SAMEA110188972,2.9096004962921143,3.311126708984375,True
ramularia_collo_cygni,mlp_a,0.001,32,2,SAMEA110188973,5.764115333557129,4.017048358917236,True
ramularia_collo_cygni,mlp_a,0.001,32,2,SAMEA110189550,3.428346872329712,3.779904842376709,True
ramularia_collo_cygni,mlp_a,0.001,32,2,SAMEA110189050,4.891236782073975,3.822108268737793,True
ramularia_collo_cygni,mlp_a,0.001,32,2,SAMEA110189122,3.401263475418091,3.4153623580932617,True
ramularia_collo_cygni,mlp_a,0.001,32,2,SAMEA110189123,3.9943172931671143,3.658752918243408,True
ramularia_collo_cygni,mlp_a,0.001,32,2,SAMEA6618958,3.459146499633789,3.3866891860961914,True
ramularia_collo_cygni,mlp_a,0.001,32,2,SAMEA6618955,4.966769695281982,4.336888790130615,True
ramularia_collo_cygni,mlp_a,0.001,32,2,SAMEA110188981,3.4160192012786865,3.002439498901367,True
ramularia_collo_cygni,mlp_a,0.001,32,2,SAMEA110188982,2.5249104499816895,3.423966407775879,True
ramularia_collo_cygni,mlp_a,0.001,32,2,SAMEA110189130,2.884748935699463,2.7011513710021973,True
ramularia_collo_cygni,mlp_a,0.001,32,2,SAMEA6618950,3.9954583644866943,3.4193339347839355,True
ramularia_collo_cygni,mlp_a,0.001,32,2,SAMEA110189455,2.917245864868164,3.9603562355041504,True
ramularia_collo_cygni,mlp_a,0.001,32,2,SAMEA6618944,1.9956358671188354,3.0037593841552734,True
ramularia_collo_cygni,mlp_a,0.001,32,2,SAMEA6618943,3.459933042526245,2.844006061553955,True
ramularia_collo_cygni,mlp_a,0.001,32,2,SAMEA110188987,2.262293577194214,2.8843884468078613,True
ramularia_collo_cygni,mlp_a,0.001,32,2,SAMEA110189153,3.229686737060547,3.6383309364318848,True
ramularia_collo_cygni,mlp_a,0.001,32,2,SAMEA110189282,2.5429720878601074,2.8262104988098145,True
ramularia_collo_cygni,mlp_a,0.001,32,2,SAMEA110189181,2.4955334663391113,2.4090566635131836,True
ramularia_collo_cygni,mlp_a,0.001,32,2,SAMEA6618942,3.0350472927093506,3.3408899307250977,True
ramularia_collo_cygni,mlp_a,0.001,32,2,SAMEA110189182,4.950228214263916,2.86476469039917,True
ramularia_collo_cygni,mlp_a,0.001,32,2,SAMEA110189149,2.9347612857818604,4.464315414428711,True
ramularia_collo_cygni,mlp_a,0.001,32,2,SAMEA110189206,3.631397247314453,2.6548376083374023,True
ramularia_collo_cygni,mlp_a,0.001,32,2,SAMEA110189079,2.676800489425659,3.121096134185791,True
ramularia_collo_cygni,mlp_a,0.001,32,2,SAMEA110189152,1.2699949741363525,2.961819648742676,True
ramularia_collo_cygni,mlp_a,0.001,32,2,SAMEA110189207,2.580800771713257,3.4584174156188965,True
ramularia_collo_cygni,mlp_a,0.001,32,2,SAMEA110189208,2.697672128677368,2.8123245239257812,True
ramularia_collo_cygni,mlp_a,0.001,32,2,SAMEA110189276,2.40423321723938,3.5535640716552734,True
ramularia_collo_cygni,mlp_a,0.001,32,2,SAMEA110189211,3.223963499069214,2.860893726348877,True
ramularia_collo_cygni,mlp_a,0.001,32,2,SAMEA110189184,3.263129949569702,2.9123144149780273,True
ramularia_collo_cygni,mlp_a,0.001,32,2,SAMEA110189392,3.7733092308044434,2.62441349029541,True
ramularia_collo_cygni,mlp_a,0.001,32,2,SAMEA6618928,3.6291048526763916,3.1701149940490723,True
ramularia_collo_cygni,mlp_a,0.001,32,2,SAMEA110189396,5.022894382476807,3.4220428466796875,True
ramularia_collo_cygni,mlp_a,0.001,32,2,SAMEA6618926,6.473476409912109,4.509778022766113,True
ramularia_collo_cygni,mlp_a,0.001,32,2,SAMEA110189397,4.905272006988525,4.32847261428833,True
ramularia_collo_cygni,mlp_a,0.001,32,2,SAMEA110189189,2.5946767330169678,3.447761058807373,True
ramularia_collo_cygni,mlp_a,0.001,32,2,SAMEA6618913,2.5145976543426514,3.5486841201782227,True
ramularia_collo_cygni,mlp_a,0.001,32,2,SAMEA110189371,2.074171543121338,3.027932643890381,True
ramularia_collo_cygni,mlp_a,0.001,32,2,SAMEA6618908,3.5855283737182617,4.523270130157471,True
ramularia_collo_cygni,mlp_a,0.001,32,2,SAMEA110189459,5.285380840301514,3.396860122680664,True
ramularia_collo_cygni,mlp_a,0.001,32,2,SAMEA110189516,5.2391791343688965,4.451620578765869,True
ramularia_collo_cygni,mlp_a,0.001,32,2,SAMEA110189304,5.28869104385376,3.77720308303833,True
ramularia_collo_cygni,mlp_a,0.001,32,2,SAMEA110189266,4.725567817687988,3.395913600921631,True
ramularia_collo_cygni,mlp_a,0.001,32,2,SAMEA110189465,3.8596384525299072,2.7972288131713867,True
ramularia_collo_cygni,mlp_a,0.001,32,2,SAMEA6618897,2.551762580871582,3.084890365600586,True
ramularia_collo_cygni,mlp_a,0.001,32,2,SAMEA110189725,4.773843288421631,4.516176700592041,True
ramularia_collo_cygni,mlp_a,0.001,32,2,SAMEA6618894,6.100853443145752,4.706899642944336,True
ramularia_collo_cygni,mlp_a,0.001,32,2,SAMEA110189626,5.768947124481201,4.25970983505249,True
ramularia_collo_cygni,mlp_a,0.001,32,2,SAMEA110189196,3.39241099357605,3.7816100120544434,True
ramularia_collo_cygni,mlp_a,0.001,32,2,SAMEA110189285,3.207127571105957,2.640284538269043,True
ramularia_collo_cygni,mlp_a,0.001,32,2,SAMEA110189275,2.587664842605591,3.0508508682250977,True
ramularia_collo_cygni,mlp_a,0.001,32,2,SAMEA6618886,5.1677069664001465,3.5937981605529785,True
ramularia_collo_cygni,mlp_a,0.001,32,2,SAMEA110189623,4.976781845092773,3.3545398712158203,True
ramularia_collo_cygni,mlp_a,0.001,32,2,SAMEA110189633,2.9810361862182617,3.5576205253601074,True
ramularia_collo_cygni,mlp_a,0.001,32,2,SAMEA110189468,1.1522315740585327,3.5465474128723145,True
ramularia_collo_cygni,mlp_a,0.001,32,2,SAMEA110189469,3.74353289604187,2.545027732849121,True
ramularia_collo_cygni,mlp_a,0.001,32,2,SAMEA110189539,4.36170768737793,3.4649877548217773,True
ramularia_collo_cygni,mlp_a,0.001,32,2,SAMEA110189223,4.183976650238037,3.7411646842956543,True
ramularia_collo_cygni,mlp_a,0.001,32,2,SAMEA110189559,4.809996604919434,3.979626178741455,True
ramularia_collo_cygni,mlp_a,0.001,32,2,SAMEA110189537,3.260999917984009,4.294604778289795,True
ramularia_collo_cygni,mlp_a,0.001,32,2,SAMEA6435265,3.878615140914917,3.1490211486816406,True
ramularia_collo_cygni,mlp_a,0.001,32,2,SAMEA110189311,3.336622476577759,3.0557165145874023,True
ramularia_collo_cygni,mlp_a,0.001,32,2,SAMEA110189312,5.092895030975342,3.503264904022217,True
ramularia_collo_cygni,mlp_a,0.001,32,2,SAMEA110189589,3.0562453269958496,3.582448959350586,True
ramularia_collo_cygni,mlp_a,0.001,32,2,SAMEA110189689,5.383216381072998,3.976654052734375,True
ramularia_collo_cygni,mlp_a,0.001,32,2,SAMEA110189167,5.393861770629883,3.399902820587158,True
ramularia_collo_cygni,mlp_a,0.001,32,2,SAMEA110189634,4.899081707000732,3.6468758583068848,True
ramularia_collo_cygni,mlp_a,0.001,32,2,SAMEA110189329,1.8791056871414185,3.6268272399902344,True
ramularia_collo_cygni,mlp_a,0.001,32,2,SAMEA110189649,3.3796029090881348,3.480280876159668,True
ramularia_collo_cygni,mlp_a,0.001,32,2,SAMEA110189655,4.685454845428467,3.725325584411621,True
ramularia_collo_cygni,mlp_a,0.001,32,2,SAMEA110189334,4.396953105926514,3.600526809692383,True
ramularia_collo_cygni,mlp_a,0.001,32,2,SAMEA6618827,3.451430082321167,3.3120923042297363,True
ramularia_collo_cygni,mlp_a,0.001,32,2,SAMEA110189615,5.5657057762146,4.266358852386475,True
ramularia_collo_cygni,mlp_a,0.001,32,2,SAMEA110189598,5.379636764526367,4.800967693328857,True
ramularia_collo_cygni,mlp_a,0.001,32,2,SAMEA6618828,3.7364296913146973,2.7926788330078125,True
ramularia_collo_cygni,mlp_a,0.001,32,2,SAMEA110189443,4.924118995666504,3.1922192573547363,True
ramularia_collo_cygni,mlp_a,0.001,32,2,SAMEA110189444,5.1247878074646,3.8883705139160156,True
ramularia_collo_cygni,mlp_a,0.001,32,2,SAMEA110189600,3.764073610305786,3.31704044342041,True
ramularia_collo_cygni,mlp_a,0.001,32,2,SAMEA6618830,2.9710795879364014,2.695849895477295,True
ramularia_collo_cygni,mlp_a,0.001,32,2,SAMEA110189481,3.1870944499969482,3.319375514984131,True
ramularia_collo_cygni,mlp_a,0.001,32,2,SAMEA110189228,1.3771344423294067,2.850870132446289,True
ramularia_collo_cygni,mlp_a,0.001,32,2,SAMEA6618833,4.602135181427002,3.545504093170166,True
ramularia_collo_cygni,mlp_a,0.001,32,2,SAMEA110189175,4.506167888641357,3.8361153602600098,True
ramularia_collo_cygni,mlp_a,0.001,32,2,SAMEA110189341,6.178173065185547,3.176072597503662,True
ramularia_collo_cygni,mlp_a,0.001,32,2,SAMEA110189342,3.1477956771850586,3.4705862998962402,True
ramularia_collo_cygni,mlp_a,0.001,32,2,SAMEA110189343,3.014228105545044,3.440558910369873,True
ramularia_collo_cygni,mlp_a,0.001,32,2,SAMEA110189346,2.896596908569336,3.685298442840576,True
ramularia_collo_cygni,mlp_a,0.001,32,2,SAMEA110188938,4.933122634887695,3.332925796508789,True
ramularia_collo_cygni,mlp_a,0.001,32,2,SAMEA110189023,4.654387950897217,3.3546485900878906,True
ramularia_collo_cygni,mlp_a,0.001,32,2,SAMEA110189580,4.99451208114624,3.353346824645996,True
ramularia_collo_cygni,mlp_a,0.001,32,2,SAMEA110189110,3.7203660011291504,3.5082626342773438,True
ramularia_collo_cygni,mlp_a,0.001,32,2,SAMEA110189113,3.2983152866363525,3.016223907470703,True
ramularia_collo_cygni,mlp_a,0.001,32,2,SAMEA110189117,3.5799217224121094,3.287503242492676,True
ramularia_collo_cygni,mlp_a,0.001,32,2,SAMEA110189119,2.642613410949707,3.102327346801758,True
ramularia_collo_cygni,mlp_a,0.001,32,2,SAMEA110189046,4.354321002960205,3.5163068771362305,True
ramularia_collo_cygni,mlp_a,0.001,32,2,SAMEA6618844,3.543947458267212,3.4184365272521973,True
ramularia_collo_cygni,mlp_a,0.001,32,2,SAMEA110189352,4.570598125457764,3.46254301071167,True
ramularia_collo_cygni,mlp_a,0.001,32,2,SAMEA110188951,4.197081565856934,3.294529438018799,True
ramularia_collo_cygni,mlp_a,0.001,32,2,SAMEA6618948,5.76644229888916,3.1491475105285645,True
ramularia_collo_cygni,mlp_a,0.001,32,2,SAMEA110189144,5.01806640625,3.411013603210449,True
ramularia_collo_cygni,mlp_a,0.001,32,2,SAMEA110188990,5.435757160186768,3.3093419075012207,True
ramularia_collo_cygni,mlp_a,0.001,32,2,SAMEA110189074,2.6337084770202637,3.191586494445801,True
ramularia_collo_cygni,mlp_a,0.001,32,2,SAMEA6435260,5.866918087005615,3.9693284034729004,True
ramularia_collo_cygni,mlp_a,0.001,32,2,SAMEA110189388,3.2713563442230225,3.3107051849365234,True
ramularia_collo_cygni,mlp_a,0.001,32,2,SAMEA6618851,3.3617684841156006,3.3706445693969727,True
ramularia_collo_cygni,mlp_a,0.001,32,2,SAMEA110189357,5.549428462982178,4.134558200836182,True
ramularia_collo_cygni,mlp_a,0.001,32,2,SAMEA110189398,3.2442126274108887,3.3417611122131348,True
ramularia_collo_cygni,mlp_a,0.001,32,2,SAMEA110189363,2.4907004833221436,3.5877623558044434,True
ramularia_collo_cygni,mlp_a,0.001,32,2,SAMEA110189366,5.128380298614502,3.254307270050049,True
ramularia_collo_cygni,mlp_a,0.001,32,2,SAMEA6618856,3.498114824295044,3.599945068359375,True
ramularia_collo_cygni,mlp_a,0.001,32,2,SAMEA6618860,4.326022624969482,4.0873870849609375,True
ramularia_collo_cygni,mlp_a,0.001,32,2,SAMEA110189514,3.4220664501190186,3.532233238220215,True
ramularia_collo_cygni,mlp_a,0.001,32,2,SAMEA110189555,3.936011552810669,3.7199525833129883,True
ramularia_collo_cygni,mlp_a,0.001,32,2,SAMEA110189372,4.641818046569824,3.087623119354248,True
ramularia_collo_cygni,mlp_a,0.001,32,2,SAMEA110189668,3.2426607608795166,3.632683277130127,True
ramularia_collo_cygni,mlp_a,0.001,32,2,SAMEA110189492,2.945929527282715,3.4266915321350098,True
ramularia_collo_cygni,mlp_a,0.001,32,2,SAMEA110189428,5.662238121032715,3.5056862831115723,True
ramularia_collo_cygni,mlp_a,0.001,32,3,SAMEA110189749,3.4283106327056885,3.854619026184082,True
ramularia_collo_cygni,mlp_a,0.001,32,3,SAMEA110189839,3.7001893520355225,3.645397663116455,True
ramularia_collo_cygni,mlp_a,0.001,32,3,SAMEA110189754,4.596461296081543,3.8452658653259277,True
ramularia_collo_cygni,mlp_a,0.001,32,3,SAMEA110189736,3.765495777130127,3.850489377975464,True
ramularia_collo_cygni,mlp_a,0.001,32,3,SAMEA110189738,5.289792537689209,3.7182295322418213,True
ramularia_collo_cygni,mlp_a,0.001,32,3,SAMEA110189740,4.037617206573486,3.8754494190216064,True
ramularia_collo_cygni,mlp_a,0.001,32,3,SAMEA110189756,2.851848840713501,3.8535280227661133,True
ramularia_collo_cygni,mlp_a,0.001,32,3,SAMEA110189806,4.532951354980469,3.9177467823028564,True
ramularia_collo_cygni,mlp_a,0.001,32,3,SAMEA110189826,3.7517929077148438,3.6462926864624023,True
ramularia_collo_cygni,mlp_a,0.001,32,3,SAMEA110189807,3.973647356033325,3.9378795623779297,True
ramularia_collo_cygni,mlp_a,0.001,32,3,SAMEA110189766,2.8069801330566406,3.894204616546631,True
ramularia_collo_cygni,mlp_a,0.001,32,3,SAMEA110189768,3.184434413909912,3.901123046875,True
ramularia_collo_cygni,mlp_a,0.001,32,3,SAMEA110189846,4.408452987670898,3.930741310119629,True
ramularia_collo_cygni,mlp_a,0.001,32,3,SAMEA110189770,3.8757917881011963,3.799919366836548,True
ramularia_collo_cygni,mlp_a,0.001,32,3,SAMEA110189814,4.675516605377197,3.836104393005371,True
ramularia_collo_cygni,mlp_a,0.001,32,3,SAMEA110189746,5.296268463134766,3.8075854778289795,True
ramularia_collo_cygni,mlp_a,0.001,32,3,SAMEA110189787,4.182685852050781,3.895458221435547,True
ramularia_collo_cygni,mlp_a,0.001,32,3,SAMEA110189747,4.7450480461120605,3.969557762145996,True
ramularia_collo_cygni,mlp_a,0.001,32,3,SAMEA110189830,4.025395393371582,3.8179821968078613,True
ramularia_collo_cygni,mlp_a,0.001,32,3,SAMEA110189792,3.7268381118774414,3.563559055328369,True
ramularia_collo_cygni,mlp_a,0.001,32,3,SAMEA110189831,3.7572154998779297,3.8266706466674805,True
ramularia_collo_cygni,mlp_a,0.001,32,3,SAMEA110189794,3.6257708072662354,3.495440721511841,True
ramularia_collo_cygni,mlp_a,0.001,32,3,SAMEA110189775,4.765419006347656,3.8897337913513184,True
ramularia_collo_cygni,mlp_a,0.001,32,3,SAMEA110189797,3.890559673309326,3.836958169937134,True
ramularia_collo_cygni,mlp_a,0.001,32,3,SAMEA110189777,3.4396324157714844,3.827730178833008,True
ramularia_collo_cygni,mlp_a,0.001,32,3,SAMEA110189778,4.660988807678223,3.6049752235412598,True
ramularia_collo_cygni,mlp_a,0.001,32,3,SAMEA110189801,4.235026836395264,3.882406234741211,True
ramularia_collo_cygni,mlp_a,0.001,32,3,SAMEA110189780,3.0080978870391846,3.9174723625183105,True
ramularia_collo_cygni,mlp_a,0.001,32,3,SAMEA110189928,4.368788719177246,3.7047290802001953,True
ramularia_collo_cygni,mlp_a,0.001,32,3,SAMEA110189893,3.2221879959106445,3.772623062133789,True
ramularia_collo_cygni,mlp_a,0.001,32,3,SAMEA110189963,4.902389049530029,3.599274158477783,True
ramularia_collo_cygni,mlp_a,0.001,32,3,SAMEA110189986,3.1156721115112305,4.04998779296875,True
ramularia_collo_cygni,mlp_a,0.001,32,3,SAMEA110189944,5.142060279846191,3.9342832565307617,True
ramularia_collo_cygni,mlp_a,0.001,32,3,SAMEA110189947,1.8509336709976196,3.432647705078125,True
ramularia_collo_cygni,mlp_a,0.001,32,3,SAMEA110189998,3.9733049869537354,3.7454466819763184,True
ramularia_collo_cygni,mlp_a,0.001,32,3,SAMEA110190034,3.565326690673828,3.2861485481262207,True
ramularia_collo_cygni,mlp_a,0.001,32,3,SAMEA110189937,2.572021961212158,3.426755905151367,True
ramularia_collo_cygni,mlp_a,0.001,32,3,SAMEA110190041,3.1111953258514404,3.811851978302002,True
ramularia_collo_cygni,mlp_a,0.001,32,3,SAMEA110189931,4.026538848876953,3.9985363483428955,True
ramularia_collo_cygni,mlp_a,0.001,32,3,SAMEA110189901,4.739010334014893,3.7015326023101807,True
ramularia_collo_cygni,mlp_a,0.001,32,3,SAMEA110189932,1.1079483032226562,3.59493350982666,True
ramularia_collo_cygni,mlp_a,0.001,32,3,SAMEA110189933,3.840786933898926,3.797581195831299,True
ramularia_collo_cygni,mlp_a,0.001,32,3,SAMEA110190039,3.9319300651550293,3.9513773918151855,True
ramularia_collo_cygni,mlp_a,0.001,32,3,SAMEA110189902,3.9274957180023193,3.92525577545166,True
ramularia_collo_cygni,mlp_a,0.001,32,3,SAMEA110189903,2.69154691696167,3.7051079273223877,True
ramularia_collo_cygni,mlp_a,0.001,32,3,SAMEA110189869,3.4944992065429688,3.8838136196136475,True
ramularia_collo_cygni,mlp_a,0.001,32,3,SAMEA110189970,3.165001392364502,3.606281280517578,True
ramularia_collo_cygni,mlp_a,0.001,32,3,SAMEA110190022,3.5009775161743164,3.5401175022125244,True
ramularia_collo_cygni,mlp_a,0.001,32,3,SAMEA110189973,2.850743055343628,3.9384307861328125,True
ramularia_collo_cygni,mlp_a,0.001,32,3,SAMEA110189976,4.7309770584106445,3.961644172668457,True
ramularia_collo_cygni,mlp_a,0.001,32,3,SAMEA110190012,3.7681620121002197,3.4790492057800293,True
ramularia_collo_cygni,mlp_a,0.001,32,3,SAMEA110189896,2.9347689151763916,4.012853622436523,True
ramularia_collo_cygni,mlp_a,0.001,32,3,SAMEA110189991,3.79116153717041,3.499274730682373,True
ramularia_collo_cygni,mlp_a,0.001,32,3,SAMEA110190016,5.439675331115723,3.76957368850708,True
ramularia_collo_cygni,mlp_a,0.001,32,3,SAMEA110190035,2.287381410598755,3.460559368133545,True
ramularia_collo_cygni,mlp_a,0.001,32,3,SAMEA110190018,6.2430620193481445,3.7951343059539795,True
ramularia_collo_cygni,mlp_a,0.001,32,3,SAMEA110189886,3.1943912506103516,4.14693546295166,True
ramularia_collo_cygni,mlp_a,0.001,32,3,SAMEA110189922,2.8069229125976562,4.019263744354248,True
ramularia_collo_cygni,mlp_a,0.001,32,3,SAMEA110189880,2.8047280311584473,3.7136471271514893,True
ramularia_collo_cygni,mlp_a,0.001,32,3,SAMEA110189935,3.6163411140441895,3.678786277770996,True
ramularia_collo_cygni,mlp_a,0.001,32,3,SAMEA110189925,4.370872497558594,3.8990426063537598,True
ramularia_collo_cygni,mlp_a,0.001,32,3,SAMEA110189959,4.495853900909424,3.605170726776123,True
ramularia_collo_cygni,mlp_a,0.001,32,3,SAMEA110189556,3.5817711353302,2.8517403602600098,True
ramularia_collo_cygni,mlp_a,0.001,32,3,SAMEA110189534,2.7631311416625977,2.9912543296813965,True
ramularia_collo_cygni,mlp_a,0.001,32,3,SAMEA110189688,6.851032257080078,4.130724906921387,True
ramularia_collo_cygni,mlp_a,0.001,32,3,SAMEA110189166,3.0355043411254883,3.600172519683838,True
ramularia_collo_cygni,mlp_a,0.001,32,3,SAMEA6619037,3.270127296447754,3.056081771850586,True
ramularia_collo_cygni,mlp_a,0.001,32,3,SAMEA6619036,1.7541340589523315,3.313469409942627,True
ramularia_collo_cygni,mlp_a,0.001,32,3,SAMEA110189084,5.065959453582764,1.8359787464141846,True
ramularia_collo_cygni,mlp_a,0.001,32,3,SAMEA110189172,5.9858317375183105,3.417156219482422,True
ramularia_collo_cygni,mlp_a,0.001,32,3,SAMEA110188924,4.158736228942871,3.632401466369629,True
ramularia_collo_cygni,mlp_a,0.001,32,3,SAMEA110189645,5.041228294372559,4.817096710205078,True
ramularia_collo_cygni,mlp_a,0.001,32,3,SAMEA110189498,4.944623947143555,4.789613723754883,True
ramularia_collo_cygni,mlp_a,0.001,32,3,SAMEA110189702,2.0353193283081055,3.3276689052581787,True
ramularia_collo_cygni,mlp_a,0.001,32,3,SAMEA110189588,4.261597633361816,4.410581588745117,True
ramularia_collo_cygni,mlp_a,0.001,32,3,SAMEA110189204,3.3408968448638916,3.472942352294922,True
ramularia_collo_cygni,mlp_a,0.001,32,3,SAMEA110189571,3.5146048069000244,3.4092671871185303,True
ramularia_collo_cygni,mlp_a,0.001,32,3,SAMEA6435258,3.1735823154449463,3.0393881797790527,True
ramularia_collo_cygni,mlp_a,0.001,32,3,SAMEA110189229,3.008664131164551,3.5647053718566895,True
ramularia_collo_cygni,mlp_a,0.001,32,3,SAMEA110189650,5.228883266448975,4.480219841003418,True
ramularia_collo_cygni,mlp_a,0.001,32,3,SAMEA110189234,2.4126014709472656,3.1631486415863037,True
ramularia_collo_cygni,mlp_a,0.001,32,3,SAMEA110189235,4.734468460083008,3.573840856552124,True
ramularia_collo_cygni,mlp_a,0.001,32,3,SAMEA110189449,2.426675796508789,3.9924662113189697,True
ramularia_collo_cygni,mlp_a,0.001,32,3,SAMEA110189242,4.326983451843262,3.177107810974121,True
ramularia_collo_cygni,mlp_a,0.001,32,3,SAMEA6618993,1.6404725313186646,4.162508964538574,True
ramularia_collo_cygni,mlp_a,0.001,32,3,SAMEA110189178,2.5783417224884033,2.93924617767334,True
ramularia_collo_cygni,mlp_a,0.001,32,3,SAMEA110188959,4.32964563369751,3.9293875694274902,True
ramularia_collo_cygni,mlp_a,0.001,32,3,SAMEA6618990,1.3454177379608154,2.887730121612549,True
ramularia_collo_cygni,mlp_a,0.001,32,3,SAMEA110188960,3.040769577026367,2.8783602714538574,True
ramularia_collo_cygni,mlp_a,0.001,32,3,SAMEA110189087,4.610307216644287,4.526068210601807,True
ramularia_collo_cygni,mlp_a,0.001,32,3,SAMEA110188935,2.288140296936035,3.444211006164551,True
ramularia_collo_cygni,mlp_a,0.001,32,3,SAMEA110189155,3.080928087234497,3.6253323554992676,True
ramularia_collo_cygni,mlp_a,0.001,32,3,SAMEA110188936,1.7058842182159424,3.934598922729492,True
ramularia_collo_cygni,mlp_a,0.001,32,3,SAMEA110189002,2.136632204055786,3.1235337257385254,True
ramularia_collo_cygni,mlp_a,0.001,32,3,SAMEA110189094,4.850677013397217,3.963231086730957,True
ramularia_collo_cygni,mlp_a,0.001,32,3,SAMEA110189095,4.0954179763793945,3.5633704662323,True
ramularia_collo_cygni,mlp_a,0.001,32,3,SAMEA6618981,3.8353707790374756,3.3040146827697754,True
ramularia_collo_cygni,mlp_a,0.001,32,3,SAMEA110189014,3.0872137546539307,3.505652904510498,True
ramularia_collo_cygni,mlp_a,0.001,32,3,SAMEA110189015,2.9464962482452393,2.6704115867614746,True
ramularia_collo_cygni,mlp_a,0.001,32,3,SAMEA110189017,5.399140357971191,3.6959242820739746,True
ramularia_collo_cygni,mlp_a,0.001,32,3,SAMEA6618973,2.413196325302124,2.9303646087646484,True
ramularia_collo_cygni,mlp_a,0.001,32,3,SAMEA110189020,6.434082508087158,3.4916672706604004,True
ramularia_collo_cygni,mlp_a,0.001,32,3,SAMEA6618971,1.3775800466537476,2.85659122467041,True
ramularia_collo_cygni,mlp_a,0.001,32,3,SAMEA110188941,2.3450396060943604,3.3739256858825684,True
ramularia_collo_cygni,mlp_a,0.001,32,3,SAMEA110189382,2.5885674953460693,3.089354991912842,True
ramularia_collo_cygni,mlp_a,0.001,32,3,SAMEA6618969,4.506492614746094,3.6342763900756836,True
ramularia_collo_cygni,mlp_a,0.001,32,3,SAMEA110189025,6.476027965545654,4.9611639976501465,True
ramularia_collo_cygni,mlp_a,0.001,32,3,SAMEA110189026,1.7648955583572388,2.7548270225524902,True
ramularia_collo_cygni,mlp_a,0.001,32,3,SAMEA110189604,4.837276935577393,4.011003494262695,True
ramularia_collo_cygni,mlp_a,0.001,32,3,SAMEA110189036,3.519437313079834,3.251769542694092,True
ramularia_collo_cygni,mlp_a,0.001,32,3,SAMEA110189111,2.527374744415283,3.397829055786133,True
ramularia_collo_cygni,mlp_a,0.001,32,3,SAMEA110189044,4.95904541015625,2.9452526569366455,True
ramularia_collo_cygni,mlp_a,0.001,32,3,SAMEA110189619,3.0992813110351562,3.484907627105713,True
ramularia_collo_cygni,mlp_a,0.001,32,3,SAMEA110189560,5.401392459869385,4.370021820068359,True
ramularia_collo_cygni,mlp_a,0.001,32,3,SAMEA110189637,3.124971866607666,3.529771089553833,True
ramularia_collo_cygni,mlp_a,0.001,32,3,SAMEA110189054,3.3098785877227783,2.8952829837799072,True
ramularia_collo_cygni,mlp_a,0.001,32,3,SAMEA110188953,2.948209524154663,2.599080801010132,True
ramularia_collo_cygni,mlp_a,0.001,32,3,SAMEA6618949,4.799643039703369,5.26439905166626,True
ramularia_collo_cygni,mlp_a,0.001,32,3,SAMEA110189353,1.761814832687378,3.2986762523651123,True
ramularia_collo_cygni,mlp_a,0.001,32,3,SAMEA110189140,2.4848432540893555,3.1895086765289307,True
ramularia_collo_cygni,mlp_a,0.001,32,3,SAMEA6618946,2.626497745513916,3.480771064758301,True
ramularia_collo_cygni,mlp_a,0.001,32,3,SAMEA110189658,4.715294361114502,3.7676749229431152,True
ramularia_collo_cygni,mlp_a,0.001,32,3,SAMEA110189080,4.751583099365234,3.5947821140289307,True
ramularia_collo_cygni,mlp_a,0.001,32,3,SAMEA110189071,3.454596757888794,3.206695556640625,True
ramularia_collo_cygni,mlp_a,0.001,32,3,SAMEA110189077,1.7141287326812744,3.8669023513793945,True
ramularia_collo_cygni,mlp_a,0.001,32,3,SAMEA110189151,2.219621181488037,3.0476715564727783,True
ramularia_collo_cygni,mlp_a,0.001,32,3,SAMEA6618939,5.895995616912842,4.767282962799072,True
ramularia_collo_cygni,mlp_a,0.001,32,3,SAMEA110189389,3.9443840980529785,2.732821226119995,True
ramularia_collo_cygni,mlp_a,0.001,32,3,SAMEA110189186,4.515359401702881,3.3977513313293457,True
ramularia_collo_cygni,mlp_a,0.001,32,3,SAMEA110189360,3.06272029876709,3.868891477584839,True
ramularia_collo_cygni,mlp_a,0.001,32,3,SAMEA110189213,2.3789217472076416,3.2977728843688965,True
ramularia_collo_cygni,mlp_a,0.001,32,3,SAMEA110189216,2.0259511470794678,3.1828627586364746,True
ramularia_collo_cygni,mlp_a,0.001,32,3,SAMEA110189663,3.456848621368408,3.7383525371551514,True
ramularia_collo_cygni,mlp_a,0.001,32,3,SAMEA110189217,3.9947409629821777,3.5644125938415527,True
ramularia_collo_cygni,mlp_a,0.001,32,3,SAMEA110189307,2.6811163425445557,3.160038948059082,True
ramularia_collo_cygni,mlp_a,0.001,32,3,SAMEA6618909,3.547001838684082,3.567453384399414,True
ramularia_collo_cygni,mlp_a,0.001,32,3,SAMEA6618905,3.6476242542266846,3.696573495864868,True
ramularia_collo_cygni,mlp_a,0.001,32,3,SAMEA110189460,5.550408840179443,3.0282554626464844,True
ramularia_collo_cygni,mlp_a,0.001,32,3,SAMEA110189464,2.8969695568084717,3.0488128662109375,True
ramularia_collo_cygni,mlp_a,0.001,32,3,SAMEA6618901,4.279852867126465,4.844482898712158,True
ramularia_collo_cygni,mlp_a,0.001,32,3,SAMEA6618899,2.562779664993286,3.641953468322754,True
ramularia_collo_cygni,mlp_a,0.001,32,3,SAMEA110189418,3.239318370819092,3.848710298538208,True
ramularia_collo_cygni,mlp_a,0.001,32,3,SAMEA110189561,5.4189300537109375,4.607772350311279,True
ramularia_collo_cygni,mlp_a,0.001,32,3,SAMEA110189594,3.603778600692749,3.515040159225464,True
ramularia_collo_cygni,mlp_a,0.001,32,3,SAMEA110189711,3.405392646789551,3.1318140029907227,True
ramularia_collo_cygni,mlp_a,0.001,32,3,SAMEA110189565,3.4320356845855713,3.1846976280212402,True
ramularia_collo_cygni,mlp_a,0.001,32,3,SAMEA110189482,4.428609371185303,4.963231086730957,True
ramularia_collo_cygni,mlp_a,0.001,32,3,SAMEA110189592,5.850030422210693,3.869515895843506,True
ramularia_collo_cygni,mlp_a,0.001,32,3,SAMEA110189195,4.093869686126709,3.275604248046875,True
ramularia_collo_cygni,mlp_a,0.001,32,3,SAMEA6618887,2.6479368209838867,3.617945671081543,True
ramularia_collo_cygni,mlp_a,0.001,32,3,SAMEA110189479,2.9120075702667236,3.4791383743286133,True
ramularia_collo_cygni,mlp_a,0.001,32,3,SAMEA110189574,3.6055524349212646,2.9516263008117676,True
ramularia_collo_cygni,mlp_a,0.001,32,3,SAMEA110189250,3.8132972717285156,2.775195598602295,True
ramularia_collo_cygni,mlp_a,0.001,32,3,SAMEA6618885,3.1807234287261963,2.9596190452575684,True
ramularia_collo_cygni,mlp_a,0.001,32,3,SAMEA110189252,4.6004157066345215,3.5318779945373535,True
ramularia_collo_cygni,mlp_a,0.001,32,3,SAMEA110189471,5.358264923095703,4.902368545532227,True
ramularia_collo_cygni,mlp_a,0.001,32,3,SAMEA110189474,4.107306480407715,4.668039798736572,True
ramularia_collo_cygni,mlp_a,0.001,32,3,SAMEA110189530,5.168934345245361,3.6656460762023926,True
ramularia_collo_cygni,mlp_a,0.001,32,3,SAMEA110189298,3.917309522628784,3.0751335620880127,True
ramularia_collo_cygni,mlp_a,0.001,32,3,SAMEA110189378,3.148012399673462,3.6571524143218994,True
ramularia_collo_cygni,mlp_a,0.001,32,3,SAMEA110189203,5.185656547546387,3.3099536895751953,True
ramularia_collo_cygni,mlp_a,0.001,32,3,SAMEA110189531,4.2196736335754395,3.519073486328125,True
ramularia_collo_cygni,mlp_a,0.001,32,3,SAMEA110189429,3.6866085529327393,3.612891435623169,True
ramularia_collo_cygni,mlp_a,0.001,32,3,SAMEA110189680,2.0523455142974854,3.274264335632324,True
ramularia_collo_cygni,mlp_a,0.001,32,3,SAMEA6618818,3.4224729537963867,3.584110975265503,True
ramularia_collo_cygni,mlp_a,0.001,32,3,SAMEA6618819,4.191695213317871,3.0919158458709717,True
ramularia_collo_cygni,mlp_a,0.001,32,3,SAMEA6618821,4.521262168884277,3.73189115524292,True
ramularia_collo_cygni,mlp_a,0.001,32,3,SAMEA110189647,5.899597644805908,3.21118426322937,True
ramularia_collo_cygni,mlp_a,0.001,32,3,SAMEA110189657,2.2459473609924316,3.6643552780151367,True
ramularia_collo_cygni,mlp_a,0.001,32,3,SAMEA110189168,4.257490158081055,3.28684663772583,True
ramularia_collo_cygni,mlp_a,0.001,32,3,SAMEA6618822,6.859493255615234,4.793026447296143,True
ramularia_collo_cygni,mlp_a,0.001,32,3,SAMEA110189639,5.281835556030273,3.683901071548462,True
ramularia_collo_cygni,mlp_a,0.001,32,3,SAMEA110189326,5.5177812576293945,2.6374826431274414,True
ramularia_collo_cygni,mlp_a,0.001,32,3,SAMEA110189442,3.6087446212768555,3.289644718170166,True
ramularia_collo_cygni,mlp_a,0.001,32,3,SAMEA110189430,3.1014528274536133,3.542550563812256,True
ramularia_collo_cygni,mlp_a,0.001,32,3,SAMEA110189624,5.353029727935791,4.8504743576049805,True
ramularia_collo_cygni,mlp_a,0.001,32,3,SAMEA6619024,4.457101345062256,2.764941453933716,True
ramularia_collo_cygni,mlp_a,0.001,32,3,SAMEA110189606,3.6267080307006836,2.950862407684326,True
ramularia_collo_cygni,mlp_a,0.001,32,3,SAMEA110189576,4.572081565856934,3.06472110748291,True
ramularia_collo_cygni,mlp_a,0.001,32,3,SAMEA110189597,4.094412803649902,3.8959553241729736,True
ramularia_collo_cygni,mlp_a,0.001,32,3,SAMEA110189335,1.9672025442123413,3.0873327255249023,True
ramularia_collo_cygni,mlp_a,0.001,32,3,SAMEA6618834,4.026223659515381,3.755262851715088,True
ramularia_collo_cygni,mlp_a,0.001,32,3,SAMEA110189336,6.5399956703186035,2.6459622383117676,True
ramularia_collo_cygni,mlp_a,0.001,32,3,SAMEA110189262,3.3746633529663086,3.124253273010254,True
ramularia_collo_cygni,mlp_a,0.001,32,3,SAMEA110189339,3.6746013164520264,3.512518882751465,True
ramularia_collo_cygni,mlp_a,0.001,32,3,SAMEA110189233,3.3240559101104736,3.422844886779785,True
ramularia_collo_cygni,mlp_a,0.001,32,3,SAMEA6618837,2.780705213546753,3.498076915740967,True
ramularia_collo_cygni,mlp_a,0.001,32,3,SAMEA110189179,3.7725675106048584,3.3078198432922363,True
ramularia_collo_cygni,mlp_a,0.001,32,3,SAMEA110189350,2.780571937561035,3.787709951400757,True
ramularia_collo_cygni,mlp_a,0.001,32,3,SAMEA110188967,5.232656002044678,3.9043045043945312,True
ramularia_collo_cygni,mlp_a,0.001,32,3,SAMEA110189644,4.761266708374023,4.365701675415039,True
ramularia_collo_cygni,mlp_a,0.001,32,3,SAMEA110189162,3.509920835494995,3.46618914604187,True
ramularia_collo_cygni,mlp_a,0.001,32,3,SAMEA110188948,3.818425178527832,3.7000694274902344,True
ramularia_collo_cygni,mlp_a,0.001,32,3,SAMEA6618843,5.614259719848633,3.8019614219665527,True
ramularia_collo_cygni,mlp_a,0.001,32,3,SAMEA110188976,2.925201654434204,3.4578285217285156,True
ramularia_collo_cygni,mlp_a,0.001,32,3,SAMEA110188977,3.6677768230438232,3.5802016258239746,True
ramularia_collo_cygni,mlp_a,0.001,32,3,SAMEA110189121,4.2425055503845215,3.1880788803100586,True
ramularia_collo_cygni,mlp_a,0.001,32,3,SAMEA6618845,4.211633205413818,3.708829402923584,True
ramularia_collo_cygni,mlp_a,0.001,32,3,SAMEA110189134,5.613125324249268,3.9374332427978516,True
ramularia_collo_cygni,mlp_a,0.001,32,3,SAMEA6618846,3.038109540939331,2.991123676300049,True
ramularia_collo_cygni,mlp_a,0.001,32,3,SAMEA110188954,2.2831473350524902,3.999603748321533,True
ramularia_collo_cygni,mlp_a,0.001,32,3,SAMEA110189066,2.7645246982574463,3.5660572052001953,True
ramularia_collo_cygni,mlp_a,0.001,32,3,SAMEA110189210,3.0668234825134277,3.293667793273926,True
ramularia_collo_cygni,mlp_a,0.001,32,3,SAMEA110189400,4.317523002624512,3.3141303062438965,True
ramularia_collo_cygni,mlp_a,0.001,32,3,SAMEA110189401,2.54805064201355,3.498006582260132,True
ramularia_collo_cygni,mlp_a,0.001,32,3,SAMEA6618852,2.3865575790405273,3.740553379058838,True
ramularia_collo_cygni,mlp_a,0.001,32,3,SAMEA6618855,3.976043462753296,3.563685417175293,True
ramularia_collo_cygni,mlp_a,0.001,32,3,SAMEA110189214,2.9787585735321045,3.636306047439575,True
ramularia_collo_cygni,mlp_a,0.001,32,3,SAMEA110189581,3.0928537845611572,3.3793869018554688,True
ramularia_collo_cygni,mlp_a,0.001,32,3,SAMEA6618858,3.464276075363159,3.335561752319336,True
ramularia_collo_cygni,mlp_a,0.001,32,3,SAMEA110189405,3.7477078437805176,3.817596673965454,True
ramularia_collo_cygni,mlp_a,0.001,32,3,SAMEA110189410,4.691661357879639,3.169149160385132,True
ramularia_collo_cygni,mlp_a,0.001,32,3,SAMEA110189512,5.685102939605713,3.436849594116211,True
ramularia_collo_cygni,mlp_a,0.001,32,3,SAMEA110189458,5.089783191680908,3.537027359008789,True
ramularia_collo_cygni,mlp_a,0.001,32,3,SAMEA6618863,5.667262077331543,4.946850776672363,True
ramularia_collo_cygni,mlp_a,0.001,32,3,SAMEA110189277,4.7035298347473145,2.923856735229492,True
ramularia_collo_cygni,mlp_a,0.001,32,3,SAMEA110189614,3.9637811183929443,3.5331974029541016,True
ramularia_collo_cygni,mlp_a,0.001,32,3,SAMEA110189483,4.816861152648926,3.105416774749756,True
ramularia_collo_cygni,mlp_a,0.001,32,3,SAMEA6618864,2.963390827178955,3.999232769012451,True
ramularia_collo_cygni,mlp_a,0.001,32,3,SAMEA110189374,3.35288405418396,3.4227075576782227,True
ramularia_collo_cygni,mlp_a,0.001,32,3,SAMEA110189426,5.862222194671631,3.0130603313446045,True
ramularia_collo_cygni,mlp_a,0.001,32,3,SAMEA6618870,3.3696043491363525,3.8877458572387695,True
ramularia_collo_cygni,mlp_a,0.001,32,4,SAMEA110189751,3.7455191612243652,4.061707019805908,True
ramularia_collo_cygni,mlp_a,0.001,32,4,SAMEA110189742,3.320986270904541,4.0345258712768555,True
ramularia_collo_cygni,mlp_a,0.001,32,4,SAMEA110189822,4.138210296630859,4.164359092712402,True
ramularia_collo_cygni,mlp_a,0.001,32,4,SAMEA110189755,4.170570373535156,3.8947062492370605,True
ramularia_collo_cygni,mlp_a,0.001,32,4,SAMEA110189741,4.038302421569824,3.882943630218506,True
ramularia_collo_cygni,mlp_a,0.001,32,4,SAMEA110189762,3.3875415325164795,3.9607346057891846,True
ramularia_collo_cygni,mlp_a,0.001,32,4,SAMEA110189805,4.036693096160889,4.131237506866455,True
ramularia_collo_cygni,mlp_a,0.001,32,4,SAMEA110189825,3.3601491451263428,4.2565789222717285,True
ramularia_collo_cygni,mlp_a,0.001,32,4,SAMEA110189744,3.849774122238159,4.060810565948486,True
ramularia_collo_cygni,mlp_a,0.001,32,4,SAMEA110189808,4.786461353302002,3.981088638305664,True
ramularia_collo_cygni,mlp_a,0.001,32,4,SAMEA110189842,4.080663681030273,4.031691074371338,True
ramularia_collo_cygni,mlp_a,0.001,32,4,SAMEA110189845,4.756529808044434,4.223998546600342,True
ramularia_collo_cygni,mlp_a,0.001,32,4,SAMEA110189764,4.343113422393799,4.058237552642822,True
ramularia_collo_cygni,mlp_a,0.001,32,4,SAMEA110189853,3.5221524238586426,4.080597400665283,True
ramularia_collo_cygni,mlp_a,0.001,32,4,SAMEA110189774,3.7313482761383057,4.046522617340088,True
ramularia_collo_cygni,mlp_a,0.001,32,4,SAMEA110189795,3.358982563018799,4.083232402801514,True
ramularia_collo_cygni,mlp_a,0.001,32,4,SAMEA110189855,3.120199203491211,4.022762298583984,True
ramularia_collo_cygni,mlp_a,0.001,32,4,SAMEA110189776,3.7970547676086426,4.142735004425049,True
ramularia_collo_cygni,mlp_a,0.001,32,4,SAMEA110189799,3.6160004138946533,4.062417030334473,True
ramularia_collo_cygni,mlp_a,0.001,32,4,SAMEA110189779,3.9875521659851074,4.1256022453308105,True
ramularia_collo_cygni,mlp_a,0.001,32,4,SAMEA110189800,3.2781403064727783,4.023769378662109,True
ramularia_collo_cygni,mlp_a,0.001,32,4,SAMEA110189857,3.7585296630859375,3.8347673416137695,True
ramularia_collo_cygni,mlp_a,0.001,32,4,SAMEA110189835,4.409118175506592,4.163066387176514,True
ramularia_collo_cygni,mlp_a,0.001,32,4,SAMEA110189890,3.2664172649383545,3.9620437622070312,True
ramularia_collo_cygni,mlp_a,0.001,32,4,SAMEA110189868,4.765773773193359,3.9629931449890137,True
ramularia_collo_cygni,mlp_a,0.001,32,4,SAMEA110189930,3.138558864593506,4.02116060256958,True
ramularia_collo_cygni,mlp_a,0.001,32,4,SAMEA110189891,5.877005577087402,3.75030255317688,True
ramularia_collo_cygni,mlp_a,0.001,32,4,SAMEA110189945,6.02498722076416,3.7299964427948,True
ramularia_collo_cygni,mlp_a,0.001,32,4,SAMEA110189987,4.156711101531982,3.9664230346679688,True
ramularia_collo_cygni,mlp_a,0.001,32,4,SAMEA110189887,3.5725150108337402,4.044006824493408,True
ramularia_collo_cygni,mlp_a,0.001,32,4,SAMEA110189946,3.7695839405059814,3.881479263305664,True
ramularia_collo_cygni,mlp_a,0.001,32,4,SAMEA110189948,3.901498794555664,3.6702029705047607,True
ramularia_collo_cygni,mlp_a,0.001,32,4,SAMEA110189997,4.21064567565918,4.1066789627075195,True
ramularia_collo_cygni,mlp_a,0.001,32,4,SAMEA110190040,3.3424248695373535,3.4382436275482178,True
ramularia_collo_cygni,mlp_a,0.001,32,4,SAMEA110189967,4.06123161315918,4.092504978179932,True
ramularia_collo_cygni,mlp_a,0.001,32,4,SAMEA110189884,2.6912479400634766,3.99019193649292,True
ramularia_collo_cygni,mlp_a,0.001,32,4,SAMEA110189968,3.609860420227051,3.889389753341675,True
ramularia_collo_cygni,mlp_a,0.001,32,4,SAMEA110189895,3.6041362285614014,3.7213809490203857,True
ramularia_collo_cygni,mlp_a,0.001,32,4,SAMEA110189989,4.65008544921875,3.9426467418670654,True
ramularia_collo_cygni,mlp_a,0.001,32,4,SAMEA110190027,3.419133186340332,3.4883148670196533,True
ramularia_collo_cygni,mlp_a,0.001,32,4,SAMEA110190037,3.9001617431640625,3.884997844696045,True
ramularia_collo_cygni,mlp_a,0.001,32,4,SAMEA110189938,4.8972086906433105,3.363752603530884,True
ramularia_collo_cygni,mlp_a,0.001,32,4,SAMEA110189990,4.221923828125,3.468248128890991,True
ramularia_collo_cygni,mlp_a,0.001,32,4,SAMEA110189940,2.498699426651001,3.406639337539673,True
ramularia_collo_cygni,mlp_a,0.001,32,4,SAMEA110189969,4.790963172912598,4.0208234786987305,True
ramularia_collo_cygni,mlp_a,0.001,32,4,SAMEA110189906,3.963405132293701,4.187424182891846,True
ramularia_collo_cygni,mlp_a,0.001,32,4,SAMEA110189871,3.3718292713165283,3.9575369358062744,True
ramularia_collo_cygni,mlp_a,0.001,32,4,SAMEA110190025,3.5136067867279053,4.0126495361328125,True
ramularia_collo_cygni,mlp_a,0.001,32,4,SAMEA110190002,4.246042728424072,3.755406618118286,True
ramularia_collo_cygni,mlp_a,0.001,32,4,SAMEA110189874,3.2589151859283447,4.145640850067139,True
ramularia_collo_cygni,mlp_a,0.001,32,4,SAMEA110189877,3.856945514678955,3.9420931339263916,True
ramularia_collo_cygni,mlp_a,0.001,32,4,SAMEA110189934,4.388931751251221,4.052464008331299,True
ramularia_collo_cygni,mlp_a,0.001,32,4,SAMEA110190003,4.094779968261719,4.216729164123535,True
ramularia_collo_cygni,mlp_a,0.001,32,4,SAMEA110189956,2.947566270828247,4.378463268280029,True
ramularia_collo_cygni,mlp_a,0.001,32,4,SAMEA110189919,4.351179122924805,3.8349990844726562,True
ramularia_collo_cygni,mlp_a,0.001,32,4,SAMEA110189879,4.431300640106201,3.981372594833374,True
ramularia_collo_cygni,mlp_a,0.001,32,4,SAMEA110190036,3.5473570823669434,4.015667915344238,True
ramularia_collo_cygni,mlp_a,0.001,32,4,SAMEA110189957,1.318238615989685,3.878174304962158,True
ramularia_collo_cygni,mlp_a,0.001,32,4,SAMEA110190006,5.062196254730225,3.459967851638794,True
ramularia_collo_cygni,mlp_a,0.001,32,4,SAMEA110189926,4.036868572235107,3.8489580154418945,True
ramularia_collo_cygni,mlp_a,0.001,32,4,SAMEA110189881,3.1326963901519775,3.8011038303375244,True
ramularia_collo_cygni,mlp_a,0.001,32,4,SAMEA110189961,3.781473159790039,4.1194963455200195,True
ramularia_collo_cygni,mlp_a,0.001,32,4,SAMEA110189631,3.4300875663757324,3.5913734436035156,True
ramularia_collo_cygni,mlp_a,0.001,32,4,SAMEA110189318,1.4503273963928223,3.2382800579071045,True
ramularia_collo_cygni,mlp_a,0.001,32,4,SAMEA110189685,3.282822847366333,2.8715829849243164,True
ramularia_collo_cygni,mlp_a,0.001,32,4,SAMEA110189165,4.021618843078613,4.043309211730957,True
ramularia_collo_cygni,mlp_a,0.001,32,4,SAMEA110189547,7.002524375915527,4.423882007598877,True
ramularia_collo_cygni,mlp_a,0.001,32,4,SAMEA110189257,2.4273922443389893,2.8665435314178467,True
ramularia_collo_cygni,mlp_a,0.001,32,4,SAMEA110189314,2.2041594982147217,3.007453203201294,True
ramularia_collo_cygni,mlp_a,0.001,32,4,SAMEA110189698,8.548221588134766,4.220402240753174,True
ramularia_collo_cygni,mlp_a,0.001,32,4,SAMEA110189173,3.5736186504364014,3.311537027359009,True
ramularia_collo_cygni,mlp_a,0.001,32,4,SAMEA110189726,5.74864387512207,5.293187141418457,True
ramularia_collo_cygni,mlp_a,0.001,32,4,SAMEA110189629,3.857893943786621,3.807695150375366,True
ramularia_collo_cygni,mlp_a,0.001,32,4,SAMEA6619025,2.024299383163452,3.2369844913482666,True
ramularia_collo_cygni,mlp_a,0.001,32,4,SAMEA6619022,3.57814884185791,2.870098829269409,True
ramularia_collo_cygni,mlp_a,0.001,32,4,SAMEA110189299,2.650359630584717,4.214628219604492,True
ramularia_collo_cygni,mlp_a,0.001,32,4,SAMEA110189337,4.737661838531494,3.130232095718384,True
ramularia_collo_cygni,mlp_a,0.001,32,4,SAMEA110189577,6.889271259307861,4.3187079429626465,True
ramularia_collo_cygni,mlp_a,0.001,32,4,SAMEA110189239,2.141887903213501,3.4519848823547363,True
ramularia_collo_cygni,mlp_a,0.001,32,4,SAMEA110189240,2.4578654766082764,3.7399330139160156,True
ramularia_collo_cygni,mlp_a,0.001,32,4,SAMEA110189241,2.1360576152801514,3.2121949195861816,True
ramularia_collo_cygni,mlp_a,0.001,32,4,SAMEA110189499,3.388550043106079,3.342046022415161,True
ramularia_collo_cygni,mlp_a,0.001,32,4,SAMEA110189452,2.4765572547912598,3.2879929542541504,True
ramularia_collo_cygni,mlp_a,0.001,32,4,SAMEA110188925,3.8550570011138916,3.4469854831695557,True
ramularia_collo_cygni,mlp_a,0.001,32,4,SAMEA6618991,5.0715484619140625,4.01035213470459,True
ramularia_collo_cygni,mlp_a,0.001,32,4,SAMEA110189089,3.1976869106292725,4.042327880859375,True
ramularia_collo_cygni,mlp_a,0.001,32,4,SAMEA110188934,2.902024030685425,2.791166067123413,True
ramularia_collo_cygni,mlp_a,0.001,32,4,SAMEA110188962,3.6303648948669434,3.225886821746826,True
ramularia_collo_cygni,mlp_a,0.001,32,4,SAMEA110189091,3.0768561363220215,3.2139201164245605,True
ramularia_collo_cygni,mlp_a,0.001,32,4,SAMEA110189004,3.195960760116577,4.161386489868164,True
ramularia_collo_cygni,mlp_a,0.001,32,4,SAMEA6618984,2.5574607849121094,3.989199161529541,True
ramularia_collo_cygni,mlp_a,0.001,32,4,SAMEA6618980,3.506211757659912,3.572631597518921,True
ramularia_collo_cygni,mlp_a,0.001,32,4,SAMEA6618979,4.869271278381348,5.462536334991455,True
ramularia_collo_cygni,mlp_a,0.001,32,4,SAMEA110189101,5.712866306304932,5.114743709564209,True
ramularia_collo_cygni,mlp_a,0.001,32,4,SAMEA6618975,1.6757007837295532,3.5744893550872803,True
ramularia_collo_cygni,mlp_a,0.001,32,4,SAMEA110189021,4.934470176696777,4.861551761627197,True
ramularia_collo_cygni,mlp_a,0.001,32,4,SAMEA110189180,3.365553379058838,2.851206064224243,True
ramularia_collo_cygni,mlp_a,0.001,32,4,SAMEA110189028,3.3187451362609863,2.835969924926758,True
ramularia_collo_cygni,mlp_a,0.001,32,4,SAMEA110189035,2.7361066341400146,3.8967411518096924,True
ramularia_collo_cygni,mlp_a,0.001,32,4,SAMEA6618965,4.560708999633789,3.7193238735198975,True
ramularia_collo_cygni,mlp_a,0.001,32,4,SAMEA110188944,4.478654861450195,3.7384984493255615,True
ramularia_collo_cygni,mlp_a,0.001,32,4,SAMEA110189124,2.024380683898926,3.532905340194702,True
ramularia_collo_cygni,mlp_a,0.001,32,4,SAMEA110188980,6.325589656829834,4.162439823150635,True
ramularia_collo_cygni,mlp_a,0.001,32,4,SAMEA110189139,2.876749277114868,4.119078159332275,True
ramularia_collo_cygni,mlp_a,0.001,32,4,SAMEA110189505,5.896337985992432,4.955519199371338,True
ramularia_collo_cygni,mlp_a,0.001,32,4,SAMEA6618945,3.1636996269226074,4.043923377990723,True
ramularia_collo_cygni,mlp_a,0.001,32,4,SAMEA110189146,3.4179210662841797,3.8025805950164795,True
ramularia_collo_cygni,mlp_a,0.001,32,4,SAMEA110189386,3.23861026763916,2.5442304611206055,True
ramularia_collo_cygni,mlp_a,0.001,32,4,SAMEA110189701,1.9953423738479614,2.768024444580078,True
ramularia_collo_cygni,mlp_a,0.001,32,4,SAMEA110189183,1.3795969486236572,3.083510160446167,True
ramularia_collo_cygni,mlp_a,0.001,32,4,SAMEA110189289,2.528756856918335,2.917710065841675,True
ramularia_collo_cygni,mlp_a,0.001,32,4,SAMEA110189433,3.2204298973083496,2.9708826541900635,True
ramularia_collo_cygni,mlp_a,0.001,32,4,SAMEA110189187,3.0233347415924072,3.23325252532959,True
ramularia_collo_cygni,mlp_a,0.001,32,4,SAMEA6618929,2.749119520187378,3.929232597351074,True
ramularia_collo_cygni,mlp_a,0.001,32,4,SAMEA110189434,3.707520008087158,4.46872615814209,True
ramularia_collo_cygni,mlp_a,0.001,32,4,SAMEA6618923,3.026681423187256,3.157038688659668,True
ramularia_collo_cygni,mlp_a,0.001,32,4,SAMEA110189403,4.725632190704346,5.073967933654785,True
ramularia_collo_cygni,mlp_a,0.001,32,4,SAMEA6618914,2.821392774581909,3.3775429725646973,True
ramularia_collo_cygni,mlp_a,0.001,32,4,SAMEA110189641,4.177928924560547,3.6374576091766357,True
ramularia_collo_cygni,mlp_a,0.001,32,4,SAMEA110189511,4.532230377197266,2.996966600418091,True
ramularia_collo_cygni,mlp_a,0.001,32,4,SAMEA110189411,3.4210798740386963,3.3177504539489746,True
ramularia_collo_cygni,mlp_a,0.001,32,4,SAMEA6618911,5.080501079559326,4.079417705535889,True
ramularia_collo_cygni,mlp_a,0.001,32,4,SAMEA110189661,3.638899803161621,2.7721762657165527,True
ramularia_collo_cygni,mlp_a,0.001,32,4,SAMEA110189244,2.787416934967041,3.647416353225708,True
ramularia_collo_cygni,mlp_a,0.001,32,4,SAMEA110189414,3.0454177856445312,2.8784005641937256,True
ramularia_collo_cygni,mlp_a,0.001,32,4,SAMEA110189218,2.791185140609741,3.4948060512542725,True
ramularia_collo_cygni,mlp_a,0.001,32,4,SAMEA110189515,3.5977590084075928,2.8747034072875977,True
ramularia_collo_cygni,mlp_a,0.001,32,4,SAMEA110189297,4.401479721069336,3.8365185260772705,True
ramularia_collo_cygni,mlp_a,0.001,32,4,SAMEA6618902,4.024790287017822,3.477651834487915,True
ramularia_collo_cygni,mlp_a,0.001,32,4,SAMEA110189652,4.044241905212402,3.8813722133636475,True
ramularia_collo_cygni,mlp_a,0.001,32,4,SAMEA110189246,2.121753215789795,3.2848360538482666,True
ramularia_collo_cygni,mlp_a,0.001,32,4,SAMEA110189303,3.2852792739868164,3.8266191482543945,True
ramularia_collo_cygni,mlp_a,0.001,32,4,SAMEA6618898,2.2738046646118164,4.310868740081787,True
ramularia_collo_cygni,mlp_a,0.001,32,4,SAMEA110189220,4.675626754760742,3.6059486865997314,True
ramularia_collo_cygni,mlp_a,0.001,32,4,SAMEA110189595,2.7893824577331543,3.80359148979187,True
ramularia_collo_cygni,mlp_a,0.001,32,4,SAMEA110189194,4.261444568634033,3.5498833656311035,True
ramularia_collo_cygni,mlp_a,0.001,32,4,SAMEA110189575,4.094531059265137,3.51259708404541,True
ramularia_collo_cygni,mlp_a,0.001,32,4,SAMEA110189610,3.5895678997039795,3.7698612213134766,True
ramularia_collo_cygni,mlp_a,0.001,32,4,SAMEA110189569,1.934766173362732,2.8843977451324463,True
ramularia_collo_cygni,mlp_a,0.001,32,4,SAMEA110189269,4.2683539390563965,4.332658290863037,True
ramularia_collo_cygni,mlp_a,0.001,32,4,SAMEA110189253,2.5890097618103027,4.223362445831299,True
ramularia_collo_cygni,mlp_a,0.001,32,4,SAMEA110189272,1.8490643501281738,2.959022045135498,True
ramularia_collo_cygni,mlp_a,0.001,32,4,SAMEA110189472,2.37579345703125,3.296520948410034,True
ramularia_collo_cygni,mlp_a,0.001,32,4,SAMEA110189308,2.942746639251709,3.1875057220458984,True
ramularia_collo_cygni,mlp_a,0.001,32,4,SAMEA110189201,3.365953207015991,3.823207378387451,True
ramularia_collo_cygni,mlp_a,0.001,32,4,SAMEA110189535,3.8335001468658447,2.965808153152466,True
ramularia_collo_cygni,mlp_a,0.001,32,4,SAMEA6618874,4.950109004974365,4.432405948638916,True
ramularia_collo_cygni,mlp_a,0.001,32,4,SAMEA110189494,3.534966468811035,2.9857873916625977,True
ramularia_collo_cygni,mlp_a,0.001,32,4,SAMEA110189259,4.401780605316162,5.670079708099365,True
ramularia_collo_cygni,mlp_a,0.001,32,4,SAMEA110189687,3.6701431274414062,3.317769765853882,True
ramularia_collo_cygni,mlp_a,0.001,32,4,SAMEA110189319,4.283459186553955,2.9453585147857666,True
ramularia_collo_cygni,mlp_a,0.001,32,4,SAMEA110189587,2.9253952503204346,4.679352760314941,True
ramularia_collo_cygni,mlp_a,0.001,32,4,SAMEA110189690,3.6068804264068604,3.090006113052368,True
ramularia_collo_cygni,mlp_a,0.001,32,4,SAMEA110189437,4.299196720123291,3.9992294311523438,True
ramularia_collo_cygni,mlp_a,0.001,32,4,SAMEA6618820,2.861931562423706,2.736466407775879,True
ramularia_collo_cygni,mlp_a,0.001,32,4,SAMEA110189651,5.4183197021484375,4.5053391456604,True
ramularia_collo_cygni,mlp_a,0.001,32,4,SAMEA110189648,5.918728351593018,4.420936107635498,True
ramularia_collo_cygni,mlp_a,0.001,32,4,SAMEA110189169,6.28255558013916,3.5528831481933594,True
ramularia_collo_cygni,mlp_a,0.001,32,4,SAMEA110189324,4.708309173583984,2.936121702194214,True
ramularia_collo_cygni,mlp_a,0.001,32,4,SAMEA110189171,4.3441596031188965,3.588188886642456,True
ramularia_collo_cygni,mlp_a,0.001,32,4,SAMEA110189635,4.599679946899414,4.168822288513184,True
ramularia_collo_cygni,mlp_a,0.001,32,4,SAMEA110189440,3.0254921913146973,4.214009761810303,True
ramularia_collo_cygni,mlp_a,0.001,32,4,SAMEA110189441,4.3088531494140625,3.7394659519195557,True
ramularia_collo_cygni,mlp_a,0.001,32,4,SAMEA6618825,2.8893587589263916,3.746528387069702,True
ramularia_collo_cygni,mlp_a,0.001,32,4,SAMEA110189085,3.7118847370147705,4.399562358856201,True
ramularia_collo_cygni,mlp_a,0.001,32,4,SAMEA110189431,3.5732994079589844,3.227726459503174,True
ramularia_collo_cygni,mlp_a,0.001,32,4,SAMEA6618829,4.208323001861572,3.6121022701263428,True
ramularia_collo_cygni,mlp_a,0.001,32,4,SAMEA110189291,4.097195625305176,2.5728600025177,True
ramularia_collo_cygni,mlp_a,0.001,32,4,SAMEA6618832,2.9698948860168457,2.427199125289917,True
ramularia_collo_cygni,mlp_a,0.001,32,4,SAMEA110189293,3.637462854385376,3.1252601146698,True
ramularia_collo_cygni,mlp_a,0.001,32,4,SAMEA110189256,2.8062477111816406,2.5527408123016357,True
ramularia_collo_cygni,mlp_a,0.001,32,4,SAMEA110189286,2.2007644176483154,3.4112844467163086,True
ramularia_collo_cygni,mlp_a,0.001,32,4,SAMEA110189720,4.001062870025635,3.612990617752075,True
ramularia_collo_cygni,mlp_a,0.001,32,4,SAMEA110189616,7.912653923034668,3.5728766918182373,True
ramularia_collo_cygni,mlp_a,0.001,32,4,SAMEA110189287,3.2813074588775635,3.416940450668335,True
ramularia_collo_cygni,mlp_a,0.001,32,4,SAMEA110189174,3.748131275177002,3.551473379135132,True
ramularia_collo_cygni,mlp_a,0.001,32,4,SAMEA6618835,4.846660614013672,3.9012255668640137,True
ramularia_collo_cygni,mlp_a,0.001,32,4,SAMEA6618836,3.635939121246338,3.1263303756713867,True
ramularia_collo_cygni,mlp_a,0.001,32,4,SAMEA110189232,5.756444931030273,3.962378978729248,True
ramularia_collo_cygni,mlp_a,0.001,32,4,SAMEA110189159,3.465270757675171,3.398967981338501,True
ramularia_collo_cygni,mlp_a,0.001,32,4,SAMEA110189344,4.186216831207275,3.524340867996216,True
ramularia_collo_cygni,mlp_a,0.001,32,4,SAMEA110189345,4.885353088378906,3.3842568397521973,True
ramularia_collo_cygni,mlp_a,0.001,32,4,SAMEA110189347,4.368346214294434,3.24537992477417,True
ramularia_collo_cygni,mlp_a,0.001,32,4,SAMEA110189381,5.132430553436279,3.1783909797668457,True
ramularia_collo_cygni,mlp_a,0.001,32,4,SAMEA110189349,3.7668514251708984,3.8216941356658936,True
ramularia_collo_cygni,mlp_a,0.001,32,4,SAMEA110188965,5.209136009216309,3.9413516521453857,True
ramularia_collo_cygni,mlp_a,0.001,32,4,SAMEA110188966,4.908590316772461,3.7102253437042236,True
ramularia_collo_cygni,mlp_a,0.001,32,4,SAMEA6618841,5.047861576080322,3.1622531414031982,True
ramularia_collo_cygni,mlp_a,0.001,32,4,SAMEA110188943,3.6128382682800293,3.620961904525757,True
ramularia_collo_cygni,mlp_a,0.001,32,4,SAMEA110189114,3.2443041801452637,4.434128284454346,True
ramularia_collo_cygni,mlp_a,0.001,32,4,SAMEA110188946,2.052194118499756,3.894603967666626,True
ramularia_collo_cygni,mlp_a,0.001,32,4,SAMEA110189043,3.9368736743927,3.811763048171997,True
ramularia_collo_cygni,mlp_a,0.001,32,4,SAMEA110189049,5.535770416259766,3.4181694984436035,True
ramularia_collo_cygni,mlp_a,0.001,32,4,SAMEA110188952,2.6539804935455322,3.647209405899048,True
ramularia_collo_cygni,mlp_a,0.001,32,4,SAMEA110189056,3.834533452987671,3.5510830879211426,True
ramularia_collo_cygni,mlp_a,0.001,32,4,SAMEA110189058,6.670582294464111,3.496074914932251,True
ramularia_collo_cygni,mlp_a,0.001,32,4,SAMEA110189062,5.076323986053467,3.6610584259033203,True
ramularia_collo_cygni,mlp_a,0.001,32,4,SAMEA110189138,3.3230767250061035,3.2634618282318115,True
ramularia_collo_cygni,mlp_a,0.001,32,4,SAMEA110189068,4.120845794677734,3.623337507247925,True
ramularia_collo_cygni,mlp_a,0.001,32,4,SAMEA110189147,5.744139194488525,3.7427942752838135,True
ramularia_collo_cygni,mlp_a,0.001,32,4,SAMEA110188958,3.442166566848755,3.0594866275787354,True
ramularia_collo_cygni,mlp_a,0.001,32,4,SAMEA6618847,5.006631851196289,3.964982032775879,True
ramularia_collo_cygni,mlp_a,0.001,32,4,SAMEA6618850,3.242413282394409,2.800504207611084,True
ramularia_collo_cygni,mlp_a,0.001,32,4,SAMEA6435261,4.159968852996826,3.623995304107666,True
ramularia_collo_cygni,mlp_a,0.001,32,4,SAMEA6618853,4.053531646728516,4.455694675445557,True
ramularia_collo_cygni,mlp_a,0.001,32,4,SAMEA110189365,4.986592769622803,3.6867852210998535,True
ramularia_collo_cygni,mlp_a,0.001,32,4,SAMEA6618921,5.1727728843688965,3.564168691635132,True
ramularia_collo_cygni,mlp_a,0.001,32,4,SAMEA110189402,3.8717617988586426,3.0294647216796875,True
ramularia_collo_cygni,mlp_a,0.001,32,4,SAMEA110189404,2.097208261489868,2.993415594100952,True
ramularia_collo_cygni,mlp_a,0.001,32,4,SAMEA6618859,2.3923323154449463,4.111740589141846,True
ramularia_collo_cygni,mlp_a,0.001,32,4,SAMEA6618861,6.181568145751953,3.861686944961548,True
ramularia_collo_cygni,mlp_a,0.001,32,4,SAMEA6618862,2.5949554443359375,2.6964662075042725,True
ramularia_collo_cygni,mlp_a,0.001,32,4,SAMEA110189415,3.091254711151123,3.5425925254821777,True
ramularia_collo_cygni,mlp_a,0.001,32,4,SAMEA6618865,2.734206438064575,3.532280683517456,True
ramularia_collo_cygni,mlp_a,0.001,32,4,SAMEA110189666,5.451678276062012,3.874696969985962,True
ramularia_collo_cygni,mlp_a,0.001,32,4,SAMEA110189667,3.6485345363616943,3.3725388050079346,True
ramularia_collo_cygni,mlp_a,0.001,32,4,SAMEA110189375,2.913844347000122,4.143476486206055,True
ramularia_collo_cygni,mlp_a,0.001,32,4,SAMEA110189423,3.7821033000946045,3.7733821868896484,True
ramularia_collo_cygni,mlp_a,0.001,32,4,SAMEA110189480,5.120479106903076,4.193675518035889,True
ramularia_collo_cygni,mlp_a,0.001,32,4,SAMEA6618867,5.343574047088623,4.957847595214844,True
ramularia_collo_cygni,mlp_a,0.001,32,4,SAMEA110189673,3.432403087615967,3.7358691692352295,True
ramularia_collo_cygni,mlp_a,0.001,32,4,SAMEA110189570,3.2775533199310303,3.627577066421509,True
ramularia_collo_cygni,mlp_a,0.001,32,5,SAMEA110190007,4.365826606750488,3.6182103157043457,True
ramularia_collo_cygni,mlp_a,0.001,32,5,SAMEA110189802,3.0940918922424316,3.8500146865844727,True
ramularia_collo_cygni,mlp_a,0.001,32,5,SAMEA110189840,4.312366485595703,3.691643476486206,True
ramularia_collo_cygni,mlp_a,0.001,32,5,SAMEA110189841,5.283981800079346,3.8229942321777344,True
ramularia_collo_cygni,mlp_a,0.001,32,5,SAMEA110189823,4.072371482849121,3.7531509399414062,True
ramularia_collo_cygni,mlp_a,0.001,32,5,SAMEA110189737,3.865576982498169,3.6329545974731445,True
ramularia_collo_cygni,mlp_a,0.001,32,5,SAMEA110189804,3.4304699897766113,3.7230935096740723,True
ramularia_collo_cygni,mlp_a,0.001,32,5,SAMEA110189760,4.179563999176025,3.7399234771728516,True
ramularia_collo_cygni,mlp_a,0.001,32,5,SAMEA110189761,4.316586017608643,3.8148584365844727,True
ramularia_collo_cygni,mlp_a,0.001,32,5,SAMEA110189781,3.064781665802002,3.8696069717407227,True
ramularia_collo_cygni,mlp_a,0.001,32,5,SAMEA110189735,3.4027156829833984,3.786487579345703,True
ramularia_collo_cygni,mlp_a,0.001,32,5,SAMEA110189827,2.9880311489105225,3.593891143798828,True
ramularia_collo_cygni,mlp_a,0.001,32,5,SAMEA110189810,4.448866367340088,3.8396363258361816,True
ramularia_collo_cygni,mlp_a,0.001,32,5,SAMEA110189769,4.238150596618652,3.8369064331054688,True
ramularia_collo_cygni,mlp_a,0.001,32,5,SAMEA110189788,3.314666509628296,3.842472791671753,True
ramularia_collo_cygni,mlp_a,0.001,32,5,SAMEA110189850,3.5091733932495117,3.846062421798706,True
ramularia_collo_cygni,mlp_a,0.001,32,5,SAMEA110189773,4.476386070251465,3.722916603088379,True
ramularia_collo_cygni,mlp_a,0.001,32,5,SAMEA110190015,4.444371223449707,3.739985942840576,True
ramularia_collo_cygni,mlp_a,0.001,32,5,SAMEA110189851,4.501342296600342,3.708706855773926,True
ramularia_collo_cygni,mlp_a,0.001,32,5,SAMEA110189816,4.096388816833496,3.9018826484680176,True
ramularia_collo_cygni,mlp_a,0.001,32,5,SAMEA110189748,3.082427740097046,3.6950531005859375,True
ramularia_collo_cygni,mlp_a,0.001,32,5,SAMEA110189856,4.500533103942871,3.754481792449951,True
ramularia_collo_cygni,mlp_a,0.001,32,5,SAMEA110189984,3.8079283237457275,3.489269256591797,True
ramularia_collo_cygni,mlp_a,0.001,32,5,SAMEA110189892,3.885331630706787,3.476649045944214,True
ramularia_collo_cygni,mlp_a,0.001,32,5,SAMEA110189964,3.604785203933716,3.379244804382324,True
ramularia_collo_cygni,mlp_a,0.001,32,5,SAMEA110189882,3.8510000705718994,3.502065658569336,True
ramularia_collo_cygni,mlp_a,0.001,32,5,SAMEA110189888,3.9769961833953857,3.512312889099121,True
ramularia_collo_cygni,mlp_a,0.001,32,5,SAMEA110190029,3.579897880554199,3.625239849090576,True
ramularia_collo_cygni,mlp_a,0.001,32,5,SAMEA110189883,3.364712953567505,3.3772969245910645,True
ramularia_collo_cygni,mlp_a,0.001,32,5,SAMEA110189951,3.219421148300171,3.211416244506836,True
ramularia_collo_cygni,mlp_a,0.001,32,5,SAMEA110190038,3.4985787868499756,3.293592691421509,True
ramularia_collo_cygni,mlp_a,0.001,32,5,SAMEA110189941,3.3037149906158447,3.2262771129608154,True
ramularia_collo_cygni,mlp_a,0.001,32,5,SAMEA110190001,4.411942005157471,3.408379077911377,True
ramularia_collo_cygni,mlp_a,0.001,32,5,SAMEA110189908,3.3727643489837646,3.418323040008545,True
ramularia_collo_cygni,mlp_a,0.001,32,5,SAMEA110189909,4.630301475524902,3.343693733215332,True
ramularia_collo_cygni,mlp_a,0.001,32,5,SAMEA110189912,3.920316219329834,3.514974594116211,True
ramularia_collo_cygni,mlp_a,0.001,32,5,SAMEA110189975,3.2571165561676025,3.294546604156494,True
ramularia_collo_cygni,mlp_a,0.001,32,5,SAMEA110190023,3.8649303913116455,3.5853281021118164,True
ramularia_collo_cygni,mlp_a,0.001,32,5,SAMEA110190024,4.340828895568848,3.492501735687256,True
ramularia_collo_cygni,mlp_a,0.001,32,5,SAMEA110189977,4.522461414337158,3.478691339492798,True
ramularia_collo_cygni,mlp_a,0.001,32,5,SAMEA110190009,3.5784010887145996,3.3722987174987793,True
ramularia_collo_cygni,mlp_a,0.001,32,5,SAMEA110189875,3.1339826583862305,3.322631359100342,True
ramularia_collo_cygni,mlp_a,0.001,32,5,SAMEA110189917,4.616263389587402,3.5139570236206055,True
ramularia_collo_cygni,mlp_a,0.001,32,5,SAMEA110189962,4.495392799377441,3.1694884300231934,True
ramularia_collo_cygni,mlp_a,0.001,32,5,SAMEA110190026,3.1952931880950928,3.227454423904419,True
ramularia_collo_cygni,mlp_a,0.001,32,5,SAMEA110189992,3.0620529651641846,3.3229336738586426,True
ramularia_collo_cygni,mlp_a,0.001,32,5,SAMEA110189878,3.739037275314331,3.37998104095459,True
ramularia_collo_cygni,mlp_a,0.001,32,5,SAMEA110189921,4.041940689086914,3.4016361236572266,True
ramularia_collo_cygni,mlp_a,0.001,32,5,SAMEA110189978,3.6846988201141357,3.5172548294067383,True
ramularia_collo_cygni,mlp_a,0.001,32,5,SAMEA110189924,4.844544887542725,3.5169739723205566,True
ramularia_collo_cygni,mlp_a,0.001,32,5,SAMEA110189958,4.141506671905518,3.208946943283081,True
ramularia_collo_cygni,mlp_a,0.001,32,5,SAMEA110189927,3.6082241535186768,3.4750375747680664,True
ramularia_collo_cygni,mlp_a,0.001,32,5,SAMEA110190021,2.530996084213257,3.1136326789855957,True
ramularia_collo_cygni,mlp_a,0.001,32,5,SAMEA110189322,3.190131902694702,2.338881731033325,True
ramularia_collo_cygni,mlp_a,0.001,32,5,SAMEA110189309,4.572778224945068,3.680847644805908,True
ramularia_collo_cygni,mlp_a,0.001,32,5,SAMEA110189696,2.9431674480438232,3.049783229827881,True
ramularia_collo_cygni,mlp_a,0.001,32,5,SAMEA6619030,4.592503070831299,3.605837821960449,True
ramularia_collo_cygni,mlp_a,0.001,32,5,SAMEA110189542,3.5244219303131104,2.3466103076934814,True
ramularia_collo_cygni,mlp_a,0.001,32,5,SAMEA110189700,6.29723596572876,4.395313739776611,True
ramularia_collo_cygni,mlp_a,0.001,32,5,SAMEA6619028,4.284855842590332,3.296480178833008,True
ramularia_collo_cygni,mlp_a,0.001,32,5,SAMEA110189653,3.880730628967285,3.6526808738708496,True
ramularia_collo_cygni,mlp_a,0.001,32,5,SAMEA6619015,3.464831829071045,2.9831395149230957,True
ramularia_collo_cygni,mlp_a,0.001,32,5,SAMEA110189601,6.274130821228027,3.9351556301116943,True
ramularia_collo_cygni,mlp_a,0.001,32,5,SAMEA110189315,2.1627426147460938,3.6818222999572754,True
ramularia_collo_cygni,mlp_a,0.001,32,5,SAMEA6619003,5.124570369720459,3.651392698287964,True
ramularia_collo_cygni,mlp_a,0.001,32,5,SAMEA110189230,6.176567554473877,3.2691903114318848,True
ramularia_collo_cygni,mlp_a,0.001,32,5,SAMEA6618999,3.8167145252227783,3.4634668827056885,True
ramularia_collo_cygni,mlp_a,0.001,32,5,SAMEA6618998,2.694371223449707,3.6437325477600098,True
ramularia_collo_cygni,mlp_a,0.001,32,5,SAMEA110189231,3.709263563156128,3.670119285583496,True
ramularia_collo_cygni,mlp_a,0.001,32,5,SAMEA6435259,3.505148410797119,3.7045750617980957,True
ramularia_collo_cygni,mlp_a,0.001,32,5,SAMEA6618997,2.149242877960205,3.040658950805664,True
ramularia_collo_cygni,mlp_a,0.001,32,5,SAMEA110189236,3.0766408443450928,3.0791385173797607,True
ramularia_collo_cygni,mlp_a,0.001,32,5,SAMEA110188995,2.3471646308898926,3.188638210296631,True
ramularia_collo_cygni,mlp_a,0.001,32,5,SAMEA110188996,1.2201414108276367,3.1508615016937256,True
ramularia_collo_cygni,mlp_a,0.001,32,5,SAMEA110189156,5.740205764770508,4.406575679779053,True
ramularia_collo_cygni,mlp_a,0.001,32,5,SAMEA110189451,4.86405086517334,3.645852565765381,True
ramularia_collo_cygni,mlp_a,0.001,32,5,SAMEA110189501,2.799388885498047,3.1604177951812744,True
ramularia_collo_cygni,mlp_a,0.001,32,5,SAMEA110189090,4.416633129119873,3.8033719062805176,True
ramularia_collo_cygni,mlp_a,0.001,32,5,SAMEA110189005,4.392168998718262,3.6689624786376953,True
ramularia_collo_cygni,mlp_a,0.001,32,5,SAMEA110189008,6.598511219024658,4.442585468292236,True
ramularia_collo_cygni,mlp_a,0.001,32,5,SAMEA110189010,3.4635696411132812,3.7375335693359375,True
ramularia_collo_cygni,mlp_a,0.001,32,5,SAMEA110189011,5.414865493774414,3.6513333320617676,True
ramularia_collo_cygni,mlp_a,0.001,32,5,SAMEA110189098,2.2478249073028564,3.377810478210449,True
ramularia_collo_cygni,mlp_a,0.001,32,5,SAMEA6618978,2.9149065017700195,4.6231842041015625,True
ramularia_collo_cygni,mlp_a,0.001,32,5,SAMEA110189013,2.0027449131011963,2.8825693130493164,True
ramularia_collo_cygni,mlp_a,0.001,32,5,SAMEA110189100,3.7531232833862305,3.4277448654174805,True
ramularia_collo_cygni,mlp_a,0.001,32,5,SAMEA110189018,3.0997767448425293,3.1799283027648926,True
ramularia_collo_cygni,mlp_a,0.001,32,5,SAMEA110189022,4.7177557945251465,4.127219200134277,True
ramularia_collo_cygni,mlp_a,0.001,32,5,SAMEA110189383,2.1257660388946533,3.5173585414886475,True
ramularia_collo_cygni,mlp_a,0.001,32,5,SAMEA110188942,2.9066083431243896,3.216956377029419,True
ramularia_collo_cygni,mlp_a,0.001,32,5,SAMEA6618966,4.646836280822754,3.763679265975952,True
ramularia_collo_cygni,mlp_a,0.001,32,5,SAMEA110189033,1.5501596927642822,3.1011667251586914,True
ramularia_collo_cygni,mlp_a,0.001,32,5,SAMEA110189034,4.513121128082275,3.3381147384643555,True
ramularia_collo_cygni,mlp_a,0.001,32,5,SAMEA110188969,4.107966423034668,3.733877182006836,True
ramularia_collo_cygni,mlp_a,0.001,32,5,SAMEA110189351,2.450242519378662,3.0594253540039062,True
ramularia_collo_cygni,mlp_a,0.001,32,5,SAMEA110188947,3.420231342315674,3.237551212310791,True
ramularia_collo_cygni,mlp_a,0.001,32,5,SAMEA6618957,4.960260391235352,4.117961883544922,True
ramularia_collo_cygni,mlp_a,0.001,32,5,SAMEA110189052,3.259294271469116,3.654336452484131,True
ramularia_collo_cygni,mlp_a,0.001,32,5,SAMEA6618953,4.268662929534912,3.5742878913879395,True
ramularia_collo_cygni,mlp_a,0.001,32,5,SAMEA6618952,5.994857311248779,3.84567928314209,True
ramularia_collo_cygni,mlp_a,0.001,32,5,SAMEA6618951,5.665475368499756,3.599518299102783,True
ramularia_collo_cygni,mlp_a,0.001,32,5,SAMEA110189061,2.9261281490325928,2.4300994873046875,True
ramularia_collo_cygni,mlp_a,0.001,32,5,SAMEA110188984,3.6433322429656982,3.367694854736328,True
ramularia_collo_cygni,mlp_a,0.001,32,5,SAMEA110189288,3.434400796890259,3.2584521770477295,True
ramularia_collo_cygni,mlp_a,0.001,32,5,SAMEA110189504,7.3927836418151855,3.787729263305664,True
ramularia_collo_cygni,mlp_a,0.001,32,5,SAMEA6618947,3.597219705581665,3.7222585678100586,True
ramularia_collo_cygni,mlp_a,0.001,32,5,SAMEA110189143,3.175306797027588,3.393340587615967,True
ramularia_collo_cygni,mlp_a,0.001,32,5,SAMEA110188986,4.154898643493652,3.7471866607666016,True
ramularia_collo_cygni,mlp_a,0.001,32,5,SAMEA110189150,1.609135627746582,3.4736695289611816,True
ramularia_collo_cygni,mlp_a,0.001,32,5,SAMEA110189385,4.198349952697754,3.4000096321105957,True
ramularia_collo_cygni,mlp_a,0.001,32,5,SAMEA110189209,4.048498153686523,3.7267229557037354,True
ramularia_collo_cygni,mlp_a,0.001,32,5,SAMEA6618932,3.493605852127075,3.632169246673584,True
ramularia_collo_cygni,mlp_a,0.001,32,5,SAMEA110189185,3.032379150390625,3.144272804260254,True
ramularia_collo_cygni,mlp_a,0.001,32,5,SAMEA110189212,4.377569675445557,3.2493326663970947,True
ramularia_collo_cygni,mlp_a,0.001,32,5,SAMEA110189394,4.48151159286499,3.4085588455200195,True
ramularia_collo_cygni,mlp_a,0.001,32,5,SAMEA110189358,2.2571640014648438,2.836773157119751,True
ramularia_collo_cygni,mlp_a,0.001,32,5,SAMEA6618924,2.5855588912963867,3.191009759902954,True
ramularia_collo_cygni,mlp_a,0.001,32,5,SAMEA110189188,2.232717752456665,4.21945858001709,True
ramularia_collo_cygni,mlp_a,0.001,32,5,SAMEA110189215,2.785731315612793,3.3647868633270264,True
ramularia_collo_cygni,mlp_a,0.001,32,5,SAMEA6618918,2.88376522064209,2.8468191623687744,True
ramularia_collo_cygni,mlp_a,0.001,32,5,SAMEA110189316,2.8181397914886475,3.1523025035858154,True
ramularia_collo_cygni,mlp_a,0.001,32,5,SAMEA110189226,2.283454179763794,2.894665241241455,True
ramularia_collo_cygni,mlp_a,0.001,32,5,SAMEA6618915,2.8216962814331055,2.685478448867798,True
ramularia_collo_cygni,mlp_a,0.001,32,5,SAMEA110189280,3.007580518722534,3.01248836517334,True
ramularia_collo_cygni,mlp_a,0.001,32,5,SAMEA110189409,3.311945676803589,3.5169382095336914,True
ramularia_collo_cygni,mlp_a,0.001,32,5,SAMEA110189642,4.945459365844727,3.7016327381134033,True
ramularia_collo_cygni,mlp_a,0.001,32,5,SAMEA110189193,2.3415238857269287,3.272672176361084,True
ramularia_collo_cygni,mlp_a,0.001,32,5,SAMEA110189603,3.4786505699157715,3.9088945388793945,True
ramularia_collo_cygni,mlp_a,0.001,32,5,SAMEA110189517,3.506192207336426,3.399512529373169,True
ramularia_collo_cygni,mlp_a,0.001,32,5,SAMEA6618903,4.077914714813232,3.7522547245025635,True
ramularia_collo_cygni,mlp_a,0.001,32,5,SAMEA110189462,3.722318410873413,3.5961999893188477,True
ramularia_collo_cygni,mlp_a,0.001,32,5,SAMEA110189518,2.203441619873047,3.189699649810791,True
ramularia_collo_cygni,mlp_a,0.001,32,5,SAMEA6618900,3.536834239959717,3.49162220954895,True
ramularia_collo_cygni,mlp_a,0.001,32,5,SAMEA110189274,3.749509572982788,3.567686080932617,True
ramularia_collo_cygni,mlp_a,0.001,32,5,SAMEA110189713,1.846640706062317,3.574138879776001,True
ramularia_collo_cygni,mlp_a,0.001,32,5,SAMEA110189219,2.820378303527832,3.122676134109497,True
ramularia_collo_cygni,mlp_a,0.001,32,5,SAMEA110189591,4.941599369049072,4.549145698547363,True
ramularia_collo_cygni,mlp_a,0.001,32,5,SAMEA6618893,3.5479376316070557,3.457718849182129,True
ramularia_collo_cygni,mlp_a,0.001,32,5,SAMEA110189489,5.087406635284424,3.0620594024658203,True
ramularia_collo_cygni,mlp_a,0.001,32,5,SAMEA110189602,4.529621124267578,4.565685749053955,True
ramularia_collo_cygni,mlp_a,0.001,32,5,SAMEA110189585,2.8212616443634033,3.7298388481140137,True
ramularia_collo_cygni,mlp_a,0.001,32,5,SAMEA110189593,3.0114643573760986,3.651459217071533,True
ramularia_collo_cygni,mlp_a,0.001,32,5,SAMEA110189670,4.080441951751709,3.6289315223693848,True
ramularia_collo_cygni,mlp_a,0.001,32,5,SAMEA110189198,2.0672249794006348,3.3393094539642334,True
ramularia_collo_cygni,mlp_a,0.001,32,5,SAMEA110189420,5.477360248565674,4.130260944366455,True
ramularia_collo_cygni,mlp_a,0.001,32,5,SAMEA110189545,2.8536133766174316,3.102189064025879,True
ramularia_collo_cygni,mlp_a,0.001,32,5,SAMEA110189609,2.686727523803711,2.9454493522644043,True
ramularia_collo_cygni,mlp_a,0.001,32,5,SAMEA110189583,4.161470413208008,3.5993776321411133,True
ramularia_collo_cygni,mlp_a,0.001,32,5,SAMEA110189271,4.497063159942627,3.640547275543213,True
ramularia_collo_cygni,mlp_a,0.001,32,5,SAMEA6435264,5.121012210845947,3.8261516094207764,True
ramularia_collo_cygni,mlp_a,0.001,32,5,SAMEA110189255,2.3997902870178223,3.8995718955993652,True
ramularia_collo_cygni,mlp_a,0.001,32,5,SAMEA110189422,2.883699893951416,2.338731050491333,True
ramularia_collo_cygni,mlp_a,0.001,32,5,SAMEA6618884,3.5914011001586914,3.7056264877319336,True
ramularia_collo_cygni,mlp_a,0.001,32,5,SAMEA110189526,6.134557723999023,3.585400104522705,True
ramularia_collo_cygni,mlp_a,0.001,32,5,SAMEA110189473,3.3661065101623535,3.5642881393432617,True
ramularia_collo_cygni,mlp_a,0.001,32,5,SAMEA110189284,2.9166955947875977,3.5625462532043457,True
ramularia_collo_cygni,mlp_a,0.001,32,5,SAMEA6618878,3.313049077987671,3.568910598754883,True
ramularia_collo_cygni,mlp_a,0.001,32,5,SAMEA110189376,3.3249027729034424,3.969925880432129,True
ramularia_collo_cygni,mlp_a,0.001,32,5,SAMEA110189703,2.6056923866271973,3.3948769569396973,True
ramularia_collo_cygni,mlp_a,0.001,32,5,SAMEA110189202,1.7808916568756104,3.4534289836883545,True
ramularia_collo_cygni,mlp_a,0.001,32,5,SAMEA6618875,2.4656548500061035,2.384176731109619,True
ramularia_collo_cygni,mlp_a,0.001,32,5,SAMEA110189273,2.938385248184204,2.933366298675537,True
ramularia_collo_cygni,mlp_a,0.001,32,5,SAMEA110189476,2.364933729171753,3.374349594116211,True
ramularia_collo_cygni,mlp_a,0.001,32,5,SAMEA110189686,3.358527183532715,3.1025867462158203,True
ramularia_collo_cygni,mlp_a,0.001,32,5,SAMEA110189163,4.515746116638184,3.679429054260254,True
ramularia_collo_cygni,mlp_a,0.001,32,5,SAMEA110189320,5.105749607086182,3.5379738807678223,True
ramularia_collo_cygni,mlp_a,0.001,32,5,SAMEA110189692,4.364984035491943,3.2790427207946777,True
ramularia_collo_cygni,mlp_a,0.001,32,5,SAMEA110189495,4.121323585510254,3.338536262512207,True
ramularia_collo_cygni,mlp_a,0.001,32,5,SAMEA110189438,3.96632719039917,3.592556953430176,True
ramularia_collo_cygni,mlp_a,0.001,32,5,SAMEA110189695,2.145341634750366,3.5257349014282227,True
ramularia_collo_cygni,mlp_a,0.001,32,5,SAMEA6618824,5.03216028213501,3.8094396591186523,True
ramularia_collo_cygni,mlp_a,0.001,32,5,SAMEA110189170,4.314165115356445,3.3317604064941406,True
ramularia_collo_cygni,mlp_a,0.001,32,5,SAMEA110189295,4.035735607147217,4.03912353515625,True
ramularia_collo_cygni,mlp_a,0.001,32,5,SAMEA110189328,2.8303871154785156,3.01637601852417,True
ramularia_collo_cygni,mlp_a,0.001,32,5,SAMEA110189636,5.692827224731445,3.971005916595459,True
ramularia_collo_cygni,mlp_a,0.001,32,5,SAMEA6618826,3.918952703475952,3.7222635746002197,True
ramularia_collo_cygni,mlp_a,0.001,32,5,SAMEA110189083,3.6343953609466553,3.505161762237549,True
ramularia_collo_cygni,mlp_a,0.001,32,5,SAMEA110189490,5.93267822265625,3.851757049560547,True
ramularia_collo_cygni,mlp_a,0.001,32,5,SAMEA110189613,4.280333518981934,2.8073740005493164,True
ramularia_collo_cygni,mlp_a,0.001,32,5,SAMEA110189292,1.058413028717041,2.688826560974121,True
ramularia_collo_cygni,mlp_a,0.001,32,5,SAMEA110189258,4.198037147521973,3.1246280670166016,True
ramularia_collo_cygni,mlp_a,0.001,32,5,SAMEA110189596,3.979907751083374,3.2884135246276855,True
ramularia_collo_cygni,mlp_a,0.001,32,5,SAMEA110189572,2.3448333740234375,3.444408416748047,True
ramularia_collo_cygni,mlp_a,0.001,32,5,SAMEA110189706,4.894689559936523,3.6560866832733154,True
ramularia_collo_cygni,mlp_a,0.001,32,5,SAMEA110189176,4.882267951965332,3.4364633560180664,True
ramularia_collo_cygni,mlp_a,0.001,32,5,SAMEA110189177,3.3566925525665283,3.1462793350219727,True
ramularia_collo_cygni,mlp_a,0.001,32,5,SAMEA6618840,3.2366206645965576,3.64951753616333,True
ramularia_collo_cygni,mlp_a,0.001,32,5,SAMEA110189380,4.095243453979492,3.8455944061279297,True
ramularia_collo_cygni,mlp_a,0.001,32,5,SAMEA110188939,2.422760009765625,2.6634817123413086,True
ramularia_collo_cygni,mlp_a,0.001,32,5,SAMEA110189103,2.91678524017334,3.8501529693603516,True
ramularia_collo_cygni,mlp_a,0.001,32,5,SAMEA110188968,1.9306232929229736,3.3512439727783203,True
ramularia_collo_cygni,mlp_a,0.001,32,5,SAMEA110189106,4.478468894958496,3.347804069519043,True
ramularia_collo_cygni,mlp_a,0.001,32,5,SAMEA110188945,3.2689459323883057,3.4971909523010254,True
ramularia_collo_cygni,mlp_a,0.001,32,5,SAMEA110189112,2.7584779262542725,3.500295639038086,True
ramularia_collo_cygni,mlp_a,0.001,32,5,SAMEA110189116,3.216726779937744,3.68803071975708,True
ramularia_collo_cygni,mlp_a,0.001,32,5,SAMEA110188974,1.945137858390808,3.248769998550415,True
ramularia_collo_cygni,mlp_a,0.001,32,5,SAMEA110189503,2.788529872894287,2.9676461219787598,True
ramularia_collo_cygni,mlp_a,0.001,32,5,SAMEA110189131,3.96075701713562,2.872406482696533,True
ramularia_collo_cygni,mlp_a,0.001,32,5,SAMEA110189136,3.412966012954712,3.5660881996154785,True
ramularia_collo_cygni,mlp_a,0.001,32,5,SAMEA110189137,3.825129270553589,3.615817070007324,True
ramularia_collo_cygni,mlp_a,0.001,32,5,SAMEA110189067,4.614598274230957,3.737816333770752,True
ramularia_collo_cygni,mlp_a,0.001,32,5,SAMEA110188988,4.203911781311035,3.1951990127563477,True
ramularia_collo_cygni,mlp_a,0.001,32,5,SAMEA110188989,3.3501555919647217,3.5507099628448486,True
ramularia_collo_cygni,mlp_a,0.001,32,5,SAMEA110188957,2.7005109786987305,3.467088222503662,True
ramularia_collo_cygni,mlp_a,0.001,32,5,SAMEA110189148,2.0823862552642822,3.713953971862793,True
ramularia_collo_cygni,mlp_a,0.001,32,5,SAMEA6618848,2.809406280517578,3.5949645042419434,True
ramularia_collo_cygni,mlp_a,0.001,32,5,SAMEA110189721,4.964908123016357,3.720963954925537,True
ramularia_collo_cygni,mlp_a,0.001,32,5,SAMEA6618849,4.361131191253662,4.102390766143799,True
ramularia_collo_cygni,mlp_a,0.001,32,5,SAMEA110189359,4.244248390197754,3.3833961486816406,True
ramularia_collo_cygni,mlp_a,0.001,32,5,SAMEA110189364,4.014262676239014,3.705355167388916,True
ramularia_collo_cygni,mlp_a,0.001,32,5,SAMEA110189367,3.194795846939087,3.745598316192627,True
ramularia_collo_cygni,mlp_a,0.001,32,5,SAMEA6618854,3.9618477821350098,3.5442185401916504,True
ramularia_collo_cygni,mlp_a,0.001,32,5,SAMEA6618857,3.976198196411133,3.330516815185547,True
ramularia_collo_cygni,mlp_a,0.001,32,5,SAMEA110189416,2.7530019283294678,3.281534194946289,True
ramularia_collo_cygni,mlp_a,0.001,32,5,SAMEA110189417,4.083835124969482,3.1280834674835205,True
ramularia_collo_cygni,mlp_a,0.001,32,5,SAMEA110189373,0.9431491494178772,2.9845798015594482,True
ramularia_collo_cygni,mlp_a,0.001,32,5,SAMEA6618866,2.4988183975219727,3.771972894668579,True
ramularia_collo_cygni,mlp_a,0.001,32,5,SAMEA110189722,6.860258102416992,3.3641576766967773,True
ramularia_collo_cygni,mlp_a,0.001,32,5,SAMEA6618868,4.8836541175842285,4.110369682312012,True
ramularia_collo_cygni,mlp_a,0.001,32,5,SAMEA110189200,5.257686614990234,4.033162593841553,True
ramularia_collo_cygni,mlp_a,0.001,32,5,SAMEA6618869,3.8869855403900146,3.0601258277893066,True
ramularia_collo_cygni,mlp_a,0.001,32,5,SAMEA110189493,2.0253167152404785,3.608254909515381,True
