trait,model_name,learning_rate,batch_size,fold,IID,y_true,y_pred,selected_best_for_trait
lodging,mlp_a,0.001,32,1,SAMEA110189859,1.593071460723877,1.761191725730896,True
lodging,mlp_a,0.001,32,1,SAMEA110189838,2.4425461292266846,1.8563584089279175,True
lodging,mlp_a,0.001,32,1,SAMEA110189753,1.7847908735275269,1.6843434572219849,True
lodging,mlp_a,0.001,32,1,SAMEA110189739,2.2009165287017822,1.8347728252410889,True
lodging,mlp_a,0.001,32,1,SAMEA110189758,1.4295587539672852,1.7650452852249146,True
lodging,mlp_a,0.001,32,1,SAMEA110189759,2.0427193641662598,1.7161113023757935,True
lodging,mlp_a,0.001,32,1,SAMEA110189743,1.681479573249817,1.7463074922561646,True
lodging,mlp_a,0.001,32,1,SAMEA110189763,1.9754393100738525,1.734161376953125,True
lodging,mlp_a,0.001,32,1,SAMEA110189943,1.7715144157409668,1.809130072593689,True
lodging,mlp_a,0.001,32,1,SAMEA110189809,1.289758324623108,1.7913844585418701,True
lodging,mlp_a,0.001,32,1,SAMEA110189745,1.4939969778060913,1.7490434646606445,True
lodging,mlp_a,0.001,32,1,SAMEA110189765,1.5807236433029175,1.4952601194381714,True
lodging,mlp_a,0.001,32,1,SAMEA110189782,1.4058799743652344,1.8656643629074097,True
lodging,mlp_a,0.001,32,1,SAMEA110189811,1.620924949645996,1.739031434059143,True
lodging,mlp_a,0.001,32,1,SAMEA110189783,1.9104820489883423,1.9434171915054321,True
lodging,mlp_a,0.001,32,1,SAMEA110189785,1.3679938316345215,1.7181007862091064,True
lodging,mlp_a,0.001,32,1,SAMEA110189813,1.819732904434204,1.7092119455337524,True
lodging,mlp_a,0.001,32,1,SAMEA110189829,1.317918300628662,1.6483261585235596,True
lodging,mlp_a,0.001,32,1,SAMEA110189771,2.1005218029022217,1.7441502809524536,True
lodging,mlp_a,0.001,32,1,SAMEA110189848,2.1274619102478027,1.7511597871780396,True
lodging,mlp_a,0.001,32,1,SAMEA110189789,2.223409414291382,1.7600313425064087,True
lodging,mlp_a,0.001,32,1,SAMEA110189772,1.543784499168396,1.6465898752212524,True
lodging,mlp_a,0.001,32,1,SAMEA110189791,1.7528361082077026,1.7984906435012817,True
lodging,mlp_a,0.001,32,1,SAMEA110189832,1.3544440269470215,1.7580968141555786,True
lodging,mlp_a,0.001,32,1,SAMEA110189817,1.3127498626708984,1.700890064239502,True
lodging,mlp_a,0.001,32,1,SAMEA110189833,1.8726520538330078,1.8096860647201538,True
lodging,mlp_a,0.001,32,1,SAMEA110189819,1.2677799463272095,1.7497652769088745,True
lodging,mlp_a,0.001,32,1,SAMEA110189844,2.1055800914764404,1.5655055046081543,True
lodging,mlp_a,0.001,32,1,SAMEA110189796,1.4094140529632568,1.6206954717636108,True
lodging,mlp_a,0.001,32,1,SAMEA110189983,1.940916657447815,1.708357572555542,True
lodging,mlp_a,0.001,32,1,SAMEA110189965,1.8182579278945923,1.6500576734542847,True
lodging,mlp_a,0.001,32,1,SAMEA110189900,1.4397639036178589,1.5369383096694946,True
lodging,mlp_a,0.001,32,1,SAMEA110189929,1.5001801252365112,1.7643812894821167,True
lodging,mlp_a,0.001,32,1,SAMEA110189889,1.6769554615020752,1.7161298990249634,True
lodging,mlp_a,0.001,32,1,SAMEA110189936,1.5491513013839722,1.6832319498062134,True
lodging,mlp_a,0.001,32,1,SAMEA110189950,1.834635853767395,1.586818814277649,True
lodging,mlp_a,0.001,32,1,SAMEA110189894,1.509667992591858,1.5050183534622192,True
lodging,mlp_a,0.001,32,1,SAMEA110190030,1.4493381977081299,1.4069180488586426,True
lodging,mlp_a,0.001,32,1,SAMEA110190000,1.706855058670044,1.775917887687683,True
lodging,mlp_a,0.001,32,1,SAMEA110190031,1.7600771188735962,1.5817514657974243,True
lodging,mlp_a,0.001,32,1,SAMEA110189939,1.2996666431427002,1.6260836124420166,True
lodging,mlp_a,0.001,32,1,SAMEA110189904,1.4823719263076782,1.5344197750091553,True
lodging,mlp_a,0.001,32,1,SAMEA110189905,2.1595051288604736,1.560902714729309,True
lodging,mlp_a,0.001,32,1,SAMEA110189971,1.7225674390792847,1.6833021640777588,True
lodging,mlp_a,0.001,32,1,SAMEA110189910,1.8756557703018188,1.5986567735671997,True
lodging,mlp_a,0.001,32,1,SAMEA110189952,1.592225193977356,1.7719460725784302,True
lodging,mlp_a,0.001,32,1,SAMEA110190011,1.2146220207214355,1.399348497390747,True
lodging,mlp_a,0.001,32,1,SAMEA110189913,1.4195153713226318,1.5371631383895874,True
lodging,mlp_a,0.001,32,1,SAMEA110190028,1.8824490308761597,1.6458897590637207,True
lodging,mlp_a,0.001,32,1,SAMEA110189916,1.5871403217315674,1.5359190702438354,True
lodging,mlp_a,0.001,32,1,SAMEA110189918,2.156623363494873,1.5348843336105347,True
lodging,mlp_a,0.001,32,1,SAMEA110190014,1.5980844497680664,1.628082275390625,True
lodging,mlp_a,0.001,32,1,SAMEA110190017,1.738210678100586,1.6318809986114502,True
lodging,mlp_a,0.001,32,1,SAMEA110189920,1.4639753103256226,1.513049602508545,True
lodging,mlp_a,0.001,32,1,SAMEA110189994,1.0594018697738647,1.5140818357467651,True
lodging,mlp_a,0.001,32,1,SAMEA110190032,1.5207663774490356,1.6482597589492798,True
lodging,mlp_a,0.001,32,1,SAMEA110189923,1.3734748363494873,1.5966688394546509,True
lodging,mlp_a,0.001,32,1,SAMEA110189995,1.5335513353347778,1.5949822664260864,True
lodging,mlp_a,0.001,32,1,SAMEA110189979,1.931993007659912,1.7982406616210938,True
lodging,mlp_a,0.001,32,1,SAMEA110190019,0.9935833811759949,1.6477888822555542,True
lodging,mlp_a,0.001,32,1,SAMEA110189960,2.5570287704467773,1.7238434553146362,True
lodging,mlp_a,0.001,32,1,SAMEA110189981,1.2953892946243286,1.5719062089920044,True
lodging,mlp_a,0.001,32,1,SAMEA6619041,3.896026372909546,4.444783687591553,True
lodging,mlp_a,0.001,32,1,SAMEA110189554,4.439651012420654,4.67569637298584,True
lodging,mlp_a,0.001,32,1,SAMEA110189684,6.006309986114502,4.688144683837891,True
lodging,mlp_a,0.001,32,1,SAMEA110189693,6.137386322021484,4.417302131652832,True
lodging,mlp_a,0.001,32,1,SAMEA110189260,5.903995513916016,4.437514781951904,True
lodging,mlp_a,0.001,32,1,SAMEA110189323,3.833975076675415,3.7233667373657227,True
lodging,mlp_a,0.001,32,1,SAMEA6619035,5.610611915588379,4.176465034484863,True
lodging,mlp_a,0.001,32,1,SAMEA6619034,4.631430149078369,4.239048480987549,True
lodging,mlp_a,0.001,32,1,SAMEA110189327,1.3314759731292725,3.282559871673584,True
lodging,mlp_a,0.001,32,1,SAMEA6619033,5.924395561218262,4.655701160430908,True
lodging,mlp_a,0.001,32,1,SAMEA6619032,5.490590572357178,5.179201602935791,True
lodging,mlp_a,0.001,32,1,SAMEA110189330,5.261664390563965,4.312629222869873,True
lodging,mlp_a,0.001,32,1,SAMEA110189158,4.189356803894043,5.140971660614014,True
lodging,mlp_a,0.001,32,1,SAMEA110189699,4.955320358276367,4.521815299987793,True
lodging,mlp_a,0.001,32,1,SAMEA110189552,5.832376956939697,4.088314533233643,True
lodging,mlp_a,0.001,32,1,SAMEA6619023,2.175288438796997,2.758366584777832,True
lodging,mlp_a,0.001,32,1,SAMEA110189445,5.3449201583862305,5.331071853637695,True
lodging,mlp_a,0.001,32,1,SAMEA6619020,1.5840229988098145,3.8954129219055176,True
lodging,mlp_a,0.001,32,1,SAMEA110189486,6.167182922363281,4.48103141784668,True
lodging,mlp_a,0.001,32,1,SAMEA6619002,6.509157657623291,5.488478183746338,True
lodging,mlp_a,0.001,32,1,SAMEA110188994,5.956223487854004,4.975478649139404,True
lodging,mlp_a,0.001,32,1,SAMEA110189447,4.614984035491943,4.42239236831665,True
lodging,mlp_a,0.001,32,1,SAMEA6618996,5.486231803894043,4.343454837799072,True
lodging,mlp_a,0.001,32,1,SAMEA110189306,5.839402675628662,4.290624618530273,True
lodging,mlp_a,0.001,32,1,SAMEA110189305,4.574819564819336,4.591312408447266,True
lodging,mlp_a,0.001,32,1,SAMEA110189450,3.0076589584350586,2.24092435836792,True
lodging,mlp_a,0.001,32,1,SAMEA6618994,3.878657579421997,4.65718936920166,True
lodging,mlp_a,0.001,32,1,SAMEA110189243,4.272316932678223,4.831032752990723,True
lodging,mlp_a,0.001,32,1,SAMEA110189088,2.339632511138916,3.0375494956970215,True
lodging,mlp_a,0.001,32,1,SAMEA110188999,5.945419788360596,4.277987957000732,True
lodging,mlp_a,0.001,32,1,SAMEA110188927,4.0504937171936035,3.1748552322387695,True
lodging,mlp_a,0.001,32,1,SAMEA110188928,5.302868366241455,3.5338239669799805,True
lodging,mlp_a,0.001,32,1,SAMEA110188931,2.455953598022461,3.069304943084717,True
lodging,mlp_a,0.001,32,1,SAMEA110189454,3.9727416038513184,5.29854154586792,True
lodging,mlp_a,0.001,32,1,SAMEA110189086,3.348766326904297,4.528867721557617,True
lodging,mlp_a,0.001,32,1,SAMEA6618986,5.850636005401611,4.962438583374023,True
lodging,mlp_a,0.001,32,1,SAMEA110189003,4.260302543640137,4.769047737121582,True
lodging,mlp_a,0.001,32,1,SAMEA110188940,3.1947021484375,3.527456760406494,True
lodging,mlp_a,0.001,32,1,SAMEA110189096,5.4754486083984375,5.045960903167725,True
lodging,mlp_a,0.001,32,1,SAMEA110189007,4.376836776733398,3.7468619346618652,True
lodging,mlp_a,0.001,32,1,SAMEA6618982,5.8212995529174805,4.100968360900879,True
lodging,mlp_a,0.001,32,1,SAMEA110189016,3.4988958835601807,3.154414176940918,True
lodging,mlp_a,0.001,32,1,SAMEA6618976,4.719864845275879,4.063838958740234,True
lodging,mlp_a,0.001,32,1,SAMEA110189102,4.915984153747559,3.64229679107666,True
lodging,mlp_a,0.001,32,1,SAMEA6618970,4.397955417633057,4.789925575256348,True
lodging,mlp_a,0.001,32,1,SAMEA110189027,4.652113914489746,3.866109848022461,True
lodging,mlp_a,0.001,32,1,SAMEA110189029,4.702770233154297,4.083598613739014,True
lodging,mlp_a,0.001,32,1,SAMEA110189605,5.650843143463135,5.064026832580566,True
lodging,mlp_a,0.001,32,1,SAMEA110188971,2.1239514350891113,1.9217065572738647,True
lodging,mlp_a,0.001,32,1,SAMEA6618964,4.856869697570801,5.059741973876953,True
lodging,mlp_a,0.001,32,1,SAMEA110188975,3.3621315956115723,3.3100199699401855,True
lodging,mlp_a,0.001,32,1,SAMEA110189548,7.622874736785889,5.445256233215332,True
lodging,mlp_a,0.001,32,1,SAMEA110189283,4.39902925491333,4.7851057052612305,True
lodging,mlp_a,0.001,32,1,SAMEA6618961,2.931079626083374,4.119215965270996,True
lodging,mlp_a,0.001,32,1,SAMEA6618960,5.118345260620117,5.199877738952637,True
lodging,mlp_a,0.001,32,1,SAMEA6618959,4.96138334274292,3.380232334136963,True
lodging,mlp_a,0.001,32,1,SAMEA6618956,4.084518909454346,4.401275157928467,True
lodging,mlp_a,0.001,32,1,SAMEA110189127,3.33243727684021,3.510728359222412,True
lodging,mlp_a,0.001,32,1,SAMEA6618954,3.032681465148926,2.7276792526245117,True
lodging,mlp_a,0.001,32,1,SAMEA110188950,1.8422415256500244,2.020481824874878,True
lodging,mlp_a,0.001,32,1,SAMEA110189132,3.124427556991577,3.6626949310302734,True
lodging,mlp_a,0.001,32,1,SAMEA110189638,4.226098537445068,3.699462413787842,True
lodging,mlp_a,0.001,32,1,SAMEA110189506,5.520380020141602,4.230924606323242,True
lodging,mlp_a,0.001,32,1,SAMEA110189355,4.023148536682129,3.661165237426758,True
lodging,mlp_a,0.001,32,1,SAMEA110189076,5.129638671875,5.2350687980651855,True
lodging,mlp_a,0.001,32,1,SAMEA6618941,6.398037910461426,4.831692695617676,True
lodging,mlp_a,0.001,32,1,SAMEA6618938,3.9270734786987305,3.369582176208496,True
lodging,mlp_a,0.001,32,1,SAMEA6618931,5.858145713806152,4.808680534362793,True
lodging,mlp_a,0.001,32,1,SAMEA110189390,2.714066505432129,3.6871299743652344,True
lodging,mlp_a,0.001,32,1,SAMEA6618930,3.557785749435425,3.812966823577881,True
lodging,mlp_a,0.001,32,1,SAMEA110189553,5.126183986663818,4.4198317527771,True
lodging,mlp_a,0.001,32,1,SAMEA110189279,4.519586086273193,4.532302379608154,True
lodging,mlp_a,0.001,32,1,SAMEA110189608,4.74048376083374,4.509171009063721,True
lodging,mlp_a,0.001,32,1,SAMEA110189281,4.9218363761901855,3.3413915634155273,True
lodging,mlp_a,0.001,32,1,SAMEA110189369,6.354450225830078,4.384918689727783,True
lodging,mlp_a,0.001,32,1,SAMEA110189513,5.31382942199707,3.8132400512695312,True
lodging,mlp_a,0.001,32,1,SAMEA110189664,6.429281234741211,5.526947021484375,True
lodging,mlp_a,0.001,32,1,SAMEA6618910,2.2724409103393555,2.987351417541504,True
lodging,mlp_a,0.001,32,1,SAMEA110189264,4.775419235229492,4.24254846572876,True
lodging,mlp_a,0.001,32,1,SAMEA110189461,3.412517786026001,3.4069390296936035,True
lodging,mlp_a,0.001,32,1,SAMEA110189296,5.712272644042969,4.376379489898682,True
lodging,mlp_a,0.001,32,1,SAMEA110189247,2.7519524097442627,2.652007579803467,True
lodging,mlp_a,0.001,32,1,SAMEA110189302,5.0354533195495605,4.934120178222656,True
lodging,mlp_a,0.001,32,1,SAMEA110189265,5.107548713684082,4.060940742492676,True
lodging,mlp_a,0.001,32,1,SAMEA110189248,6.251530647277832,4.219120979309082,True
lodging,mlp_a,0.001,32,1,SAMEA110189519,4.262197494506836,4.26821756362915,True
lodging,mlp_a,0.001,32,1,SAMEA110189628,7.573818206787109,4.463822364807129,True
lodging,mlp_a,0.001,32,1,SAMEA110189564,5.317745685577393,4.160900592803955,True
lodging,mlp_a,0.001,32,1,SAMEA6618892,4.566377639770508,4.33679723739624,True
lodging,mlp_a,0.001,32,1,SAMEA110189584,6.133938312530518,4.380555629730225,True
lodging,mlp_a,0.001,32,1,SAMEA6618889,6.139518737792969,4.916872024536133,True
lodging,mlp_a,0.001,32,1,SAMEA110189712,4.476460933685303,4.273834228515625,True
lodging,mlp_a,0.001,32,1,SAMEA110189669,3.796933174133301,2.883218765258789,True
lodging,mlp_a,0.001,32,1,SAMEA110189197,4.503331184387207,4.27183198928833,True
lodging,mlp_a,0.001,32,1,SAMEA110189221,4.473978042602539,3.093001365661621,True
lodging,mlp_a,0.001,32,1,SAMEA110189568,4.672937870025635,4.347345352172852,True
lodging,mlp_a,0.001,32,1,SAMEA110189467,4.525669574737549,4.359172821044922,True
lodging,mlp_a,0.001,32,1,SAMEA110189251,6.223058700561523,4.942782402038574,True
lodging,mlp_a,0.001,32,1,SAMEA110189268,4.375487804412842,4.440445423126221,True
lodging,mlp_a,0.001,32,1,SAMEA110189270,6.104599952697754,4.576196670532227,True
lodging,mlp_a,0.001,32,1,SAMEA110189254,6.014842510223389,4.66597843170166,True
lodging,mlp_a,0.001,32,1,SAMEA110189521,6.763826847076416,5.215757846832275,True
lodging,mlp_a,0.001,32,1,SAMEA110189523,6.70361328125,4.813266754150391,True
lodging,mlp_a,0.001,32,1,SAMEA110189558,5.55701208114624,4.836603164672852,True
lodging,mlp_a,0.001,32,1,SAMEA110189222,1.6805360317230225,1.9102139472961426,True
lodging,mlp_a,0.001,32,1,SAMEA6618879,3.85646653175354,4.631462097167969,True
lodging,mlp_a,0.001,32,1,SAMEA110189536,5.11973237991333,4.810033321380615,True
lodging,mlp_a,0.001,32,1,SAMEA110189278,3.3016107082366943,3.7284998893737793,True
lodging,mlp_a,0.001,32,1,SAMEA110189543,4.638951301574707,4.490119934082031,True
lodging,mlp_a,0.001,32,1,SAMEA110189225,1.3377087116241455,1.9192070960998535,True
lodging,mlp_a,0.001,32,1,SAMEA110189300,4.641198635101318,3.9999022483825684,True
lodging,mlp_a,0.001,32,1,SAMEA110189427,4.043323516845703,3.9440107345581055,True
lodging,mlp_a,0.001,32,1,SAMEA110189681,4.829363822937012,4.472207546234131,True
lodging,mlp_a,0.001,32,1,SAMEA110189607,5.225062847137451,4.576943874359131,True
lodging,mlp_a,0.001,32,1,SAMEA110189533,5.50569486618042,4.541286468505859,True
lodging,mlp_a,0.001,32,1,SAMEA110189436,4.657951831817627,4.605868339538574,True
lodging,mlp_a,0.001,32,1,SAMEA110189439,6.566555500030518,4.764091491699219,True
lodging,mlp_a,0.001,32,1,SAMEA110189656,5.071310997009277,3.865497589111328,True
lodging,mlp_a,0.001,32,1,SAMEA6618823,1.9695932865142822,1.9356595277786255,True
lodging,mlp_a,0.001,32,1,SAMEA110189705,1.809142827987671,2.2420425415039062,True
lodging,mlp_a,0.001,32,1,SAMEA110189332,3.8822994232177734,4.220700263977051,True
lodging,mlp_a,0.001,32,1,SAMEA110189599,5.241783142089844,5.489986419677734,True
lodging,mlp_a,0.001,32,1,SAMEA110189432,4.888845443725586,4.141748428344727,True
lodging,mlp_a,0.001,32,1,SAMEA110189632,6.11279821395874,5.000891208648682,True
lodging,mlp_a,0.001,32,1,SAMEA6618831,1.8447595834732056,3.327719211578369,True
lodging,mlp_a,0.001,32,1,SAMEA110188993,4.089283466339111,3.750678062438965,True
lodging,mlp_a,0.001,32,1,SAMEA6618838,4.4789018630981445,3.161181926727295,True
lodging,mlp_a,0.001,32,1,SAMEA110189448,2.9792261123657227,2.3904504776000977,True
lodging,mlp_a,0.001,32,1,SAMEA110189500,2.8968968391418457,3.6321845054626465,True
lodging,mlp_a,0.001,32,1,SAMEA6618839,3.5082061290740967,3.9270195960998535,True
lodging,mlp_a,0.001,32,1,SAMEA110189502,5.185553550720215,5.320523262023926,True
lodging,mlp_a,0.001,32,1,SAMEA110189348,5.2022528648376465,3.6476430892944336,True
lodging,mlp_a,0.001,32,1,SAMEA110188937,5.015907287597656,3.586855411529541,True
lodging,mlp_a,0.001,32,1,SAMEA110189039,1.6261415481567383,2.683753490447998,True
lodging,mlp_a,0.001,32,1,SAMEA110189115,4.770455360412598,5.452450752258301,True
lodging,mlp_a,0.001,32,1,SAMEA110189045,3.1010630130767822,2.654141902923584,True
lodging,mlp_a,0.001,32,1,SAMEA110188949,2.268932342529297,3.495499610900879,True
lodging,mlp_a,0.001,32,1,SAMEA110189384,3.220548629760742,3.781538963317871,True
lodging,mlp_a,0.001,32,1,SAMEA110189120,4.152411460876465,3.658191204071045,True
lodging,mlp_a,0.001,32,1,SAMEA110189048,2.517946243286133,3.398397922515869,True
lodging,mlp_a,0.001,32,1,SAMEA110188978,1.7141447067260742,3.1347618103027344,True
lodging,mlp_a,0.001,32,1,SAMEA110189060,5.065734386444092,3.951746940612793,True
lodging,mlp_a,0.001,32,1,SAMEA110189063,3.2599003314971924,2.9267630577087402,True
lodging,mlp_a,0.001,32,1,SAMEA110189135,3.9341166019439697,4.022406578063965,True
lodging,mlp_a,0.001,32,1,SAMEA110189064,3.1791398525238037,3.4227428436279297,True
lodging,mlp_a,0.001,32,1,SAMEA110189141,3.710430383682251,3.6452298164367676,True
lodging,mlp_a,0.001,32,1,SAMEA110189069,4.575616836547852,3.9410128593444824,True
lodging,mlp_a,0.001,32,1,SAMEA110189387,2.8869571685791016,3.211977481842041,True
lodging,mlp_a,0.001,32,1,SAMEA110189391,4.3401689529418945,3.919349193572998,True
lodging,mlp_a,0.001,32,1,SAMEA110189362,2.959303617477417,2.0668797492980957,True
lodging,mlp_a,0.001,32,1,SAMEA110189368,4.8163065910339355,4.215200901031494,True
lodging,mlp_a,0.001,32,1,SAMEA110189510,5.377026557922363,4.196411609649658,True
lodging,mlp_a,0.001,32,1,SAMEA110189412,4.6322832107543945,4.013406276702881,True
lodging,mlp_a,0.001,32,1,SAMEA110189590,4.990581512451172,4.029513359069824,True
lodging,mlp_a,0.001,32,1,SAMEA110189190,2.3316893577575684,2.573119640350342,True
lodging,mlp_a,0.001,32,1,SAMEA110189425,2.179415225982666,1.9353762865066528,True
lodging,mlp_a,0.001,32,1,SAMEA110189224,5.375732421875,3.7391762733459473,True
lodging,mlp_a,0.001,32,1,SAMEA110189377,2.7973504066467285,2.663999557495117,True
lodging,mlp_a,0.001,32,1,SAMEA110189674,5.023222923278809,3.985781192779541,True
lodging,mlp_a,0.001,32,1,SAMEA110189557,4.261307239532471,4.410620212554932,True
lodging,mlp_a,0.001,32,2,SAMEA110189858,1.3246428966522217,2.5029523372650146,True
lodging,mlp_a,0.001,32,2,SAMEA110189836,1.3467248678207397,1.9839787483215332,True
lodging,mlp_a,0.001,32,2,SAMEA110189837,1.1607698202133179,1.877556324005127,True
lodging,mlp_a,0.001,32,2,SAMEA110189750,1.740891456604004,1.8807346820831299,True
lodging,mlp_a,0.001,32,2,SAMEA110189752,1.6576032638549805,1.499324083328247,True
lodging,mlp_a,0.001,32,2,SAMEA110189803,1.8665608167648315,1.7860276699066162,True
lodging,mlp_a,0.001,32,2,SAMEA110189757,1.8633962869644165,1.8542051315307617,True
lodging,mlp_a,0.001,32,2,SAMEA110189824,1.2401363849639893,1.9111170768737793,True
lodging,mlp_a,0.001,32,2,SAMEA110189828,1.9757083654403687,1.8645553588867188,True
lodging,mlp_a,0.001,32,2,SAMEA110189767,1.9582620859146118,1.8765265941619873,True
lodging,mlp_a,0.001,32,2,SAMEA110189812,1.5856691598892212,1.9521563053131104,True
lodging,mlp_a,0.001,32,2,SAMEA110189784,1.6447347402572632,1.729339599609375,True
lodging,mlp_a,0.001,32,2,SAMEA110189734,1.8380378484725952,1.9235444068908691,True
lodging,mlp_a,0.001,32,2,SAMEA110189847,1.7170807123184204,1.8351764678955078,True
lodging,mlp_a,0.001,32,2,SAMEA110189843,1.5227563381195068,2.10097599029541,True
lodging,mlp_a,0.001,32,2,SAMEA110189815,2.3517630100250244,1.9110863208770752,True
lodging,mlp_a,0.001,32,2,SAMEA110189849,1.3317633867263794,1.9992599487304688,True
lodging,mlp_a,0.001,32,2,SAMEA110189790,1.9659408330917358,1.804382562637329,True
lodging,mlp_a,0.001,32,2,SAMEA110189793,1.6382927894592285,1.895545482635498,True
lodging,mlp_a,0.001,32,2,SAMEA110189915,1.750860571861267,1.9525294303894043,True
lodging,mlp_a,0.001,32,2,SAMEA110189852,1.8514635562896729,1.7419471740722656,True
lodging,mlp_a,0.001,32,2,SAMEA110189854,1.6015191078186035,1.8699703216552734,True
lodging,mlp_a,0.001,32,2,SAMEA110189818,1.4672715663909912,1.9263992309570312,True
lodging,mlp_a,0.001,32,2,SAMEA110189914,1.9424245357513428,1.8678882122039795,True
lodging,mlp_a,0.001,32,2,SAMEA110189798,1.5809239149093628,2.185821056365967,True
lodging,mlp_a,0.001,32,2,SAMEA110189834,1.4937268495559692,1.9748585224151611,True
lodging,mlp_a,0.001,32,2,SAMEA110189985,1.8275865316390991,1.5630333423614502,True
lodging,mlp_a,0.001,32,2,SAMEA110189899,1.8173723220825195,1.6609582901000977,True
lodging,mlp_a,0.001,32,2,SAMEA110189966,1.1488981246948242,1.7142002582550049,True
lodging,mlp_a,0.001,32,2,SAMEA110189982,2.17529559135437,1.6846494674682617,True
lodging,mlp_a,0.001,32,2,SAMEA110189949,1.1808459758758545,1.5106897354125977,True
lodging,mlp_a,0.001,32,2,SAMEA110189988,1.3916856050491333,1.5940091609954834,True
lodging,mlp_a,0.001,32,2,SAMEA110189999,1.7437548637390137,1.9248664379119873,True
lodging,mlp_a,0.001,32,2,SAMEA110190010,1.3502000570297241,1.6742074489593506,True
lodging,mlp_a,0.001,32,2,SAMEA110189870,1.599452018737793,1.9888808727264404,True
lodging,mlp_a,0.001,32,2,SAMEA110189907,2.3238742351531982,1.5557780265808105,True
lodging,mlp_a,0.001,32,2,SAMEA110189911,1.6629211902618408,1.531050682067871,True
lodging,mlp_a,0.001,32,2,SAMEA110189972,1.7851563692092896,1.7263469696044922,True
lodging,mlp_a,0.001,32,2,SAMEA110189974,1.03887939453125,1.7094767093658447,True
lodging,mlp_a,0.001,32,2,SAMEA110190008,1.6904171705245972,1.883054256439209,True
lodging,mlp_a,0.001,32,2,SAMEA110189872,1.468285083770752,1.507279872894287,True
lodging,mlp_a,0.001,32,2,SAMEA110189873,2.0209436416625977,1.613123893737793,True
lodging,mlp_a,0.001,32,2,SAMEA110189876,1.7332154512405396,1.7321555614471436,True
lodging,mlp_a,0.001,32,2,SAMEA110189953,1.6341739892959595,1.712656021118164,True
lodging,mlp_a,0.001,32,2,SAMEA110190013,2.1789166927337646,1.8899946212768555,True
lodging,mlp_a,0.001,32,2,SAMEA110189942,1.054599404335022,1.5751392841339111,True
lodging,mlp_a,0.001,32,2,SAMEA110189885,1.9203169345855713,1.6441991329193115,True
lodging,mlp_a,0.001,32,2,SAMEA110189954,1.243463158607483,1.7393226623535156,True
lodging,mlp_a,0.001,32,2,SAMEA110189955,1.3194338083267212,1.5868356227874756,True
lodging,mlp_a,0.001,32,2,SAMEA110190004,1.1106204986572266,1.741208553314209,True
lodging,mlp_a,0.001,32,2,SAMEA110190042,1.1517207622528076,2.1840755939483643,True
lodging,mlp_a,0.001,32,2,SAMEA110190005,1.6516060829162598,1.4876291751861572,True
lodging,mlp_a,0.001,32,2,SAMEA110189897,1.4191856384277344,1.780829906463623,True
lodging,mlp_a,0.001,32,2,SAMEA110189993,1.576546311378479,1.8962445259094238,True
lodging,mlp_a,0.001,32,2,SAMEA110189898,1.4711980819702148,1.6974084377288818,True
lodging,mlp_a,0.001,32,2,SAMEA110190033,1.7111865282058716,1.6283411979675293,True
lodging,mlp_a,0.001,32,2,SAMEA110189996,1.2937536239624023,1.590062141418457,True
lodging,mlp_a,0.001,32,2,SAMEA110189980,1.0698240995407104,1.496192216873169,True
lodging,mlp_a,0.001,32,2,SAMEA110190020,1.9616141319274902,1.5856091976165771,True
lodging,mlp_a,0.001,32,2,SAMEA110189540,6.448899745941162,5.900107383728027,True
lodging,mlp_a,0.001,32,2,SAMEA110189682,3.6804723739624023,4.696813106536865,True
lodging,mlp_a,0.001,32,2,SAMEA110189683,3.4722933769226074,4.4971771240234375,True
lodging,mlp_a,0.001,32,2,SAMEA110189227,4.378330230712891,4.263749599456787,True
lodging,mlp_a,0.001,32,2,SAMEA110189435,5.301541328430176,4.17064905166626,True
lodging,mlp_a,0.001,32,2,SAMEA110189164,2.150761604309082,2.572383165359497,True
lodging,mlp_a,0.001,32,2,SAMEA110189294,1.8475418090820312,3.004406690597534,True
lodging,mlp_a,0.001,32,2,SAMEA110189694,2.4280340671539307,3.940997838973999,True
lodging,mlp_a,0.001,32,2,SAMEA110189697,4.221243381500244,4.645776748657227,True
lodging,mlp_a,0.001,32,2,SAMEA110189497,4.191054344177246,4.450133800506592,True
lodging,mlp_a,0.001,32,2,SAMEA110189491,3.1144297122955322,3.596892833709717,True
lodging,mlp_a,0.001,32,2,SAMEA6619027,4.758328914642334,4.1913323402404785,True
lodging,mlp_a,0.001,32,2,SAMEA6619026,6.04562520980835,5.471060752868652,True
lodging,mlp_a,0.001,32,2,SAMEA110189612,4.273195266723633,4.846671104431152,True
lodging,mlp_a,0.001,32,2,SAMEA110189485,5.1443257331848145,4.911862373352051,True
lodging,mlp_a,0.001,32,2,SAMEA110189643,5.581716537475586,4.729231834411621,True
lodging,mlp_a,0.001,32,2,SAMEA110189566,3.3477089405059814,4.466818809509277,True
lodging,mlp_a,0.001,32,2,SAMEA110189301,5.766552925109863,5.334712028503418,True
lodging,mlp_a,0.001,32,2,SAMEA110189573,4.347813606262207,4.681279182434082,True
lodging,mlp_a,0.001,32,2,SAMEA110189290,4.411695957183838,4.841079235076904,True
lodging,mlp_a,0.001,32,2,SAMEA110189261,3.8547587394714355,4.51168966293335,True
lodging,mlp_a,0.001,32,2,SAMEA110189630,5.185357093811035,4.330229759216309,True
lodging,mlp_a,0.001,32,2,SAMEA110189238,5.668091297149658,5.240584373474121,True
lodging,mlp_a,0.001,32,2,SAMEA110188929,3.232630729675293,3.373110294342041,True
lodging,mlp_a,0.001,32,2,SAMEA110188930,3.5499751567840576,4.802853584289551,True
lodging,mlp_a,0.001,32,2,SAMEA6618989,4.650353908538818,4.813243865966797,True
lodging,mlp_a,0.001,32,2,SAMEA110188932,4.2432026863098145,4.076286792755127,True
lodging,mlp_a,0.001,32,2,SAMEA110188933,2.604217767715454,3.779463291168213,True
lodging,mlp_a,0.001,32,2,SAMEA110188963,3.2164366245269775,4.019212245941162,True
lodging,mlp_a,0.001,32,2,SAMEA110188964,3.590791702270508,3.7037956714630127,True
lodging,mlp_a,0.001,32,2,SAMEA110189000,6.264105796813965,5.1815104484558105,True
lodging,mlp_a,0.001,32,2,SAMEA110189001,4.8322248458862305,4.638676643371582,True
lodging,mlp_a,0.001,32,2,SAMEA110189093,3.1036226749420166,4.414411544799805,True
lodging,mlp_a,0.001,32,2,SAMEA6618985,5.539852619171143,4.606764316558838,True
lodging,mlp_a,0.001,32,2,SAMEA6618983,4.183703899383545,4.414919853210449,True
lodging,mlp_a,0.001,32,2,SAMEA110189012,5.181902885437012,4.681459426879883,True
lodging,mlp_a,0.001,32,2,SAMEA6618977,5.523333549499512,4.563955783843994,True
lodging,mlp_a,0.001,32,2,SAMEA6618974,5.562203884124756,4.85067892074585,True
lodging,mlp_a,0.001,32,2,SAMEA110189019,5.512279510498047,4.558069705963135,True
lodging,mlp_a,0.001,32,2,SAMEA6618972,3.6588664054870605,3.5651872158050537,True
lodging,mlp_a,0.001,32,2,SAMEA110189024,3.790861129760742,4.586122512817383,True
lodging,mlp_a,0.001,32,2,SAMEA110189031,4.538992881774902,4.338869094848633,True
lodging,mlp_a,0.001,32,2,SAMEA110189032,5.463588237762451,4.390897750854492,True
lodging,mlp_a,0.001,32,2,SAMEA110189108,5.114981174468994,3.9056222438812256,True
lodging,mlp_a,0.001,32,2,SAMEA110189042,3.897087574005127,4.241769313812256,True
lodging,mlp_a,0.001,32,2,SAMEA110188970,3.0578129291534424,2.2187259197235107,True
lodging,mlp_a,0.001,32,2,SAMEA110188972,2.846266269683838,2.9119441509246826,True
lodging,mlp_a,0.001,32,2,SAMEA110188973,4.712003707885742,4.693558216094971,True
lodging,mlp_a,0.001,32,2,SAMEA110189550,4.497893810272217,4.816647529602051,True
lodging,mlp_a,0.001,32,2,SAMEA110189050,4.357475280761719,4.105005264282227,True
lodging,mlp_a,0.001,32,2,SAMEA110189122,4.0849080085754395,4.576876640319824,True
lodging,mlp_a,0.001,32,2,SAMEA110189123,5.227534294128418,4.407238006591797,True
lodging,mlp_a,0.001,32,2,SAMEA6618958,2.9870047569274902,3.109571695327759,True
lodging,mlp_a,0.001,32,2,SAMEA6618955,3.385490894317627,3.7841784954071045,True
lodging,mlp_a,0.001,32,2,SAMEA110188981,1.8524976968765259,2.6346757411956787,True
lodging,mlp_a,0.001,32,2,SAMEA110188982,1.9918309450149536,2.354099988937378,True
lodging,mlp_a,0.001,32,2,SAMEA110189130,4.415043830871582,4.027892589569092,True
lodging,mlp_a,0.001,32,2,SAMEA6618950,4.788720607757568,4.62333869934082,True
lodging,mlp_a,0.001,32,2,SAMEA110189455,5.345047950744629,4.80650520324707,True
lodging,mlp_a,0.001,32,2,SAMEA6618944,2.835606336593628,3.5031826496124268,True
lodging,mlp_a,0.001,32,2,SAMEA6618943,4.656178951263428,4.0492119789123535,True
lodging,mlp_a,0.001,32,2,SAMEA110188987,2.226618528366089,3.160790205001831,True
lodging,mlp_a,0.001,32,2,SAMEA110189153,5.1158061027526855,5.090839385986328,True
lodging,mlp_a,0.001,32,2,SAMEA110189282,4.717029094696045,4.0569634437561035,True
lodging,mlp_a,0.001,32,2,SAMEA110189181,4.458320617675781,4.106862545013428,True
lodging,mlp_a,0.001,32,2,SAMEA6618942,3.1842806339263916,4.118265628814697,True
lodging,mlp_a,0.001,32,2,SAMEA110189182,5.4690117835998535,3.8141188621520996,True
lodging,mlp_a,0.001,32,2,SAMEA110189149,4.292327880859375,4.955236911773682,True
lodging,mlp_a,0.001,32,2,SAMEA110189206,4.656513690948486,4.493434906005859,True
lodging,mlp_a,0.001,32,2,SAMEA110189079,5.898260593414307,5.113061904907227,True
lodging,mlp_a,0.001,32,2,SAMEA110189152,4.485682964324951,3.9509620666503906,True
lodging,mlp_a,0.001,32,2,SAMEA110189207,4.343036651611328,3.1750826835632324,True
lodging,mlp_a,0.001,32,2,SAMEA110189208,3.8972461223602295,4.124495029449463,True
lodging,mlp_a,0.001,32,2,SAMEA110189276,4.239418983459473,4.648282051086426,True
lodging,mlp_a,0.001,32,2,SAMEA110189211,4.879896640777588,4.216820240020752,True
lodging,mlp_a,0.001,32,2,SAMEA110189184,2.199258804321289,2.7880923748016357,True
lodging,mlp_a,0.001,32,2,SAMEA110189392,3.458677291870117,4.0829010009765625,True
lodging,mlp_a,0.001,32,2,SAMEA6618928,2.8398711681365967,2.8158798217773438,True
lodging,mlp_a,0.001,32,2,SAMEA110189396,2.836531400680542,4.479226589202881,True
lodging,mlp_a,0.001,32,2,SAMEA6618926,4.280409336090088,3.840935468673706,True
lodging,mlp_a,0.001,32,2,SAMEA110189397,3.3025760650634766,4.242999076843262,True
lodging,mlp_a,0.001,32,2,SAMEA110189189,2.9449615478515625,2.82820725440979,True
lodging,mlp_a,0.001,32,2,SAMEA6618913,4.622479438781738,3.9716200828552246,True
lodging,mlp_a,0.001,32,2,SAMEA110189371,3.5825252532958984,4.131198406219482,True
lodging,mlp_a,0.001,32,2,SAMEA6618908,5.5943450927734375,4.358076572418213,True
lodging,mlp_a,0.001,32,2,SAMEA110189459,5.867212772369385,5.274204254150391,True
lodging,mlp_a,0.001,32,2,SAMEA110189516,2.975325345993042,4.276299953460693,True
lodging,mlp_a,0.001,32,2,SAMEA110189304,4.276882171630859,5.077592849731445,True
lodging,mlp_a,0.001,32,2,SAMEA110189266,3.6106040477752686,3.8033688068389893,True
lodging,mlp_a,0.001,32,2,SAMEA110189465,4.414176940917969,4.1208720207214355,True
lodging,mlp_a,0.001,32,2,SAMEA6618897,2.256176710128784,2.4849894046783447,True
lodging,mlp_a,0.001,32,2,SAMEA110189725,3.1151092052459717,4.7148213386535645,True
lodging,mlp_a,0.001,32,2,SAMEA6618894,3.2519328594207764,4.642362594604492,True
lodging,mlp_a,0.001,32,2,SAMEA110189626,4.077030181884766,4.408014297485352,True
lodging,mlp_a,0.001,32,2,SAMEA110189196,2.8011794090270996,3.573270082473755,True
lodging,mlp_a,0.001,32,2,SAMEA110189285,5.179140567779541,3.764356851577759,True
lodging,mlp_a,0.001,32,2,SAMEA110189275,3.4318459033966064,3.4338903427124023,True
lodging,mlp_a,0.001,32,2,SAMEA6618886,5.475898742675781,5.483626842498779,True
lodging,mlp_a,0.001,32,2,SAMEA110189623,7.265955924987793,6.1548051834106445,True
lodging,mlp_a,0.001,32,2,SAMEA110189633,4.8720316886901855,4.6289286613464355,True
lodging,mlp_a,0.001,32,2,SAMEA110189468,4.392127513885498,5.638584136962891,True
lodging,mlp_a,0.001,32,2,SAMEA110189469,6.779607772827148,5.533520221710205,True
lodging,mlp_a,0.001,32,2,SAMEA110189539,3.54480242729187,4.382050514221191,True
lodging,mlp_a,0.001,32,2,SAMEA110189223,1.7783819437026978,2.194065570831299,True
lodging,mlp_a,0.001,32,2,SAMEA110189559,5.684941291809082,4.8065996170043945,True
lodging,mlp_a,0.001,32,2,SAMEA110189537,3.8624446392059326,4.72603178024292,True
lodging,mlp_a,0.001,32,2,SAMEA6435265,4.5847039222717285,4.711711406707764,True
lodging,mlp_a,0.001,32,2,SAMEA110189311,1.2181627750396729,2.7587578296661377,True
lodging,mlp_a,0.001,32,2,SAMEA110189312,1.2485605478286743,2.0975229740142822,True
lodging,mlp_a,0.001,32,2,SAMEA110189589,3.5847368240356445,4.416393280029297,True
lodging,mlp_a,0.001,32,2,SAMEA110189689,3.9191524982452393,4.4117021560668945,True
lodging,mlp_a,0.001,32,2,SAMEA110189167,1.8017562627792358,2.346843957901001,True
lodging,mlp_a,0.001,32,2,SAMEA110189634,5.476465702056885,3.7974534034729004,True
lodging,mlp_a,0.001,32,2,SAMEA110189329,2.403801202774048,2.1956398487091064,True
lodging,mlp_a,0.001,32,2,SAMEA110189649,3.3044965267181396,4.596833229064941,True
lodging,mlp_a,0.001,32,2,SAMEA110189655,4.321430206298828,4.438636779785156,True
lodging,mlp_a,0.001,32,2,SAMEA110189334,3.0196902751922607,2.2653017044067383,True
lodging,mlp_a,0.001,32,2,SAMEA6618827,4.906033515930176,5.541772365570068,True
lodging,mlp_a,0.001,32,2,SAMEA110189615,4.8383469581604,3.941666841506958,True
lodging,mlp_a,0.001,32,2,SAMEA110189598,4.463347434997559,4.51278018951416,True
lodging,mlp_a,0.001,32,2,SAMEA6618828,4.298861980438232,4.139662742614746,True
lodging,mlp_a,0.001,32,2,SAMEA110189443,5.6221537590026855,5.49782657623291,True
lodging,mlp_a,0.001,32,2,SAMEA110189444,5.784897327423096,4.260422229766846,True
lodging,mlp_a,0.001,32,2,SAMEA110189600,2.3948888778686523,3.989170789718628,True
lodging,mlp_a,0.001,32,2,SAMEA6618830,4.167079925537109,4.775134086608887,True
lodging,mlp_a,0.001,32,2,SAMEA110189481,3.063298225402832,3.7704241275787354,True
lodging,mlp_a,0.001,32,2,SAMEA110189228,1.892332911491394,3.4576776027679443,True
lodging,mlp_a,0.001,32,2,SAMEA6618833,2.213588237762451,1.8545610904693604,True
lodging,mlp_a,0.001,32,2,SAMEA110189175,6.122793197631836,4.646414756774902,True
lodging,mlp_a,0.001,32,2,SAMEA110189341,4.654163837432861,4.4530487060546875,True
lodging,mlp_a,0.001,32,2,SAMEA110189342,2.136237859725952,4.688258171081543,True
lodging,mlp_a,0.001,32,2,SAMEA110189343,2.440079689025879,2.296250820159912,True
lodging,mlp_a,0.001,32,2,SAMEA110189346,5.021682262420654,4.303325653076172,True
lodging,mlp_a,0.001,32,2,SAMEA110188938,4.0854411125183105,4.3584303855896,True
lodging,mlp_a,0.001,32,2,SAMEA110189023,1.9387208223342896,3.444960832595825,True
lodging,mlp_a,0.001,32,2,SAMEA110189580,6.184711456298828,5.152888298034668,True
lodging,mlp_a,0.001,32,2,SAMEA110189110,4.465176582336426,3.224135637283325,True
lodging,mlp_a,0.001,32,2,SAMEA110189113,3.6356966495513916,4.273176193237305,True
lodging,mlp_a,0.001,32,2,SAMEA110189117,2.5898959636688232,2.8301777839660645,True
lodging,mlp_a,0.001,32,2,SAMEA110189119,3.6939899921417236,4.498900413513184,True
lodging,mlp_a,0.001,32,2,SAMEA110189046,4.82376766204834,3.2316501140594482,True
lodging,mlp_a,0.001,32,2,SAMEA6618844,2.841172456741333,3.471910238265991,True
lodging,mlp_a,0.001,32,2,SAMEA110189352,2.7765614986419678,2.1075708866119385,True
lodging,mlp_a,0.001,32,2,SAMEA110188951,2.0824615955352783,2.4131877422332764,True
lodging,mlp_a,0.001,32,2,SAMEA6618948,2.104336738586426,3.7718329429626465,True
lodging,mlp_a,0.001,32,2,SAMEA110189144,4.658890724182129,4.39771842956543,True
lodging,mlp_a,0.001,32,2,SAMEA110188990,2.850522518157959,2.5226986408233643,True
lodging,mlp_a,0.001,32,2,SAMEA110189074,6.619358062744141,5.494217872619629,True
lodging,mlp_a,0.001,32,2,SAMEA6435260,5.435596466064453,4.479959487915039,True
lodging,mlp_a,0.001,32,2,SAMEA110189388,3.998086452484131,3.283327341079712,True
lodging,mlp_a,0.001,32,2,SAMEA6618851,5.2906365394592285,3.25229549407959,True
lodging,mlp_a,0.001,32,2,SAMEA110189357,3.7330362796783447,4.563024520874023,True
lodging,mlp_a,0.001,32,2,SAMEA110189398,5.340126991271973,4.381568908691406,True
lodging,mlp_a,0.001,32,2,SAMEA110189363,5.270220756530762,4.1558837890625,True
lodging,mlp_a,0.001,32,2,SAMEA110189366,3.1908254623413086,4.200738430023193,True
lodging,mlp_a,0.001,32,2,SAMEA6618856,3.4078497886657715,2.9432787895202637,True
lodging,mlp_a,0.001,32,2,SAMEA6618860,4.599913597106934,4.535835266113281,True
lodging,mlp_a,0.001,32,2,SAMEA110189514,4.69978666305542,4.633240222930908,True
lodging,mlp_a,0.001,32,2,SAMEA110189555,4.415609359741211,4.837188243865967,True
lodging,mlp_a,0.001,32,2,SAMEA110189372,3.026729106903076,3.340716600418091,True
lodging,mlp_a,0.001,32,2,SAMEA110189668,5.31795597076416,4.440101146697998,True
lodging,mlp_a,0.001,32,2,SAMEA110189492,5.111591339111328,3.66251802444458,True
lodging,mlp_a,0.001,32,2,SAMEA110189428,5.4779133796691895,5.129813194274902,True
lodging,mlp_a,0.001,32,3,SAMEA110189749,2.174896240234375,1.5649255514144897,True
lodging,mlp_a,0.001,32,3,SAMEA110189839,1.4984897375106812,1.7313121557235718,True
lodging,mlp_a,0.001,32,3,SAMEA110189754,1.5608704090118408,1.549595832824707,True
lodging,mlp_a,0.001,32,3,SAMEA110189736,1.4313368797302246,1.8325773477554321,True
lodging,mlp_a,0.001,32,3,SAMEA110189738,1.3821687698364258,1.7309898138046265,True
lodging,mlp_a,0.001,32,3,SAMEA110189740,1.410106897354126,1.7269700765609741,True
lodging,mlp_a,0.001,32,3,SAMEA110189756,1.481490135192871,1.6382476091384888,True
lodging,mlp_a,0.001,32,3,SAMEA110189806,2.0667130947113037,1.7181628942489624,True
lodging,mlp_a,0.001,32,3,SAMEA110189826,1.8206762075424194,1.4794491529464722,True
lodging,mlp_a,0.001,32,3,SAMEA110189807,1.354843020439148,1.7132023572921753,True
lodging,mlp_a,0.001,32,3,SAMEA110189766,1.867533802986145,1.7566267251968384,True
lodging,mlp_a,0.001,32,3,SAMEA110189768,1.5850772857666016,1.6958764791488647,True
lodging,mlp_a,0.001,32,3,SAMEA110189846,1.922282099723816,1.7473276853561401,True
lodging,mlp_a,0.001,32,3,SAMEA110189770,1.6140828132629395,1.6909958124160767,True
lodging,mlp_a,0.001,32,3,SAMEA110189814,1.6918052434921265,1.7615771293640137,True
lodging,mlp_a,0.001,32,3,SAMEA110189746,1.9077677726745605,1.568618893623352,True
lodging,mlp_a,0.001,32,3,SAMEA110189787,1.5253715515136719,1.5263301134109497,True
lodging,mlp_a,0.001,32,3,SAMEA110189747,1.6529933214187622,1.8878511190414429,True
lodging,mlp_a,0.001,32,3,SAMEA110189830,1.676501750946045,1.5548475980758667,True
lodging,mlp_a,0.001,32,3,SAMEA110189792,1.5056943893432617,1.8039617538452148,True
lodging,mlp_a,0.001,32,3,SAMEA110189831,1.763206124305725,1.8302234411239624,True
lodging,mlp_a,0.001,32,3,SAMEA110189794,1.4136765003204346,1.7015022039413452,True
lodging,mlp_a,0.001,32,3,SAMEA110189775,1.3790545463562012,1.6107776165008545,True
lodging,mlp_a,0.001,32,3,SAMEA110189797,1.3651752471923828,1.5101693868637085,True
lodging,mlp_a,0.001,32,3,SAMEA110189777,1.94881010055542,1.8381510972976685,True
lodging,mlp_a,0.001,32,3,SAMEA110189778,1.7224246263504028,1.6409095525741577,True
lodging,mlp_a,0.001,32,3,SAMEA110189801,2.0668134689331055,1.7946841716766357,True
lodging,mlp_a,0.001,32,3,SAMEA110189780,1.8724191188812256,1.6717355251312256,True
lodging,mlp_a,0.001,32,3,SAMEA110189928,1.746429204940796,1.9268174171447754,True
lodging,mlp_a,0.001,32,3,SAMEA110189893,1.4876656532287598,1.680770993232727,True
lodging,mlp_a,0.001,32,3,SAMEA110189963,1.9591948986053467,1.7085049152374268,True
lodging,mlp_a,0.001,32,3,SAMEA110189986,1.4934223890304565,1.57335364818573,True
lodging,mlp_a,0.001,32,3,SAMEA110189944,1.615600347518921,1.5310543775558472,True
lodging,mlp_a,0.001,32,3,SAMEA110189947,1.275022029876709,1.8178528547286987,True
lodging,mlp_a,0.001,32,3,SAMEA110189998,1.7229504585266113,1.9360593557357788,True
lodging,mlp_a,0.001,32,3,SAMEA110190034,1.4396429061889648,1.8341227769851685,True
lodging,mlp_a,0.001,32,3,SAMEA110189937,1.147871971130371,1.7892990112304688,True
lodging,mlp_a,0.001,32,3,SAMEA110190041,1.33104407787323,1.68728768825531,True
lodging,mlp_a,0.001,32,3,SAMEA110189931,1.3573750257492065,1.7998539209365845,True
lodging,mlp_a,0.001,32,3,SAMEA110189901,1.1733795404434204,1.5736587047576904,True
lodging,mlp_a,0.001,32,3,SAMEA110189932,1.229873776435852,1.5043628215789795,True
lodging,mlp_a,0.001,32,3,SAMEA110189933,1.3258132934570312,1.5945593118667603,True
lodging,mlp_a,0.001,32,3,SAMEA110190039,2.2331435680389404,1.682411551475525,True
lodging,mlp_a,0.001,32,3,SAMEA110189902,1.7436124086380005,1.7185038328170776,True
lodging,mlp_a,0.001,32,3,SAMEA110189903,2.4566407203674316,1.7472995519638062,True
lodging,mlp_a,0.001,32,3,SAMEA110189869,1.9057356119155884,1.5553652048110962,True
lodging,mlp_a,0.001,32,3,SAMEA110189970,1.3787680864334106,1.4227526187896729,True
lodging,mlp_a,0.001,32,3,SAMEA110190022,1.3772202730178833,1.711776614189148,True
lodging,mlp_a,0.001,32,3,SAMEA110189973,1.0793108940124512,1.8425151109695435,True
lodging,mlp_a,0.001,32,3,SAMEA110189976,2.3174257278442383,1.6655205488204956,True
lodging,mlp_a,0.001,32,3,SAMEA110190012,1.4842474460601807,1.6979365348815918,True
lodging,mlp_a,0.001,32,3,SAMEA110189896,1.5965900421142578,1.5411478281021118,True
lodging,mlp_a,0.001,32,3,SAMEA110189991,1.1120611429214478,1.5601378679275513,True
lodging,mlp_a,0.001,32,3,SAMEA110190016,1.383527398109436,1.7914398908615112,True
lodging,mlp_a,0.001,32,3,SAMEA110190035,1.7161179780960083,1.6717995405197144,True
lodging,mlp_a,0.001,32,3,SAMEA110190018,1.3253954648971558,1.6222280263900757,True
lodging,mlp_a,0.001,32,3,SAMEA110189886,1.223158597946167,1.4105792045593262,True
lodging,mlp_a,0.001,32,3,SAMEA110189922,1.2600289583206177,1.6187292337417603,True
lodging,mlp_a,0.001,32,3,SAMEA110189880,1.2492105960845947,1.6765265464782715,True
lodging,mlp_a,0.001,32,3,SAMEA110189935,2.0118794441223145,1.755332350730896,True
lodging,mlp_a,0.001,32,3,SAMEA110189925,1.210990071296692,1.642436146736145,True
lodging,mlp_a,0.001,32,3,SAMEA110189959,2.198843479156494,1.8812505006790161,True
lodging,mlp_a,0.001,32,3,SAMEA110189556,5.974704742431641,5.57983922958374,True
lodging,mlp_a,0.001,32,3,SAMEA110189534,3.8984479904174805,4.891704082489014,True
lodging,mlp_a,0.001,32,3,SAMEA110189688,4.0181989669799805,4.667904853820801,True
lodging,mlp_a,0.001,32,3,SAMEA110189166,2.2792794704437256,3.2301015853881836,True
lodging,mlp_a,0.001,32,3,SAMEA6619037,3.4647393226623535,3.2500436305999756,True
lodging,mlp_a,0.001,32,3,SAMEA6619036,1.732260823249817,2.8487627506256104,True
lodging,mlp_a,0.001,32,3,SAMEA110189084,6.101534843444824,4.458734035491943,True
lodging,mlp_a,0.001,32,3,SAMEA110189172,2.7053565979003906,3.031909465789795,True
lodging,mlp_a,0.001,32,3,SAMEA110188924,2.3701324462890625,2.1308388710021973,True
lodging,mlp_a,0.001,32,3,SAMEA110189645,4.634576797485352,5.170055866241455,True
lodging,mlp_a,0.001,32,3,SAMEA110189498,4.93129825592041,5.550696849822998,True
lodging,mlp_a,0.001,32,3,SAMEA110189702,4.471667766571045,4.360326290130615,True
lodging,mlp_a,0.001,32,3,SAMEA110189588,5.178256988525391,5.022065162658691,True
lodging,mlp_a,0.001,32,3,SAMEA110189204,3.812042236328125,3.5618724822998047,True
lodging,mlp_a,0.001,32,3,SAMEA110189571,5.17126989364624,4.139529228210449,True
lodging,mlp_a,0.001,32,3,SAMEA6435258,5.197338581085205,5.059996128082275,True
lodging,mlp_a,0.001,32,3,SAMEA110189229,3.1658737659454346,3.0611789226531982,True
lodging,mlp_a,0.001,32,3,SAMEA110189650,5.338314533233643,4.6268439292907715,True
lodging,mlp_a,0.001,32,3,SAMEA110189234,2.846304178237915,3.8421099185943604,True
lodging,mlp_a,0.001,32,3,SAMEA110189235,5.790824890136719,4.556516170501709,True
lodging,mlp_a,0.001,32,3,SAMEA110189449,5.3177337646484375,4.88340425491333,True
lodging,mlp_a,0.001,32,3,SAMEA110189242,4.2150397300720215,3.3753349781036377,True
lodging,mlp_a,0.001,32,3,SAMEA6618993,6.60638427734375,4.240092754364014,True
lodging,mlp_a,0.001,32,3,SAMEA110189178,3.1177802085876465,3.716198682785034,True
lodging,mlp_a,0.001,32,3,SAMEA110188959,4.556355953216553,4.963464260101318,True
lodging,mlp_a,0.001,32,3,SAMEA6618990,2.729445695877075,2.988325357437134,True
lodging,mlp_a,0.001,32,3,SAMEA110188960,2.477956771850586,3.0407941341400146,True
lodging,mlp_a,0.001,32,3,SAMEA110189087,6.292982578277588,4.091578960418701,True
lodging,mlp_a,0.001,32,3,SAMEA110188935,4.899199485778809,3.672220468521118,True
lodging,mlp_a,0.001,32,3,SAMEA110189155,3.895758628845215,4.068778991699219,True
lodging,mlp_a,0.001,32,3,SAMEA110188936,4.8986124992370605,4.696543216705322,True
lodging,mlp_a,0.001,32,3,SAMEA110189002,3.006258010864258,3.7966089248657227,True
lodging,mlp_a,0.001,32,3,SAMEA110189094,5.6837286949157715,4.975839138031006,True
lodging,mlp_a,0.001,32,3,SAMEA110189095,4.245684623718262,4.236217498779297,True
lodging,mlp_a,0.001,32,3,SAMEA6618981,4.32789421081543,4.411554336547852,True
lodging,mlp_a,0.001,32,3,SAMEA110189014,3.620595693588257,3.704331636428833,True
lodging,mlp_a,0.001,32,3,SAMEA110189015,4.806399345397949,5.078822612762451,True
lodging,mlp_a,0.001,32,3,SAMEA110189017,5.253851890563965,4.101449966430664,True
lodging,mlp_a,0.001,32,3,SAMEA6618973,5.135112285614014,5.053304672241211,True
lodging,mlp_a,0.001,32,3,SAMEA110189020,2.5213160514831543,3.189573287963867,True
lodging,mlp_a,0.001,32,3,SAMEA6618971,3.9195282459259033,3.7769482135772705,True
lodging,mlp_a,0.001,32,3,SAMEA110188941,1.6529425382614136,2.1387999057769775,True
lodging,mlp_a,0.001,32,3,SAMEA110189382,4.969980239868164,4.526587009429932,True
lodging,mlp_a,0.001,32,3,SAMEA6618969,4.594024181365967,4.491736888885498,True
lodging,mlp_a,0.001,32,3,SAMEA110189025,4.990780353546143,4.258051872253418,True
lodging,mlp_a,0.001,32,3,SAMEA110189026,4.620565414428711,5.900366306304932,True
lodging,mlp_a,0.001,32,3,SAMEA110189604,5.020231246948242,4.68471097946167,True
lodging,mlp_a,0.001,32,3,SAMEA110189036,3.8166608810424805,3.34564471244812,True
lodging,mlp_a,0.001,32,3,SAMEA110189111,4.461376190185547,3.035498857498169,True
lodging,mlp_a,0.001,32,3,SAMEA110189044,3.7398698329925537,4.414506435394287,True
lodging,mlp_a,0.001,32,3,SAMEA110189619,4.092816352844238,4.8313798904418945,True
lodging,mlp_a,0.001,32,3,SAMEA110189560,5.7506866455078125,4.800097942352295,True
lodging,mlp_a,0.001,32,3,SAMEA110189637,3.9118845462799072,4.322255611419678,True
lodging,mlp_a,0.001,32,3,SAMEA110189054,5.86161994934082,4.902367115020752,True
lodging,mlp_a,0.001,32,3,SAMEA110188953,5.2762131690979,3.6496634483337402,True
lodging,mlp_a,0.001,32,3,SAMEA6618949,4.916196823120117,4.133835792541504,True
lodging,mlp_a,0.001,32,3,SAMEA110189353,3.7972655296325684,3.9249472618103027,True
lodging,mlp_a,0.001,32,3,SAMEA110189140,4.347589015960693,4.255093097686768,True
lodging,mlp_a,0.001,32,3,SAMEA6618946,2.0060579776763916,4.437830448150635,True
lodging,mlp_a,0.001,32,3,SAMEA110189658,4.467419624328613,4.58212423324585,True
lodging,mlp_a,0.001,32,3,SAMEA110189080,4.432712078094482,4.717508792877197,True
lodging,mlp_a,0.001,32,3,SAMEA110189071,4.351484298706055,4.016417980194092,True
lodging,mlp_a,0.001,32,3,SAMEA110189077,4.364490032196045,5.214616775512695,True
lodging,mlp_a,0.001,32,3,SAMEA110189151,6.445446491241455,5.718196392059326,True
lodging,mlp_a,0.001,32,3,SAMEA6618939,4.721548080444336,3.9321258068084717,True
lodging,mlp_a,0.001,32,3,SAMEA110189389,4.792873859405518,4.83493185043335,True
lodging,mlp_a,0.001,32,3,SAMEA110189186,3.1579511165618896,3.4003262519836426,True
lodging,mlp_a,0.001,32,3,SAMEA110189360,4.277553081512451,4.298521518707275,True
lodging,mlp_a,0.001,32,3,SAMEA110189213,3.308657646179199,2.961144208908081,True
lodging,mlp_a,0.001,32,3,SAMEA110189216,4.554386615753174,4.089733600616455,True
lodging,mlp_a,0.001,32,3,SAMEA110189663,6.213324546813965,5.087340831756592,True
lodging,mlp_a,0.001,32,3,SAMEA110189217,2.1575348377227783,3.0042989253997803,True
lodging,mlp_a,0.001,32,3,SAMEA110189307,4.569913387298584,4.577937602996826,True
lodging,mlp_a,0.001,32,3,SAMEA6618909,5.351767539978027,4.621142387390137,True
lodging,mlp_a,0.001,32,3,SAMEA6618905,4.647939682006836,4.891683578491211,True
lodging,mlp_a,0.001,32,3,SAMEA110189460,6.433244705200195,5.03233003616333,True
lodging,mlp_a,0.001,32,3,SAMEA110189464,3.00941801071167,3.408902883529663,True
lodging,mlp_a,0.001,32,3,SAMEA6618901,4.050293922424316,3.8719050884246826,True
lodging,mlp_a,0.001,32,3,SAMEA6618899,4.4255452156066895,3.2904202938079834,True
lodging,mlp_a,0.001,32,3,SAMEA110189418,5.504238605499268,4.335311412811279,True
lodging,mlp_a,0.001,32,3,SAMEA110189561,5.045576572418213,4.75840950012207,True
lodging,mlp_a,0.001,32,3,SAMEA110189594,4.459095001220703,4.772808074951172,True
lodging,mlp_a,0.001,32,3,SAMEA110189711,4.784326553344727,4.8355536460876465,True
lodging,mlp_a,0.001,32,3,SAMEA110189565,4.416831970214844,4.438893795013428,True
lodging,mlp_a,0.001,32,3,SAMEA110189482,4.161002159118652,4.190735816955566,True
lodging,mlp_a,0.001,32,3,SAMEA110189592,5.047151565551758,4.906521797180176,True
lodging,mlp_a,0.001,32,3,SAMEA110189195,1.6025274991989136,3.0470075607299805,True
lodging,mlp_a,0.001,32,3,SAMEA6618887,3.4528045654296875,2.9463002681732178,True
lodging,mlp_a,0.001,32,3,SAMEA110189479,6.868828296661377,5.722596168518066,True
lodging,mlp_a,0.001,32,3,SAMEA110189574,5.1041717529296875,4.366368293762207,True
lodging,mlp_a,0.001,32,3,SAMEA110189250,4.623861312866211,4.442715167999268,True
lodging,mlp_a,0.001,32,3,SAMEA6618885,5.053382396697998,4.457156658172607,True
lodging,mlp_a,0.001,32,3,SAMEA110189252,6.11541223526001,4.926342487335205,True
lodging,mlp_a,0.001,32,3,SAMEA110189471,5.42188835144043,4.428409099578857,True
lodging,mlp_a,0.001,32,3,SAMEA110189474,4.366121292114258,4.598339080810547,True
lodging,mlp_a,0.001,32,3,SAMEA110189530,3.117689609527588,5.019965648651123,True
lodging,mlp_a,0.001,32,3,SAMEA110189298,4.092336177825928,4.749355792999268,True
lodging,mlp_a,0.001,32,3,SAMEA110189378,4.289987564086914,3.0842702388763428,True
lodging,mlp_a,0.001,32,3,SAMEA110189203,3.8600080013275146,3.4860775470733643,True
lodging,mlp_a,0.001,32,3,SAMEA110189531,4.74008321762085,3.7701737880706787,True
lodging,mlp_a,0.001,32,3,SAMEA110189429,4.834950923919678,4.733182430267334,True
lodging,mlp_a,0.001,32,3,SAMEA110189680,4.320385932922363,4.141487121582031,True
lodging,mlp_a,0.001,32,3,SAMEA6618818,1.6327203512191772,1.8958908319473267,True
lodging,mlp_a,0.001,32,3,SAMEA6618819,5.004945278167725,4.498304843902588,True
lodging,mlp_a,0.001,32,3,SAMEA6618821,5.03923225402832,4.929518222808838,True
lodging,mlp_a,0.001,32,3,SAMEA110189647,4.531366348266602,4.626611232757568,True
lodging,mlp_a,0.001,32,3,SAMEA110189657,3.9148855209350586,4.4649224281311035,True
lodging,mlp_a,0.001,32,3,SAMEA110189168,2.432197332382202,2.379173517227173,True
lodging,mlp_a,0.001,32,3,SAMEA6618822,6.5045671463012695,5.068452835083008,True
lodging,mlp_a,0.001,32,3,SAMEA110189639,4.0990729331970215,4.788316249847412,True
lodging,mlp_a,0.001,32,3,SAMEA110189326,1.7411930561065674,2.2571842670440674,True
lodging,mlp_a,0.001,32,3,SAMEA110189442,4.6726179122924805,4.804349422454834,True
lodging,mlp_a,0.001,32,3,SAMEA110189430,3.707176685333252,4.430366516113281,True
lodging,mlp_a,0.001,32,3,SAMEA110189624,6.991458415985107,4.375126838684082,True
lodging,mlp_a,0.001,32,3,SAMEA6619024,6.97500467300415,4.936931610107422,True
lodging,mlp_a,0.001,32,3,SAMEA110189606,2.896456480026245,3.6582772731781006,True
lodging,mlp_a,0.001,32,3,SAMEA110189576,4.939951419830322,4.7544989585876465,True
lodging,mlp_a,0.001,32,3,SAMEA110189597,3.9712841510772705,3.399768114089966,True
lodging,mlp_a,0.001,32,3,SAMEA110189335,3.2914786338806152,4.344013214111328,True
lodging,mlp_a,0.001,32,3,SAMEA6618834,4.098301410675049,4.521784782409668,True
lodging,mlp_a,0.001,32,3,SAMEA110189336,2.593418598175049,3.793896436691284,True
lodging,mlp_a,0.001,32,3,SAMEA110189262,3.9353902339935303,4.897149085998535,True
lodging,mlp_a,0.001,32,3,SAMEA110189339,4.773921489715576,4.334158897399902,True
lodging,mlp_a,0.001,32,3,SAMEA110189233,4.448736190795898,4.547158718109131,True
lodging,mlp_a,0.001,32,3,SAMEA6618837,4.480609893798828,4.209278106689453,True
lodging,mlp_a,0.001,32,3,SAMEA110189179,2.522362470626831,2.8837320804595947,True
lodging,mlp_a,0.001,32,3,SAMEA110189350,4.978795528411865,4.558064937591553,True
lodging,mlp_a,0.001,32,3,SAMEA110188967,4.677931308746338,4.296750545501709,True
lodging,mlp_a,0.001,32,3,SAMEA110189644,5.238867282867432,5.577503204345703,True
lodging,mlp_a,0.001,32,3,SAMEA110189162,6.533970355987549,4.991057395935059,True
lodging,mlp_a,0.001,32,3,SAMEA110188948,5.448852062225342,3.7470433712005615,True
lodging,mlp_a,0.001,32,3,SAMEA6618843,7.120885848999023,5.303069114685059,True
lodging,mlp_a,0.001,32,3,SAMEA110188976,2.228217840194702,2.990213394165039,True
lodging,mlp_a,0.001,32,3,SAMEA110188977,2.555535078048706,2.693295955657959,True
lodging,mlp_a,0.001,32,3,SAMEA110189121,4.043781757354736,3.032055616378784,True
lodging,mlp_a,0.001,32,3,SAMEA6618845,1.951992392539978,2.298940896987915,True
lodging,mlp_a,0.001,32,3,SAMEA110189134,3.970811605453491,3.9453184604644775,True
lodging,mlp_a,0.001,32,3,SAMEA6618846,4.10009765625,4.522973537445068,True
lodging,mlp_a,0.001,32,3,SAMEA110188954,4.752816677093506,3.1804652214050293,True
lodging,mlp_a,0.001,32,3,SAMEA110189066,1.6990623474121094,2.6796679496765137,True
lodging,mlp_a,0.001,32,3,SAMEA110189210,3.013890027999878,3.890327215194702,True
lodging,mlp_a,0.001,32,3,SAMEA110189400,4.4336934089660645,4.5654144287109375,True
lodging,mlp_a,0.001,32,3,SAMEA110189401,2.5092265605926514,2.6660258769989014,True
lodging,mlp_a,0.001,32,3,SAMEA6618852,2.908271312713623,3.716982126235962,True
lodging,mlp_a,0.001,32,3,SAMEA6618855,4.604292869567871,3.0279123783111572,True
lodging,mlp_a,0.001,32,3,SAMEA110189214,3.7756593227386475,2.930215358734131,True
lodging,mlp_a,0.001,32,3,SAMEA110189581,5.04183292388916,4.413524150848389,True
lodging,mlp_a,0.001,32,3,SAMEA6618858,4.472557544708252,4.447656154632568,True
lodging,mlp_a,0.001,32,3,SAMEA110189405,4.973949909210205,5.0279974937438965,True
lodging,mlp_a,0.001,32,3,SAMEA110189410,3.3919878005981445,4.50454568862915,True
lodging,mlp_a,0.001,32,3,SAMEA110189512,4.38645076751709,4.349634647369385,True
lodging,mlp_a,0.001,32,3,SAMEA110189458,4.512807846069336,4.099300384521484,True
lodging,mlp_a,0.001,32,3,SAMEA6618863,3.279521942138672,4.646399021148682,True
lodging,mlp_a,0.001,32,3,SAMEA110189277,5.252116680145264,4.350741863250732,True
lodging,mlp_a,0.001,32,3,SAMEA110189614,2.9127860069274902,3.562171220779419,True
lodging,mlp_a,0.001,32,3,SAMEA110189483,4.568497180938721,4.50439977645874,True
lodging,mlp_a,0.001,32,3,SAMEA6618864,4.305513858795166,4.7728118896484375,True
lodging,mlp_a,0.001,32,3,SAMEA110189374,2.698977470397949,2.244868755340576,True
lodging,mlp_a,0.001,32,3,SAMEA110189426,4.777156352996826,4.6720051765441895,True
lodging,mlp_a,0.001,32,3,SAMEA6618870,3.114161729812622,4.484695911407471,True
lodging,mlp_a,0.001,32,4,SAMEA110189751,1.588899850845337,1.6814072132110596,True
lodging,mlp_a,0.001,32,4,SAMEA110189742,1.7725878953933716,1.7131457328796387,True
lodging,mlp_a,0.001,32,4,SAMEA110189822,2.0397849082946777,1.891850471496582,True
lodging,mlp_a,0.001,32,4,SAMEA110189755,1.2693779468536377,1.6613619327545166,True
lodging,mlp_a,0.001,32,4,SAMEA110189741,1.6020009517669678,2.1269075870513916,True
lodging,mlp_a,0.001,32,4,SAMEA110189762,1.756920576095581,1.793499231338501,True
lodging,mlp_a,0.001,32,4,SAMEA110189805,1.750614047050476,1.7964000701904297,True
lodging,mlp_a,0.001,32,4,SAMEA110189825,1.7735873460769653,1.662050485610962,True
lodging,mlp_a,0.001,32,4,SAMEA110189744,1.8365347385406494,1.7343406677246094,True
lodging,mlp_a,0.001,32,4,SAMEA110189808,1.6726233959197998,1.7963438034057617,True
lodging,mlp_a,0.001,32,4,SAMEA110189842,1.1731834411621094,1.6146022081375122,True
lodging,mlp_a,0.001,32,4,SAMEA110189845,1.3405790328979492,1.8633102178573608,True
lodging,mlp_a,0.001,32,4,SAMEA110189764,2.0841989517211914,1.8365122079849243,True
lodging,mlp_a,0.001,32,4,SAMEA110189853,1.4405293464660645,1.8889210224151611,True
lodging,mlp_a,0.001,32,4,SAMEA110189774,2.1864233016967773,1.7860727310180664,True
lodging,mlp_a,0.001,32,4,SAMEA110189795,1.7344233989715576,1.7772936820983887,True
lodging,mlp_a,0.001,32,4,SAMEA110189855,2.1777102947235107,1.5783300399780273,True
lodging,mlp_a,0.001,32,4,SAMEA110189776,1.3235009908676147,1.9012994766235352,True
lodging,mlp_a,0.001,32,4,SAMEA110189799,2.004633665084839,1.795810341835022,True
lodging,mlp_a,0.001,32,4,SAMEA110189779,1.4829673767089844,1.5828070640563965,True
lodging,mlp_a,0.001,32,4,SAMEA110189800,1.5917332172393799,1.559916377067566,True
lodging,mlp_a,0.001,32,4,SAMEA110189857,1.7310774326324463,1.7683249711990356,True
lodging,mlp_a,0.001,32,4,SAMEA110189835,2.007996082305908,1.8736059665679932,True
lodging,mlp_a,0.001,32,4,SAMEA110189890,1.8671211004257202,1.99422287940979,True
lodging,mlp_a,0.001,32,4,SAMEA110189868,1.854282021522522,1.630592703819275,True
lodging,mlp_a,0.001,32,4,SAMEA110189930,1.8789156675338745,1.6102650165557861,True
lodging,mlp_a,0.001,32,4,SAMEA110189891,1.7904243469238281,1.7298403978347778,True
lodging,mlp_a,0.001,32,4,SAMEA110189945,1.7509170770645142,1.4660395383834839,True
lodging,mlp_a,0.001,32,4,SAMEA110189987,1.3853667974472046,1.7319790124893188,True
lodging,mlp_a,0.001,32,4,SAMEA110189887,1.6334251165390015,1.6788315773010254,True
lodging,mlp_a,0.001,32,4,SAMEA110189946,1.206546664237976,1.5165324211120605,True
lodging,mlp_a,0.001,32,4,SAMEA110189948,1.4279533624649048,1.570379614830017,True
lodging,mlp_a,0.001,32,4,SAMEA110189997,1.3937618732452393,1.5240590572357178,True
lodging,mlp_a,0.001,32,4,SAMEA110190040,1.8625584840774536,1.5022720098495483,True
lodging,mlp_a,0.001,32,4,SAMEA110189967,0.9751182794570923,1.4927513599395752,True
lodging,mlp_a,0.001,32,4,SAMEA110189884,1.547875165939331,1.572953701019287,True
lodging,mlp_a,0.001,32,4,SAMEA110189968,1.4456003904342651,2.030327320098877,True
lodging,mlp_a,0.001,32,4,SAMEA110189895,1.29720139503479,1.4501595497131348,True
lodging,mlp_a,0.001,32,4,SAMEA110189989,1.6606718301773071,1.6317700147628784,True
lodging,mlp_a,0.001,32,4,SAMEA110190027,1.2973463535308838,1.5111637115478516,True
lodging,mlp_a,0.001,32,4,SAMEA110190037,1.2945853471755981,1.6016837358474731,True
lodging,mlp_a,0.001,32,4,SAMEA110189938,1.135960340499878,1.4977376461029053,True
lodging,mlp_a,0.001,32,4,SAMEA110189990,1.423816204071045,1.618811845779419,True
lodging,mlp_a,0.001,32,4,SAMEA110189940,1.582496166229248,1.5482845306396484,True
lodging,mlp_a,0.001,32,4,SAMEA110189969,1.4960449934005737,1.4399574995040894,True
lodging,mlp_a,0.001,32,4,SAMEA110189906,1.600795865058899,1.774723768234253,True
lodging,mlp_a,0.001,32,4,SAMEA110189871,1.9669526815414429,1.5570746660232544,True
lodging,mlp_a,0.001,32,4,SAMEA110190025,1.3540353775024414,1.6648162603378296,True
lodging,mlp_a,0.001,32,4,SAMEA110190002,1.6087390184402466,1.5830078125,True
lodging,mlp_a,0.001,32,4,SAMEA110189874,1.8700950145721436,1.6538293361663818,True
lodging,mlp_a,0.001,32,4,SAMEA110189877,1.5931336879730225,1.5694324970245361,True
lodging,mlp_a,0.001,32,4,SAMEA110189934,1.4917094707489014,1.4369442462921143,True
lodging,mlp_a,0.001,32,4,SAMEA110190003,1.6082504987716675,1.4944751262664795,True
lodging,mlp_a,0.001,32,4,SAMEA110189956,1.627274751663208,1.6168038845062256,True
lodging,mlp_a,0.001,32,4,SAMEA110189919,1.7946453094482422,1.5845565795898438,True
lodging,mlp_a,0.001,32,4,SAMEA110189879,1.4136264324188232,1.664514183998108,True
lodging,mlp_a,0.001,32,4,SAMEA110190036,1.8621324300765991,1.5808541774749756,True
lodging,mlp_a,0.001,32,4,SAMEA110189957,1.4626975059509277,1.6355738639831543,True
lodging,mlp_a,0.001,32,4,SAMEA110190006,1.5736573934555054,1.439152717590332,True
lodging,mlp_a,0.001,32,4,SAMEA110189926,1.8196771144866943,1.4790992736816406,True
lodging,mlp_a,0.001,32,4,SAMEA110189881,1.7868345975875854,1.7093713283538818,True
lodging,mlp_a,0.001,32,4,SAMEA110189961,1.9342899322509766,1.7291749715805054,True
lodging,mlp_a,0.001,32,4,SAMEA110189631,4.311404228210449,4.825638771057129,True
lodging,mlp_a,0.001,32,4,SAMEA110189318,2.400526762008667,3.987764835357666,True
lodging,mlp_a,0.001,32,4,SAMEA110189685,4.1968092918396,4.318656921386719,True
lodging,mlp_a,0.001,32,4,SAMEA110189165,1.8469904661178589,2.029848337173462,True
lodging,mlp_a,0.001,32,4,SAMEA110189547,4.15854549407959,3.802884817123413,True
lodging,mlp_a,0.001,32,4,SAMEA110189257,2.025134325027466,3.564196825027466,True
lodging,mlp_a,0.001,32,4,SAMEA110189314,4.557754993438721,3.9128077030181885,True
lodging,mlp_a,0.001,32,4,SAMEA110189698,4.238393306732178,3.5859034061431885,True
lodging,mlp_a,0.001,32,4,SAMEA110189173,2.634229898452759,3.1404786109924316,True
lodging,mlp_a,0.001,32,4,SAMEA110189726,5.19152307510376,4.714951038360596,True
lodging,mlp_a,0.001,32,4,SAMEA110189629,3.9371280670166016,5.310619354248047,True
lodging,mlp_a,0.001,32,4,SAMEA6619025,5.428073883056641,5.531312465667725,True
lodging,mlp_a,0.001,32,4,SAMEA6619022,4.994936943054199,4.685580253601074,True
lodging,mlp_a,0.001,32,4,SAMEA110189299,5.374889850616455,4.353687286376953,True
lodging,mlp_a,0.001,32,4,SAMEA110189337,1.8928828239440918,2.5622735023498535,True
lodging,mlp_a,0.001,32,4,SAMEA110189577,2.7425997257232666,4.26541805267334,True
lodging,mlp_a,0.001,32,4,SAMEA110189239,5.086837291717529,3.244328498840332,True
lodging,mlp_a,0.001,32,4,SAMEA110189240,4.054663181304932,4.655811309814453,True
lodging,mlp_a,0.001,32,4,SAMEA110189241,4.890316009521484,4.785534381866455,True
lodging,mlp_a,0.001,32,4,SAMEA110189499,5.91584587097168,4.696255207061768,True
lodging,mlp_a,0.001,32,4,SAMEA110189452,4.5970234870910645,4.529612064361572,True
lodging,mlp_a,0.001,32,4,SAMEA110188925,2.4959912300109863,2.704798460006714,True
lodging,mlp_a,0.001,32,4,SAMEA6618991,2.838225841522217,3.0164132118225098,True
lodging,mlp_a,0.001,32,4,SAMEA110189089,4.777638912200928,4.166311740875244,True
lodging,mlp_a,0.001,32,4,SAMEA110188934,5.071410655975342,3.778287410736084,True
lodging,mlp_a,0.001,32,4,SAMEA110188962,2.3524861335754395,4.470514297485352,True
lodging,mlp_a,0.001,32,4,SAMEA110189091,3.5344903469085693,3.9065394401550293,True
lodging,mlp_a,0.001,32,4,SAMEA110189004,5.526556015014648,4.926308631896973,True
lodging,mlp_a,0.001,32,4,SAMEA6618984,6.872117519378662,5.342559337615967,True
lodging,mlp_a,0.001,32,4,SAMEA6618980,3.5825514793395996,3.6731133460998535,True
lodging,mlp_a,0.001,32,4,SAMEA6618979,4.351010799407959,4.661778926849365,True
lodging,mlp_a,0.001,32,4,SAMEA110189101,4.7078471183776855,4.439661502838135,True
lodging,mlp_a,0.001,32,4,SAMEA6618975,5.361344814300537,4.5277299880981445,True
lodging,mlp_a,0.001,32,4,SAMEA110189021,5.1244282722473145,5.465324878692627,True
lodging,mlp_a,0.001,32,4,SAMEA110189180,3.7492740154266357,3.4512081146240234,True
lodging,mlp_a,0.001,32,4,SAMEA110189028,4.162164211273193,3.662797451019287,True
lodging,mlp_a,0.001,32,4,SAMEA110189035,4.6569695472717285,4.485448837280273,True
lodging,mlp_a,0.001,32,4,SAMEA6618965,3.0611658096313477,3.7016444206237793,True
lodging,mlp_a,0.001,32,4,SAMEA110188944,1.7631556987762451,1.8657875061035156,True
lodging,mlp_a,0.001,32,4,SAMEA110189124,4.760308742523193,4.968804836273193,True
lodging,mlp_a,0.001,32,4,SAMEA110188980,1.5218552350997925,1.9090440273284912,True
lodging,mlp_a,0.001,32,4,SAMEA110189139,4.726022720336914,5.069277286529541,True
lodging,mlp_a,0.001,32,4,SAMEA110189505,4.388137340545654,4.485950946807861,True
lodging,mlp_a,0.001,32,4,SAMEA6618945,5.3348236083984375,4.379990577697754,True
lodging,mlp_a,0.001,32,4,SAMEA110189146,5.230517864227295,5.375053882598877,True
lodging,mlp_a,0.001,32,4,SAMEA110189386,2.721797466278076,3.20532488822937,True
lodging,mlp_a,0.001,32,4,SAMEA110189701,1.9599225521087646,4.055154323577881,True
lodging,mlp_a,0.001,32,4,SAMEA110189183,2.483123302459717,3.758457660675049,True
lodging,mlp_a,0.001,32,4,SAMEA110189289,3.5351526737213135,3.942051410675049,True
lodging,mlp_a,0.001,32,4,SAMEA110189433,3.9058115482330322,3.5702390670776367,True
lodging,mlp_a,0.001,32,4,SAMEA110189187,2.495654821395874,3.9082279205322266,True
lodging,mlp_a,0.001,32,4,SAMEA6618929,4.231188774108887,3.4789466857910156,True
lodging,mlp_a,0.001,32,4,SAMEA110189434,4.783440589904785,4.507197380065918,True
lodging,mlp_a,0.001,32,4,SAMEA6618923,4.228182315826416,3.3665928840637207,True
lodging,mlp_a,0.001,32,4,SAMEA110189403,3.8001840114593506,4.644551753997803,True
lodging,mlp_a,0.001,32,4,SAMEA6618914,4.164241790771484,4.534200191497803,True
lodging,mlp_a,0.001,32,4,SAMEA110189641,4.328033924102783,4.733529567718506,True
lodging,mlp_a,0.001,32,4,SAMEA110189511,5.130013465881348,5.745907306671143,True
lodging,mlp_a,0.001,32,4,SAMEA110189411,4.9122314453125,4.468877792358398,True
lodging,mlp_a,0.001,32,4,SAMEA6618911,2.910019636154175,5.080865383148193,True
lodging,mlp_a,0.001,32,4,SAMEA110189661,5.949283123016357,5.838205814361572,True
lodging,mlp_a,0.001,32,4,SAMEA110189244,5.71821928024292,5.040139675140381,True
lodging,mlp_a,0.001,32,4,SAMEA110189414,3.205613851547241,3.7154314517974854,True
lodging,mlp_a,0.001,32,4,SAMEA110189218,1.684594750404358,2.184002161026001,True
lodging,mlp_a,0.001,32,4,SAMEA110189515,5.951598167419434,6.001590728759766,True
lodging,mlp_a,0.001,32,4,SAMEA110189297,5.535560607910156,5.154529094696045,True
lodging,mlp_a,0.001,32,4,SAMEA6618902,2.8240840435028076,2.721877336502075,True
lodging,mlp_a,0.001,32,4,SAMEA110189652,5.461442470550537,4.855775833129883,True
lodging,mlp_a,0.001,32,4,SAMEA110189246,5.339080333709717,4.197314262390137,True
lodging,mlp_a,0.001,32,4,SAMEA110189303,5.833932399749756,5.597524642944336,True
lodging,mlp_a,0.001,32,4,SAMEA6618898,4.2205681800842285,4.491905689239502,True
lodging,mlp_a,0.001,32,4,SAMEA110189220,1.9488029479980469,3.630542278289795,True
lodging,mlp_a,0.001,32,4,SAMEA110189595,4.5861310958862305,4.498681545257568,True
lodging,mlp_a,0.001,32,4,SAMEA110189194,1.8123388290405273,2.665731191635132,True
lodging,mlp_a,0.001,32,4,SAMEA110189575,5.439630031585693,5.744038105010986,True
lodging,mlp_a,0.001,32,4,SAMEA110189610,6.787596702575684,5.965249538421631,True
lodging,mlp_a,0.001,32,4,SAMEA110189569,3.382035493850708,4.041351318359375,True
lodging,mlp_a,0.001,32,4,SAMEA110189269,4.499155521392822,5.4317240715026855,True
lodging,mlp_a,0.001,32,4,SAMEA110189253,6.058012962341309,5.297139644622803,True
lodging,mlp_a,0.001,32,4,SAMEA110189272,4.179331302642822,4.417890548706055,True
lodging,mlp_a,0.001,32,4,SAMEA110189472,3.411879062652588,5.600959777832031,True
lodging,mlp_a,0.001,32,4,SAMEA110189308,4.015279293060303,2.3981409072875977,True
lodging,mlp_a,0.001,32,4,SAMEA110189201,3.347167730331421,2.427961826324463,True
lodging,mlp_a,0.001,32,4,SAMEA110189535,4.364560604095459,3.9537529945373535,True
lodging,mlp_a,0.001,32,4,SAMEA6618874,7.067088603973389,5.365555286407471,True
lodging,mlp_a,0.001,32,4,SAMEA110189494,1.9646203517913818,4.072937488555908,True
lodging,mlp_a,0.001,32,4,SAMEA110189259,3.764629364013672,3.037385940551758,True
lodging,mlp_a,0.001,32,4,SAMEA110189687,4.559209823608398,4.170952320098877,True
lodging,mlp_a,0.001,32,4,SAMEA110189319,4.327852249145508,3.6830222606658936,True
lodging,mlp_a,0.001,32,4,SAMEA110189587,5.197882175445557,5.097814559936523,True
lodging,mlp_a,0.001,32,4,SAMEA110189690,5.146490573883057,4.638009548187256,True
lodging,mlp_a,0.001,32,4,SAMEA110189437,5.649148941040039,4.560505390167236,True
lodging,mlp_a,0.001,32,4,SAMEA6618820,3.8415470123291016,3.9532666206359863,True
lodging,mlp_a,0.001,32,4,SAMEA110189651,5.385630130767822,4.7539520263671875,True
lodging,mlp_a,0.001,32,4,SAMEA110189648,5.150057792663574,4.82391357421875,True
lodging,mlp_a,0.001,32,4,SAMEA110189169,1.9932079315185547,2.8347814083099365,True
lodging,mlp_a,0.001,32,4,SAMEA110189324,2.301614999771118,3.060574531555176,True
lodging,mlp_a,0.001,32,4,SAMEA110189171,1.1018693447113037,1.7319560050964355,True
lodging,mlp_a,0.001,32,4,SAMEA110189635,6.022132396697998,5.013951778411865,True
lodging,mlp_a,0.001,32,4,SAMEA110189440,5.117319107055664,4.282833099365234,True
lodging,mlp_a,0.001,32,4,SAMEA110189441,4.199237823486328,4.350717067718506,True
lodging,mlp_a,0.001,32,4,SAMEA6618825,3.942594528198242,4.827568531036377,True
lodging,mlp_a,0.001,32,4,SAMEA110189085,4.742001533508301,5.1937384605407715,True
lodging,mlp_a,0.001,32,4,SAMEA110189431,4.104879856109619,4.770313739776611,True
lodging,mlp_a,0.001,32,4,SAMEA6618829,3.625195264816284,3.4307451248168945,True
lodging,mlp_a,0.001,32,4,SAMEA110189291,3.8531875610351562,3.7871341705322266,True
lodging,mlp_a,0.001,32,4,SAMEA6618832,3.6411945819854736,3.7743613719940186,True
lodging,mlp_a,0.001,32,4,SAMEA110189293,5.453390598297119,3.349191665649414,True
lodging,mlp_a,0.001,32,4,SAMEA110189256,5.075445652008057,3.7877583503723145,True
lodging,mlp_a,0.001,32,4,SAMEA110189286,3.4938812255859375,3.871326446533203,True
lodging,mlp_a,0.001,32,4,SAMEA110189720,5.19120979309082,4.344766139984131,True
lodging,mlp_a,0.001,32,4,SAMEA110189616,4.296070575714111,4.611161708831787,True
lodging,mlp_a,0.001,32,4,SAMEA110189287,1.477866291999817,1.7301850318908691,True
lodging,mlp_a,0.001,32,4,SAMEA110189174,3.8406927585601807,4.131463527679443,True
lodging,mlp_a,0.001,32,4,SAMEA6618835,2.5590922832489014,4.608664512634277,True
lodging,mlp_a,0.001,32,4,SAMEA6618836,3.897611618041992,4.775721073150635,True
lodging,mlp_a,0.001,32,4,SAMEA110189232,5.471261501312256,4.580811023712158,True
lodging,mlp_a,0.001,32,4,SAMEA110189159,4.550783634185791,4.253887176513672,True
lodging,mlp_a,0.001,32,4,SAMEA110189344,2.770383596420288,2.732037305831909,True
lodging,mlp_a,0.001,32,4,SAMEA110189345,6.145358085632324,4.5588698387146,True
lodging,mlp_a,0.001,32,4,SAMEA110189347,5.658259868621826,4.084636688232422,True
lodging,mlp_a,0.001,32,4,SAMEA110189381,4.301141738891602,4.581723213195801,True
lodging,mlp_a,0.001,32,4,SAMEA110189349,4.49168586730957,3.9340760707855225,True
lodging,mlp_a,0.001,32,4,SAMEA110188965,3.6553218364715576,4.120410919189453,True
lodging,mlp_a,0.001,32,4,SAMEA110188966,4.201783180236816,3.31714129447937,True
lodging,mlp_a,0.001,32,4,SAMEA6618841,4.005514144897461,3.9443819522857666,True
lodging,mlp_a,0.001,32,4,SAMEA110188943,1.9756399393081665,1.762035846710205,True
lodging,mlp_a,0.001,32,4,SAMEA110189114,7.0467095375061035,4.992598533630371,True
lodging,mlp_a,0.001,32,4,SAMEA110188946,3.2595744132995605,3.510237693786621,True
lodging,mlp_a,0.001,32,4,SAMEA110189043,5.275306224822998,5.021616458892822,True
lodging,mlp_a,0.001,32,4,SAMEA110189049,3.353558301925659,4.04454231262207,True
lodging,mlp_a,0.001,32,4,SAMEA110188952,2.1663968563079834,2.2215733528137207,True
lodging,mlp_a,0.001,32,4,SAMEA110189056,2.3385403156280518,4.359153747558594,True
lodging,mlp_a,0.001,32,4,SAMEA110189058,4.094321250915527,3.8473949432373047,True
lodging,mlp_a,0.001,32,4,SAMEA110189062,2.764819622039795,3.7033839225769043,True
lodging,mlp_a,0.001,32,4,SAMEA110189138,4.922221660614014,4.17575216293335,True
lodging,mlp_a,0.001,32,4,SAMEA110189068,4.740848541259766,4.433999538421631,True
lodging,mlp_a,0.001,32,4,SAMEA110189147,4.904154300689697,4.03816556930542,True
lodging,mlp_a,0.001,32,4,SAMEA110188958,2.71457576751709,3.3577284812927246,True
lodging,mlp_a,0.001,32,4,SAMEA6618847,6.682052135467529,5.202945232391357,True
lodging,mlp_a,0.001,32,4,SAMEA6618850,3.281364679336548,4.414367198944092,True
lodging,mlp_a,0.001,32,4,SAMEA6435261,4.02951192855835,3.215306282043457,True
lodging,mlp_a,0.001,32,4,SAMEA6618853,2.527545928955078,4.613759517669678,True
lodging,mlp_a,0.001,32,4,SAMEA110189365,5.040342807769775,4.024341106414795,True
lodging,mlp_a,0.001,32,4,SAMEA6618921,5.488039493560791,4.169888019561768,True
lodging,mlp_a,0.001,32,4,SAMEA110189402,2.8245816230773926,3.326242446899414,True
lodging,mlp_a,0.001,32,4,SAMEA110189404,3.832855463027954,4.149299621582031,True
lodging,mlp_a,0.001,32,4,SAMEA6618859,5.36749267578125,5.007626533508301,True
lodging,mlp_a,0.001,32,4,SAMEA6618861,5.646129131317139,4.3277506828308105,True
lodging,mlp_a,0.001,32,4,SAMEA6618862,4.7459001541137695,4.71666955947876,True
lodging,mlp_a,0.001,32,4,SAMEA110189415,4.507277965545654,3.718459129333496,True
lodging,mlp_a,0.001,32,4,SAMEA6618865,4.540685653686523,4.720529079437256,True
lodging,mlp_a,0.001,32,4,SAMEA110189666,4.643834590911865,5.072024822235107,True
lodging,mlp_a,0.001,32,4,SAMEA110189667,1.5912021398544312,2.63569974899292,True
lodging,mlp_a,0.001,32,4,SAMEA110189375,2.4627745151519775,3.052398204803467,True
lodging,mlp_a,0.001,32,4,SAMEA110189423,2.0460546016693115,2.867778778076172,True
lodging,mlp_a,0.001,32,4,SAMEA110189480,6.307244300842285,4.536089897155762,True
lodging,mlp_a,0.001,32,4,SAMEA6618867,5.671323776245117,4.267307281494141,True
lodging,mlp_a,0.001,32,4,SAMEA110189673,5.044807434082031,4.467019557952881,True
lodging,mlp_a,0.001,32,4,SAMEA110189570,4.973536491394043,4.4449896812438965,True
lodging,mlp_a,0.001,32,5,SAMEA110190007,1.6444741487503052,1.656831979751587,True
lodging,mlp_a,0.001,32,5,SAMEA110189802,1.544001579284668,1.740312933921814,True
lodging,mlp_a,0.001,32,5,SAMEA110189840,1.636561393737793,1.9417924880981445,True
lodging,mlp_a,0.001,32,5,SAMEA110189841,1.3997023105621338,1.673365831375122,True
lodging,mlp_a,0.001,32,5,SAMEA110189823,1.9903770685195923,1.6264398097991943,True
lodging,mlp_a,0.001,32,5,SAMEA110189737,1.6277626752853394,1.7701458930969238,True
lodging,mlp_a,0.001,32,5,SAMEA110189804,2.1932945251464844,1.639392614364624,True
lodging,mlp_a,0.001,32,5,SAMEA110189760,2.075744867324829,1.6613175868988037,True
lodging,mlp_a,0.001,32,5,SAMEA110189761,2.2972664833068848,1.7878000736236572,True
lodging,mlp_a,0.001,32,5,SAMEA110189781,1.7468384504318237,1.5963343381881714,True
lodging,mlp_a,0.001,32,5,SAMEA110189735,2.266559362411499,2.035761833190918,True
lodging,mlp_a,0.001,32,5,SAMEA110189827,1.454334020614624,1.5080140829086304,True
lodging,mlp_a,0.001,32,5,SAMEA110189810,1.7445859909057617,1.5983808040618896,True
lodging,mlp_a,0.001,32,5,SAMEA110189769,1.2789283990859985,1.724239468574524,True
lodging,mlp_a,0.001,32,5,SAMEA110189788,1.8657132387161255,1.723955750465393,True
lodging,mlp_a,0.001,32,5,SAMEA110189850,2.189899206161499,1.7025628089904785,True
lodging,mlp_a,0.001,32,5,SAMEA110189773,1.5885218381881714,1.6066975593566895,True
lodging,mlp_a,0.001,32,5,SAMEA110190015,1.424562692642212,1.7131125926971436,True
lodging,mlp_a,0.001,32,5,SAMEA110189851,1.1318483352661133,1.6543148756027222,True
lodging,mlp_a,0.001,32,5,SAMEA110189816,1.53146493434906,1.5184123516082764,True
lodging,mlp_a,0.001,32,5,SAMEA110189748,1.7213159799575806,1.6020057201385498,True
lodging,mlp_a,0.001,32,5,SAMEA110189856,1.7567517757415771,1.6561412811279297,True
lodging,mlp_a,0.001,32,5,SAMEA110189984,1.365806221961975,1.4373705387115479,True
lodging,mlp_a,0.001,32,5,SAMEA110189892,1.5101065635681152,1.5423846244812012,True
lodging,mlp_a,0.001,32,5,SAMEA110189964,2.134539842605591,1.6410465240478516,True
lodging,mlp_a,0.001,32,5,SAMEA110189882,1.4867860078811646,2.131024122238159,True
lodging,mlp_a,0.001,32,5,SAMEA110189888,1.8363233804702759,1.6174461841583252,True
lodging,mlp_a,0.001,32,5,SAMEA110190029,1.468916893005371,1.5133137702941895,True
lodging,mlp_a,0.001,32,5,SAMEA110189883,1.7736790180206299,1.5508208274841309,True
lodging,mlp_a,0.001,32,5,SAMEA110189951,1.2238069772720337,1.4460452795028687,True
lodging,mlp_a,0.001,32,5,SAMEA110190038,1.1611278057098389,1.605420708656311,True
lodging,mlp_a,0.001,32,5,SAMEA110189941,2.0398120880126953,1.4912655353546143,True
lodging,mlp_a,0.001,32,5,SAMEA110190001,1.2460987567901611,1.6263909339904785,True
lodging,mlp_a,0.001,32,5,SAMEA110189908,1.054353952407837,1.5924785137176514,True
lodging,mlp_a,0.001,32,5,SAMEA110189909,1.9245305061340332,1.489246129989624,True
lodging,mlp_a,0.001,32,5,SAMEA110189912,1.8557846546173096,1.6256556510925293,True
lodging,mlp_a,0.001,32,5,SAMEA110189975,1.7979692220687866,1.4414844512939453,True
lodging,mlp_a,0.001,32,5,SAMEA110190023,1.4118824005126953,1.492239236831665,True
lodging,mlp_a,0.001,32,5,SAMEA110190024,1.4458749294281006,1.7586199045181274,True
lodging,mlp_a,0.001,32,5,SAMEA110189977,1.8576897382736206,1.6267406940460205,True
lodging,mlp_a,0.001,32,5,SAMEA110190009,1.7366609573364258,1.5730772018432617,True
lodging,mlp_a,0.001,32,5,SAMEA110189875,2.1956069469451904,1.4581918716430664,True
lodging,mlp_a,0.001,32,5,SAMEA110189917,2.851628303527832,1.630333423614502,True
lodging,mlp_a,0.001,32,5,SAMEA110189962,1.478683590888977,1.427337646484375,True
lodging,mlp_a,0.001,32,5,SAMEA110190026,1.1530627012252808,1.7510778903961182,True
lodging,mlp_a,0.001,32,5,SAMEA110189992,1.2221468687057495,1.550368070602417,True
lodging,mlp_a,0.001,32,5,SAMEA110189878,1.7825180292129517,1.6231575012207031,True
lodging,mlp_a,0.001,32,5,SAMEA110189921,1.359878659248352,1.5171477794647217,True
lodging,mlp_a,0.001,32,5,SAMEA110189978,1.7113419771194458,1.575850009918213,True
lodging,mlp_a,0.001,32,5,SAMEA110189924,1.8369855880737305,1.428877830505371,True
lodging,mlp_a,0.001,32,5,SAMEA110189958,1.4837868213653564,1.6979827880859375,True
lodging,mlp_a,0.001,32,5,SAMEA110189927,1.109247088432312,1.4278721809387207,True
lodging,mlp_a,0.001,32,5,SAMEA110190021,1.738545298576355,1.5932636260986328,True
lodging,mlp_a,0.001,32,5,SAMEA110189322,3.712477922439575,3.041323661804199,True
lodging,mlp_a,0.001,32,5,SAMEA110189309,2.8938615322113037,2.4354023933410645,True
lodging,mlp_a,0.001,32,5,SAMEA110189696,4.210396766662598,3.9898996353149414,True
lodging,mlp_a,0.001,32,5,SAMEA6619030,1.7134674787521362,2.5083649158477783,True
lodging,mlp_a,0.001,32,5,SAMEA110189542,4.4365973472595215,3.575432777404785,True
lodging,mlp_a,0.001,32,5,SAMEA110189700,4.632944583892822,4.302023410797119,True
lodging,mlp_a,0.001,32,5,SAMEA6619028,5.420327663421631,4.109867572784424,True
lodging,mlp_a,0.001,32,5,SAMEA110189653,5.508295059204102,4.328372955322266,True
lodging,mlp_a,0.001,32,5,SAMEA6619015,3.7578160762786865,4.201940536499023,True
lodging,mlp_a,0.001,32,5,SAMEA110189601,5.823737621307373,4.636991500854492,True
lodging,mlp_a,0.001,32,5,SAMEA110189315,1.9551186561584473,1.9739307165145874,True
lodging,mlp_a,0.001,32,5,SAMEA6619003,6.169369697570801,5.769295692443848,True
lodging,mlp_a,0.001,32,5,SAMEA110189230,5.360932350158691,4.729118347167969,True
lodging,mlp_a,0.001,32,5,SAMEA6618999,4.880556106567383,4.07871675491333,True
lodging,mlp_a,0.001,32,5,SAMEA6618998,5.382606506347656,3.235445022583008,True
lodging,mlp_a,0.001,32,5,SAMEA110189231,5.693120956420898,4.344239234924316,True
lodging,mlp_a,0.001,32,5,SAMEA6435259,5.303337097167969,4.6711015701293945,True
lodging,mlp_a,0.001,32,5,SAMEA6618997,5.526014804840088,4.887608528137207,True
lodging,mlp_a,0.001,32,5,SAMEA110189236,6.552538871765137,4.647879600524902,True
lodging,mlp_a,0.001,32,5,SAMEA110188995,3.809711456298828,3.898749828338623,True
lodging,mlp_a,0.001,32,5,SAMEA110188996,4.451206207275391,3.7920496463775635,True
lodging,mlp_a,0.001,32,5,SAMEA110189156,4.707641124725342,4.4437947273254395,True
lodging,mlp_a,0.001,32,5,SAMEA110189451,5.480262279510498,4.3595967292785645,True
lodging,mlp_a,0.001,32,5,SAMEA110189501,6.725461959838867,4.744293212890625,True
lodging,mlp_a,0.001,32,5,SAMEA110189090,4.658669471740723,3.768146276473999,True
lodging,mlp_a,0.001,32,5,SAMEA110189005,4.633771896362305,4.876649379730225,True
lodging,mlp_a,0.001,32,5,SAMEA110189008,2.696504592895508,3.646052837371826,True
lodging,mlp_a,0.001,32,5,SAMEA110189010,4.022665500640869,3.7842190265655518,True
lodging,mlp_a,0.001,32,5,SAMEA110189011,5.111301898956299,4.385700225830078,True
lodging,mlp_a,0.001,32,5,SAMEA110189098,3.7756521701812744,4.377040863037109,True
lodging,mlp_a,0.001,32,5,SAMEA6618978,4.872841835021973,5.334460258483887,True
lodging,mlp_a,0.001,32,5,SAMEA110189013,3.9789562225341797,3.6250357627868652,True
lodging,mlp_a,0.001,32,5,SAMEA110189100,4.329065799713135,4.026000022888184,True
lodging,mlp_a,0.001,32,5,SAMEA110189018,5.059527397155762,4.057882785797119,True
lodging,mlp_a,0.001,32,5,SAMEA110189022,3.9269845485687256,4.2181549072265625,True
lodging,mlp_a,0.001,32,5,SAMEA110189383,4.6498589515686035,4.238591194152832,True
lodging,mlp_a,0.001,32,5,SAMEA110188942,4.321071147918701,2.766508102416992,True
lodging,mlp_a,0.001,32,5,SAMEA6618966,6.234887599945068,5.639026165008545,True
lodging,mlp_a,0.001,32,5,SAMEA110189033,4.695265293121338,4.122062683105469,True
lodging,mlp_a,0.001,32,5,SAMEA110189034,3.2975211143493652,3.2964131832122803,True
lodging,mlp_a,0.001,32,5,SAMEA110188969,2.9295384883880615,2.159654378890991,True
lodging,mlp_a,0.001,32,5,SAMEA110189351,4.227437496185303,3.8084211349487305,True
lodging,mlp_a,0.001,32,5,SAMEA110188947,4.668373107910156,4.163389205932617,True
lodging,mlp_a,0.001,32,5,SAMEA6618957,3.947057008743286,3.877842426300049,True
lodging,mlp_a,0.001,32,5,SAMEA110189052,4.046082973480225,2.6032958030700684,True
lodging,mlp_a,0.001,32,5,SAMEA6618953,3.2541680335998535,3.9678211212158203,True
lodging,mlp_a,0.001,32,5,SAMEA6618952,3.9732065200805664,3.644639492034912,True
lodging,mlp_a,0.001,32,5,SAMEA6618951,3.8555421829223633,4.6555352210998535,True
lodging,mlp_a,0.001,32,5,SAMEA110189061,4.174915790557861,3.8283543586730957,True
lodging,mlp_a,0.001,32,5,SAMEA110188984,3.018373727798462,2.4492616653442383,True
lodging,mlp_a,0.001,32,5,SAMEA110189288,3.654144763946533,2.7490267753601074,True
lodging,mlp_a,0.001,32,5,SAMEA110189504,4.788902282714844,3.7786335945129395,True
lodging,mlp_a,0.001,32,5,SAMEA6618947,5.151348114013672,3.1187262535095215,True
lodging,mlp_a,0.001,32,5,SAMEA110189143,6.547075271606445,4.504587173461914,True
lodging,mlp_a,0.001,32,5,SAMEA110188986,2.1091067790985107,2.808767318725586,True
lodging,mlp_a,0.001,32,5,SAMEA110189150,4.941436290740967,5.241334915161133,True
lodging,mlp_a,0.001,32,5,SAMEA110189385,4.104672431945801,2.770486354827881,True
lodging,mlp_a,0.001,32,5,SAMEA110189209,1.3453353643417358,1.6989425420761108,True
lodging,mlp_a,0.001,32,5,SAMEA6618932,5.422952175140381,4.772548198699951,True
lodging,mlp_a,0.001,32,5,SAMEA110189185,4.310518264770508,3.838310718536377,True
lodging,mlp_a,0.001,32,5,SAMEA110189212,3.171872615814209,2.57781982421875,True
lodging,mlp_a,0.001,32,5,SAMEA110189394,6.114884853363037,4.863895416259766,True
lodging,mlp_a,0.001,32,5,SAMEA110189358,2.762068033218384,3.0090889930725098,True
lodging,mlp_a,0.001,32,5,SAMEA6618924,4.420136451721191,3.2964725494384766,True
lodging,mlp_a,0.001,32,5,SAMEA110189188,3.6222572326660156,3.9759681224823,True
lodging,mlp_a,0.001,32,5,SAMEA110189215,3.0774786472320557,1.9630603790283203,True
lodging,mlp_a,0.001,32,5,SAMEA6618918,3.8041951656341553,3.6355693340301514,True
lodging,mlp_a,0.001,32,5,SAMEA110189316,2.7664990425109863,3.5432353019714355,True
lodging,mlp_a,0.001,32,5,SAMEA110189226,4.423300743103027,3.864485502243042,True
lodging,mlp_a,0.001,32,5,SAMEA6618915,4.616495609283447,3.546203851699829,True
lodging,mlp_a,0.001,32,5,SAMEA110189280,5.078188419342041,4.14068078994751,True
lodging,mlp_a,0.001,32,5,SAMEA110189409,4.888426780700684,4.374297618865967,True
lodging,mlp_a,0.001,32,5,SAMEA110189642,4.784482955932617,4.3231353759765625,True
lodging,mlp_a,0.001,32,5,SAMEA110189193,3.4612433910369873,3.90533709526062,True
lodging,mlp_a,0.001,32,5,SAMEA110189603,4.3849310874938965,4.237724304199219,True
lodging,mlp_a,0.001,32,5,SAMEA110189517,5.374501705169678,4.1971116065979,True
lodging,mlp_a,0.001,32,5,SAMEA6618903,5.007931232452393,4.48605489730835,True
lodging,mlp_a,0.001,32,5,SAMEA110189462,2.2215335369110107,3.3034491539001465,True
lodging,mlp_a,0.001,32,5,SAMEA110189518,4.828747272491455,3.5291037559509277,True
lodging,mlp_a,0.001,32,5,SAMEA6618900,3.471794605255127,4.4631123542785645,True
lodging,mlp_a,0.001,32,5,SAMEA110189274,5.796110153198242,4.537412643432617,True
lodging,mlp_a,0.001,32,5,SAMEA110189713,4.9479193687438965,4.02368688583374,True
lodging,mlp_a,0.001,32,5,SAMEA110189219,3.019364356994629,3.0570778846740723,True
lodging,mlp_a,0.001,32,5,SAMEA110189591,5.349120140075684,4.383535385131836,True
lodging,mlp_a,0.001,32,5,SAMEA6618893,4.944483757019043,4.016474723815918,True
lodging,mlp_a,0.001,32,5,SAMEA110189489,2.9115772247314453,3.916013479232788,True
lodging,mlp_a,0.001,32,5,SAMEA110189602,4.786827087402344,3.781080961227417,True
lodging,mlp_a,0.001,32,5,SAMEA110189585,4.919173240661621,4.363260269165039,True
lodging,mlp_a,0.001,32,5,SAMEA110189593,6.467910289764404,5.002117156982422,True
lodging,mlp_a,0.001,32,5,SAMEA110189670,2.8476366996765137,2.774445056915283,True
lodging,mlp_a,0.001,32,5,SAMEA110189198,4.697404384613037,3.0872678756713867,True
lodging,mlp_a,0.001,32,5,SAMEA110189420,4.023612976074219,3.6454849243164062,True
lodging,mlp_a,0.001,32,5,SAMEA110189545,5.740444183349609,5.084146022796631,True
lodging,mlp_a,0.001,32,5,SAMEA110189609,4.768633842468262,5.075684547424316,True
lodging,mlp_a,0.001,32,5,SAMEA110189583,6.751134395599365,4.807456970214844,True
lodging,mlp_a,0.001,32,5,SAMEA110189271,3.6339008808135986,4.48193359375,True
lodging,mlp_a,0.001,32,5,SAMEA6435264,6.000483989715576,4.59466552734375,True
lodging,mlp_a,0.001,32,5,SAMEA110189255,5.016471862792969,4.566683292388916,True
lodging,mlp_a,0.001,32,5,SAMEA110189422,3.953235149383545,3.39054274559021,True
lodging,mlp_a,0.001,32,5,SAMEA6618884,5.396830081939697,4.856060028076172,True
lodging,mlp_a,0.001,32,5,SAMEA110189526,5.868403911590576,4.19532585144043,True
lodging,mlp_a,0.001,32,5,SAMEA110189473,5.160703659057617,4.848049163818359,True
lodging,mlp_a,0.001,32,5,SAMEA110189284,3.2990307807922363,4.045851707458496,True
lodging,mlp_a,0.001,32,5,SAMEA6618878,4.576371669769287,3.873065948486328,True
lodging,mlp_a,0.001,32,5,SAMEA110189376,4.371463775634766,3.942331314086914,True
lodging,mlp_a,0.001,32,5,SAMEA110189703,3.8530845642089844,4.400439262390137,True
lodging,mlp_a,0.001,32,5,SAMEA110189202,0.8937072157859802,2.4868557453155518,True
lodging,mlp_a,0.001,32,5,SAMEA6618875,3.8753397464752197,3.602250099182129,True
lodging,mlp_a,0.001,32,5,SAMEA110189273,3.3965561389923096,3.7800467014312744,True
lodging,mlp_a,0.001,32,5,SAMEA110189476,3.989236831665039,3.9823427200317383,True
lodging,mlp_a,0.001,32,5,SAMEA110189686,4.77243709564209,4.279400825500488,True
lodging,mlp_a,0.001,32,5,SAMEA110189163,1.547847032546997,2.0717060565948486,True
lodging,mlp_a,0.001,32,5,SAMEA110189320,2.5089783668518066,2.3227930068969727,True
lodging,mlp_a,0.001,32,5,SAMEA110189692,2.064772367477417,2.866631269454956,True
lodging,mlp_a,0.001,32,5,SAMEA110189495,3.760815143585205,4.270198345184326,True
lodging,mlp_a,0.001,32,5,SAMEA110189438,5.346277713775635,4.288388729095459,True
lodging,mlp_a,0.001,32,5,SAMEA110189695,4.266503810882568,4.0956339836120605,True
lodging,mlp_a,0.001,32,5,SAMEA6618824,3.8998825550079346,4.23900842666626,True
lodging,mlp_a,0.001,32,5,SAMEA110189170,2.559948205947876,2.197824478149414,True
lodging,mlp_a,0.001,32,5,SAMEA110189295,4.47907018661499,4.474993705749512,True
lodging,mlp_a,0.001,32,5,SAMEA110189328,2.3255865573883057,1.9938111305236816,True
lodging,mlp_a,0.001,32,5,SAMEA110189636,5.1967010498046875,4.688343524932861,True
lodging,mlp_a,0.001,32,5,SAMEA6618826,6.14464807510376,4.723303318023682,True
lodging,mlp_a,0.001,32,5,SAMEA110189083,4.655712604522705,4.006051540374756,True
lodging,mlp_a,0.001,32,5,SAMEA110189490,5.307473659515381,4.040277481079102,True
lodging,mlp_a,0.001,32,5,SAMEA110189613,3.6603920459747314,3.5651512145996094,True
lodging,mlp_a,0.001,32,5,SAMEA110189292,4.053443908691406,3.899850845336914,True
lodging,mlp_a,0.001,32,5,SAMEA110189258,3.839919090270996,2.5772173404693604,True
lodging,mlp_a,0.001,32,5,SAMEA110189596,4.379345893859863,4.032379150390625,True
lodging,mlp_a,0.001,32,5,SAMEA110189572,2.228494644165039,3.9506964683532715,True
lodging,mlp_a,0.001,32,5,SAMEA110189706,4.6780290603637695,3.81485652923584,True
lodging,mlp_a,0.001,32,5,SAMEA110189176,3.1455774307250977,2.99066162109375,True
lodging,mlp_a,0.001,32,5,SAMEA110189177,3.287339925765991,2.5305404663085938,True
lodging,mlp_a,0.001,32,5,SAMEA6618840,3.8512775897979736,3.7063279151916504,True
lodging,mlp_a,0.001,32,5,SAMEA110189380,3.425438404083252,4.065857887268066,True
lodging,mlp_a,0.001,32,5,SAMEA110188939,3.33559250831604,3.4514424800872803,True
lodging,mlp_a,0.001,32,5,SAMEA110189103,4.069880485534668,3.572378158569336,True
lodging,mlp_a,0.001,32,5,SAMEA110188968,3.0639779567718506,2.620593547821045,True
lodging,mlp_a,0.001,32,5,SAMEA110189106,2.9391605854034424,3.7470433712005615,True
lodging,mlp_a,0.001,32,5,SAMEA110188945,1.6495283842086792,1.9550728797912598,True
lodging,mlp_a,0.001,32,5,SAMEA110189112,3.2323670387268066,3.809000015258789,True
lodging,mlp_a,0.001,32,5,SAMEA110189116,3.292886972427368,4.0190300941467285,True
lodging,mlp_a,0.001,32,5,SAMEA110188974,2.2159318923950195,2.983394145965576,True
lodging,mlp_a,0.001,32,5,SAMEA110189503,4.06757926940918,3.514350414276123,True
lodging,mlp_a,0.001,32,5,SAMEA110189131,5.113659858703613,4.054741382598877,True
lodging,mlp_a,0.001,32,5,SAMEA110189136,3.592001438140869,4.183474063873291,True
lodging,mlp_a,0.001,32,5,SAMEA110189137,2.9373462200164795,3.336888313293457,True
lodging,mlp_a,0.001,32,5,SAMEA110189067,5.206733703613281,3.858628034591675,True
lodging,mlp_a,0.001,32,5,SAMEA110188988,3.3709728717803955,3.5395936965942383,True
lodging,mlp_a,0.001,32,5,SAMEA110188989,1.6558334827423096,3.2602434158325195,True
lodging,mlp_a,0.001,32,5,SAMEA110188957,4.071622848510742,3.4060842990875244,True
lodging,mlp_a,0.001,32,5,SAMEA110189148,5.128696918487549,4.070394515991211,True
lodging,mlp_a,0.001,32,5,SAMEA6618848,3.42435884475708,3.466913938522339,True
lodging,mlp_a,0.001,32,5,SAMEA110189721,4.649489402770996,3.9568772315979004,True
lodging,mlp_a,0.001,32,5,SAMEA6618849,3.7836427688598633,4.419450759887695,True
lodging,mlp_a,0.001,32,5,SAMEA110189359,4.8389668464660645,3.009528398513794,True
lodging,mlp_a,0.001,32,5,SAMEA110189364,3.6742942333221436,3.6324777603149414,True
lodging,mlp_a,0.001,32,5,SAMEA110189367,4.964199066162109,3.964412212371826,True
lodging,mlp_a,0.001,32,5,SAMEA6618854,6.010167121887207,4.1636176109313965,True
lodging,mlp_a,0.001,32,5,SAMEA6618857,3.053894519805908,3.5844554901123047,True
lodging,mlp_a,0.001,32,5,SAMEA110189416,1.834961175918579,3.8355259895324707,True
lodging,mlp_a,0.001,32,5,SAMEA110189417,3.5820810794830322,3.8307032585144043,True
lodging,mlp_a,0.001,32,5,SAMEA110189373,2.2733166217803955,2.519131660461426,True
lodging,mlp_a,0.001,32,5,SAMEA6618866,3.1061370372772217,4.015995979309082,True
lodging,mlp_a,0.001,32,5,SAMEA110189722,5.437252998352051,4.354156970977783,True
lodging,mlp_a,0.001,32,5,SAMEA6618868,3.4530439376831055,3.1096787452697754,True
lodging,mlp_a,0.001,32,5,SAMEA110189200,5.304789066314697,3.582679271697998,True
lodging,mlp_a,0.001,32,5,SAMEA6618869,3.876512050628662,4.612934112548828,True
lodging,mlp_a,0.001,32,5,SAMEA110189493,4.940800666809082,4.227518081665039,True
ramularia_collo_cygni,mlp_a,0.001,16,1,SAMEA110189859,4.437046051025391,3.6186716556549072,True
ramularia_collo_cygni,mlp_a,0.001,16,1,SAMEA110189838,3.7146809101104736,3.545846462249756,True
ramularia_collo_cygni,mlp_a,0.001,16,1,SAMEA110189753,3.3628482818603516,4.06841516494751,True
ramularia_collo_cygni,mlp_a,0.001,16,1,SAMEA110189739,3.773536443710327,3.6465535163879395,True
ramularia_collo_cygni,mlp_a,0.001,16,1,SAMEA110189758,4.203571319580078,3.746476173400879,True
ramularia_collo_cygni,mlp_a,0.001,16,1,SAMEA110189759,3.8173227310180664,3.9406375885009766,True
ramularia_collo_cygni,mlp_a,0.001,16,1,SAMEA110189743,5.088293075561523,3.7855403423309326,True
ramularia_collo_cygni,mlp_a,0.001,16,1,SAMEA110189763,3.9748263359069824,3.866494655609131,True
ramularia_collo_cygni,mlp_a,0.001,16,1,SAMEA110189943,3.5584707260131836,3.6608121395111084,True
ramularia_collo_cygni,mlp_a,0.001,16,1,SAMEA110189809,4.2152419090271,3.905383586883545,True
ramularia_collo_cygni,mlp_a,0.001,16,1,SAMEA110189745,3.24538254737854,3.8562116622924805,True
ramularia_collo_cygni,mlp_a,0.001,16,1,SAMEA110189765,3.970313787460327,4.133716106414795,True
ramularia_collo_cygni,mlp_a,0.001,16,1,SAMEA110189782,3.3474130630493164,3.7117438316345215,True
ramularia_collo_cygni,mlp_a,0.001,16,1,SAMEA110189811,3.6492793560028076,3.9593663215637207,True
ramularia_collo_cygni,mlp_a,0.001,16,1,SAMEA110189783,4.274322986602783,3.509690761566162,True
ramularia_collo_cygni,mlp_a,0.001,16,1,SAMEA110189785,2.97369384765625,3.776394844055176,True
ramularia_collo_cygni,mlp_a,0.001,16,1,SAMEA110189813,2.923482894897461,3.688521385192871,True
ramularia_collo_cygni,mlp_a,0.001,16,1,SAMEA110189829,3.194287061691284,3.9960055351257324,True
ramularia_collo_cygni,mlp_a,0.001,16,1,SAMEA110189771,3.4864704608917236,3.693790912628174,True
ramularia_collo_cygni,mlp_a,0.001,16,1,SAMEA110189848,4.061512470245361,3.826239585876465,True
ramularia_collo_cygni,mlp_a,0.001,16,1,SAMEA110189789,4.671022891998291,3.8798556327819824,True
ramularia_collo_cygni,mlp_a,0.001,16,1,SAMEA110189772,4.30725622177124,3.9852724075317383,True
ramularia_collo_cygni,mlp_a,0.001,16,1,SAMEA110189791,4.749510765075684,3.783937454223633,True
ramularia_collo_cygni,mlp_a,0.001,16,1,SAMEA110189832,4.28374719619751,3.7101316452026367,True
ramularia_collo_cygni,mlp_a,0.001,16,1,SAMEA110189817,4.2581787109375,3.8190066814422607,True
ramularia_collo_cygni,mlp_a,0.001,16,1,SAMEA110189833,3.812246561050415,3.748687982559204,True
ramularia_collo_cygni,mlp_a,0.001,16,1,SAMEA110189819,4.653991222381592,3.891956329345703,True
ramularia_collo_cygni,mlp_a,0.001,16,1,SAMEA110189844,3.5220680236816406,4.066737174987793,True
ramularia_collo_cygni,mlp_a,0.001,16,1,SAMEA110189796,4.236244201660156,3.8956222534179688,True
ramularia_collo_cygni,mlp_a,0.001,16,1,SAMEA110189983,3.5221049785614014,3.1081981658935547,True
ramularia_collo_cygni,mlp_a,0.001,16,1,SAMEA110189965,5.872311592102051,3.4672772884368896,True
ramularia_collo_cygni,mlp_a,0.001,16,1,SAMEA110189900,5.285032272338867,3.388519525527954,True
ramularia_collo_cygni,mlp_a,0.001,16,1,SAMEA110189929,5.773812294006348,3.519473075866699,True
ramularia_collo_cygni,mlp_a,0.001,16,1,SAMEA110189889,4.218407154083252,3.2440552711486816,True
ramularia_collo_cygni,mlp_a,0.001,16,1,SAMEA110189936,4.0689873695373535,3.4210171699523926,True
ramularia_collo_cygni,mlp_a,0.001,16,1,SAMEA110189950,4.239543437957764,3.572035789489746,True
ramularia_collo_cygni,mlp_a,0.001,16,1,SAMEA110189894,4.330824375152588,3.2205405235290527,True
ramularia_collo_cygni,mlp_a,0.001,16,1,SAMEA110190030,4.0099992752075195,3.577324151992798,True
ramularia_collo_cygni,mlp_a,0.001,16,1,SAMEA110190000,4.41943359375,3.4808735847473145,True
ramularia_collo_cygni,mlp_a,0.001,16,1,SAMEA110190031,4.35569953918457,3.4741244316101074,True
ramularia_collo_cygni,mlp_a,0.001,16,1,SAMEA110189939,3.6488075256347656,3.4043474197387695,True
ramularia_collo_cygni,mlp_a,0.001,16,1,SAMEA110189904,5.054962158203125,3.5218942165374756,True
ramularia_collo_cygni,mlp_a,0.001,16,1,SAMEA110189905,3.40048885345459,3.6678218841552734,True
ramularia_collo_cygni,mlp_a,0.001,16,1,SAMEA110189971,3.4303877353668213,2.9674336910247803,True
ramularia_collo_cygni,mlp_a,0.001,16,1,SAMEA110189910,3.380218029022217,3.4312586784362793,True
ramularia_collo_cygni,mlp_a,0.001,16,1,SAMEA110189952,3.1333072185516357,3.428220510482788,True
ramularia_collo_cygni,mlp_a,0.001,16,1,SAMEA110190011,3.1318764686584473,3.5891690254211426,True
ramularia_collo_cygni,mlp_a,0.001,16,1,SAMEA110189913,4.114688396453857,3.720305919647217,True
ramularia_collo_cygni,mlp_a,0.001,16,1,SAMEA110190028,2.676558017730713,3.318735122680664,True
ramularia_collo_cygni,mlp_a,0.001,16,1,SAMEA110189916,1.4622178077697754,3.5645344257354736,True
ramularia_collo_cygni,mlp_a,0.001,16,1,SAMEA110189918,3.606165647506714,3.502070426940918,True
ramularia_collo_cygni,mlp_a,0.001,16,1,SAMEA110190014,2.400981903076172,3.3290605545043945,True
ramularia_collo_cygni,mlp_a,0.001,16,1,SAMEA110190017,3.312466859817505,3.483959197998047,True
ramularia_collo_cygni,mlp_a,0.001,16,1,SAMEA110189920,3.3257217407226562,3.2866158485412598,True
ramularia_collo_cygni,mlp_a,0.001,16,1,SAMEA110189994,3.9165279865264893,3.5965373516082764,True
ramularia_collo_cygni,mlp_a,0.001,16,1,SAMEA110190032,4.689523220062256,3.682642698287964,True
ramularia_collo_cygni,mlp_a,0.001,16,1,SAMEA110189923,4.602095127105713,3.41864013671875,True
ramularia_collo_cygni,mlp_a,0.001,16,1,SAMEA110189995,0.9161714911460876,3.662390947341919,True
ramularia_collo_cygni,mlp_a,0.001,16,1,SAMEA110189979,4.369807720184326,3.2615842819213867,True
ramularia_collo_cygni,mlp_a,0.001,16,1,SAMEA110190019,2.5816941261291504,3.5212180614471436,True
ramularia_collo_cygni,mlp_a,0.001,16,1,SAMEA110189960,4.914672374725342,3.358609914779663,True
ramularia_collo_cygni,mlp_a,0.001,16,1,SAMEA110189981,4.240286827087402,3.232658863067627,True
ramularia_collo_cygni,mlp_a,0.001,16,1,SAMEA6619041,3.4327194690704346,3.436798334121704,True
ramularia_collo_cygni,mlp_a,0.001,16,1,SAMEA110189554,3.9332613945007324,3.3844082355499268,True
ramularia_collo_cygni,mlp_a,0.001,16,1,SAMEA110189684,5.775340557098389,4.189162254333496,True
ramularia_collo_cygni,mlp_a,0.001,16,1,SAMEA110189693,5.194459438323975,4.206282615661621,True
ramularia_collo_cygni,mlp_a,0.001,16,1,SAMEA110189260,3.114654779434204,3.8030433654785156,True
ramularia_collo_cygni,mlp_a,0.001,16,1,SAMEA110189323,2.5377185344696045,2.4659299850463867,True
ramularia_collo_cygni,mlp_a,0.001,16,1,SAMEA6619035,4.404584884643555,3.4657280445098877,True
ramularia_collo_cygni,mlp_a,0.001,16,1,SAMEA6619034,4.996330738067627,3.2508184909820557,True
ramularia_collo_cygni,mlp_a,0.001,16,1,SAMEA110189327,4.29787015914917,2.757366418838501,True
ramularia_collo_cygni,mlp_a,0.001,16,1,SAMEA6619033,4.467355728149414,3.7847437858581543,True
ramularia_collo_cygni,mlp_a,0.001,16,1,SAMEA6619032,3.7000062465667725,3.809309482574463,True
ramularia_collo_cygni,mlp_a,0.001,16,1,SAMEA110189330,2.3960700035095215,3.032715320587158,True
ramularia_collo_cygni,mlp_a,0.001,16,1,SAMEA110189158,1.2012912034988403,4.398284912109375,True
ramularia_collo_cygni,mlp_a,0.001,16,1,SAMEA110189699,2.649326801300049,3.8844027519226074,True
ramularia_collo_cygni,mlp_a,0.001,16,1,SAMEA110189552,4.354432106018066,3.595287799835205,True
ramularia_collo_cygni,mlp_a,0.001,16,1,SAMEA6619023,2.718036413192749,3.568331480026245,True
ramularia_collo_cygni,mlp_a,0.001,16,1,SAMEA110189445,2.2824270725250244,3.0349855422973633,True
ramularia_collo_cygni,mlp_a,0.001,16,1,SAMEA6619020,1.9042227268218994,4.210940361022949,True
ramularia_collo_cygni,mlp_a,0.001,16,1,SAMEA110189486,4.662675857543945,4.307756423950195,True
ramularia_collo_cygni,mlp_a,0.001,16,1,SAMEA6619002,3.2597737312316895,2.941777229309082,True
ramularia_collo_cygni,mlp_a,0.001,16,1,SAMEA110188994,1.4905266761779785,2.735978364944458,True
ramularia_collo_cygni,mlp_a,0.001,16,1,SAMEA110189447,6.610940933227539,3.880288600921631,True
ramularia_collo_cygni,mlp_a,0.001,16,1,SAMEA6618996,3.9869914054870605,3.3152313232421875,True
ramularia_collo_cygni,mlp_a,0.001,16,1,SAMEA110189306,3.93538236618042,3.3921432495117188,True
ramularia_collo_cygni,mlp_a,0.001,16,1,SAMEA110189305,2.7759082317352295,3.5013740062713623,True
ramularia_collo_cygni,mlp_a,0.001,16,1,SAMEA110189450,2.7505810260772705,2.9370784759521484,True
ramularia_collo_cygni,mlp_a,0.001,16,1,SAMEA6618994,5.520170211791992,4.833444595336914,True
ramularia_collo_cygni,mlp_a,0.001,16,1,SAMEA110189243,6.037652015686035,4.44398832321167,True
ramularia_collo_cygni,mlp_a,0.001,16,1,SAMEA110189088,2.1417031288146973,3.110942840576172,True
ramularia_collo_cygni,mlp_a,0.001,16,1,SAMEA110188999,3.1610379219055176,4.378561496734619,True
ramularia_collo_cygni,mlp_a,0.001,16,1,SAMEA110188927,3.061859607696533,2.0605266094207764,True
ramularia_collo_cygni,mlp_a,0.001,16,1,SAMEA110188928,2.573876142501831,2.439999580383301,True
ramularia_collo_cygni,mlp_a,0.001,16,1,SAMEA110188931,2.1985347270965576,1.4425783157348633,True
ramularia_collo_cygni,mlp_a,0.001,16,1,SAMEA110189454,3.1210711002349854,3.087587356567383,True
ramularia_collo_cygni,mlp_a,0.001,16,1,SAMEA110189086,5.4968953132629395,4.403216361999512,True
ramularia_collo_cygni,mlp_a,0.001,16,1,SAMEA6618986,3.627686023712158,4.149936199188232,True
ramularia_collo_cygni,mlp_a,0.001,16,1,SAMEA110189003,3.2048251628875732,4.197467803955078,True
ramularia_collo_cygni,mlp_a,0.001,16,1,SAMEA110188940,1.8977742195129395,2.0729033946990967,True
ramularia_collo_cygni,mlp_a,0.001,16,1,SAMEA110189096,3.8679966926574707,3.402556896209717,True
ramularia_collo_cygni,mlp_a,0.001,16,1,SAMEA110189007,2.884305953979492,2.437838315963745,True
ramularia_collo_cygni,mlp_a,0.001,16,1,SAMEA6618982,3.8153467178344727,3.050014019012451,True
ramularia_collo_cygni,mlp_a,0.001,16,1,SAMEA110189016,2.7215006351470947,3.2663002014160156,True
ramularia_collo_cygni,mlp_a,0.001,16,1,SAMEA6618976,4.937605381011963,2.9089696407318115,True
ramularia_collo_cygni,mlp_a,0.001,16,1,SAMEA110189102,3.0383307933807373,3.1733856201171875,True
ramularia_collo_cygni,mlp_a,0.001,16,1,SAMEA6618970,2.9617745876312256,3.906686782836914,True
ramularia_collo_cygni,mlp_a,0.001,16,1,SAMEA110189027,3.104401111602783,3.0602712631225586,True
ramularia_collo_cygni,mlp_a,0.001,16,1,SAMEA110189029,2.6364409923553467,3.066498279571533,True
ramularia_collo_cygni,mlp_a,0.001,16,1,SAMEA110189605,3.82421612739563,3.449821949005127,True
ramularia_collo_cygni,mlp_a,0.001,16,1,SAMEA110188971,2.702798366546631,3.8639514446258545,True
ramularia_collo_cygni,mlp_a,0.001,16,1,SAMEA6618964,3.5374393463134766,3.3311238288879395,True
ramularia_collo_cygni,mlp_a,0.001,16,1,SAMEA110188975,1.936129093170166,3.146176338195801,True
ramularia_collo_cygni,mlp_a,0.001,16,1,SAMEA110189548,3.405083417892456,3.0282797813415527,True
ramularia_collo_cygni,mlp_a,0.001,16,1,SAMEA110189283,4.258203029632568,3.8417418003082275,True
ramularia_collo_cygni,mlp_a,0.001,16,1,SAMEA6618961,2.488779067993164,3.9525299072265625,True
ramularia_collo_cygni,mlp_a,0.001,16,1,SAMEA6618960,2.7449445724487305,2.836845874786377,True
ramularia_collo_cygni,mlp_a,0.001,16,1,SAMEA6618959,2.7342400550842285,3.5090715885162354,True
ramularia_collo_cygni,mlp_a,0.001,16,1,SAMEA6618956,2.075838565826416,3.4183225631713867,True
ramularia_collo_cygni,mlp_a,0.001,16,1,SAMEA110189127,3.84543776512146,2.75730562210083,True
ramularia_collo_cygni,mlp_a,0.001,16,1,SAMEA6618954,2.5019912719726562,3.3980414867401123,True
ramularia_collo_cygni,mlp_a,0.001,16,1,SAMEA110188950,2.413393497467041,3.7206430435180664,True
ramularia_collo_cygni,mlp_a,0.001,16,1,SAMEA110189132,3.7603673934936523,2.980872869491577,True
ramularia_collo_cygni,mlp_a,0.001,16,1,SAMEA110189638,1.865185022354126,3.6614317893981934,True
ramularia_collo_cygni,mlp_a,0.001,16,1,SAMEA110189506,2.5792205333709717,3.7227325439453125,True
ramularia_collo_cygni,mlp_a,0.001,16,1,SAMEA110189355,2.366379499435425,2.9634885787963867,True
ramularia_collo_cygni,mlp_a,0.001,16,1,SAMEA110189076,2.3948256969451904,2.8811731338500977,True
ramularia_collo_cygni,mlp_a,0.001,16,1,SAMEA6618941,4.828344821929932,2.5769410133361816,True
ramularia_collo_cygni,mlp_a,0.001,16,1,SAMEA6618938,2.132215976715088,3.619709014892578,True
ramularia_collo_cygni,mlp_a,0.001,16,1,SAMEA6618931,1.468025803565979,3.067375421524048,True
ramularia_collo_cygni,mlp_a,0.001,16,1,SAMEA110189390,3.705096483230591,3.0984129905700684,True
ramularia_collo_cygni,mlp_a,0.001,16,1,SAMEA6618930,3.2484829425811768,3.664766788482666,True
ramularia_collo_cygni,mlp_a,0.001,16,1,SAMEA110189553,2.7585079669952393,4.261966228485107,True
ramularia_collo_cygni,mlp_a,0.001,16,1,SAMEA110189279,2.312755584716797,3.8999691009521484,True
ramularia_collo_cygni,mlp_a,0.001,16,1,SAMEA110189608,6.453292369842529,3.6950736045837402,True
ramularia_collo_cygni,mlp_a,0.001,16,1,SAMEA110189281,2.859168767929077,3.1861753463745117,True
ramularia_collo_cygni,mlp_a,0.001,16,1,SAMEA110189369,2.578256130218506,3.73458194732666,True
ramularia_collo_cygni,mlp_a,0.001,16,1,SAMEA110189513,3.2006173133850098,3.5541892051696777,True
ramularia_collo_cygni,mlp_a,0.001,16,1,SAMEA110189664,1.9615410566329956,3.545938491821289,True
ramularia_collo_cygni,mlp_a,0.001,16,1,SAMEA6618910,3.553626537322998,3.3550190925598145,True
ramularia_collo_cygni,mlp_a,0.001,16,1,SAMEA110189264,2.877121686935425,3.3071751594543457,True
ramularia_collo_cygni,mlp_a,0.001,16,1,SAMEA110189461,3.567025899887085,2.2334234714508057,True
ramularia_collo_cygni,mlp_a,0.001,16,1,SAMEA110189296,4.443297386169434,3.3355164527893066,True
ramularia_collo_cygni,mlp_a,0.001,16,1,SAMEA110189247,2.5608043670654297,2.9359636306762695,True
ramularia_collo_cygni,mlp_a,0.001,16,1,SAMEA110189302,3.103139638900757,3.336089611053467,True
ramularia_collo_cygni,mlp_a,0.001,16,1,SAMEA110189265,3.563807487487793,3.4564409255981445,True
ramularia_collo_cygni,mlp_a,0.001,16,1,SAMEA110189248,3.8330674171447754,3.2209887504577637,True
ramularia_collo_cygni,mlp_a,0.001,16,1,SAMEA110189519,3.34153413772583,3.281015396118164,True
ramularia_collo_cygni,mlp_a,0.001,16,1,SAMEA110189628,3.246976137161255,3.291065216064453,True
ramularia_collo_cygni,mlp_a,0.001,16,1,SAMEA110189564,6.266704082489014,5.082342624664307,True
ramularia_collo_cygni,mlp_a,0.001,16,1,SAMEA6618892,4.57531213760376,5.088915824890137,True
ramularia_collo_cygni,mlp_a,0.001,16,1,SAMEA110189584,4.2038445472717285,4.172995567321777,True
ramularia_collo_cygni,mlp_a,0.001,16,1,SAMEA6618889,3.9876530170440674,2.957869052886963,True
ramularia_collo_cygni,mlp_a,0.001,16,1,SAMEA110189712,4.885907173156738,4.83367919921875,True
ramularia_collo_cygni,mlp_a,0.001,16,1,SAMEA110189669,2.1818530559539795,2.3977205753326416,True
ramularia_collo_cygni,mlp_a,0.001,16,1,SAMEA110189197,2.793423891067505,3.3124115467071533,True
ramularia_collo_cygni,mlp_a,0.001,16,1,SAMEA110189221,4.603394985198975,3.332014799118042,True
ramularia_collo_cygni,mlp_a,0.001,16,1,SAMEA110189568,3.7005956172943115,3.7519633769989014,True
ramularia_collo_cygni,mlp_a,0.001,16,1,SAMEA110189467,2.45753812789917,3.415804862976074,True
ramularia_collo_cygni,mlp_a,0.001,16,1,SAMEA110189251,4.7845330238342285,3.7126340866088867,True
ramularia_collo_cygni,mlp_a,0.001,16,1,SAMEA110189268,5.641355037689209,3.461106538772583,True
ramularia_collo_cygni,mlp_a,0.001,16,1,SAMEA110189270,1.9167964458465576,3.421916961669922,True
ramularia_collo_cygni,mlp_a,0.001,16,1,SAMEA110189254,5.714832305908203,3.287867546081543,True
ramularia_collo_cygni,mlp_a,0.001,16,1,SAMEA110189521,4.802934646606445,3.8280110359191895,True
ramularia_collo_cygni,mlp_a,0.001,16,1,SAMEA110189523,4.041996955871582,3.094804286956787,True
ramularia_collo_cygni,mlp_a,0.001,16,1,SAMEA110189558,6.594091415405273,4.1161370277404785,True
ramularia_collo_cygni,mlp_a,0.001,16,1,SAMEA110189222,4.308905124664307,3.573669195175171,True
ramularia_collo_cygni,mlp_a,0.001,16,1,SAMEA6618879,5.702008247375488,4.530646324157715,True
ramularia_collo_cygni,mlp_a,0.001,16,1,SAMEA110189536,3.2748451232910156,4.758554458618164,True
ramularia_collo_cygni,mlp_a,0.001,16,1,SAMEA110189278,2.8367128372192383,2.236159086227417,True
ramularia_collo_cygni,mlp_a,0.001,16,1,SAMEA110189543,4.411263942718506,4.416909694671631,True
ramularia_collo_cygni,mlp_a,0.001,16,1,SAMEA110189225,2.9679031372070312,3.5339231491088867,True
ramularia_collo_cygni,mlp_a,0.001,16,1,SAMEA110189300,5.102677822113037,3.682859420776367,True
ramularia_collo_cygni,mlp_a,0.001,16,1,SAMEA110189427,1.9628480672836304,3.305938720703125,True
ramularia_collo_cygni,mlp_a,0.001,16,1,SAMEA110189681,2.0140163898468018,4.4255900382995605,True
ramularia_collo_cygni,mlp_a,0.001,16,1,SAMEA110189607,1.9605302810668945,3.0971169471740723,True
ramularia_collo_cygni,mlp_a,0.001,16,1,SAMEA110189533,5.172937393188477,3.3631420135498047,True
ramularia_collo_cygni,mlp_a,0.001,16,1,SAMEA110189436,3.328242778778076,4.1451873779296875,True
ramularia_collo_cygni,mlp_a,0.001,16,1,SAMEA110189439,4.147352695465088,4.215406894683838,True
ramularia_collo_cygni,mlp_a,0.001,16,1,SAMEA110189656,4.720761299133301,3.952263355255127,True
ramularia_collo_cygni,mlp_a,0.001,16,1,SAMEA6618823,3.908208131790161,3.4808826446533203,True
ramularia_collo_cygni,mlp_a,0.001,16,1,SAMEA110189705,2.3121607303619385,3.241922378540039,True
ramularia_collo_cygni,mlp_a,0.001,16,1,SAMEA110189332,3.1694915294647217,3.598801374435425,True
ramularia_collo_cygni,mlp_a,0.001,16,1,SAMEA110189599,3.89766001701355,3.5204105377197266,True
ramularia_collo_cygni,mlp_a,0.001,16,1,SAMEA110189432,2.054417848587036,3.868586540222168,True
ramularia_collo_cygni,mlp_a,0.001,16,1,SAMEA110189632,4.942875385284424,3.136080741882324,True
ramularia_collo_cygni,mlp_a,0.001,16,1,SAMEA6618831,2.791846990585327,4.4668965339660645,True
ramularia_collo_cygni,mlp_a,0.001,16,1,SAMEA110188993,4.142354488372803,3.6774797439575195,True
ramularia_collo_cygni,mlp_a,0.001,16,1,SAMEA6618838,3.100059986114502,3.3085403442382812,True
ramularia_collo_cygni,mlp_a,0.001,16,1,SAMEA110189448,2.7811694145202637,3.0366334915161133,True
ramularia_collo_cygni,mlp_a,0.001,16,1,SAMEA110189500,3.748821973800659,3.3709065914154053,True
ramularia_collo_cygni,mlp_a,0.001,16,1,SAMEA6618839,4.46619987487793,3.6289243698120117,True
ramularia_collo_cygni,mlp_a,0.001,16,1,SAMEA110189502,3.332716703414917,2.8453524112701416,True
ramularia_collo_cygni,mlp_a,0.001,16,1,SAMEA110189348,4.966375350952148,3.643958568572998,True
ramularia_collo_cygni,mlp_a,0.001,16,1,SAMEA110188937,0.7725130915641785,3.428920269012451,True
ramularia_collo_cygni,mlp_a,0.001,16,1,SAMEA110189039,2.9025187492370605,3.2505831718444824,True
ramularia_collo_cygni,mlp_a,0.001,16,1,SAMEA110189115,4.984592914581299,2.794217586517334,True
ramularia_collo_cygni,mlp_a,0.001,16,1,SAMEA110189045,3.8406522274017334,3.23002290725708,True
ramularia_collo_cygni,mlp_a,0.001,16,1,SAMEA110188949,3.5323867797851562,3.2853922843933105,True
ramularia_collo_cygni,mlp_a,0.001,16,1,SAMEA110189384,3.2363193035125732,3.1634395122528076,True
ramularia_collo_cygni,mlp_a,0.001,16,1,SAMEA110189120,4.225987911224365,3.33453106880188,True
ramularia_collo_cygni,mlp_a,0.001,16,1,SAMEA110189048,3.101280927658081,3.3934144973754883,True
ramularia_collo_cygni,mlp_a,0.001,16,1,SAMEA110188978,1.943472981452942,2.84586763381958,True
ramularia_collo_cygni,mlp_a,0.001,16,1,SAMEA110189060,2.482367753982544,3.271973133087158,True
ramularia_collo_cygni,mlp_a,0.001,16,1,SAMEA110189063,5.060772895812988,3.352339267730713,True
ramularia_collo_cygni,mlp_a,0.001,16,1,SAMEA110189135,5.22938871383667,3.832260847091675,True
ramularia_collo_cygni,mlp_a,0.001,16,1,SAMEA110189064,3.9322609901428223,3.445760726928711,True
ramularia_collo_cygni,mlp_a,0.001,16,1,SAMEA110189141,5.130832672119141,3.5294241905212402,True
ramularia_collo_cygni,mlp_a,0.001,16,1,SAMEA110189069,4.05725622177124,3.727302074432373,True
ramularia_collo_cygni,mlp_a,0.001,16,1,SAMEA110189387,3.1860263347625732,3.5493836402893066,True
ramularia_collo_cygni,mlp_a,0.001,16,1,SAMEA110189391,7.428986072540283,2.591567039489746,True
ramularia_collo_cygni,mlp_a,0.001,16,1,SAMEA110189362,4.0311713218688965,3.361599922180176,True
ramularia_collo_cygni,mlp_a,0.001,16,1,SAMEA110189368,3.9476234912872314,3.761258363723755,True
ramularia_collo_cygni,mlp_a,0.001,16,1,SAMEA110189510,1.564335823059082,3.2592954635620117,True
ramularia_collo_cygni,mlp_a,0.001,16,1,SAMEA110189412,2.5139431953430176,3.3712306022644043,True
ramularia_collo_cygni,mlp_a,0.001,16,1,SAMEA110189590,4.4153876304626465,3.140085220336914,True
ramularia_collo_cygni,mlp_a,0.001,16,1,SAMEA110189190,3.421875,2.8570384979248047,True
ramularia_collo_cygni,mlp_a,0.001,16,1,SAMEA110189425,3.553791046142578,3.3962039947509766,True
ramularia_collo_cygni,mlp_a,0.001,16,1,SAMEA110189224,5.662357330322266,3.0262115001678467,True
ramularia_collo_cygni,mlp_a,0.001,16,1,SAMEA110189377,3.221431016921997,3.269214630126953,True
ramularia_collo_cygni,mlp_a,0.001,16,1,SAMEA110189674,2.7078986167907715,3.314082622528076,True
ramularia_collo_cygni,mlp_a,0.001,16,1,SAMEA110189557,5.890842914581299,3.640709400177002,True
ramularia_collo_cygni,mlp_a,0.001,16,2,SAMEA110189858,4.500977993011475,3.7760684490203857,True
ramularia_collo_cygni,mlp_a,0.001,16,2,SAMEA110189836,4.521557807922363,3.913825511932373,True
ramularia_collo_cygni,mlp_a,0.001,16,2,SAMEA110189837,4.385427474975586,3.979492664337158,True
ramularia_collo_cygni,mlp_a,0.001,16,2,SAMEA110189750,3.3025851249694824,3.87658429145813,True
ramularia_collo_cygni,mlp_a,0.001,16,2,SAMEA110189752,2.5898311138153076,3.467507839202881,True
ramularia_collo_cygni,mlp_a,0.001,16,2,SAMEA110189803,4.417133331298828,3.91729998588562,True
ramularia_collo_cygni,mlp_a,0.001,16,2,SAMEA110189757,3.9302608966827393,3.9026241302490234,True
ramularia_collo_cygni,mlp_a,0.001,16,2,SAMEA110189824,3.3332624435424805,3.7635674476623535,True
ramularia_collo_cygni,mlp_a,0.001,16,2,SAMEA110189828,4.79125452041626,3.8390719890594482,True
ramularia_collo_cygni,mlp_a,0.001,16,2,SAMEA110189767,3.693711042404175,3.9071264266967773,True
ramularia_collo_cygni,mlp_a,0.001,16,2,SAMEA110189812,3.000614643096924,3.8825645446777344,True
ramularia_collo_cygni,mlp_a,0.001,16,2,SAMEA110189784,4.853581428527832,4.10601806640625,True
ramularia_collo_cygni,mlp_a,0.001,16,2,SAMEA110189734,3.1651241779327393,3.597075939178467,True
ramularia_collo_cygni,mlp_a,0.001,16,2,SAMEA110189847,4.308725833892822,3.6207046508789062,True
ramularia_collo_cygni,mlp_a,0.001,16,2,SAMEA110189843,4.532100677490234,3.679986000061035,True
ramularia_collo_cygni,mlp_a,0.001,16,2,SAMEA110189815,5.051853179931641,3.871397018432617,True
ramularia_collo_cygni,mlp_a,0.001,16,2,SAMEA110189849,3.8620119094848633,3.650637149810791,True
ramularia_collo_cygni,mlp_a,0.001,16,2,SAMEA110189790,3.757631540298462,3.8794820308685303,True
ramularia_collo_cygni,mlp_a,0.001,16,2,SAMEA110189793,4.533859729766846,3.821462631225586,True
ramularia_collo_cygni,mlp_a,0.001,16,2,SAMEA110189915,4.041297435760498,3.8474199771881104,True
ramularia_collo_cygni,mlp_a,0.001,16,2,SAMEA110189852,4.216799259185791,4.016686916351318,True
ramularia_collo_cygni,mlp_a,0.001,16,2,SAMEA110189854,4.208891868591309,3.803262710571289,True
ramularia_collo_cygni,mlp_a,0.001,16,2,SAMEA110189818,3.9464259147644043,3.7192535400390625,True
ramularia_collo_cygni,mlp_a,0.001,16,2,SAMEA110189914,4.0976715087890625,3.8337643146514893,True
ramularia_collo_cygni,mlp_a,0.001,16,2,SAMEA110189798,4.955657482147217,3.6759047508239746,True
ramularia_collo_cygni,mlp_a,0.001,16,2,SAMEA110189834,3.419957399368286,4.019104480743408,True
ramularia_collo_cygni,mlp_a,0.001,16,2,SAMEA110189985,4.449291229248047,3.647947311401367,True
ramularia_collo_cygni,mlp_a,0.001,16,2,SAMEA110189899,3.343437910079956,3.6347970962524414,True
ramularia_collo_cygni,mlp_a,0.001,16,2,SAMEA110189966,3.1381778717041016,3.6429948806762695,True
ramularia_collo_cygni,mlp_a,0.001,16,2,SAMEA110189982,4.7447896003723145,3.376115083694458,True
ramularia_collo_cygni,mlp_a,0.001,16,2,SAMEA110189949,4.818423271179199,3.516695737838745,True
ramularia_collo_cygni,mlp_a,0.001,16,2,SAMEA110189988,4.915981292724609,3.878312110900879,True
ramularia_collo_cygni,mlp_a,0.001,16,2,SAMEA110189999,4.473240375518799,3.687479019165039,True
ramularia_collo_cygni,mlp_a,0.001,16,2,SAMEA110190010,4.124553680419922,3.4948248863220215,True
ramularia_collo_cygni,mlp_a,0.001,16,2,SAMEA110189870,2.0023353099823,3.4092841148376465,True
ramularia_collo_cygni,mlp_a,0.001,16,2,SAMEA110189907,5.257198333740234,3.979795455932617,True
ramularia_collo_cygni,mlp_a,0.001,16,2,SAMEA110189911,2.390930414199829,3.5769128799438477,True
ramularia_collo_cygni,mlp_a,0.001,16,2,SAMEA110189972,3.6069347858428955,3.888864517211914,True
ramularia_collo_cygni,mlp_a,0.001,16,2,SAMEA110189974,5.242866039276123,3.475910186767578,True
ramularia_collo_cygni,mlp_a,0.001,16,2,SAMEA110190008,4.560012340545654,3.446110248565674,True
ramularia_collo_cygni,mlp_a,0.001,16,2,SAMEA110189872,4.269068241119385,4.055947303771973,True
ramularia_collo_cygni,mlp_a,0.001,16,2,SAMEA110189873,3.686307191848755,3.4569404125213623,True
ramularia_collo_cygni,mlp_a,0.001,16,2,SAMEA110189876,3.5664472579956055,3.94791579246521,True
ramularia_collo_cygni,mlp_a,0.001,16,2,SAMEA110189953,3.097393751144409,3.4137885570526123,True
ramularia_collo_cygni,mlp_a,0.001,16,2,SAMEA110190013,4.816455364227295,3.863818645477295,True
ramularia_collo_cygni,mlp_a,0.001,16,2,SAMEA110189942,3.6649270057678223,3.5356085300445557,True
ramularia_collo_cygni,mlp_a,0.001,16,2,SAMEA110189885,4.287945747375488,3.8623642921447754,True
ramularia_collo_cygni,mlp_a,0.001,16,2,SAMEA110189954,3.5628139972686768,3.7582454681396484,True
ramularia_collo_cygni,mlp_a,0.001,16,2,SAMEA110189955,2.818188190460205,3.4807610511779785,True
ramularia_collo_cygni,mlp_a,0.001,16,2,SAMEA110190004,2.2617762088775635,3.690718173980713,True
ramularia_collo_cygni,mlp_a,0.001,16,2,SAMEA110190042,2.022751808166504,3.668889045715332,True
ramularia_collo_cygni,mlp_a,0.001,16,2,SAMEA110190005,4.346449851989746,3.759580612182617,True
ramularia_collo_cygni,mlp_a,0.001,16,2,SAMEA110189897,4.031793117523193,3.9013984203338623,True
ramularia_collo_cygni,mlp_a,0.001,16,2,SAMEA110189993,1.1545493602752686,3.850461959838867,True
ramularia_collo_cygni,mlp_a,0.001,16,2,SAMEA110189898,3.177990436553955,3.55397367477417,True
ramularia_collo_cygni,mlp_a,0.001,16,2,SAMEA110190033,3.999305248260498,3.7423534393310547,True
ramularia_collo_cygni,mlp_a,0.001,16,2,SAMEA110189996,2.9336965084075928,3.4445443153381348,True
ramularia_collo_cygni,mlp_a,0.001,16,2,SAMEA110189980,2.67061710357666,3.5091183185577393,True
ramularia_collo_cygni,mlp_a,0.001,16,2,SAMEA110190020,3.1225404739379883,3.247317314147949,True
ramularia_collo_cygni,mlp_a,0.001,16,2,SAMEA110189540,4.293328762054443,3.2552337646484375,True
ramularia_collo_cygni,mlp_a,0.001,16,2,SAMEA110189682,5.290598392486572,4.227357864379883,True
ramularia_collo_cygni,mlp_a,0.001,16,2,SAMEA110189683,5.360588073730469,4.720121383666992,True
ramularia_collo_cygni,mlp_a,0.001,16,2,SAMEA110189227,2.4888386726379395,3.5253052711486816,True
ramularia_collo_cygni,mlp_a,0.001,16,2,SAMEA110189435,2.144960641860962,3.0230460166931152,True
ramularia_collo_cygni,mlp_a,0.001,16,2,SAMEA110189164,4.927429676055908,3.283992290496826,True
ramularia_collo_cygni,mlp_a,0.001,16,2,SAMEA110189294,5.215198993682861,3.732250928878784,True
ramularia_collo_cygni,mlp_a,0.001,16,2,SAMEA110189694,1.2338565587997437,2.9178266525268555,True
ramularia_collo_cygni,mlp_a,0.001,16,2,SAMEA110189697,2.5310232639312744,3.1887195110321045,True
ramularia_collo_cygni,mlp_a,0.001,16,2,SAMEA110189497,3.267106294631958,2.916879415512085,True
ramularia_collo_cygni,mlp_a,0.001,16,2,SAMEA110189491,3.757455825805664,4.879953384399414,True
ramularia_collo_cygni,mlp_a,0.001,16,2,SAMEA6619027,2.8983640670776367,3.3044512271881104,True
ramularia_collo_cygni,mlp_a,0.001,16,2,SAMEA6619026,1.4481754302978516,3.597909450531006,True
ramularia_collo_cygni,mlp_a,0.001,16,2,SAMEA110189612,4.40523624420166,4.269223690032959,True
ramularia_collo_cygni,mlp_a,0.001,16,2,SAMEA110189485,4.479770183563232,3.243314027786255,True
ramularia_collo_cygni,mlp_a,0.001,16,2,SAMEA110189643,6.08294153213501,3.676039218902588,True
ramularia_collo_cygni,mlp_a,0.001,16,2,SAMEA110189566,4.031759262084961,3.5690016746520996,True
ramularia_collo_cygni,mlp_a,0.001,16,2,SAMEA110189301,4.018955707550049,3.579193353652954,True
ramularia_collo_cygni,mlp_a,0.001,16,2,SAMEA110189573,2.5639846324920654,3.4481923580169678,True
ramularia_collo_cygni,mlp_a,0.001,16,2,SAMEA110189290,4.708284378051758,3.9580330848693848,True
ramularia_collo_cygni,mlp_a,0.001,16,2,SAMEA110189261,2.8070437908172607,3.8266501426696777,True
ramularia_collo_cygni,mlp_a,0.001,16,2,SAMEA110189630,3.2337727546691895,3.2542333602905273,True
ramularia_collo_cygni,mlp_a,0.001,16,2,SAMEA110189238,3.1229310035705566,3.8106513023376465,True
ramularia_collo_cygni,mlp_a,0.001,16,2,SAMEA110188929,3.105801820755005,2.782721519470215,True
ramularia_collo_cygni,mlp_a,0.001,16,2,SAMEA110188930,4.384087085723877,4.749189376831055,True
ramularia_collo_cygni,mlp_a,0.001,16,2,SAMEA6618989,1.0890685319900513,4.604033470153809,True
ramularia_collo_cygni,mlp_a,0.001,16,2,SAMEA110188932,3.389230966567993,2.886880874633789,True
ramularia_collo_cygni,mlp_a,0.001,16,2,SAMEA110188933,1.687163233757019,3.2076058387756348,True
ramularia_collo_cygni,mlp_a,0.001,16,2,SAMEA110188963,2.5693588256835938,3.5612564086914062,True
ramularia_collo_cygni,mlp_a,0.001,16,2,SAMEA110188964,2.693840265274048,2.9686033725738525,True
ramularia_collo_cygni,mlp_a,0.001,16,2,SAMEA110189000,2.9249839782714844,3.509385824203491,True
ramularia_collo_cygni,mlp_a,0.001,16,2,SAMEA110189001,3.8948862552642822,3.312397003173828,True
ramularia_collo_cygni,mlp_a,0.001,16,2,SAMEA110189093,3.8556206226348877,3.83079195022583,True
ramularia_collo_cygni,mlp_a,0.001,16,2,SAMEA6618985,3.3881545066833496,3.587606430053711,True
ramularia_collo_cygni,mlp_a,0.001,16,2,SAMEA6618983,4.419656276702881,3.2741262912750244,True
ramularia_collo_cygni,mlp_a,0.001,16,2,SAMEA110189012,3.7263410091400146,3.2363035678863525,True
ramularia_collo_cygni,mlp_a,0.001,16,2,SAMEA6618977,4.736381530761719,4.7938642501831055,True
ramularia_collo_cygni,mlp_a,0.001,16,2,SAMEA6618974,4.2640910148620605,4.294582843780518,True
ramularia_collo_cygni,mlp_a,0.001,16,2,SAMEA110189019,4.877389907836914,3.274698495864868,True
ramularia_collo_cygni,mlp_a,0.001,16,2,SAMEA6618972,1.280916452407837,2.9991745948791504,True
ramularia_collo_cygni,mlp_a,0.001,16,2,SAMEA110189024,4.008527755737305,3.672391176223755,True
ramularia_collo_cygni,mlp_a,0.001,16,2,SAMEA110189031,2.0366413593292236,3.6731646060943604,True
ramularia_collo_cygni,mlp_a,0.001,16,2,SAMEA110189032,2.673417568206787,2.9839699268341064,True
ramularia_collo_cygni,mlp_a,0.001,16,2,SAMEA110189108,4.238231658935547,3.6920971870422363,True
ramularia_collo_cygni,mlp_a,0.001,16,2,SAMEA110189042,4.253695487976074,3.2592124938964844,True
ramularia_collo_cygni,mlp_a,0.001,16,2,SAMEA110188970,2.971193552017212,3.3867175579071045,True
ramularia_collo_cygni,mlp_a,0.001,16,2,SAMEA110188972,2.9096004962921143,3.314958095550537,True
ramularia_collo_cygni,mlp_a,0.001,16,2,SAMEA110188973,5.764115333557129,4.532922744750977,True
ramularia_collo_cygni,mlp_a,0.001,16,2,SAMEA110189550,3.428346872329712,3.9784321784973145,True
ramularia_collo_cygni,mlp_a,0.001,16,2,SAMEA110189050,4.891236782073975,3.672638177871704,True
ramularia_collo_cygni,mlp_a,0.001,16,2,SAMEA110189122,3.401263475418091,3.3335201740264893,True
ramularia_collo_cygni,mlp_a,0.001,16,2,SAMEA110189123,3.9943172931671143,3.54883074760437,True
ramularia_collo_cygni,mlp_a,0.001,16,2,SAMEA6618958,3.459146499633789,3.370112657546997,True
ramularia_collo_cygni,mlp_a,0.001,16,2,SAMEA6618955,4.966769695281982,4.566725730895996,True
ramularia_collo_cygni,mlp_a,0.001,16,2,SAMEA110188981,3.4160192012786865,3.446042537689209,True
ramularia_collo_cygni,mlp_a,0.001,16,2,SAMEA110188982,2.5249104499816895,3.3778319358825684,True
ramularia_collo_cygni,mlp_a,0.001,16,2,SAMEA110189130,2.884748935699463,3.05532169342041,True
ramularia_collo_cygni,mlp_a,0.001,16,2,SAMEA6618950,3.9954583644866943,3.6695642471313477,True
ramularia_collo_cygni,mlp_a,0.001,16,2,SAMEA110189455,2.917245864868164,3.925619602203369,True
ramularia_collo_cygni,mlp_a,0.001,16,2,SAMEA6618944,1.9956358671188354,3.3402516841888428,True
ramularia_collo_cygni,mlp_a,0.001,16,2,SAMEA6618943,3.459933042526245,2.6782925128936768,True
ramularia_collo_cygni,mlp_a,0.001,16,2,SAMEA110188987,2.262293577194214,3.052074909210205,True
ramularia_collo_cygni,mlp_a,0.001,16,2,SAMEA110189153,3.229686737060547,3.5274877548217773,True
ramularia_collo_cygni,mlp_a,0.001,16,2,SAMEA110189282,2.5429720878601074,2.9625773429870605,True
ramularia_collo_cygni,mlp_a,0.001,16,2,SAMEA110189181,2.4955334663391113,2.773649215698242,True
ramularia_collo_cygni,mlp_a,0.001,16,2,SAMEA6618942,3.0350472927093506,3.547168493270874,True
ramularia_collo_cygni,mlp_a,0.001,16,2,SAMEA110189182,4.950228214263916,3.2158350944519043,True
ramularia_collo_cygni,mlp_a,0.001,16,2,SAMEA110189149,2.9347612857818604,4.9555864334106445,True
ramularia_collo_cygni,mlp_a,0.001,16,2,SAMEA110189206,3.631397247314453,2.718686580657959,True
ramularia_collo_cygni,mlp_a,0.001,16,2,SAMEA110189079,2.676800489425659,3.0593838691711426,True
ramularia_collo_cygni,mlp_a,0.001,16,2,SAMEA110189152,1.2699949741363525,3.3760831356048584,True
ramularia_collo_cygni,mlp_a,0.001,16,2,SAMEA110189207,2.580800771713257,3.8325958251953125,True
ramularia_collo_cygni,mlp_a,0.001,16,2,SAMEA110189208,2.697672128677368,2.892510175704956,True
ramularia_collo_cygni,mlp_a,0.001,16,2,SAMEA110189276,2.40423321723938,3.7274482250213623,True
ramularia_collo_cygni,mlp_a,0.001,16,2,SAMEA110189211,3.223963499069214,3.2827165126800537,True
ramularia_collo_cygni,mlp_a,0.001,16,2,SAMEA110189184,3.263129949569702,3.1277568340301514,True
ramularia_collo_cygni,mlp_a,0.001,16,2,SAMEA110189392,3.7733092308044434,2.9705443382263184,True
ramularia_collo_cygni,mlp_a,0.001,16,2,SAMEA6618928,3.6291048526763916,3.373838186264038,True
ramularia_collo_cygni,mlp_a,0.001,16,2,SAMEA110189396,5.022894382476807,3.6317434310913086,True
ramularia_collo_cygni,mlp_a,0.001,16,2,SAMEA6618926,6.473476409912109,4.412737846374512,True
ramularia_collo_cygni,mlp_a,0.001,16,2,SAMEA110189397,4.905272006988525,4.608218669891357,True
ramularia_collo_cygni,mlp_a,0.001,16,2,SAMEA110189189,2.5946767330169678,3.685030460357666,True
ramularia_collo_cygni,mlp_a,0.001,16,2,SAMEA6618913,2.5145976543426514,3.604588747024536,True
ramularia_collo_cygni,mlp_a,0.001,16,2,SAMEA110189371,2.074171543121338,3.4173269271850586,True
ramularia_collo_cygni,mlp_a,0.001,16,2,SAMEA6618908,3.5855283737182617,4.716996192932129,True
ramularia_collo_cygni,mlp_a,0.001,16,2,SAMEA110189459,5.285380840301514,3.591642141342163,True
ramularia_collo_cygni,mlp_a,0.001,16,2,SAMEA110189516,5.2391791343688965,4.1451616287231445,True
ramularia_collo_cygni,mlp_a,0.001,16,2,SAMEA110189304,5.28869104385376,4.176937580108643,True
ramularia_collo_cygni,mlp_a,0.001,16,2,SAMEA110189266,4.725567817687988,3.5437612533569336,True
ramularia_collo_cygni,mlp_a,0.001,16,2,SAMEA110189465,3.8596384525299072,3.1419363021850586,True
ramularia_collo_cygni,mlp_a,0.001,16,2,SAMEA6618897,2.551762580871582,3.27622652053833,True
ramularia_collo_cygni,mlp_a,0.001,16,2,SAMEA110189725,4.773843288421631,4.826090335845947,True
ramularia_collo_cygni,mlp_a,0.001,16,2,SAMEA6618894,6.100853443145752,4.876325607299805,True
ramularia_collo_cygni,mlp_a,0.001,16,2,SAMEA110189626,5.768947124481201,4.70607852935791,True
ramularia_collo_cygni,mlp_a,0.001,16,2,SAMEA110189196,3.39241099357605,3.986490249633789,True
ramularia_collo_cygni,mlp_a,0.001,16,2,SAMEA110189285,3.207127571105957,2.811420440673828,True
ramularia_collo_cygni,mlp_a,0.001,16,2,SAMEA110189275,2.587664842605591,3.154559850692749,True
ramularia_collo_cygni,mlp_a,0.001,16,2,SAMEA6618886,5.1677069664001465,3.7952427864074707,True
ramularia_collo_cygni,mlp_a,0.001,16,2,SAMEA110189623,4.976781845092773,3.487968921661377,True
ramularia_collo_cygni,mlp_a,0.001,16,2,SAMEA110189633,2.9810361862182617,3.3226404190063477,True
ramularia_collo_cygni,mlp_a,0.001,16,2,SAMEA110189468,1.1522315740585327,3.792860984802246,True
ramularia_collo_cygni,mlp_a,0.001,16,2,SAMEA110189469,3.74353289604187,2.985501527786255,True
ramularia_collo_cygni,mlp_a,0.001,16,2,SAMEA110189539,4.36170768737793,3.728891372680664,True
ramularia_collo_cygni,mlp_a,0.001,16,2,SAMEA110189223,4.183976650238037,3.6521267890930176,True
ramularia_collo_cygni,mlp_a,0.001,16,2,SAMEA110189559,4.809996604919434,4.3307390213012695,True
ramularia_collo_cygni,mlp_a,0.001,16,2,SAMEA110189537,3.260999917984009,4.157839298248291,True
ramularia_collo_cygni,mlp_a,0.001,16,2,SAMEA6435265,3.878615140914917,2.376964807510376,True
ramularia_collo_cygni,mlp_a,0.001,16,2,SAMEA110189311,3.336622476577759,3.479315757751465,True
ramularia_collo_cygni,mlp_a,0.001,16,2,SAMEA110189312,5.092895030975342,3.7214674949645996,True
ramularia_collo_cygni,mlp_a,0.001,16,2,SAMEA110189589,3.0562453269958496,3.3512721061706543,True
ramularia_collo_cygni,mlp_a,0.001,16,2,SAMEA110189689,5.383216381072998,4.633831024169922,True
ramularia_collo_cygni,mlp_a,0.001,16,2,SAMEA110189167,5.393861770629883,3.4264674186706543,True
ramularia_collo_cygni,mlp_a,0.001,16,2,SAMEA110189634,4.899081707000732,3.693669080734253,True
ramularia_collo_cygni,mlp_a,0.001,16,2,SAMEA110189329,1.8791056871414185,3.6954500675201416,True
ramularia_collo_cygni,mlp_a,0.001,16,2,SAMEA110189649,3.3796029090881348,3.814358711242676,True
ramularia_collo_cygni,mlp_a,0.001,16,2,SAMEA110189655,4.685454845428467,3.559504747390747,True
ramularia_collo_cygni,mlp_a,0.001,16,2,SAMEA110189334,4.396953105926514,3.522780418395996,True
ramularia_collo_cygni,mlp_a,0.001,16,2,SAMEA6618827,3.451430082321167,3.1865227222442627,True
ramularia_collo_cygni,mlp_a,0.001,16,2,SAMEA110189615,5.5657057762146,4.55357551574707,True
ramularia_collo_cygni,mlp_a,0.001,16,2,SAMEA110189598,5.379636764526367,5.092181205749512,True
ramularia_collo_cygni,mlp_a,0.001,16,2,SAMEA6618828,3.7364296913146973,3.6014413833618164,True
ramularia_collo_cygni,mlp_a,0.001,16,2,SAMEA110189443,4.924118995666504,3.3494105339050293,True
ramularia_collo_cygni,mlp_a,0.001,16,2,SAMEA110189444,5.1247878074646,4.296323299407959,True
ramularia_collo_cygni,mlp_a,0.001,16,2,SAMEA110189600,3.764073610305786,3.3111824989318848,True
ramularia_collo_cygni,mlp_a,0.001,16,2,SAMEA6618830,2.9710795879364014,3.0539629459381104,True
ramularia_collo_cygni,mlp_a,0.001,16,2,SAMEA110189481,3.1870944499969482,3.3545095920562744,True
ramularia_collo_cygni,mlp_a,0.001,16,2,SAMEA110189228,1.3771344423294067,3.318358898162842,True
ramularia_collo_cygni,mlp_a,0.001,16,2,SAMEA6618833,4.602135181427002,3.648801565170288,True
ramularia_collo_cygni,mlp_a,0.001,16,2,SAMEA110189175,4.506167888641357,4.028146266937256,True
ramularia_collo_cygni,mlp_a,0.001,16,2,SAMEA110189341,6.178173065185547,3.219376564025879,True
ramularia_collo_cygni,mlp_a,0.001,16,2,SAMEA110189342,3.1477956771850586,3.904114007949829,True
ramularia_collo_cygni,mlp_a,0.001,16,2,SAMEA110189343,3.014228105545044,3.399322032928467,True
ramularia_collo_cygni,mlp_a,0.001,16,2,SAMEA110189346,2.896596908569336,3.7524802684783936,True
ramularia_collo_cygni,mlp_a,0.001,16,2,SAMEA110188938,4.933122634887695,3.5559730529785156,True
ramularia_collo_cygni,mlp_a,0.001,16,2,SAMEA110189023,4.654387950897217,3.9495279788970947,True
ramularia_collo_cygni,mlp_a,0.001,16,2,SAMEA110189580,4.99451208114624,3.284712791442871,True
ramularia_collo_cygni,mlp_a,0.001,16,2,SAMEA110189110,3.7203660011291504,3.6372928619384766,True
ramularia_collo_cygni,mlp_a,0.001,16,2,SAMEA110189113,3.2983152866363525,3.2614855766296387,True
ramularia_collo_cygni,mlp_a,0.001,16,2,SAMEA110189117,3.5799217224121094,3.4001588821411133,True
ramularia_collo_cygni,mlp_a,0.001,16,2,SAMEA110189119,2.642613410949707,3.3738980293273926,True
ramularia_collo_cygni,mlp_a,0.001,16,2,SAMEA110189046,4.354321002960205,3.613673686981201,True
ramularia_collo_cygni,mlp_a,0.001,16,2,SAMEA6618844,3.543947458267212,3.479084014892578,True
ramularia_collo_cygni,mlp_a,0.001,16,2,SAMEA110189352,4.570598125457764,3.609233856201172,True
ramularia_collo_cygni,mlp_a,0.001,16,2,SAMEA110188951,4.197081565856934,3.527146577835083,True
ramularia_collo_cygni,mlp_a,0.001,16,2,SAMEA6618948,5.76644229888916,3.2947258949279785,True
ramularia_collo_cygni,mlp_a,0.001,16,2,SAMEA110189144,5.01806640625,3.74184513092041,True
ramularia_collo_cygni,mlp_a,0.001,16,2,SAMEA110188990,5.435757160186768,3.481945514678955,True
ramularia_collo_cygni,mlp_a,0.001,16,2,SAMEA110189074,2.6337084770202637,3.065281629562378,True
ramularia_collo_cygni,mlp_a,0.001,16,2,SAMEA6435260,5.866918087005615,4.6207594871521,True
ramularia_collo_cygni,mlp_a,0.001,16,2,SAMEA110189388,3.2713563442230225,3.6548938751220703,True
ramularia_collo_cygni,mlp_a,0.001,16,2,SAMEA6618851,3.3617684841156006,3.3795528411865234,True
ramularia_collo_cygni,mlp_a,0.001,16,2,SAMEA110189357,5.549428462982178,4.193626880645752,True
ramularia_collo_cygni,mlp_a,0.001,16,2,SAMEA110189398,3.2442126274108887,3.2979578971862793,True
ramularia_collo_cygni,mlp_a,0.001,16,2,SAMEA110189363,2.4907004833221436,3.6922740936279297,True
ramularia_collo_cygni,mlp_a,0.001,16,2,SAMEA110189366,5.128380298614502,3.5256378650665283,True
ramularia_collo_cygni,mlp_a,0.001,16,2,SAMEA6618856,3.498114824295044,3.4824633598327637,True
ramularia_collo_cygni,mlp_a,0.001,16,2,SAMEA6618860,4.326022624969482,3.6698877811431885,True
ramularia_collo_cygni,mlp_a,0.001,16,2,SAMEA110189514,3.4220664501190186,3.359501361846924,True
ramularia_collo_cygni,mlp_a,0.001,16,2,SAMEA110189555,3.936011552810669,3.8482871055603027,True
ramularia_collo_cygni,mlp_a,0.001,16,2,SAMEA110189372,4.641818046569824,3.33632755279541,True
ramularia_collo_cygni,mlp_a,0.001,16,2,SAMEA110189668,3.2426607608795166,4.011599540710449,True
ramularia_collo_cygni,mlp_a,0.001,16,2,SAMEA110189492,2.945929527282715,3.478877067565918,True
ramularia_collo_cygni,mlp_a,0.001,16,2,SAMEA110189428,5.662238121032715,3.5729494094848633,True
ramularia_collo_cygni,mlp_a,0.001,16,3,SAMEA110189749,3.4283106327056885,3.7108774185180664,True
ramularia_collo_cygni,mlp_a,0.001,16,3,SAMEA110189839,3.7001893520355225,3.3663523197174072,True
ramularia_collo_cygni,mlp_a,0.001,16,3,SAMEA110189754,4.596461296081543,3.6108903884887695,True
ramularia_collo_cygni,mlp_a,0.001,16,3,SAMEA110189736,3.765495777130127,3.419379234313965,True
ramularia_collo_cygni,mlp_a,0.001,16,3,SAMEA110189738,5.289792537689209,3.5335021018981934,True
ramularia_collo_cygni,mlp_a,0.001,16,3,SAMEA110189740,4.037617206573486,3.392855644226074,True
ramularia_collo_cygni,mlp_a,0.001,16,3,SAMEA110189756,2.851848840713501,3.5668914318084717,True
ramularia_collo_cygni,mlp_a,0.001,16,3,SAMEA110189806,4.532951354980469,3.6524465084075928,True
ramularia_collo_cygni,mlp_a,0.001,16,3,SAMEA110189826,3.7517929077148438,3.5639474391937256,True
ramularia_collo_cygni,mlp_a,0.001,16,3,SAMEA110189807,3.973647356033325,3.8985719680786133,True
ramularia_collo_cygni,mlp_a,0.001,16,3,SAMEA110189766,2.8069801330566406,3.5678906440734863,True
ramularia_collo_cygni,mlp_a,0.001,16,3,SAMEA110189768,3.184434413909912,3.7475194931030273,True
ramularia_collo_cygni,mlp_a,0.001,16,3,SAMEA110189846,4.408452987670898,3.6516225337982178,True
ramularia_collo_cygni,mlp_a,0.001,16,3,SAMEA110189770,3.8757917881011963,3.7393925189971924,True
ramularia_collo_cygni,mlp_a,0.001,16,3,SAMEA110189814,4.675516605377197,3.408604621887207,True
ramularia_collo_cygni,mlp_a,0.001,16,3,SAMEA110189746,5.296268463134766,3.6416172981262207,True
ramularia_collo_cygni,mlp_a,0.001,16,3,SAMEA110189787,4.182685852050781,3.5865683555603027,True
ramularia_collo_cygni,mlp_a,0.001,16,3,SAMEA110189747,4.7450480461120605,3.395432472229004,True
ramularia_collo_cygni,mlp_a,0.001,16,3,SAMEA110189830,4.025395393371582,3.686636209487915,True
ramularia_collo_cygni,mlp_a,0.001,16,3,SAMEA110189792,3.7268381118774414,3.305358409881592,True
ramularia_collo_cygni,mlp_a,0.001,16,3,SAMEA110189831,3.7572154998779297,3.519345760345459,True
ramularia_collo_cygni,mlp_a,0.001,16,3,SAMEA110189794,3.6257708072662354,3.3512678146362305,True
ramularia_collo_cygni,mlp_a,0.001,16,3,SAMEA110189775,4.765419006347656,3.735445499420166,True
ramularia_collo_cygni,mlp_a,0.001,16,3,SAMEA110189797,3.890559673309326,3.6870174407958984,True
ramularia_collo_cygni,mlp_a,0.001,16,3,SAMEA110189777,3.4396324157714844,3.4976296424865723,True
ramularia_collo_cygni,mlp_a,0.001,16,3,SAMEA110189778,4.660988807678223,3.490737199783325,True
ramularia_collo_cygni,mlp_a,0.001,16,3,SAMEA110189801,4.235026836395264,3.443976402282715,True
ramularia_collo_cygni,mlp_a,0.001,16,3,SAMEA110189780,3.0080978870391846,3.7178986072540283,True
ramularia_collo_cygni,mlp_a,0.001,16,3,SAMEA110189928,4.368788719177246,3.3617563247680664,True
ramularia_collo_cygni,mlp_a,0.001,16,3,SAMEA110189893,3.2221879959106445,3.3520357608795166,True
ramularia_collo_cygni,mlp_a,0.001,16,3,SAMEA110189963,4.902389049530029,3.281484603881836,True
ramularia_collo_cygni,mlp_a,0.001,16,3,SAMEA110189986,3.1156721115112305,3.533480167388916,True
ramularia_collo_cygni,mlp_a,0.001,16,3,SAMEA110189944,5.142060279846191,3.4146151542663574,True
ramularia_collo_cygni,mlp_a,0.001,16,3,SAMEA110189947,1.8509336709976196,3.4134249687194824,True
ramularia_collo_cygni,mlp_a,0.001,16,3,SAMEA110189998,3.9733049869537354,3.575079917907715,True
ramularia_collo_cygni,mlp_a,0.001,16,3,SAMEA110190034,3.565326690673828,3.262193441390991,True
ramularia_collo_cygni,mlp_a,0.001,16,3,SAMEA110189937,2.572021961212158,3.3449275493621826,True
ramularia_collo_cygni,mlp_a,0.001,16,3,SAMEA110190041,3.1111953258514404,3.683800458908081,True
ramularia_collo_cygni,mlp_a,0.001,16,3,SAMEA110189931,4.026538848876953,3.5606207847595215,True
ramularia_collo_cygni,mlp_a,0.001,16,3,SAMEA110189901,4.739010334014893,3.4668025970458984,True
ramularia_collo_cygni,mlp_a,0.001,16,3,SAMEA110189932,1.1079483032226562,3.3044581413269043,True
ramularia_collo_cygni,mlp_a,0.001,16,3,SAMEA110189933,3.840786933898926,3.5303220748901367,True
ramularia_collo_cygni,mlp_a,0.001,16,3,SAMEA110190039,3.9319300651550293,3.5624775886535645,True
ramularia_collo_cygni,mlp_a,0.001,16,3,SAMEA110189902,3.9274957180023193,3.5665931701660156,True
ramularia_collo_cygni,mlp_a,0.001,16,3,SAMEA110189903,2.69154691696167,3.4373061656951904,True
ramularia_collo_cygni,mlp_a,0.001,16,3,SAMEA110189869,3.4944992065429688,3.447084426879883,True
ramularia_collo_cygni,mlp_a,0.001,16,3,SAMEA110189970,3.165001392364502,3.336757183074951,True
ramularia_collo_cygni,mlp_a,0.001,16,3,SAMEA110190022,3.5009775161743164,3.3692760467529297,True
ramularia_collo_cygni,mlp_a,0.001,16,3,SAMEA110189973,2.850743055343628,3.2737832069396973,True
ramularia_collo_cygni,mlp_a,0.001,16,3,SAMEA110189976,4.7309770584106445,3.405712604522705,True
ramularia_collo_cygni,mlp_a,0.001,16,3,SAMEA110190012,3.7681620121002197,3.3058066368103027,True
ramularia_collo_cygni,mlp_a,0.001,16,3,SAMEA110189896,2.9347689151763916,3.576286554336548,True
ramularia_collo_cygni,mlp_a,0.001,16,3,SAMEA110189991,3.79116153717041,3.2519798278808594,True
ramularia_collo_cygni,mlp_a,0.001,16,3,SAMEA110190016,5.439675331115723,3.492082357406616,True
ramularia_collo_cygni,mlp_a,0.001,16,3,SAMEA110190035,2.287381410598755,3.2561893463134766,True
ramularia_collo_cygni,mlp_a,0.001,16,3,SAMEA110190018,6.2430620193481445,3.6157126426696777,True
ramularia_collo_cygni,mlp_a,0.001,16,3,SAMEA110189886,3.1943912506103516,3.5980708599090576,True
ramularia_collo_cygni,mlp_a,0.001,16,3,SAMEA110189922,2.8069229125976562,3.6146578788757324,True
ramularia_collo_cygni,mlp_a,0.001,16,3,SAMEA110189880,2.8047280311584473,3.3923211097717285,True
ramularia_collo_cygni,mlp_a,0.001,16,3,SAMEA110189935,3.6163411140441895,3.353181838989258,True
ramularia_collo_cygni,mlp_a,0.001,16,3,SAMEA110189925,4.370872497558594,3.6327056884765625,True
ramularia_collo_cygni,mlp_a,0.001,16,3,SAMEA110189959,4.495853900909424,3.262471914291382,True
ramularia_collo_cygni,mlp_a,0.001,16,3,SAMEA110189556,3.5817711353302,2.7662463188171387,True
ramularia_collo_cygni,mlp_a,0.001,16,3,SAMEA110189534,2.7631311416625977,3.239278554916382,True
ramularia_collo_cygni,mlp_a,0.001,16,3,SAMEA110189688,6.851032257080078,4.278220176696777,True
ramularia_collo_cygni,mlp_a,0.001,16,3,SAMEA110189166,3.0355043411254883,3.1304397583007812,True
ramularia_collo_cygni,mlp_a,0.001,16,3,SAMEA6619037,3.270127296447754,2.260526657104492,True
ramularia_collo_cygni,mlp_a,0.001,16,3,SAMEA6619036,1.7541340589523315,3.0345208644866943,True
ramularia_collo_cygni,mlp_a,0.001,16,3,SAMEA110189084,5.065959453582764,2.0893027782440186,True
ramularia_collo_cygni,mlp_a,0.001,16,3,SAMEA110189172,5.9858317375183105,3.0246474742889404,True
ramularia_collo_cygni,mlp_a,0.001,16,3,SAMEA110188924,4.158736228942871,3.227374315261841,True
ramularia_collo_cygni,mlp_a,0.001,16,3,SAMEA110189645,5.041228294372559,4.800485134124756,True
ramularia_collo_cygni,mlp_a,0.001,16,3,SAMEA110189498,4.944623947143555,4.608899116516113,True
ramularia_collo_cygni,mlp_a,0.001,16,3,SAMEA110189702,2.0353193283081055,2.954193592071533,True
ramularia_collo_cygni,mlp_a,0.001,16,3,SAMEA110189588,4.261597633361816,4.529959201812744,True
ramularia_collo_cygni,mlp_a,0.001,16,3,SAMEA110189204,3.3408968448638916,3.2659482955932617,True
ramularia_collo_cygni,mlp_a,0.001,16,3,SAMEA110189571,3.5146048069000244,3.0198974609375,True
ramularia_collo_cygni,mlp_a,0.001,16,3,SAMEA6435258,3.1735823154449463,3.8166260719299316,True
ramularia_collo_cygni,mlp_a,0.001,16,3,SAMEA110189229,3.008664131164551,3.289114475250244,True
ramularia_collo_cygni,mlp_a,0.001,16,3,SAMEA110189650,5.228883266448975,4.924581527709961,True
ramularia_collo_cygni,mlp_a,0.001,16,3,SAMEA110189234,2.4126014709472656,2.8842620849609375,True
ramularia_collo_cygni,mlp_a,0.001,16,3,SAMEA110189235,4.734468460083008,3.118572950363159,True
ramularia_collo_cygni,mlp_a,0.001,16,3,SAMEA110189449,2.426675796508789,4.122001647949219,True
ramularia_collo_cygni,mlp_a,0.001,16,3,SAMEA110189242,4.326983451843262,3.471738576889038,True
ramularia_collo_cygni,mlp_a,0.001,16,3,SAMEA6618993,1.6404725313186646,3.232010841369629,True
ramularia_collo_cygni,mlp_a,0.001,16,3,SAMEA110189178,2.5783417224884033,2.778149127960205,True
ramularia_collo_cygni,mlp_a,0.001,16,3,SAMEA110188959,4.32964563369751,3.8918161392211914,True
ramularia_collo_cygni,mlp_a,0.001,16,3,SAMEA6618990,1.3454177379608154,1.827109456062317,True
ramularia_collo_cygni,mlp_a,0.001,16,3,SAMEA110188960,3.040769577026367,2.7435474395751953,True
ramularia_collo_cygni,mlp_a,0.001,16,3,SAMEA110189087,4.610307216644287,4.940908432006836,True
ramularia_collo_cygni,mlp_a,0.001,16,3,SAMEA110188935,2.288140296936035,3.6336545944213867,True
ramularia_collo_cygni,mlp_a,0.001,16,3,SAMEA110189155,3.080928087234497,3.93744158744812,True
ramularia_collo_cygni,mlp_a,0.001,16,3,SAMEA110188936,1.7058842182159424,3.309612274169922,True
ramularia_collo_cygni,mlp_a,0.001,16,3,SAMEA110189002,2.136632204055786,2.880300283432007,True
ramularia_collo_cygni,mlp_a,0.001,16,3,SAMEA110189094,4.850677013397217,4.242365837097168,True
ramularia_collo_cygni,mlp_a,0.001,16,3,SAMEA110189095,4.0954179763793945,3.261979579925537,True
ramularia_collo_cygni,mlp_a,0.001,16,3,SAMEA6618981,3.8353707790374756,2.9746201038360596,True
ramularia_collo_cygni,mlp_a,0.001,16,3,SAMEA110189014,3.0872137546539307,3.166043281555176,True
ramularia_collo_cygni,mlp_a,0.001,16,3,SAMEA110189015,2.9464962482452393,1.9984450340270996,True
ramularia_collo_cygni,mlp_a,0.001,16,3,SAMEA110189017,5.399140357971191,3.4940547943115234,True
ramularia_collo_cygni,mlp_a,0.001,16,3,SAMEA6618973,2.413196325302124,3.245664119720459,True
ramularia_collo_cygni,mlp_a,0.001,16,3,SAMEA110189020,6.434082508087158,3.3019893169403076,True
ramularia_collo_cygni,mlp_a,0.001,16,3,SAMEA6618971,1.3775800466537476,2.5070266723632812,True
ramularia_collo_cygni,mlp_a,0.001,16,3,SAMEA110188941,2.3450396060943604,3.1651690006256104,True
ramularia_collo_cygni,mlp_a,0.001,16,3,SAMEA110189382,2.5885674953460693,2.6546363830566406,True
ramularia_collo_cygni,mlp_a,0.001,16,3,SAMEA6618969,4.506492614746094,3.3959779739379883,True
ramularia_collo_cygni,mlp_a,0.001,16,3,SAMEA110189025,6.476027965545654,4.304908275604248,True
ramularia_collo_cygni,mlp_a,0.001,16,3,SAMEA110189026,1.7648955583572388,2.593033790588379,True
ramularia_collo_cygni,mlp_a,0.001,16,3,SAMEA110189604,4.837276935577393,4.043651103973389,True
ramularia_collo_cygni,mlp_a,0.001,16,3,SAMEA110189036,3.519437313079834,2.778294086456299,True
ramularia_collo_cygni,mlp_a,0.001,16,3,SAMEA110189111,2.527374744415283,2.9026217460632324,True
ramularia_collo_cygni,mlp_a,0.001,16,3,SAMEA110189044,4.95904541015625,3.5283396244049072,True
ramularia_collo_cygni,mlp_a,0.001,16,3,SAMEA110189619,3.0992813110351562,3.361544609069824,True
ramularia_collo_cygni,mlp_a,0.001,16,3,SAMEA110189560,5.401392459869385,4.451961994171143,True
ramularia_collo_cygni,mlp_a,0.001,16,3,SAMEA110189637,3.124971866607666,3.3970649242401123,True
ramularia_collo_cygni,mlp_a,0.001,16,3,SAMEA110189054,3.3098785877227783,2.974088668823242,True
ramularia_collo_cygni,mlp_a,0.001,16,3,SAMEA110188953,2.948209524154663,2.3654747009277344,True
ramularia_collo_cygni,mlp_a,0.001,16,3,SAMEA6618949,4.799643039703369,4.625561714172363,True
ramularia_collo_cygni,mlp_a,0.001,16,3,SAMEA110189353,1.761814832687378,2.802069664001465,True
ramularia_collo_cygni,mlp_a,0.001,16,3,SAMEA110189140,2.4848432540893555,3.533477783203125,True
ramularia_collo_cygni,mlp_a,0.001,16,3,SAMEA6618946,2.626497745513916,2.557002544403076,True
ramularia_collo_cygni,mlp_a,0.001,16,3,SAMEA110189658,4.715294361114502,4.187430381774902,True
ramularia_collo_cygni,mlp_a,0.001,16,3,SAMEA110189080,4.751583099365234,3.1317591667175293,True
ramularia_collo_cygni,mlp_a,0.001,16,3,SAMEA110189071,3.454596757888794,2.880258321762085,True
ramularia_collo_cygni,mlp_a,0.001,16,3,SAMEA110189077,1.7141287326812744,3.3057215213775635,True
ramularia_collo_cygni,mlp_a,0.001,16,3,SAMEA110189151,2.219621181488037,3.040677070617676,True
ramularia_collo_cygni,mlp_a,0.001,16,3,SAMEA6618939,5.895995616912842,3.8128437995910645,True
ramularia_collo_cygni,mlp_a,0.001,16,3,SAMEA110189389,3.9443840980529785,3.069675922393799,True
ramularia_collo_cygni,mlp_a,0.001,16,3,SAMEA110189186,4.515359401702881,2.79642915725708,True
ramularia_collo_cygni,mlp_a,0.001,16,3,SAMEA110189360,3.06272029876709,3.18505597114563,True
ramularia_collo_cygni,mlp_a,0.001,16,3,SAMEA110189213,2.3789217472076416,3.3564720153808594,True
ramularia_collo_cygni,mlp_a,0.001,16,3,SAMEA110189216,2.0259511470794678,2.814584732055664,True
ramularia_collo_cygni,mlp_a,0.001,16,3,SAMEA110189663,3.456848621368408,3.254272699356079,True
ramularia_collo_cygni,mlp_a,0.001,16,3,SAMEA110189217,3.9947409629821777,2.679898262023926,True
ramularia_collo_cygni,mlp_a,0.001,16,3,SAMEA110189307,2.6811163425445557,3.1376523971557617,True
ramularia_collo_cygni,mlp_a,0.001,16,3,SAMEA6618909,3.547001838684082,3.0751357078552246,True
ramularia_collo_cygni,mlp_a,0.001,16,3,SAMEA6618905,3.6476242542266846,3.1425106525421143,True
ramularia_collo_cygni,mlp_a,0.001,16,3,SAMEA110189460,5.550408840179443,3.1836674213409424,True
ramularia_collo_cygni,mlp_a,0.001,16,3,SAMEA110189464,2.8969695568084717,2.289738416671753,True
ramularia_collo_cygni,mlp_a,0.001,16,3,SAMEA6618901,4.279852867126465,4.374910831451416,True
ramularia_collo_cygni,mlp_a,0.001,16,3,SAMEA6618899,2.562779664993286,3.1495702266693115,True
ramularia_collo_cygni,mlp_a,0.001,16,3,SAMEA110189418,3.239318370819092,3.1651599407196045,True
ramularia_collo_cygni,mlp_a,0.001,16,3,SAMEA110189561,5.4189300537109375,5.065276622772217,True
ramularia_collo_cygni,mlp_a,0.001,16,3,SAMEA110189594,3.603778600692749,3.924013614654541,True
ramularia_collo_cygni,mlp_a,0.001,16,3,SAMEA110189711,3.405392646789551,3.110705852508545,True
ramularia_collo_cygni,mlp_a,0.001,16,3,SAMEA110189565,3.4320356845855713,3.5263898372650146,True
ramularia_collo_cygni,mlp_a,0.001,16,3,SAMEA110189482,4.428609371185303,5.345017433166504,True
ramularia_collo_cygni,mlp_a,0.001,16,3,SAMEA110189592,5.850030422210693,3.6723361015319824,True
ramularia_collo_cygni,mlp_a,0.001,16,3,SAMEA110189195,4.093869686126709,3.0806632041931152,True
ramularia_collo_cygni,mlp_a,0.001,16,3,SAMEA6618887,2.6479368209838867,3.214839458465576,True
ramularia_collo_cygni,mlp_a,0.001,16,3,SAMEA110189479,2.9120075702667236,3.5710439682006836,True
ramularia_collo_cygni,mlp_a,0.001,16,3,SAMEA110189574,3.6055524349212646,3.0774121284484863,True
ramularia_collo_cygni,mlp_a,0.001,16,3,SAMEA110189250,3.8132972717285156,3.2850961685180664,True
ramularia_collo_cygni,mlp_a,0.001,16,3,SAMEA6618885,3.1807234287261963,3.291189670562744,True
ramularia_collo_cygni,mlp_a,0.001,16,3,SAMEA110189252,4.6004157066345215,3.2848267555236816,True
ramularia_collo_cygni,mlp_a,0.001,16,3,SAMEA110189471,5.358264923095703,4.033472537994385,True
ramularia_collo_cygni,mlp_a,0.001,16,3,SAMEA110189474,4.107306480407715,5.140718460083008,True
ramularia_collo_cygni,mlp_a,0.001,16,3,SAMEA110189530,5.168934345245361,3.3182783126831055,True
ramularia_collo_cygni,mlp_a,0.001,16,3,SAMEA110189298,3.917309522628784,3.407613754272461,True
ramularia_collo_cygni,mlp_a,0.001,16,3,SAMEA110189378,3.148012399673462,3.30380916595459,True
ramularia_collo_cygni,mlp_a,0.001,16,3,SAMEA110189203,5.185656547546387,3.1976256370544434,True
ramularia_collo_cygni,mlp_a,0.001,16,3,SAMEA110189531,4.2196736335754395,3.6790974140167236,True
ramularia_collo_cygni,mlp_a,0.001,16,3,SAMEA110189429,3.6866085529327393,3.6851511001586914,True
ramularia_collo_cygni,mlp_a,0.001,16,3,SAMEA110189680,2.0523455142974854,2.922973394393921,True
ramularia_collo_cygni,mlp_a,0.001,16,3,SAMEA6618818,3.4224729537963867,3.2580716609954834,True
ramularia_collo_cygni,mlp_a,0.001,16,3,SAMEA6618819,4.191695213317871,2.703731060028076,True
ramularia_collo_cygni,mlp_a,0.001,16,3,SAMEA6618821,4.521262168884277,3.503325939178467,True
ramularia_collo_cygni,mlp_a,0.001,16,3,SAMEA110189647,5.899597644805908,3.5444493293762207,True
ramularia_collo_cygni,mlp_a,0.001,16,3,SAMEA110189657,2.2459473609924316,3.6155693531036377,True
ramularia_collo_cygni,mlp_a,0.001,16,3,SAMEA110189168,4.257490158081055,3.1473500728607178,True
ramularia_collo_cygni,mlp_a,0.001,16,3,SAMEA6618822,6.859493255615234,4.659490585327148,True
ramularia_collo_cygni,mlp_a,0.001,16,3,SAMEA110189639,5.281835556030273,4.485757827758789,True
ramularia_collo_cygni,mlp_a,0.001,16,3,SAMEA110189326,5.5177812576293945,2.3133046627044678,True
ramularia_collo_cygni,mlp_a,0.001,16,3,SAMEA110189442,3.6087446212768555,3.4982612133026123,True
ramularia_collo_cygni,mlp_a,0.001,16,3,SAMEA110189430,3.1014528274536133,2.933969020843506,True
ramularia_collo_cygni,mlp_a,0.001,16,3,SAMEA110189624,5.353029727935791,4.670779705047607,True
ramularia_collo_cygni,mlp_a,0.001,16,3,SAMEA6619024,4.457101345062256,3.0004537105560303,True
ramularia_collo_cygni,mlp_a,0.001,16,3,SAMEA110189606,3.6267080307006836,2.6196651458740234,True
ramularia_collo_cygni,mlp_a,0.001,16,3,SAMEA110189576,4.572081565856934,2.730640411376953,True
ramularia_collo_cygni,mlp_a,0.001,16,3,SAMEA110189597,4.094412803649902,3.343561887741089,True
ramularia_collo_cygni,mlp_a,0.001,16,3,SAMEA110189335,1.9672025442123413,3.1954054832458496,True
ramularia_collo_cygni,mlp_a,0.001,16,3,SAMEA6618834,4.026223659515381,3.1730270385742188,True
ramularia_collo_cygni,mlp_a,0.001,16,3,SAMEA110189336,6.5399956703186035,3.1042022705078125,True
ramularia_collo_cygni,mlp_a,0.001,16,3,SAMEA110189262,3.3746633529663086,3.8707523345947266,True
ramularia_collo_cygni,mlp_a,0.001,16,3,SAMEA110189339,3.6746013164520264,3.320443868637085,True
ramularia_collo_cygni,mlp_a,0.001,16,3,SAMEA110189233,3.3240559101104736,3.2863221168518066,True
ramularia_collo_cygni,mlp_a,0.001,16,3,SAMEA6618837,2.780705213546753,3.353663444519043,True
ramularia_collo_cygni,mlp_a,0.001,16,3,SAMEA110189179,3.7725675106048584,3.1283369064331055,True
ramularia_collo_cygni,mlp_a,0.001,16,3,SAMEA110189350,2.780571937561035,3.6359405517578125,True
ramularia_collo_cygni,mlp_a,0.001,16,3,SAMEA110188967,5.232656002044678,3.2134768962860107,True
ramularia_collo_cygni,mlp_a,0.001,16,3,SAMEA110189644,4.761266708374023,4.006199836730957,True
ramularia_collo_cygni,mlp_a,0.001,16,3,SAMEA110189162,3.509920835494995,3.22748064994812,True
ramularia_collo_cygni,mlp_a,0.001,16,3,SAMEA110188948,3.818425178527832,3.5510058403015137,True
ramularia_collo_cygni,mlp_a,0.001,16,3,SAMEA6618843,5.614259719848633,3.1961448192596436,True
ramularia_collo_cygni,mlp_a,0.001,16,3,SAMEA110188976,2.925201654434204,3.35404109954834,True
ramularia_collo_cygni,mlp_a,0.001,16,3,SAMEA110188977,3.6677768230438232,3.1082966327667236,True
ramularia_collo_cygni,mlp_a,0.001,16,3,SAMEA110189121,4.2425055503845215,3.175365924835205,True
ramularia_collo_cygni,mlp_a,0.001,16,3,SAMEA6618845,4.211633205413818,3.237560987472534,True
ramularia_collo_cygni,mlp_a,0.001,16,3,SAMEA110189134,5.613125324249268,3.6600050926208496,True
ramularia_collo_cygni,mlp_a,0.001,16,3,SAMEA6618846,3.038109540939331,3.0693235397338867,True
ramularia_collo_cygni,mlp_a,0.001,16,3,SAMEA110188954,2.2831473350524902,3.382413387298584,True
ramularia_collo_cygni,mlp_a,0.001,16,3,SAMEA110189066,2.7645246982574463,2.9389455318450928,True
ramularia_collo_cygni,mlp_a,0.001,16,3,SAMEA110189210,3.0668234825134277,2.856372356414795,True
ramularia_collo_cygni,mlp_a,0.001,16,3,SAMEA110189400,4.317523002624512,3.1183230876922607,True
ramularia_collo_cygni,mlp_a,0.001,16,3,SAMEA110189401,2.54805064201355,3.3786861896514893,True
ramularia_collo_cygni,mlp_a,0.001,16,3,SAMEA6618852,2.3865575790405273,3.383594512939453,True
ramularia_collo_cygni,mlp_a,0.001,16,3,SAMEA6618855,3.976043462753296,3.129514217376709,True
ramularia_collo_cygni,mlp_a,0.001,16,3,SAMEA110189214,2.9787585735321045,3.186999797821045,True
ramularia_collo_cygni,mlp_a,0.001,16,3,SAMEA110189581,3.0928537845611572,3.377061605453491,True
ramularia_collo_cygni,mlp_a,0.001,16,3,SAMEA6618858,3.464276075363159,3.105229377746582,True
ramularia_collo_cygni,mlp_a,0.001,16,3,SAMEA110189405,3.7477078437805176,3.6620113849639893,True
ramularia_collo_cygni,mlp_a,0.001,16,3,SAMEA110189410,4.691661357879639,3.244380474090576,True
ramularia_collo_cygni,mlp_a,0.001,16,3,SAMEA110189512,5.685102939605713,3.097837209701538,True
ramularia_collo_cygni,mlp_a,0.001,16,3,SAMEA110189458,5.089783191680908,2.9074060916900635,True
ramularia_collo_cygni,mlp_a,0.001,16,3,SAMEA6618863,5.667262077331543,4.615319728851318,True
ramularia_collo_cygni,mlp_a,0.001,16,3,SAMEA110189277,4.7035298347473145,3.1013598442077637,True
ramularia_collo_cygni,mlp_a,0.001,16,3,SAMEA110189614,3.9637811183929443,3.123227119445801,True
ramularia_collo_cygni,mlp_a,0.001,16,3,SAMEA110189483,4.816861152648926,3.1576809883117676,True
ramularia_collo_cygni,mlp_a,0.001,16,3,SAMEA6618864,2.963390827178955,3.534912586212158,True
ramularia_collo_cygni,mlp_a,0.001,16,3,SAMEA110189374,3.35288405418396,3.118680000305176,True
ramularia_collo_cygni,mlp_a,0.001,16,3,SAMEA110189426,5.862222194671631,2.929856061935425,True
ramularia_collo_cygni,mlp_a,0.001,16,3,SAMEA6618870,3.3696043491363525,3.636044979095459,True
ramularia_collo_cygni,mlp_a,0.001,16,4,SAMEA110189751,3.7455191612243652,3.9951765537261963,True
ramularia_collo_cygni,mlp_a,0.001,16,4,SAMEA110189742,3.320986270904541,3.8812685012817383,True
ramularia_collo_cygni,mlp_a,0.001,16,4,SAMEA110189822,4.138210296630859,3.8445885181427,True
ramularia_collo_cygni,mlp_a,0.001,16,4,SAMEA110189755,4.170570373535156,3.8410587310791016,True
ramularia_collo_cygni,mlp_a,0.001,16,4,SAMEA110189741,4.038302421569824,3.594710350036621,True
ramularia_collo_cygni,mlp_a,0.001,16,4,SAMEA110189762,3.3875415325164795,3.859107732772827,True
ramularia_collo_cygni,mlp_a,0.001,16,4,SAMEA110189805,4.036693096160889,4.000689506530762,True
ramularia_collo_cygni,mlp_a,0.001,16,4,SAMEA110189825,3.3601491451263428,3.888655662536621,True
ramularia_collo_cygni,mlp_a,0.001,16,4,SAMEA110189744,3.849774122238159,3.87440824508667,True
ramularia_collo_cygni,mlp_a,0.001,16,4,SAMEA110189808,4.786461353302002,3.856569766998291,True
ramularia_collo_cygni,mlp_a,0.001,16,4,SAMEA110189842,4.080663681030273,3.819016933441162,True
ramularia_collo_cygni,mlp_a,0.001,16,4,SAMEA110189845,4.756529808044434,3.9594550132751465,True
ramularia_collo_cygni,mlp_a,0.001,16,4,SAMEA110189764,4.343113422393799,3.891470432281494,True
ramularia_collo_cygni,mlp_a,0.001,16,4,SAMEA110189853,3.5221524238586426,3.766298532485962,True
ramularia_collo_cygni,mlp_a,0.001,16,4,SAMEA110189774,3.7313482761383057,3.853900671005249,True
ramularia_collo_cygni,mlp_a,0.001,16,4,SAMEA110189795,3.358982563018799,3.8439979553222656,True
ramularia_collo_cygni,mlp_a,0.001,16,4,SAMEA110189855,3.120199203491211,4.0589280128479,True
ramularia_collo_cygni,mlp_a,0.001,16,4,SAMEA110189776,3.7970547676086426,3.9262642860412598,True
ramularia_collo_cygni,mlp_a,0.001,16,4,SAMEA110189799,3.6160004138946533,3.8509538173675537,True
ramularia_collo_cygni,mlp_a,0.001,16,4,SAMEA110189779,3.9875521659851074,4.018555641174316,True
ramularia_collo_cygni,mlp_a,0.001,16,4,SAMEA110189800,3.2781403064727783,3.8394765853881836,True
ramularia_collo_cygni,mlp_a,0.001,16,4,SAMEA110189857,3.7585296630859375,3.8418285846710205,True
ramularia_collo_cygni,mlp_a,0.001,16,4,SAMEA110189835,4.409118175506592,3.8958539962768555,True
ramularia_collo_cygni,mlp_a,0.001,16,4,SAMEA110189890,3.2664172649383545,3.624185562133789,True
ramularia_collo_cygni,mlp_a,0.001,16,4,SAMEA110189868,4.765773773193359,3.4231085777282715,True
ramularia_collo_cygni,mlp_a,0.001,16,4,SAMEA110189930,3.138558864593506,3.736750364303589,True
ramularia_collo_cygni,mlp_a,0.001,16,4,SAMEA110189891,5.877005577087402,3.4069743156433105,True
ramularia_collo_cygni,mlp_a,0.001,16,4,SAMEA110189945,6.02498722076416,3.3850529193878174,True
ramularia_collo_cygni,mlp_a,0.001,16,4,SAMEA110189987,4.156711101531982,3.4117190837860107,True
ramularia_collo_cygni,mlp_a,0.001,16,4,SAMEA110189887,3.5725150108337402,3.650134563446045,True
ramularia_collo_cygni,mlp_a,0.001,16,4,SAMEA110189946,3.7695839405059814,3.373844861984253,True
ramularia_collo_cygni,mlp_a,0.001,16,4,SAMEA110189948,3.901498794555664,3.4070558547973633,True
ramularia_collo_cygni,mlp_a,0.001,16,4,SAMEA110189997,4.21064567565918,3.5763416290283203,True
ramularia_collo_cygni,mlp_a,0.001,16,4,SAMEA110190040,3.3424248695373535,3.139510154724121,True
ramularia_collo_cygni,mlp_a,0.001,16,4,SAMEA110189967,4.06123161315918,3.5924155712127686,True
ramularia_collo_cygni,mlp_a,0.001,16,4,SAMEA110189884,2.6912479400634766,3.7389111518859863,True
ramularia_collo_cygni,mlp_a,0.001,16,4,SAMEA110189968,3.609860420227051,3.8517565727233887,True
ramularia_collo_cygni,mlp_a,0.001,16,4,SAMEA110189895,3.6041362285614014,3.4699320793151855,True
ramularia_collo_cygni,mlp_a,0.001,16,4,SAMEA110189989,4.65008544921875,3.480447292327881,True
ramularia_collo_cygni,mlp_a,0.001,16,4,SAMEA110190027,3.419133186340332,3.3709423542022705,True
ramularia_collo_cygni,mlp_a,0.001,16,4,SAMEA110190037,3.9001617431640625,3.3896870613098145,True
ramularia_collo_cygni,mlp_a,0.001,16,4,SAMEA110189938,4.8972086906433105,3.2503252029418945,True
ramularia_collo_cygni,mlp_a,0.001,16,4,SAMEA110189990,4.221923828125,3.256016731262207,True
ramularia_collo_cygni,mlp_a,0.001,16,4,SAMEA110189940,2.498699426651001,3.189398765563965,True
ramularia_collo_cygni,mlp_a,0.001,16,4,SAMEA110189969,4.790963172912598,3.6963117122650146,True
ramularia_collo_cygni,mlp_a,0.001,16,4,SAMEA110189906,3.963405132293701,3.602473020553589,True
ramularia_collo_cygni,mlp_a,0.001,16,4,SAMEA110189871,3.3718292713165283,3.5871243476867676,True
ramularia_collo_cygni,mlp_a,0.001,16,4,SAMEA110190025,3.5136067867279053,3.7377521991729736,True
ramularia_collo_cygni,mlp_a,0.001,16,4,SAMEA110190002,4.246042728424072,3.229975461959839,True
ramularia_collo_cygni,mlp_a,0.001,16,4,SAMEA110189874,3.2589151859283447,3.5864436626434326,True
ramularia_collo_cygni,mlp_a,0.001,16,4,SAMEA110189877,3.856945514678955,3.6090166568756104,True
ramularia_collo_cygni,mlp_a,0.001,16,4,SAMEA110189934,4.388931751251221,3.9027199745178223,True
ramularia_collo_cygni,mlp_a,0.001,16,4,SAMEA110190003,4.094779968261719,4.040924549102783,True
ramularia_collo_cygni,mlp_a,0.001,16,4,SAMEA110189956,2.947566270828247,4.039309501647949,True
ramularia_collo_cygni,mlp_a,0.001,16,4,SAMEA110189919,4.351179122924805,3.497892379760742,True
ramularia_collo_cygni,mlp_a,0.001,16,4,SAMEA110189879,4.431300640106201,3.337522506713867,True
ramularia_collo_cygni,mlp_a,0.001,16,4,SAMEA110190036,3.5473570823669434,3.6430115699768066,True
ramularia_collo_cygni,mlp_a,0.001,16,4,SAMEA110189957,1.318238615989685,3.555471897125244,True
ramularia_collo_cygni,mlp_a,0.001,16,4,SAMEA110190006,5.062196254730225,3.382204532623291,True
ramularia_collo_cygni,mlp_a,0.001,16,4,SAMEA110189926,4.036868572235107,3.7775325775146484,True
ramularia_collo_cygni,mlp_a,0.001,16,4,SAMEA110189881,3.1326963901519775,3.326505661010742,True
ramularia_collo_cygni,mlp_a,0.001,16,4,SAMEA110189961,3.781473159790039,3.8881945610046387,True
ramularia_collo_cygni,mlp_a,0.001,16,4,SAMEA110189631,3.4300875663757324,3.136258602142334,True
ramularia_collo_cygni,mlp_a,0.001,16,4,SAMEA110189318,1.4503273963928223,3.0751023292541504,True
ramularia_collo_cygni,mlp_a,0.001,16,4,SAMEA110189685,3.282822847366333,3.008124351501465,True
ramularia_collo_cygni,mlp_a,0.001,16,4,SAMEA110189165,4.021618843078613,3.664232015609741,True
ramularia_collo_cygni,mlp_a,0.001,16,4,SAMEA110189547,7.002524375915527,4.718701362609863,True
ramularia_collo_cygni,mlp_a,0.001,16,4,SAMEA110189257,2.4273922443389893,2.9166274070739746,True
ramularia_collo_cygni,mlp_a,0.001,16,4,SAMEA110189314,2.2041594982147217,2.9026308059692383,True
ramularia_collo_cygni,mlp_a,0.001,16,4,SAMEA110189698,8.548221588134766,3.9419965744018555,True
ramularia_collo_cygni,mlp_a,0.001,16,4,SAMEA110189173,3.5736186504364014,3.456104040145874,True
ramularia_collo_cygni,mlp_a,0.001,16,4,SAMEA110189726,5.74864387512207,5.0552897453308105,True
ramularia_collo_cygni,mlp_a,0.001,16,4,SAMEA110189629,3.857893943786621,3.7123799324035645,True
ramularia_collo_cygni,mlp_a,0.001,16,4,SAMEA6619025,2.024299383163452,2.944525957107544,True
ramularia_collo_cygni,mlp_a,0.001,16,4,SAMEA6619022,3.57814884185791,2.7444493770599365,True
ramularia_collo_cygni,mlp_a,0.001,16,4,SAMEA110189299,2.650359630584717,4.120639324188232,True
ramularia_collo_cygni,mlp_a,0.001,16,4,SAMEA110189337,4.737661838531494,2.81058406829834,True
ramularia_collo_cygni,mlp_a,0.001,16,4,SAMEA110189577,6.889271259307861,4.155520439147949,True
ramularia_collo_cygni,mlp_a,0.001,16,4,SAMEA110189239,2.141887903213501,3.531406879425049,True
ramularia_collo_cygni,mlp_a,0.001,16,4,SAMEA110189240,2.4578654766082764,3.492363929748535,True
ramularia_collo_cygni,mlp_a,0.001,16,4,SAMEA110189241,2.1360576152801514,2.799370527267456,True
ramularia_collo_cygni,mlp_a,0.001,16,4,SAMEA110189499,3.388550043106079,3.245305061340332,True
ramularia_collo_cygni,mlp_a,0.001,16,4,SAMEA110189452,2.4765572547912598,3.671743869781494,True
ramularia_collo_cygni,mlp_a,0.001,16,4,SAMEA110188925,3.8550570011138916,3.6384665966033936,True
ramularia_collo_cygni,mlp_a,0.001,16,4,SAMEA6618991,5.0715484619140625,4.009512901306152,True
ramularia_collo_cygni,mlp_a,0.001,16,4,SAMEA110189089,3.1976869106292725,4.138233184814453,True
ramularia_collo_cygni,mlp_a,0.001,16,4,SAMEA110188934,2.902024030685425,2.615241050720215,True
ramularia_collo_cygni,mlp_a,0.001,16,4,SAMEA110188962,3.6303648948669434,4.1402058601379395,True
ramularia_collo_cygni,mlp_a,0.001,16,4,SAMEA110189091,3.0768561363220215,3.025540351867676,True
ramularia_collo_cygni,mlp_a,0.001,16,4,SAMEA110189004,3.195960760116577,4.160983085632324,True
ramularia_collo_cygni,mlp_a,0.001,16,4,SAMEA6618984,2.5574607849121094,3.322969436645508,True
ramularia_collo_cygni,mlp_a,0.001,16,4,SAMEA6618980,3.506211757659912,2.8653483390808105,True
ramularia_collo_cygni,mlp_a,0.001,16,4,SAMEA6618979,4.869271278381348,4.939727306365967,True
ramularia_collo_cygni,mlp_a,0.001,16,4,SAMEA110189101,5.712866306304932,4.982708930969238,True
ramularia_collo_cygni,mlp_a,0.001,16,4,SAMEA6618975,1.6757007837295532,3.39725399017334,True
ramularia_collo_cygni,mlp_a,0.001,16,4,SAMEA110189021,4.934470176696777,4.710816383361816,True
ramularia_collo_cygni,mlp_a,0.001,16,4,SAMEA110189180,3.365553379058838,2.541734457015991,True
ramularia_collo_cygni,mlp_a,0.001,16,4,SAMEA110189028,3.3187451362609863,2.9574785232543945,True
ramularia_collo_cygni,mlp_a,0.001,16,4,SAMEA110189035,2.7361066341400146,3.567157506942749,True
ramularia_collo_cygni,mlp_a,0.001,16,4,SAMEA6618965,4.560708999633789,3.2616007328033447,True
ramularia_collo_cygni,mlp_a,0.001,16,4,SAMEA110188944,4.478654861450195,3.503676176071167,True
ramularia_collo_cygni,mlp_a,0.001,16,4,SAMEA110189124,2.024380683898926,3.708432197570801,True
ramularia_collo_cygni,mlp_a,0.001,16,4,SAMEA110188980,6.325589656829834,3.7923812866210938,True
ramularia_collo_cygni,mlp_a,0.001,16,4,SAMEA110189139,2.876749277114868,3.5440821647644043,True
ramularia_collo_cygni,mlp_a,0.001,16,4,SAMEA110189505,5.896337985992432,5.228301048278809,True
ramularia_collo_cygni,mlp_a,0.001,16,4,SAMEA6618945,3.1636996269226074,3.6809768676757812,True
ramularia_collo_cygni,mlp_a,0.001,16,4,SAMEA110189146,3.4179210662841797,3.406142234802246,True
ramularia_collo_cygni,mlp_a,0.001,16,4,SAMEA110189386,3.23861026763916,2.5471138954162598,True
ramularia_collo_cygni,mlp_a,0.001,16,4,SAMEA110189701,1.9953423738479614,2.856123208999634,True
ramularia_collo_cygni,mlp_a,0.001,16,4,SAMEA110189183,1.3795969486236572,3.340412139892578,True
ramularia_collo_cygni,mlp_a,0.001,16,4,SAMEA110189289,2.528756856918335,2.942248821258545,True
ramularia_collo_cygni,mlp_a,0.001,16,4,SAMEA110189433,3.2204298973083496,2.5231716632843018,True
ramularia_collo_cygni,mlp_a,0.001,16,4,SAMEA110189187,3.0233347415924072,3.6261086463928223,True
ramularia_collo_cygni,mlp_a,0.001,16,4,SAMEA6618929,2.749119520187378,3.7044944763183594,True
ramularia_collo_cygni,mlp_a,0.001,16,4,SAMEA110189434,3.707520008087158,4.107877254486084,True
ramularia_collo_cygni,mlp_a,0.001,16,4,SAMEA6618923,3.026681423187256,2.7246227264404297,True
ramularia_collo_cygni,mlp_a,0.001,16,4,SAMEA110189403,4.725632190704346,4.6124348640441895,True
ramularia_collo_cygni,mlp_a,0.001,16,4,SAMEA6618914,2.821392774581909,2.937615156173706,True
ramularia_collo_cygni,mlp_a,0.001,16,4,SAMEA110189641,4.177928924560547,3.9848482608795166,True
ramularia_collo_cygni,mlp_a,0.001,16,4,SAMEA110189511,4.532230377197266,2.889249324798584,True
ramularia_collo_cygni,mlp_a,0.001,16,4,SAMEA110189411,3.4210798740386963,3.892530918121338,True
ramularia_collo_cygni,mlp_a,0.001,16,4,SAMEA6618911,5.080501079559326,3.8756189346313477,True
ramularia_collo_cygni,mlp_a,0.001,16,4,SAMEA110189661,3.638899803161621,3.204484462738037,True
ramularia_collo_cygni,mlp_a,0.001,16,4,SAMEA110189244,2.787416934967041,3.582271099090576,True
ramularia_collo_cygni,mlp_a,0.001,16,4,SAMEA110189414,3.0454177856445312,2.491471529006958,True
ramularia_collo_cygni,mlp_a,0.001,16,4,SAMEA110189218,2.791185140609741,3.3327395915985107,True
ramularia_collo_cygni,mlp_a,0.001,16,4,SAMEA110189515,3.5977590084075928,3.357071876525879,True
ramularia_collo_cygni,mlp_a,0.001,16,4,SAMEA110189297,4.401479721069336,3.8333048820495605,True
ramularia_collo_cygni,mlp_a,0.001,16,4,SAMEA6618902,4.024790287017822,3.171720027923584,True
ramularia_collo_cygni,mlp_a,0.001,16,4,SAMEA110189652,4.044241905212402,3.765565872192383,True
ramularia_collo_cygni,mlp_a,0.001,16,4,SAMEA110189246,2.121753215789795,3.763258457183838,True
ramularia_collo_cygni,mlp_a,0.001,16,4,SAMEA110189303,3.2852792739868164,3.5692639350891113,True
ramularia_collo_cygni,mlp_a,0.001,16,4,SAMEA6618898,2.2738046646118164,3.7926340103149414,True
ramularia_collo_cygni,mlp_a,0.001,16,4,SAMEA110189220,4.675626754760742,3.499807357788086,True
ramularia_collo_cygni,mlp_a,0.001,16,4,SAMEA110189595,2.7893824577331543,4.3972978591918945,True
ramularia_collo_cygni,mlp_a,0.001,16,4,SAMEA110189194,4.261444568634033,3.3329782485961914,True
ramularia_collo_cygni,mlp_a,0.001,16,4,SAMEA110189575,4.094531059265137,2.974276065826416,True
ramularia_collo_cygni,mlp_a,0.001,16,4,SAMEA110189610,3.5895678997039795,3.284423828125,True
ramularia_collo_cygni,mlp_a,0.001,16,4,SAMEA110189569,1.934766173362732,3.6461992263793945,True
ramularia_collo_cygni,mlp_a,0.001,16,4,SAMEA110189269,4.2683539390563965,4.195380687713623,True
ramularia_collo_cygni,mlp_a,0.001,16,4,SAMEA110189253,2.5890097618103027,3.9899837970733643,True
ramularia_collo_cygni,mlp_a,0.001,16,4,SAMEA110189272,1.8490643501281738,3.207968235015869,True
ramularia_collo_cygni,mlp_a,0.001,16,4,SAMEA110189472,2.37579345703125,3.0716381072998047,True
ramularia_collo_cygni,mlp_a,0.001,16,4,SAMEA110189308,2.942746639251709,3.2234482765197754,True
ramularia_collo_cygni,mlp_a,0.001,16,4,SAMEA110189201,3.365953207015991,3.8183484077453613,True
ramularia_collo_cygni,mlp_a,0.001,16,4,SAMEA110189535,3.8335001468658447,3.0620646476745605,True
ramularia_collo_cygni,mlp_a,0.001,16,4,SAMEA6618874,4.950109004974365,3.525233268737793,True
ramularia_collo_cygni,mlp_a,0.001,16,4,SAMEA110189494,3.534966468811035,3.4401297569274902,True
ramularia_collo_cygni,mlp_a,0.001,16,4,SAMEA110189259,4.401780605316162,5.031968593597412,True
ramularia_collo_cygni,mlp_a,0.001,16,4,SAMEA110189687,3.6701431274414062,3.135826587677002,True
ramularia_collo_cygni,mlp_a,0.001,16,4,SAMEA110189319,4.283459186553955,3.1264169216156006,True
ramularia_collo_cygni,mlp_a,0.001,16,4,SAMEA110189587,2.9253952503204346,5.106255054473877,True
ramularia_collo_cygni,mlp_a,0.001,16,4,SAMEA110189690,3.6068804264068604,3.1730737686157227,True
ramularia_collo_cygni,mlp_a,0.001,16,4,SAMEA110189437,4.299196720123291,4.253077507019043,True
ramularia_collo_cygni,mlp_a,0.001,16,4,SAMEA6618820,2.861931562423706,3.0353612899780273,True
ramularia_collo_cygni,mlp_a,0.001,16,4,SAMEA110189651,5.4183197021484375,4.579717636108398,True
ramularia_collo_cygni,mlp_a,0.001,16,4,SAMEA110189648,5.918728351593018,4.6695556640625,True
ramularia_collo_cygni,mlp_a,0.001,16,4,SAMEA110189169,6.28255558013916,3.4122488498687744,True
ramularia_collo_cygni,mlp_a,0.001,16,4,SAMEA110189324,4.708309173583984,2.464716911315918,True
ramularia_collo_cygni,mlp_a,0.001,16,4,SAMEA110189171,4.3441596031188965,3.4299211502075195,True
ramularia_collo_cygni,mlp_a,0.001,16,4,SAMEA110189635,4.599679946899414,4.522420883178711,True
ramularia_collo_cygni,mlp_a,0.001,16,4,SAMEA110189440,3.0254921913146973,4.306704998016357,True
ramularia_collo_cygni,mlp_a,0.001,16,4,SAMEA110189441,4.3088531494140625,4.010936260223389,True
ramularia_collo_cygni,mlp_a,0.001,16,4,SAMEA6618825,2.8893587589263916,3.8902993202209473,True
ramularia_collo_cygni,mlp_a,0.001,16,4,SAMEA110189085,3.7118847370147705,4.243919849395752,True
ramularia_collo_cygni,mlp_a,0.001,16,4,SAMEA110189431,3.5732994079589844,3.23404860496521,True
ramularia_collo_cygni,mlp_a,0.001,16,4,SAMEA6618829,4.208323001861572,3.1762146949768066,True
ramularia_collo_cygni,mlp_a,0.001,16,4,SAMEA110189291,4.097195625305176,2.6112167835235596,True
ramularia_collo_cygni,mlp_a,0.001,16,4,SAMEA6618832,2.9698948860168457,2.3726253509521484,True
ramularia_collo_cygni,mlp_a,0.001,16,4,SAMEA110189293,3.637462854385376,3.0733139514923096,True
ramularia_collo_cygni,mlp_a,0.001,16,4,SAMEA110189256,2.8062477111816406,2.3370141983032227,True
ramularia_collo_cygni,mlp_a,0.001,16,4,SAMEA110189286,2.2007644176483154,3.420044422149658,True
ramularia_collo_cygni,mlp_a,0.001,16,4,SAMEA110189720,4.001062870025635,3.158693790435791,True
ramularia_collo_cygni,mlp_a,0.001,16,4,SAMEA110189616,7.912653923034668,3.9081549644470215,True
ramularia_collo_cygni,mlp_a,0.001,16,4,SAMEA110189287,3.2813074588775635,3.3837838172912598,True
ramularia_collo_cygni,mlp_a,0.001,16,4,SAMEA110189174,3.748131275177002,3.353515386581421,True
ramularia_collo_cygni,mlp_a,0.001,16,4,SAMEA6618835,4.846660614013672,4.3743815422058105,True
ramularia_collo_cygni,mlp_a,0.001,16,4,SAMEA6618836,3.635939121246338,3.2262563705444336,True
ramularia_collo_cygni,mlp_a,0.001,16,4,SAMEA110189232,5.756444931030273,3.5323026180267334,True
ramularia_collo_cygni,mlp_a,0.001,16,4,SAMEA110189159,3.465270757675171,3.1375365257263184,True
ramularia_collo_cygni,mlp_a,0.001,16,4,SAMEA110189344,4.186216831207275,3.229586601257324,True
ramularia_collo_cygni,mlp_a,0.001,16,4,SAMEA110189345,4.885353088378906,4.233349323272705,True
ramularia_collo_cygni,mlp_a,0.001,16,4,SAMEA110189347,4.368346214294434,3.35933780670166,True
ramularia_collo_cygni,mlp_a,0.001,16,4,SAMEA110189381,5.132430553436279,3.3759195804595947,True
ramularia_collo_cygni,mlp_a,0.001,16,4,SAMEA110189349,3.7668514251708984,3.442495346069336,True
ramularia_collo_cygni,mlp_a,0.001,16,4,SAMEA110188965,5.209136009216309,4.452325820922852,True
ramularia_collo_cygni,mlp_a,0.001,16,4,SAMEA110188966,4.908590316772461,3.8088927268981934,True
ramularia_collo_cygni,mlp_a,0.001,16,4,SAMEA6618841,5.047861576080322,3.583461284637451,True
ramularia_collo_cygni,mlp_a,0.001,16,4,SAMEA110188943,3.6128382682800293,3.3024702072143555,True
ramularia_collo_cygni,mlp_a,0.001,16,4,SAMEA110189114,3.2443041801452637,3.828115940093994,True
ramularia_collo_cygni,mlp_a,0.001,16,4,SAMEA110188946,2.052194118499756,3.731642246246338,True
ramularia_collo_cygni,mlp_a,0.001,16,4,SAMEA110189043,3.9368736743927,3.853604316711426,True
ramularia_collo_cygni,mlp_a,0.001,16,4,SAMEA110189049,5.535770416259766,3.2560112476348877,True
ramularia_collo_cygni,mlp_a,0.001,16,4,SAMEA110188952,2.6539804935455322,3.710447072982788,True
ramularia_collo_cygni,mlp_a,0.001,16,4,SAMEA110189056,3.834533452987671,3.5861804485321045,True
ramularia_collo_cygni,mlp_a,0.001,16,4,SAMEA110189058,6.670582294464111,3.5296170711517334,True
ramularia_collo_cygni,mlp_a,0.001,16,4,SAMEA110189062,5.076323986053467,4.161396503448486,True
ramularia_collo_cygni,mlp_a,0.001,16,4,SAMEA110189138,3.3230767250061035,3.6669559478759766,True
ramularia_collo_cygni,mlp_a,0.001,16,4,SAMEA110189068,4.120845794677734,3.3727283477783203,True
ramularia_collo_cygni,mlp_a,0.001,16,4,SAMEA110189147,5.744139194488525,4.079494476318359,True
ramularia_collo_cygni,mlp_a,0.001,16,4,SAMEA110188958,3.442166566848755,2.9983673095703125,True
ramularia_collo_cygni,mlp_a,0.001,16,4,SAMEA6618847,5.006631851196289,3.392665386199951,True
ramularia_collo_cygni,mlp_a,0.001,16,4,SAMEA6618850,3.242413282394409,3.262789249420166,True
ramularia_collo_cygni,mlp_a,0.001,16,4,SAMEA6435261,4.159968852996826,3.492098331451416,True
ramularia_collo_cygni,mlp_a,0.001,16,4,SAMEA6618853,4.053531646728516,4.490102767944336,True
ramularia_collo_cygni,mlp_a,0.001,16,4,SAMEA110189365,4.986592769622803,3.426475763320923,True
ramularia_collo_cygni,mlp_a,0.001,16,4,SAMEA6618921,5.1727728843688965,3.542473554611206,True
ramularia_collo_cygni,mlp_a,0.001,16,4,SAMEA110189402,3.8717617988586426,3.801943778991699,True
ramularia_collo_cygni,mlp_a,0.001,16,4,SAMEA110189404,2.097208261489868,3.4497621059417725,True
ramularia_collo_cygni,mlp_a,0.001,16,4,SAMEA6618859,2.3923323154449463,3.9960436820983887,True
ramularia_collo_cygni,mlp_a,0.001,16,4,SAMEA6618861,6.181568145751953,3.7812767028808594,True
ramularia_collo_cygni,mlp_a,0.001,16,4,SAMEA6618862,2.5949554443359375,2.55739688873291,True
ramularia_collo_cygni,mlp_a,0.001,16,4,SAMEA110189415,3.091254711151123,3.6445751190185547,True
ramularia_collo_cygni,mlp_a,0.001,16,4,SAMEA6618865,2.734206438064575,2.865097999572754,True
ramularia_collo_cygni,mlp_a,0.001,16,4,SAMEA110189666,5.451678276062012,3.3738536834716797,True
ramularia_collo_cygni,mlp_a,0.001,16,4,SAMEA110189667,3.6485345363616943,3.7206997871398926,True
ramularia_collo_cygni,mlp_a,0.001,16,4,SAMEA110189375,2.913844347000122,3.676037311553955,True
ramularia_collo_cygni,mlp_a,0.001,16,4,SAMEA110189423,3.7821033000946045,3.3199405670166016,True
ramularia_collo_cygni,mlp_a,0.001,16,4,SAMEA110189480,5.120479106903076,4.363691806793213,True
ramularia_collo_cygni,mlp_a,0.001,16,4,SAMEA6618867,5.343574047088623,4.744327545166016,True
ramularia_collo_cygni,mlp_a,0.001,16,4,SAMEA110189673,3.432403087615967,4.473505973815918,True
ramularia_collo_cygni,mlp_a,0.001,16,4,SAMEA110189570,3.2775533199310303,3.813692092895508,True
ramularia_collo_cygni,mlp_a,0.001,16,5,SAMEA110190007,4.365826606750488,3.620093822479248,True
ramularia_collo_cygni,mlp_a,0.001,16,5,SAMEA110189802,3.0940918922424316,3.7230498790740967,True
ramularia_collo_cygni,mlp_a,0.001,16,5,SAMEA110189840,4.312366485595703,3.714816093444824,True
ramularia_collo_cygni,mlp_a,0.001,16,5,SAMEA110189841,5.283981800079346,3.7916932106018066,True
ramularia_collo_cygni,mlp_a,0.001,16,5,SAMEA110189823,4.072371482849121,3.8243629932403564,True
ramularia_collo_cygni,mlp_a,0.001,16,5,SAMEA110189737,3.865576982498169,3.642312526702881,True
ramularia_collo_cygni,mlp_a,0.001,16,5,SAMEA110189804,3.4304699897766113,3.7605037689208984,True
ramularia_collo_cygni,mlp_a,0.001,16,5,SAMEA110189760,4.179563999176025,3.747417449951172,True
ramularia_collo_cygni,mlp_a,0.001,16,5,SAMEA110189761,4.316586017608643,3.807856798171997,True
ramularia_collo_cygni,mlp_a,0.001,16,5,SAMEA110189781,3.064781665802002,3.816265106201172,True
ramularia_collo_cygni,mlp_a,0.001,16,5,SAMEA110189735,3.4027156829833984,3.436905860900879,True
ramularia_collo_cygni,mlp_a,0.001,16,5,SAMEA110189827,2.9880311489105225,3.6279563903808594,True
ramularia_collo_cygni,mlp_a,0.001,16,5,SAMEA110189810,4.448866367340088,3.936459541320801,True
ramularia_collo_cygni,mlp_a,0.001,16,5,SAMEA110189769,4.238150596618652,3.78151273727417,True
ramularia_collo_cygni,mlp_a,0.001,16,5,SAMEA110189788,3.314666509628296,3.7928335666656494,True
ramularia_collo_cygni,mlp_a,0.001,16,5,SAMEA110189850,3.5091733932495117,3.8184471130371094,True
ramularia_collo_cygni,mlp_a,0.001,16,5,SAMEA110189773,4.476386070251465,3.6660847663879395,True
ramularia_collo_cygni,mlp_a,0.001,16,5,SAMEA110190015,4.444371223449707,3.7128453254699707,True
ramularia_collo_cygni,mlp_a,0.001,16,5,SAMEA110189851,4.501342296600342,3.72676682472229,True
ramularia_collo_cygni,mlp_a,0.001,16,5,SAMEA110189816,4.096388816833496,3.890963077545166,True
ramularia_collo_cygni,mlp_a,0.001,16,5,SAMEA110189748,3.082427740097046,3.8025705814361572,True
ramularia_collo_cygni,mlp_a,0.001,16,5,SAMEA110189856,4.500533103942871,3.7712888717651367,True
ramularia_collo_cygni,mlp_a,0.001,16,5,SAMEA110189984,3.8079283237457275,3.7639999389648438,True
ramularia_collo_cygni,mlp_a,0.001,16,5,SAMEA110189892,3.885331630706787,3.6471784114837646,True
ramularia_collo_cygni,mlp_a,0.001,16,5,SAMEA110189964,3.604785203933716,3.6673173904418945,True
ramularia_collo_cygni,mlp_a,0.001,16,5,SAMEA110189882,3.8510000705718994,3.6788463592529297,True
ramularia_collo_cygni,mlp_a,0.001,16,5,SAMEA110189888,3.9769961833953857,3.4361209869384766,True
ramularia_collo_cygni,mlp_a,0.001,16,5,SAMEA110190029,3.579897880554199,3.761486768722534,True
ramularia_collo_cygni,mlp_a,0.001,16,5,SAMEA110189883,3.364712953567505,3.5974769592285156,True
ramularia_collo_cygni,mlp_a,0.001,16,5,SAMEA110189951,3.219421148300171,3.202883243560791,True
ramularia_collo_cygni,mlp_a,0.001,16,5,SAMEA110190038,3.4985787868499756,3.606778144836426,True
ramularia_collo_cygni,mlp_a,0.001,16,5,SAMEA110189941,3.3037149906158447,3.1638219356536865,True
ramularia_collo_cygni,mlp_a,0.001,16,5,SAMEA110190001,4.411942005157471,3.7412478923797607,True
ramularia_collo_cygni,mlp_a,0.001,16,5,SAMEA110189908,3.3727643489837646,3.730004072189331,True
ramularia_collo_cygni,mlp_a,0.001,16,5,SAMEA110189909,4.630301475524902,3.595224380493164,True
ramularia_collo_cygni,mlp_a,0.001,16,5,SAMEA110189912,3.920316219329834,3.7473082542419434,True
ramularia_collo_cygni,mlp_a,0.001,16,5,SAMEA110189975,3.2571165561676025,3.496797800064087,True
ramularia_collo_cygni,mlp_a,0.001,16,5,SAMEA110190023,3.8649303913116455,3.6156651973724365,True
ramularia_collo_cygni,mlp_a,0.001,16,5,SAMEA110190024,4.340828895568848,3.9327969551086426,True
ramularia_collo_cygni,mlp_a,0.001,16,5,SAMEA110189977,4.522461414337158,3.829069137573242,True
ramularia_collo_cygni,mlp_a,0.001,16,5,SAMEA110190009,3.5784010887145996,3.7870664596557617,True
ramularia_collo_cygni,mlp_a,0.001,16,5,SAMEA110189875,3.1339826583862305,3.611241102218628,True
ramularia_collo_cygni,mlp_a,0.001,16,5,SAMEA110189917,4.616263389587402,3.6825952529907227,True
ramularia_collo_cygni,mlp_a,0.001,16,5,SAMEA110189962,4.495392799377441,3.3011178970336914,True
ramularia_collo_cygni,mlp_a,0.001,16,5,SAMEA110190026,3.1952931880950928,3.442171573638916,True
ramularia_collo_cygni,mlp_a,0.001,16,5,SAMEA110189992,3.0620529651641846,3.4662485122680664,True
ramularia_collo_cygni,mlp_a,0.001,16,5,SAMEA110189878,3.739037275314331,3.6197848320007324,True
ramularia_collo_cygni,mlp_a,0.001,16,5,SAMEA110189921,4.041940689086914,3.5595016479492188,True
ramularia_collo_cygni,mlp_a,0.001,16,5,SAMEA110189978,3.6846988201141357,3.8613715171813965,True
ramularia_collo_cygni,mlp_a,0.001,16,5,SAMEA110189924,4.844544887542725,3.826845645904541,True
ramularia_collo_cygni,mlp_a,0.001,16,5,SAMEA110189958,4.141506671905518,3.4828829765319824,True
ramularia_collo_cygni,mlp_a,0.001,16,5,SAMEA110189927,3.6082241535186768,3.6425228118896484,True
ramularia_collo_cygni,mlp_a,0.001,16,5,SAMEA110190021,2.530996084213257,2.931753396987915,True
ramularia_collo_cygni,mlp_a,0.001,16,5,SAMEA110189322,3.190131902694702,2.2751755714416504,True
ramularia_collo_cygni,mlp_a,0.001,16,5,SAMEA110189309,4.572778224945068,3.485309600830078,True
ramularia_collo_cygni,mlp_a,0.001,16,5,SAMEA110189696,2.9431674480438232,2.874572515487671,True
ramularia_collo_cygni,mlp_a,0.001,16,5,SAMEA6619030,4.592503070831299,3.229478120803833,True
ramularia_collo_cygni,mlp_a,0.001,16,5,SAMEA110189542,3.5244219303131104,2.427706003189087,True
ramularia_collo_cygni,mlp_a,0.001,16,5,SAMEA110189700,6.29723596572876,4.8438286781311035,True
ramularia_collo_cygni,mlp_a,0.001,16,5,SAMEA6619028,4.284855842590332,2.6671972274780273,True
ramularia_collo_cygni,mlp_a,0.001,16,5,SAMEA110189653,3.880730628967285,3.2840123176574707,True
ramularia_collo_cygni,mlp_a,0.001,16,5,SAMEA6619015,3.464831829071045,2.8072543144226074,True
ramularia_collo_cygni,mlp_a,0.001,16,5,SAMEA110189601,6.274130821228027,4.222579002380371,True
ramularia_collo_cygni,mlp_a,0.001,16,5,SAMEA110189315,2.1627426147460938,3.591629981994629,True
ramularia_collo_cygni,mlp_a,0.001,16,5,SAMEA6619003,5.124570369720459,3.484781265258789,True
ramularia_collo_cygni,mlp_a,0.001,16,5,SAMEA110189230,6.176567554473877,3.3261587619781494,True
ramularia_collo_cygni,mlp_a,0.001,16,5,SAMEA6618999,3.8167145252227783,3.042255163192749,True
ramularia_collo_cygni,mlp_a,0.001,16,5,SAMEA6618998,2.694371223449707,3.5477170944213867,True
ramularia_collo_cygni,mlp_a,0.001,16,5,SAMEA110189231,3.709263563156128,3.092813730239868,True
ramularia_collo_cygni,mlp_a,0.001,16,5,SAMEA6435259,3.505148410797119,3.599429130554199,True
ramularia_collo_cygni,mlp_a,0.001,16,5,SAMEA6618997,2.149242877960205,3.060802459716797,True
ramularia_collo_cygni,mlp_a,0.001,16,5,SAMEA110189236,3.0766408443450928,3.1115293502807617,True
ramularia_collo_cygni,mlp_a,0.001,16,5,SAMEA110188995,2.3471646308898926,3.015044689178467,True
ramularia_collo_cygni,mlp_a,0.001,16,5,SAMEA110188996,1.2201414108276367,3.0969796180725098,True
ramularia_collo_cygni,mlp_a,0.001,16,5,SAMEA110189156,5.740205764770508,3.7258236408233643,True
ramularia_collo_cygni,mlp_a,0.001,16,5,SAMEA110189451,4.86405086517334,3.506093978881836,True
ramularia_collo_cygni,mlp_a,0.001,16,5,SAMEA110189501,2.799388885498047,2.968036651611328,True
ramularia_collo_cygni,mlp_a,0.001,16,5,SAMEA110189090,4.416633129119873,3.5406157970428467,True
ramularia_collo_cygni,mlp_a,0.001,16,5,SAMEA110189005,4.392168998718262,3.1369717121124268,True
ramularia_collo_cygni,mlp_a,0.001,16,5,SAMEA110189008,6.598511219024658,4.19064998626709,True
ramularia_collo_cygni,mlp_a,0.001,16,5,SAMEA110189010,3.4635696411132812,4.1541008949279785,True
ramularia_collo_cygni,mlp_a,0.001,16,5,SAMEA110189011,5.414865493774414,3.94042706489563,True
ramularia_collo_cygni,mlp_a,0.001,16,5,SAMEA110189098,2.2478249073028564,3.7266125679016113,True
ramularia_collo_cygni,mlp_a,0.001,16,5,SAMEA6618978,2.9149065017700195,4.688324928283691,True
ramularia_collo_cygni,mlp_a,0.001,16,5,SAMEA110189013,2.0027449131011963,2.8066201210021973,True
ramularia_collo_cygni,mlp_a,0.001,16,5,SAMEA110189100,3.7531232833862305,3.42696213722229,True
ramularia_collo_cygni,mlp_a,0.001,16,5,SAMEA110189018,3.0997767448425293,3.3217012882232666,True
ramularia_collo_cygni,mlp_a,0.001,16,5,SAMEA110189022,4.7177557945251465,4.249082565307617,True
ramularia_collo_cygni,mlp_a,0.001,16,5,SAMEA110189383,2.1257660388946533,3.361124277114868,True
ramularia_collo_cygni,mlp_a,0.001,16,5,SAMEA110188942,2.9066083431243896,2.620924949645996,True
ramularia_collo_cygni,mlp_a,0.001,16,5,SAMEA6618966,4.646836280822754,3.4911746978759766,True
ramularia_collo_cygni,mlp_a,0.001,16,5,SAMEA110189033,1.5501596927642822,2.7394073009490967,True
ramularia_collo_cygni,mlp_a,0.001,16,5,SAMEA110189034,4.513121128082275,3.2444872856140137,True
ramularia_collo_cygni,mlp_a,0.001,16,5,SAMEA110188969,4.107966423034668,3.5547139644622803,True
ramularia_collo_cygni,mlp_a,0.001,16,5,SAMEA110189351,2.450242519378662,2.7236881256103516,True
ramularia_collo_cygni,mlp_a,0.001,16,5,SAMEA110188947,3.420231342315674,2.9553394317626953,True
ramularia_collo_cygni,mlp_a,0.001,16,5,SAMEA6618957,4.960260391235352,4.063088893890381,True
ramularia_collo_cygni,mlp_a,0.001,16,5,SAMEA110189052,3.259294271469116,3.2295963764190674,True
ramularia_collo_cygni,mlp_a,0.001,16,5,SAMEA6618953,4.268662929534912,2.932342529296875,True
ramularia_collo_cygni,mlp_a,0.001,16,5,SAMEA6618952,5.994857311248779,4.2007527351379395,True
ramularia_collo_cygni,mlp_a,0.001,16,5,SAMEA6618951,5.665475368499756,3.4901418685913086,True
ramularia_collo_cygni,mlp_a,0.001,16,5,SAMEA110189061,2.9261281490325928,2.5764219760894775,True
ramularia_collo_cygni,mlp_a,0.001,16,5,SAMEA110188984,3.6433322429656982,3.4841196537017822,True
ramularia_collo_cygni,mlp_a,0.001,16,5,SAMEA110189288,3.434400796890259,2.937636613845825,True
ramularia_collo_cygni,mlp_a,0.001,16,5,SAMEA110189504,7.3927836418151855,3.7115185260772705,True
ramularia_collo_cygni,mlp_a,0.001,16,5,SAMEA6618947,3.597219705581665,3.424281120300293,True
ramularia_collo_cygni,mlp_a,0.001,16,5,SAMEA110189143,3.175306797027588,3.24699068069458,True
ramularia_collo_cygni,mlp_a,0.001,16,5,SAMEA110188986,4.154898643493652,3.481520414352417,True
ramularia_collo_cygni,mlp_a,0.001,16,5,SAMEA110189150,1.609135627746582,3.3804385662078857,True
ramularia_collo_cygni,mlp_a,0.001,16,5,SAMEA110189385,4.198349952697754,3.4161548614501953,True
ramularia_collo_cygni,mlp_a,0.001,16,5,SAMEA110189209,4.048498153686523,3.6993653774261475,True
ramularia_collo_cygni,mlp_a,0.001,16,5,SAMEA6618932,3.493605852127075,3.0746421813964844,True
ramularia_collo_cygni,mlp_a,0.001,16,5,SAMEA110189185,3.032379150390625,2.9643213748931885,True
ramularia_collo_cygni,mlp_a,0.001,16,5,SAMEA110189212,4.377569675445557,3.020369052886963,True
ramularia_collo_cygni,mlp_a,0.001,16,5,SAMEA110189394,4.48151159286499,3.0335636138916016,True
ramularia_collo_cygni,mlp_a,0.001,16,5,SAMEA110189358,2.2571640014648438,2.493102788925171,True
ramularia_collo_cygni,mlp_a,0.001,16,5,SAMEA6618924,2.5855588912963867,3.383558750152588,True
ramularia_collo_cygni,mlp_a,0.001,16,5,SAMEA110189188,2.232717752456665,3.341442584991455,True
ramularia_collo_cygni,mlp_a,0.001,16,5,SAMEA110189215,2.785731315612793,3.4423258304595947,True
ramularia_collo_cygni,mlp_a,0.001,16,5,SAMEA6618918,2.88376522064209,2.9017176628112793,True
ramularia_collo_cygni,mlp_a,0.001,16,5,SAMEA110189316,2.8181397914886475,3.1107444763183594,True
ramularia_collo_cygni,mlp_a,0.001,16,5,SAMEA110189226,2.283454179763794,3.067227602005005,True
ramularia_collo_cygni,mlp_a,0.001,16,5,SAMEA6618915,2.8216962814331055,2.5937228202819824,True
ramularia_collo_cygni,mlp_a,0.001,16,5,SAMEA110189280,3.007580518722534,2.9062366485595703,True
ramularia_collo_cygni,mlp_a,0.001,16,5,SAMEA110189409,3.311945676803589,3.0178592205047607,True
ramularia_collo_cygni,mlp_a,0.001,16,5,SAMEA110189642,4.945459365844727,3.426760196685791,True
ramularia_collo_cygni,mlp_a,0.001,16,5,SAMEA110189193,2.3415238857269287,3.083068609237671,True
ramularia_collo_cygni,mlp_a,0.001,16,5,SAMEA110189603,3.4786505699157715,3.7548422813415527,True
ramularia_collo_cygni,mlp_a,0.001,16,5,SAMEA110189517,3.506192207336426,3.342654228210449,True
ramularia_collo_cygni,mlp_a,0.001,16,5,SAMEA6618903,4.077914714813232,3.4703385829925537,True
ramularia_collo_cygni,mlp_a,0.001,16,5,SAMEA110189462,3.722318410873413,3.301426887512207,True
ramularia_collo_cygni,mlp_a,0.001,16,5,SAMEA110189518,2.203441619873047,3.3625307083129883,True
ramularia_collo_cygni,mlp_a,0.001,16,5,SAMEA6618900,3.536834239959717,3.2704596519470215,True
ramularia_collo_cygni,mlp_a,0.001,16,5,SAMEA110189274,3.749509572982788,3.2901813983917236,True
ramularia_collo_cygni,mlp_a,0.001,16,5,SAMEA110189713,1.846640706062317,3.5172009468078613,True
ramularia_collo_cygni,mlp_a,0.001,16,5,SAMEA110189219,2.820378303527832,2.700632095336914,True
ramularia_collo_cygni,mlp_a,0.001,16,5,SAMEA110189591,4.941599369049072,4.526227951049805,True
ramularia_collo_cygni,mlp_a,0.001,16,5,SAMEA6618893,3.5479376316070557,2.943909168243408,True
ramularia_collo_cygni,mlp_a,0.001,16,5,SAMEA110189489,5.087406635284424,3.9705264568328857,True
ramularia_collo_cygni,mlp_a,0.001,16,5,SAMEA110189602,4.529621124267578,4.581000804901123,True
ramularia_collo_cygni,mlp_a,0.001,16,5,SAMEA110189585,2.8212616443634033,3.7691822052001953,True
ramularia_collo_cygni,mlp_a,0.001,16,5,SAMEA110189593,3.0114643573760986,3.7229700088500977,True
ramularia_collo_cygni,mlp_a,0.001,16,5,SAMEA110189670,4.080441951751709,3.2259645462036133,True
ramularia_collo_cygni,mlp_a,0.001,16,5,SAMEA110189198,2.0672249794006348,3.2260777950286865,True
ramularia_collo_cygni,mlp_a,0.001,16,5,SAMEA110189420,5.477360248565674,4.330301761627197,True
ramularia_collo_cygni,mlp_a,0.001,16,5,SAMEA110189545,2.8536133766174316,2.6450774669647217,True
ramularia_collo_cygni,mlp_a,0.001,16,5,SAMEA110189609,2.686727523803711,2.535400152206421,True
ramularia_collo_cygni,mlp_a,0.001,16,5,SAMEA110189583,4.161470413208008,3.1527340412139893,True
ramularia_collo_cygni,mlp_a,0.001,16,5,SAMEA110189271,4.497063159942627,3.485752582550049,True
ramularia_collo_cygni,mlp_a,0.001,16,5,SAMEA6435264,5.121012210845947,3.5281319618225098,True
ramularia_collo_cygni,mlp_a,0.001,16,5,SAMEA110189255,2.3997902870178223,3.6047983169555664,True
ramularia_collo_cygni,mlp_a,0.001,16,5,SAMEA110189422,2.883699893951416,2.433515787124634,True
ramularia_collo_cygni,mlp_a,0.001,16,5,SAMEA6618884,3.5914011001586914,3.2944116592407227,True
ramularia_collo_cygni,mlp_a,0.001,16,5,SAMEA110189526,6.134557723999023,3.4704768657684326,True
ramularia_collo_cygni,mlp_a,0.001,16,5,SAMEA110189473,3.3661065101623535,3.385204315185547,True
ramularia_collo_cygni,mlp_a,0.001,16,5,SAMEA110189284,2.9166955947875977,3.328242778778076,True
ramularia_collo_cygni,mlp_a,0.001,16,5,SAMEA6618878,3.313049077987671,2.8839993476867676,True
ramularia_collo_cygni,mlp_a,0.001,16,5,SAMEA110189376,3.3249027729034424,4.073512554168701,True
ramularia_collo_cygni,mlp_a,0.001,16,5,SAMEA110189703,2.6056923866271973,3.3072803020477295,True
ramularia_collo_cygni,mlp_a,0.001,16,5,SAMEA110189202,1.7808916568756104,3.1405014991760254,True
ramularia_collo_cygni,mlp_a,0.001,16,5,SAMEA6618875,2.4656548500061035,2.5344202518463135,True
ramularia_collo_cygni,mlp_a,0.001,16,5,SAMEA110189273,2.938385248184204,2.8464999198913574,True
ramularia_collo_cygni,mlp_a,0.001,16,5,SAMEA110189476,2.364933729171753,3.277561664581299,True
ramularia_collo_cygni,mlp_a,0.001,16,5,SAMEA110189686,3.358527183532715,2.9559407234191895,True
ramularia_collo_cygni,mlp_a,0.001,16,5,SAMEA110189163,4.515746116638184,3.4592175483703613,True
ramularia_collo_cygni,mlp_a,0.001,16,5,SAMEA110189320,5.105749607086182,3.5508453845977783,True
ramularia_collo_cygni,mlp_a,0.001,16,5,SAMEA110189692,4.364984035491943,3.3248209953308105,True
ramularia_collo_cygni,mlp_a,0.001,16,5,SAMEA110189495,4.121323585510254,3.6405227184295654,True
ramularia_collo_cygni,mlp_a,0.001,16,5,SAMEA110189438,3.96632719039917,3.394205093383789,True
ramularia_collo_cygni,mlp_a,0.001,16,5,SAMEA110189695,2.145341634750366,3.1230921745300293,True
ramularia_collo_cygni,mlp_a,0.001,16,5,SAMEA6618824,5.03216028213501,4.037134647369385,True
ramularia_collo_cygni,mlp_a,0.001,16,5,SAMEA110189170,4.314165115356445,3.1785569190979004,True
ramularia_collo_cygni,mlp_a,0.001,16,5,SAMEA110189295,4.035735607147217,3.5380659103393555,True
ramularia_collo_cygni,mlp_a,0.001,16,5,SAMEA110189328,2.8303871154785156,3.0106208324432373,True
ramularia_collo_cygni,mlp_a,0.001,16,5,SAMEA110189636,5.692827224731445,4.0821356773376465,True
ramularia_collo_cygni,mlp_a,0.001,16,5,SAMEA6618826,3.918952703475952,3.700504779815674,True
ramularia_collo_cygni,mlp_a,0.001,16,5,SAMEA110189083,3.6343953609466553,3.180335521697998,True
ramularia_collo_cygni,mlp_a,0.001,16,5,SAMEA110189490,5.93267822265625,3.9257969856262207,True
ramularia_collo_cygni,mlp_a,0.001,16,5,SAMEA110189613,4.280333518981934,2.6614346504211426,True
ramularia_collo_cygni,mlp_a,0.001,16,5,SAMEA110189292,1.058413028717041,2.9442763328552246,True
ramularia_collo_cygni,mlp_a,0.001,16,5,SAMEA110189258,4.198037147521973,3.586833953857422,True
ramularia_collo_cygni,mlp_a,0.001,16,5,SAMEA110189596,3.979907751083374,3.1447339057922363,True
ramularia_collo_cygni,mlp_a,0.001,16,5,SAMEA110189572,2.3448333740234375,3.4717211723327637,True
ramularia_collo_cygni,mlp_a,0.001,16,5,SAMEA110189706,4.894689559936523,3.0611298084259033,True
ramularia_collo_cygni,mlp_a,0.001,16,5,SAMEA110189176,4.882267951965332,3.15429949760437,True
ramularia_collo_cygni,mlp_a,0.001,16,5,SAMEA110189177,3.3566925525665283,3.181488275527954,True
ramularia_collo_cygni,mlp_a,0.001,16,5,SAMEA6618840,3.2366206645965576,3.5829365253448486,True
ramularia_collo_cygni,mlp_a,0.001,16,5,SAMEA110189380,4.095243453979492,3.692314863204956,True
ramularia_collo_cygni,mlp_a,0.001,16,5,SAMEA110188939,2.422760009765625,2.5503737926483154,True
ramularia_collo_cygni,mlp_a,0.001,16,5,SAMEA110189103,2.91678524017334,3.6616692543029785,True
ramularia_collo_cygni,mlp_a,0.001,16,5,SAMEA110188968,1.9306232929229736,3.1179938316345215,True
ramularia_collo_cygni,mlp_a,0.001,16,5,SAMEA110189106,4.478468894958496,3.347280502319336,True
ramularia_collo_cygni,mlp_a,0.001,16,5,SAMEA110188945,3.2689459323883057,3.7855112552642822,True
ramularia_collo_cygni,mlp_a,0.001,16,5,SAMEA110189112,2.7584779262542725,3.5080387592315674,True
ramularia_collo_cygni,mlp_a,0.001,16,5,SAMEA110189116,3.216726779937744,3.600809097290039,True
ramularia_collo_cygni,mlp_a,0.001,16,5,SAMEA110188974,1.945137858390808,3.3676514625549316,True
ramularia_collo_cygni,mlp_a,0.001,16,5,SAMEA110189503,2.788529872894287,2.9237310886383057,True
ramularia_collo_cygni,mlp_a,0.001,16,5,SAMEA110189131,3.96075701713562,2.975131034851074,True
ramularia_collo_cygni,mlp_a,0.001,16,5,SAMEA110189136,3.412966012954712,3.5738844871520996,True
ramularia_collo_cygni,mlp_a,0.001,16,5,SAMEA110189137,3.825129270553589,3.779402732849121,True
ramularia_collo_cygni,mlp_a,0.001,16,5,SAMEA110189067,4.614598274230957,3.3388001918792725,True
ramularia_collo_cygni,mlp_a,0.001,16,5,SAMEA110188988,4.203911781311035,2.9900596141815186,True
ramularia_collo_cygni,mlp_a,0.001,16,5,SAMEA110188989,3.3501555919647217,3.5704922676086426,True
ramularia_collo_cygni,mlp_a,0.001,16,5,SAMEA110188957,2.7005109786987305,3.5463738441467285,True
ramularia_collo_cygni,mlp_a,0.001,16,5,SAMEA110189148,2.0823862552642822,3.156705856323242,True
ramularia_collo_cygni,mlp_a,0.001,16,5,SAMEA6618848,2.809406280517578,3.3554651737213135,True
ramularia_collo_cygni,mlp_a,0.001,16,5,SAMEA110189721,4.964908123016357,3.078754425048828,True
ramularia_collo_cygni,mlp_a,0.001,16,5,SAMEA6618849,4.361131191253662,3.8601460456848145,True
ramularia_collo_cygni,mlp_a,0.001,16,5,SAMEA110189359,4.244248390197754,3.194821357727051,True
ramularia_collo_cygni,mlp_a,0.001,16,5,SAMEA110189364,4.014262676239014,3.7250986099243164,True
ramularia_collo_cygni,mlp_a,0.001,16,5,SAMEA110189367,3.194795846939087,3.304443359375,True
ramularia_collo_cygni,mlp_a,0.001,16,5,SAMEA6618854,3.9618477821350098,3.6911160945892334,True
ramularia_collo_cygni,mlp_a,0.001,16,5,SAMEA6618857,3.976198196411133,3.2466721534729004,True
ramularia_collo_cygni,mlp_a,0.001,16,5,SAMEA110189416,2.7530019283294678,3.151728630065918,True
ramularia_collo_cygni,mlp_a,0.001,16,5,SAMEA110189417,4.083835124969482,2.790651321411133,True
ramularia_collo_cygni,mlp_a,0.001,16,5,SAMEA110189373,0.9431491494178772,3.024214029312134,True
ramularia_collo_cygni,mlp_a,0.001,16,5,SAMEA6618866,2.4988183975219727,3.8507866859436035,True
ramularia_collo_cygni,mlp_a,0.001,16,5,SAMEA110189722,6.860258102416992,3.255201578140259,True
ramularia_collo_cygni,mlp_a,0.001,16,5,SAMEA6618868,4.8836541175842285,3.734367847442627,True
ramularia_collo_cygni,mlp_a,0.001,16,5,SAMEA110189200,5.257686614990234,3.497422218322754,True
ramularia_collo_cygni,mlp_a,0.001,16,5,SAMEA6618869,3.8869855403900146,2.991489887237549,True
ramularia_collo_cygni,mlp_a,0.001,16,5,SAMEA110189493,2.0253167152404785,3.0554311275482178,True
