trait,model,y_true,y_pred_oof_outer
blumeria_graminis,decision_tree,1.607661268,1.5372935514725272
blumeria_graminis,decision_tree,1.282545663,1.4545453787462683
blumeria_graminis,decision_tree,1.824626108,3.0354369478000005
blumeria_graminis,decision_tree,3.557255932,1.5931399044479166
blumeria_graminis,decision_tree,1.422513744,1.4545453787462683
blumeria_graminis,decision_tree,2.118846253,3.0354369478000005
blumeria_graminis,decision_tree,1.658119077,1.5372977433297867
blumeria_graminis,decision_tree,2.280562163,1.5372977433297867
blumeria_graminis,decision_tree,1.399851787,1.4706283852343744
blumeria_graminis,decision_tree,3.163780342,3.096188536825
blumeria_graminis,decision_tree,2.835312948,2.7418069107500003
blumeria_graminis,decision_tree,2.169725662,1.5372935514725272
blumeria_graminis,decision_tree,1.474720911,1.5931399044479166
blumeria_graminis,decision_tree,2.784311373,2.5203331369411766
blumeria_graminis,decision_tree,1.567611335,2.5203331369411766
blumeria_graminis,decision_tree,0.878362783,1.5372935514725272
blumeria_graminis,decision_tree,2.454749367,1.4706283852343744
blumeria_graminis,decision_tree,1.960430977,1.4706283852343744
blumeria_graminis,decision_tree,1.079959671,1.5372935514725272
blumeria_graminis,decision_tree,1.767445451,1.4706283852343744
blumeria_graminis,decision_tree,1.080969349,1.8357018075294116
blumeria_graminis,decision_tree,2.853356049,2.5203331369411766
blumeria_graminis,decision_tree,2.616380327,1.5372935514725272
blumeria_graminis,decision_tree,1.313348005,1.5931399044479166
blumeria_graminis,decision_tree,1.18198696,1.5372935514725272
blumeria_graminis,decision_tree,1.39162445,1.5372977433297867
blumeria_graminis,decision_tree,1.137216305,1.4706283852343744
blumeria_graminis,decision_tree,1.647907625,1.4545453787462683
blumeria_graminis,decision_tree,1.235201359,1.5372935514725272
blumeria_graminis,decision_tree,2.108077598,1.5372977433297867
blumeria_graminis,decision_tree,1.184409835,1.5931399044479166
blumeria_graminis,decision_tree,1.321922995,1.5931399044479166
blumeria_graminis,decision_tree,1.1200677,1.4545453787462683
blumeria_graminis,decision_tree,1.359683313,1.5372977433297867
blumeria_graminis,decision_tree,1.278845843,1.4545453787462683
blumeria_graminis,decision_tree,1.479149112,1.8357018075294116
blumeria_graminis,decision_tree,1.264224462,1.4706283852343744
blumeria_graminis,decision_tree,1.607518173,1.4706283852343744
blumeria_graminis,decision_tree,1.571836665,1.4706283852343744
blumeria_graminis,decision_tree,1.515752045,1.5931399044479166
blumeria_graminis,decision_tree,2.780634944,3.74594052170588
blumeria_graminis,decision_tree,1.477580516,1.5372935514725272
blumeria_graminis,decision_tree,2.239054599,1.5372935514725272
blumeria_graminis,decision_tree,1.248313638,1.5372935514725272
blumeria_graminis,decision_tree,1.670556521,1.5931399044479166
blumeria_graminis,decision_tree,1.21224341,1.4706283852343744
blumeria_graminis,decision_tree,1.325912087,1.4706283852343744
blumeria_graminis,decision_tree,1.273001399,1.8357018075294116
blumeria_graminis,decision_tree,1.789160934,1.4706283852343744
blumeria_graminis,decision_tree,3.109295634,3.175257872545454
blumeria_graminis,decision_tree,1.199908391,1.4706283852343744
blumeria_graminis,decision_tree,1.312854167,1.5931399044479166
blumeria_graminis,decision_tree,1.177500001,2.5203331369411766
blumeria_graminis,decision_tree,1.957260414,1.4706283852343744
blumeria_graminis,decision_tree,1.431817791,1.5931399044479166
blumeria_graminis,decision_tree,1.344824841,2.312292774818182
blumeria_graminis,decision_tree,1.19671147,1.5931399044479166
blumeria_graminis,decision_tree,1.09251436,1.5372935514725272
blumeria_graminis,decision_tree,1.245893872,3.2939289352857144
blumeria_graminis,decision_tree,1.195568981,1.5931399044479166
blumeria_graminis,decision_tree,1.075752275,1.5372977433297867
blumeria_graminis,decision_tree,1.457284446,1.5372935514725272
blumeria_graminis,decision_tree,2.890299499,1.5372977433297867
blumeria_graminis,decision_tree,1.924411354,2.7418069107500003
blumeria_graminis,decision_tree,1.180154129,1.4545453787462683
blumeria_graminis,decision_tree,1.607241022,1.5372977433297867
blumeria_graminis,decision_tree,2.275259506,1.5931399044479166
blumeria_graminis,decision_tree,1.33541314,1.5931399044479166
blumeria_graminis,decision_tree,1.296630445,1.5372935514725272
blumeria_graminis,decision_tree,1.682945121,1.5372935514725272
blumeria_graminis,decision_tree,1.230735091,1.5931399044479166
blumeria_graminis,decision_tree,1.298666677,2.312292774818182
blumeria_graminis,decision_tree,1.516214308,1.5372977433297867
blumeria_graminis,decision_tree,1.276218294,1.5372935514725272
blumeria_graminis,decision_tree,1.384377824,1.5372935514725272
blumeria_graminis,decision_tree,2.38395236,1.5372935514725272
blumeria_graminis,decision_tree,2.112994033,1.5931399044479166
blumeria_graminis,decision_tree,1.739651179,2.312292774818182
blumeria_graminis,decision_tree,1.309187342,1.5931399044479166
blumeria_graminis,decision_tree,3.393857949,1.5372935514725272
blumeria_graminis,decision_tree,1.504892337,1.4545453787462683
blumeria_graminis,decision_tree,1.23815383,1.5372977433297867
blumeria_graminis,decision_tree,1.425633541,1.5372977433297867
blumeria_graminis,decision_tree,1.451144803,1.5931399044479166
blumeria_graminis,decision_tree,1.468239282,1.5372977433297867
blumeria_graminis,decision_tree,1.611376461,1.8787387876923078
blumeria_graminis,decision_tree,1.18084023,1.5931399044479166
blumeria_graminis,decision_tree,2.007750502,1.8787387876923078
blumeria_graminis,decision_tree,1.268648611,1.5931399044479166
blumeria_graminis,decision_tree,1.910940074,1.5372935514725272
blumeria_graminis,decision_tree,2.735423773,1.5372935514725272
blumeria_graminis,decision_tree,1.488873596,1.4545453787462683
blumeria_graminis,decision_tree,1.483833804,1.5372977433297867
blumeria_graminis,decision_tree,1.502115379,1.5372935514725272
blumeria_graminis,decision_tree,2.45121835,1.5372977433297867
blumeria_graminis,decision_tree,1.194439857,1.4545453787462683
blumeria_graminis,decision_tree,1.424394868,1.5931399044479166
blumeria_graminis,decision_tree,1.323548827,1.5372977433297867
blumeria_graminis,decision_tree,1.199962683,1.4545453787462683
blumeria_graminis,decision_tree,1.266170724,1.5372935514725272
blumeria_graminis,decision_tree,1.385844234,1.5931399044479166
blumeria_graminis,decision_tree,1.594917668,1.5931399044479166
blumeria_graminis,decision_tree,1.188508207,1.9266741127749998
blumeria_graminis,decision_tree,1.416087092,1.4706283852343744
blumeria_graminis,decision_tree,1.450550884,2.312292774818182
blumeria_graminis,decision_tree,1.253072067,1.4706283852343744
blumeria_graminis,decision_tree,1.431584064,1.5372977433297867
blumeria_graminis,decision_tree,1.364132813,1.5931399044479166
blumeria_graminis,decision_tree,1.235694489,1.5372935514725272
blumeria_graminis,decision_tree,1.834366315,1.5931399044479166
blumeria_graminis,decision_tree,1.278786368,1.5372977433297867
blumeria_graminis,decision_tree,2.019738746,1.4706283852343744
blumeria_graminis,decision_tree,1.883581975,1.4545453787462683
blumeria_graminis,decision_tree,1.513130744,1.5931399044479166
blumeria_graminis,decision_tree,1.17494921,1.5372935514725272
blumeria_graminis,decision_tree,1.234538962,1.4706283852343744
blumeria_graminis,decision_tree,2.146275561,1.5372935514725272
blumeria_graminis,decision_tree,2.548445612,1.5372935514725272
blumeria_graminis,decision_tree,2.91279473,1.5372977433297867
blumeria_graminis,decision_tree,1.192607622,1.4706283852343744
blumeria_graminis,decision_tree,2.18201933,1.5372977433297867
blumeria_graminis,decision_tree,1.621276748,1.4545453787462683
blumeria_graminis,decision_tree,1.218567799,1.4706283852343744
blumeria_graminis,decision_tree,1.569724829,1.4706283852343744
blumeria_graminis,decision_tree,1.571529128,1.9266741127749998
blumeria_graminis,decision_tree,1.183105356,1.5372935514725272
blumeria_graminis,decision_tree,1.760640182,1.5372935514725272
blumeria_graminis,decision_tree,1.235966649,1.4706283852343744
blumeria_graminis,decision_tree,4.564505948,3.7324529564693862
blumeria_graminis,decision_tree,3.556418177,3.065475120058823
blumeria_graminis,decision_tree,3.180000688,4.029432371869618
blumeria_graminis,decision_tree,6.589138619,4.020422979924887
blumeria_graminis,decision_tree,4.276054141,3.7186638825140186
blumeria_graminis,decision_tree,2.534190253,3.7186638825140186
blumeria_graminis,decision_tree,3.019697482,3.74594052170588
blumeria_graminis,decision_tree,2.411663088,3.096188536825
blumeria_graminis,decision_tree,2.920814432,3.7324529564693862
blumeria_graminis,decision_tree,2.287903953,3.096188536825
blumeria_graminis,decision_tree,3.027663889,3.7324529564693862
blumeria_graminis,decision_tree,4.157511268,4.202154700541594
blumeria_graminis,decision_tree,2.390854411,3.0384578399375
blumeria_graminis,decision_tree,2.904034227,3.7324529564693862
blumeria_graminis,decision_tree,2.791457945,3.8542081405714272
blumeria_graminis,decision_tree,3.542664674,3.177080470107142
blumeria_graminis,decision_tree,2.666662658,3.6837502867068967
blumeria_graminis,decision_tree,3.418368958,3.096188536825
blumeria_graminis,decision_tree,4.188001098,3.177080470107142
blumeria_graminis,decision_tree,2.540939638,4.074321127160603
blumeria_graminis,decision_tree,2.930715273,3.0384578399375
blumeria_graminis,decision_tree,2.699797776,3.177080470107142
blumeria_graminis,decision_tree,4.493524122,3.8542081405714272
blumeria_graminis,decision_tree,5.146678714,3.8542081405714272
blumeria_graminis,decision_tree,2.410529842,3.177080470107142
blumeria_graminis,decision_tree,4.008990408,4.020422979924887
blumeria_graminis,decision_tree,4.008608582,3.8542081405714272
blumeria_graminis,decision_tree,3.891826181,3.096188536825
blumeria_graminis,decision_tree,2.979570497,4.202154700541594
blumeria_graminis,decision_tree,2.721315015,3.177080470107142
blumeria_graminis,decision_tree,2.629762575,3.175257872545454
blumeria_graminis,decision_tree,2.860550558,3.74594052170588
blumeria_graminis,decision_tree,4.062468799,3.177080470107142
blumeria_graminis,decision_tree,4.848314026,3.74594052170588
blumeria_graminis,decision_tree,4.112070774,3.177080470107142
blumeria_graminis,decision_tree,3.246044365,4.020422979924887
blumeria_graminis,decision_tree,3.682047913,4.020422979924887
blumeria_graminis,decision_tree,4.469646647,3.6837502867068967
blumeria_graminis,decision_tree,3.447599585,4.029432371869618
blumeria_graminis,decision_tree,3.239698053,4.020422979924887
blumeria_graminis,decision_tree,3.85304031,3.7324529564693862
blumeria_graminis,decision_tree,3.069274663,1.5372935514725272
blumeria_graminis,decision_tree,2.872516237,3.065475120058823
blumeria_graminis,decision_tree,3.543755695,3.177080470107142
blumeria_graminis,decision_tree,2.85595884,4.020422979924887
blumeria_graminis,decision_tree,3.555119352,3.0384578399375
blumeria_graminis,decision_tree,3.30976685,3.175257872545454
blumeria_graminis,decision_tree,3.043052785,4.074321127160603
blumeria_graminis,decision_tree,3.741443185,3.7186638825140186
blumeria_graminis,decision_tree,3.928411229,3.6837502867068967
blumeria_graminis,decision_tree,4.590927718,3.7324529564693862
blumeria_graminis,decision_tree,3.655174103,3.7186638825140186
blumeria_graminis,decision_tree,2.906454968,3.177080470107142
blumeria_graminis,decision_tree,3.097001974,3.7186638825140186
blumeria_graminis,decision_tree,2.798874784,3.096188536825
blumeria_graminis,decision_tree,4.406218731,3.177080470107142
blumeria_graminis,decision_tree,3.433186966,3.175257872545454
blumeria_graminis,decision_tree,3.684065586,3.7186638825140186
blumeria_graminis,decision_tree,2.975448722,3.177080470107142
blumeria_graminis,decision_tree,4.145771488,4.029432371869618
blumeria_graminis,decision_tree,4.962126692,3.7186638825140186
blumeria_graminis,decision_tree,5.063516056,3.74594052170588
blumeria_graminis,decision_tree,4.24409059,3.177080470107142
blumeria_graminis,decision_tree,3.149025161,3.177080470107142
blumeria_graminis,decision_tree,3.032712489,4.202154700541594
blumeria_graminis,decision_tree,3.889121027,3.7186638825140186
blumeria_graminis,decision_tree,4.028138475,3.177080470107142
blumeria_graminis,decision_tree,4.505033293,4.074321127160603
blumeria_graminis,decision_tree,3.107990383,4.059056419857141
blumeria_graminis,decision_tree,3.428772966,3.177080470107142
blumeria_graminis,decision_tree,3.160942868,3.7324529564693862
blumeria_graminis,decision_tree,2.447616775,3.175257872545454
blumeria_graminis,decision_tree,3.004071277,4.029432371869618
blumeria_graminis,decision_tree,4.290238698,3.74594052170588
blumeria_graminis,decision_tree,4.263476721,4.074321127160603
blumeria_graminis,decision_tree,2.961706458,3.7186638825140186
blumeria_graminis,decision_tree,4.157007598,3.6837502867068967
blumeria_graminis,decision_tree,3.442248818,3.74594052170588
blumeria_graminis,decision_tree,4.295626453,3.065475120058823
blumeria_graminis,decision_tree,4.521787881,3.177080470107142
blumeria_graminis,decision_tree,1.980491283,4.202154700541594
blumeria_graminis,decision_tree,3.194400545,3.7324529564693862
blumeria_graminis,decision_tree,3.903138775,3.7324529564693862
blumeria_graminis,decision_tree,3.022576062,3.6837502867068967
blumeria_graminis,decision_tree,4.367614723,3.7186638825140186
blumeria_graminis,decision_tree,3.472011705,4.059056419857141
blumeria_graminis,decision_tree,3.717066553,4.020422979924887
blumeria_graminis,decision_tree,2.873965832,3.096188536825
blumeria_graminis,decision_tree,3.279381497,3.74594052170588
blumeria_graminis,decision_tree,2.661315957,3.065475120058823
blumeria_graminis,decision_tree,3.150697043,3.175257872545454
blumeria_graminis,decision_tree,3.426235627,3.74594052170588
blumeria_graminis,decision_tree,4.268562575,3.175257872545454
blumeria_graminis,decision_tree,3.540086341,3.6837502867068967
blumeria_graminis,decision_tree,2.845898934,3.7186638825140186
blumeria_graminis,decision_tree,3.049252072,3.6837502867068967
blumeria_graminis,decision_tree,3.400882727,3.74594052170588
blumeria_graminis,decision_tree,3.683867214,3.8542081405714272
blumeria_graminis,decision_tree,3.634671231,3.177080470107142
blumeria_graminis,decision_tree,2.27943587,3.096188536825
blumeria_graminis,decision_tree,2.704987972,3.0384578399375
blumeria_graminis,decision_tree,3.416915262,3.8542081405714272
blumeria_graminis,decision_tree,3.328202772,3.74594052170588
blumeria_graminis,decision_tree,2.756426229,3.7324529564693862
blumeria_graminis,decision_tree,3.637625031,3.74594052170588
blumeria_graminis,decision_tree,3.429806456,3.74594052170588
blumeria_graminis,decision_tree,3.545213946,3.7186638825140186
blumeria_graminis,decision_tree,3.184426594,3.6837502867068967
blumeria_graminis,decision_tree,3.458869061,3.0384578399375
blumeria_graminis,decision_tree,2.989321031,3.175257872545454
blumeria_graminis,decision_tree,3.658455994,4.059056419857141
blumeria_graminis,decision_tree,2.351764217,2.312292774818182
blumeria_graminis,decision_tree,3.239734038,3.74594052170588
blumeria_graminis,decision_tree,3.412612816,3.065475120058823
blumeria_graminis,decision_tree,3.758961177,3.74594052170588
blumeria_graminis,decision_tree,3.64693133,3.7324529564693862
blumeria_graminis,decision_tree,4.425828633,4.059056419857141
blumeria_graminis,decision_tree,4.636268046,3.177080470107142
blumeria_graminis,decision_tree,4.272345892,3.177080470107142
blumeria_graminis,decision_tree,3.172735051,3.175257872545454
blumeria_graminis,decision_tree,3.949681236,4.059056419857141
blumeria_graminis,decision_tree,2.785514466,3.6837502867068967
blumeria_graminis,decision_tree,2.553140951,3.096188536825
blumeria_graminis,decision_tree,2.045791317,1.5372935514725272
blumeria_graminis,decision_tree,3.012701172,3.065475120058823
blumeria_graminis,decision_tree,3.493796248,3.177080470107142
blumeria_graminis,decision_tree,3.594167986,3.6837502867068967
blumeria_graminis,decision_tree,4.135491211,4.074321127160603
blumeria_graminis,decision_tree,3.785544967,4.202154700541594
blumeria_graminis,decision_tree,3.029052143,3.0384578399375
blumeria_graminis,decision_tree,3.368255205,3.74594052170588
blumeria_graminis,decision_tree,4.306653911,4.059056419857141
blumeria_graminis,decision_tree,3.785167304,3.096188536825
blumeria_graminis,decision_tree,3.639007752,4.059056419857141
blumeria_graminis,decision_tree,3.456843562,3.177080470107142
blumeria_graminis,decision_tree,4.147701114,3.177080470107142
blumeria_graminis,decision_tree,2.446781946,1.5372935514725272
blumeria_graminis,decision_tree,2.909312189,3.7324529564693862
blumeria_graminis,decision_tree,2.494668195,3.6837502867068967
blumeria_graminis,decision_tree,4.053919174,3.065475120058823
blumeria_graminis,decision_tree,4.641373898,3.177080470107142
blumeria_graminis,decision_tree,4.233338983,3.74594052170588
blumeria_graminis,decision_tree,2.681197233,3.175257872545454
blumeria_graminis,decision_tree,2.681340092,3.7186638825140186
blumeria_graminis,decision_tree,3.350652113,3.7186638825140186
blumeria_graminis,decision_tree,3.538647045,4.202154700541594
blumeria_graminis,decision_tree,2.862047713,3.7186638825140186
blumeria_graminis,decision_tree,3.946302219,3.7324529564693862
blumeria_graminis,decision_tree,3.011278457,3.74594052170588
blumeria_graminis,decision_tree,2.529239907,3.175257872545454
blumeria_graminis,decision_tree,3.841334897,4.020422979924887
blumeria_graminis,decision_tree,3.228487904,3.177080470107142
blumeria_graminis,decision_tree,2.658916003,3.096188536825
blumeria_graminis,decision_tree,3.151626716,4.059056419857141
blumeria_graminis,decision_tree,3.283427369,3.74594052170588
blumeria_graminis,decision_tree,3.789334106,3.177080470107142
blumeria_graminis,decision_tree,3.796669747,3.7186638825140186
blumeria_graminis,decision_tree,2.791675033,3.096188536825
blumeria_graminis,decision_tree,3.014089299,4.202154700541594
blumeria_graminis,decision_tree,3.252486318,3.177080470107142
blumeria_graminis,decision_tree,2.5721814,3.065475120058823
blumeria_graminis,decision_tree,2.204087133,4.202154700541594
blumeria_graminis,decision_tree,2.672992823,3.096188536825
blumeria_graminis,decision_tree,4.604826501,4.020422979924887
blumeria_graminis,decision_tree,2.175609019,4.202154700541594
blumeria_graminis,decision_tree,2.606679475,4.074321127160603
blumeria_graminis,decision_tree,2.480321934,3.096188536825
blumeria_graminis,decision_tree,2.593974221,3.065475120058823
blumeria_graminis,decision_tree,2.162478728,3.7324529564693862
blumeria_graminis,decision_tree,3.227683402,4.074321127160603
blumeria_graminis,decision_tree,5.257224227,4.202154700541594
blumeria_graminis,decision_tree,4.658690624,4.202154700541594
blumeria_graminis,decision_tree,5.058437263,4.020422979924887
blumeria_graminis,decision_tree,4.193726931,4.074321127160603
blumeria_graminis,decision_tree,3.83227834,4.020422979924887
blumeria_graminis,decision_tree,4.650309925,4.074321127160603
blumeria_graminis,decision_tree,3.606162525,4.074321127160603
blumeria_graminis,decision_tree,3.100924054,4.059056419857141
blumeria_graminis,decision_tree,3.31137996,4.059056419857141
blumeria_graminis,decision_tree,4.977813317,4.059056419857141
blumeria_graminis,decision_tree,4.427159955,4.202154700541594
blumeria_graminis,decision_tree,3.529045416,4.059056419857141
blumeria_graminis,decision_tree,3.783676765,4.059056419857141
blumeria_graminis,decision_tree,6.783789402,4.431018699477988
blumeria_graminis,decision_tree,1.72188989,1.5372977433297867
blumeria_graminis,decision_tree,3.043797092,3.8542081405714272
blumeria_graminis,decision_tree,3.722045809,3.0354369478000005
blumeria_graminis,decision_tree,4.23536422,4.4237510259583335
blumeria_graminis,decision_tree,4.290764957,4.020422979924887
blumeria_graminis,decision_tree,2.984318562,3.74594052170588
blumeria_graminis,decision_tree,4.3866521,4.202154700541594
blumeria_graminis,decision_tree,5.337324402,4.202154700541594
blumeria_graminis,decision_tree,3.87655913,4.074321127160603
blumeria_graminis,decision_tree,5.933277057,4.059056419857141
blumeria_graminis,decision_tree,5.89991457,4.074321127160603
blumeria_graminis,decision_tree,5.88349109,4.202154700541594
blumeria_graminis,decision_tree,4.385962468,4.020422979924887
blumeria_graminis,decision_tree,4.34240292,4.074321127160603
blumeria_graminis,decision_tree,4.675377199,4.020422979924887
blumeria_graminis,decision_tree,2.981498306,4.202154700541594
blumeria_graminis,decision_tree,3.846017812,4.202154700541594
blumeria_graminis,decision_tree,4.896727372,4.426194256794595
blumeria_graminis,decision_tree,3.698828362,4.4237510259583335
blumeria_graminis,decision_tree,2.837618486,4.202154700541594
blumeria_graminis,decision_tree,3.140009536,4.202154700541594
blumeria_graminis,decision_tree,4.205556563,4.202154700541594
blumeria_graminis,decision_tree,4.110451642,4.202154700541594
blumeria_graminis,decision_tree,4.471026716,4.020422979924887
blumeria_graminis,decision_tree,4.398478495,4.202154700541594
blumeria_graminis,decision_tree,4.505945818,4.029432371869618
blumeria_graminis,decision_tree,2.77712455,4.020422979924887
blumeria_graminis,decision_tree,5.472366993,4.4237510259583335
blumeria_graminis,decision_tree,2.426397308,3.7186638825140186
blumeria_graminis,decision_tree,4.002508029,4.503726309431033
blumeria_graminis,decision_tree,4.019140308,4.202154700541594
blumeria_graminis,decision_tree,5.015633914,4.4237510259583335
blumeria_graminis,decision_tree,3.059442559,4.059056419857141
blumeria_graminis,decision_tree,3.615430717,3.8542081405714272
blumeria_graminis,decision_tree,3.808117529,4.202154700541594
blumeria_graminis,decision_tree,4.220613878,4.029432371869618
blumeria_graminis,decision_tree,3.327399942,4.074321127160603
blumeria_graminis,decision_tree,4.438366136,4.503726309431033
blumeria_graminis,decision_tree,3.423200647,4.426194256794595
blumeria_graminis,decision_tree,4.102691645,4.059056419857141
blumeria_graminis,decision_tree,4.262336389,4.059056419857141
blumeria_graminis,decision_tree,4.462897806,4.074321127160603
blumeria_graminis,decision_tree,4.50671033,4.059056419857141
blumeria_graminis,decision_tree,4.612852176,4.426194256794595
blumeria_graminis,decision_tree,4.223745685,4.431018699477988
blumeria_graminis,decision_tree,4.907772242,4.059056419857141
blumeria_graminis,decision_tree,4.521578663,4.4237510259583335
blumeria_graminis,decision_tree,3.108863115,4.202154700541594
blumeria_graminis,decision_tree,4.127661936,4.431018699477988
blumeria_graminis,decision_tree,4.80815216,4.202154700541594
blumeria_graminis,decision_tree,4.547944294,4.426194256794595
blumeria_graminis,decision_tree,3.955554329,4.020422979924887
blumeria_graminis,decision_tree,4.14426247,4.074321127160603
blumeria_graminis,decision_tree,2.445808577,4.202154700541594
blumeria_graminis,decision_tree,4.035274245,4.431018699477988
blumeria_graminis,decision_tree,2.872589198,4.059056419857141
blumeria_graminis,decision_tree,4.808844585,4.020422979924887
blumeria_graminis,decision_tree,4.202214152,4.503726309431033
blumeria_graminis,decision_tree,3.68544338,4.426194256794595
blumeria_graminis,decision_tree,3.206817275,4.059056419857141
blumeria_graminis,decision_tree,1.316526234,4.074321127160603
blumeria_graminis,decision_tree,5.32297995,4.4237510259583335
blumeria_graminis,decision_tree,4.790679092,4.503726309431033
blumeria_graminis,decision_tree,3.133040489,4.020422979924887
blumeria_graminis,decision_tree,2.589397338,4.4237510259583335
blumeria_graminis,decision_tree,3.809839372,4.202154700541594
blumeria_graminis,decision_tree,3.212470436,3.74594052170588
blumeria_graminis,decision_tree,4.874351216,4.029432371869618
blumeria_graminis,decision_tree,4.825596813,4.202154700541594
blumeria_graminis,decision_tree,3.198514563,4.202154700541594
blumeria_graminis,decision_tree,5.421395854,4.020422979924887
blumeria_graminis,decision_tree,2.892750152,3.5335722589999996
blumeria_graminis,decision_tree,4.592522799,4.029432371869618
blumeria_graminis,decision_tree,3.84236037,4.4237510259583335
blumeria_graminis,decision_tree,2.684293347,4.029432371869618
blumeria_graminis,decision_tree,3.888140358,4.4237510259583335
blumeria_graminis,decision_tree,2.278679185,4.059056419857141
blumeria_graminis,decision_tree,4.111821098,4.426194256794595
blumeria_graminis,decision_tree,6.301205105,4.202154700541594
blumeria_graminis,decision_tree,4.910084379,4.4237510259583335
blumeria_graminis,decision_tree,3.659228408,4.029432371869618
blumeria_graminis,decision_tree,4.543352862,4.431018699477988
blumeria_graminis,decision_tree,3.172507983,4.202154700541594
blumeria_graminis,decision_tree,5.009628539,4.020422979924887
blumeria_graminis,decision_tree,4.850060637,4.020422979924887
blumeria_graminis,decision_tree,3.910036696,4.4237510259583335
blumeria_graminis,decision_tree,5.661886978,4.059056419857141
blumeria_graminis,decision_tree,3.836782413,3.8542081405714272
blumeria_graminis,decision_tree,4.050657305,4.503726309431033
blumeria_graminis,decision_tree,3.187221607,3.74594052170588
blumeria_graminis,decision_tree,3.651880155,4.029432371869618
blumeria_graminis,decision_tree,3.44469146,4.074321127160603
blumeria_graminis,decision_tree,3.182503062,4.202154700541594
blumeria_graminis,decision_tree,5.409569142,4.202154700541594
blumeria_graminis,decision_tree,4.649484742,4.4237510259583335
blumeria_graminis,decision_tree,3.816267738,4.503726309431033
blumeria_graminis,decision_tree,6.225613057,4.020422979924887
blumeria_graminis,decision_tree,3.291470209,4.202154700541594
blumeria_graminis,decision_tree,3.358712446,4.4237510259583335
blumeria_graminis,decision_tree,3.511842721,4.202154700541594
blumeria_graminis,decision_tree,3.267604963,2.467279488521739
blumeria_graminis,decision_tree,5.618688592,4.202154700541594
blumeria_graminis,decision_tree,4.422295665,4.074321127160603
blumeria_graminis,decision_tree,2.473112519,1.9266741127749998
blumeria_graminis,decision_tree,4.376537544,4.020422979924887
blumeria_graminis,decision_tree,3.720439024,4.020422979924887
blumeria_graminis,decision_tree,3.372753117,4.029432371869618
blumeria_graminis,decision_tree,3.96233861,4.074321127160603
blumeria_graminis,decision_tree,4.735057511,4.202154700541594
blumeria_graminis,decision_tree,3.983885653,4.074321127160603
blumeria_graminis,decision_tree,4.321173794,4.431018699477988
blumeria_graminis,decision_tree,4.770752699,4.202154700541594
blumeria_graminis,decision_tree,5.143586806,4.202154700541594
blumeria_graminis,decision_tree,4.530680852,4.202154700541594
blumeria_graminis,decision_tree,4.043679662,4.431018699477988
blumeria_graminis,decision_tree,3.489522481,4.059056419857141
blumeria_graminis,decision_tree,4.601631326,4.059056419857141
blumeria_graminis,decision_tree,4.024574639,4.202154700541594
blumeria_graminis,decision_tree,5.236225652,4.202154700541594
blumeria_graminis,decision_tree,2.522042127,4.020422979924887
blumeria_graminis,decision_tree,3.853910452,4.426194256794595
blumeria_graminis,decision_tree,3.558781016,4.202154700541594
blumeria_graminis,decision_tree,4.938299021,4.020422979924887
blumeria_graminis,decision_tree,4.125145135,4.426194256794595
blumeria_graminis,decision_tree,4.024236296,4.426194256794595
blumeria_graminis,decision_tree,4.073491322,4.074321127160603
blumeria_graminis,decision_tree,5.837107993,4.074321127160603
blumeria_graminis,decision_tree,4.778856643,4.059056419857141
blumeria_graminis,decision_tree,3.411237625,4.431018699477988
blumeria_graminis,decision_tree,3.665090276,4.029432371869618
blumeria_graminis,decision_tree,3.825702693,4.059056419857141
blumeria_graminis,decision_tree,3.91817307,4.503726309431033
blumeria_graminis,decision_tree,4.242019861,4.020422979924887
blumeria_graminis,decision_tree,4.516213003,4.059056419857141
blumeria_graminis,decision_tree,4.226698287,4.020422979924887
blumeria_graminis,decision_tree,4.408071506,4.059056419857141
blumeria_graminis,decision_tree,5.237206111,4.426194256794595
blumeria_graminis,decision_tree,3.350073339,4.202154700541594
blumeria_graminis,decision_tree,5.10572123,4.431018699477988
blumeria_graminis,decision_tree,2.260962592,4.202154700541594
blumeria_graminis,decision_tree,4.110758686,4.074321127160603
blumeria_graminis,decision_tree,4.798073378,4.202154700541594
blumeria_graminis,decision_tree,4.959153868,4.020422979924887
blumeria_graminis,decision_tree,3.641454816,4.029432371869618
blumeria_graminis,decision_tree,4.141635804,4.431018699477988
blumeria_graminis,decision_tree,4.86279032,4.202154700541594
blumeria_graminis,decision_tree,4.216600178,4.202154700541594
blumeria_graminis,decision_tree,3.849773986,4.029432371869618
blumeria_graminis,decision_tree,4.956999528,4.029432371869618
blumeria_graminis,decision_tree,2.440978639,4.029432371869618
blumeria_graminis,decision_tree,4.702881793,4.426194256794595
blumeria_graminis,decision_tree,4.554219439,4.074321127160603
blumeria_graminis,decision_tree,3.253718608,4.059056419857141
blumeria_graminis,decision_tree,4.467081127,4.426194256794595
blumeria_graminis,decision_tree,3.569373326,4.4237510259583335
blumeria_graminis,decision_tree,6.097746394,4.202154700541594
blumeria_graminis,decision_tree,5.392107042,4.020422979924887
blumeria_graminis,decision_tree,4.427849306,4.074321127160603
blumeria_graminis,decision_tree,3.84279713,4.074321127160603
blumeria_graminis,decision_tree,3.260197683,4.029432371869618
blumeria_graminis,decision_tree,3.570921944,4.4237510259583335
blumeria_graminis,decision_tree,4.706338199,4.431018699477988
blumeria_graminis,decision_tree,4.133519633,4.029432371869618
blumeria_graminis,decision_tree,4.826196289,4.020422979924887
blumeria_graminis,decision_tree,4.355886165,4.074321127160603
blumeria_graminis,decision_tree,3.956880334,4.202154700541594
blumeria_graminis,decision_tree,5.260171874,4.059056419857141
blumeria_graminis,decision_tree,3.644976323,4.202154700541594
blumeria_graminis,decision_tree,5.675513712,4.074321127160603
blumeria_graminis,decision_tree,5.53101205,4.426194256794595
blumeria_graminis,decision_tree,4.393923556,4.202154700541594
blumeria_graminis,decision_tree,4.355963781,4.020422979924887
blumeria_graminis,decision_tree,2.538144792,4.4237510259583335
blumeria_graminis,decision_tree,4.815350645,4.020422979924887
blumeria_graminis,decision_tree,4.449596248,4.426194256794595
blumeria_graminis,decision_tree,4.179388227,4.020422979924887
blumeria_graminis,decision_tree,4.167315222,4.074321127160603
blumeria_graminis,decision_tree,5.372524213,4.074321127160603
blumeria_graminis,decision_tree,4.231502172,4.059056419857141
blumeria_graminis,decision_tree,4.90477488,4.020422979924887
blumeria_graminis,decision_tree,4.845521707,4.4237510259583335
blumeria_graminis,decision_tree,4.026336417,4.202154700541594
blumeria_graminis,decision_tree,2.660645523,3.7186638825140186
blumeria_graminis,decision_tree,3.346839531,4.020422979924887
blumeria_graminis,decision_tree,4.220619255,4.4237510259583335
blumeria_graminis,decision_tree,4.716208531,4.059056419857141
blumeria_graminis,decision_tree,4.630099604,4.020422979924887
blumeria_graminis,decision_tree,3.426240215,4.020422979924887
blumeria_graminis,decision_tree,2.81102902,4.020422979924887
blumeria_graminis,decision_tree,3.50149357,4.202154700541594
blumeria_graminis,decision_tree,4.348562936,3.065475120058823
blumeria_graminis,decision_tree,3.646960045,4.074321127160603
blumeria_graminis,decision_tree,2.448063444,4.202154700541594
blumeria_graminis,decision_tree,5.300520045,4.029432371869618
blumeria_graminis,decision_tree,3.986582557,4.059056419857141
blumeria_graminis,decision_tree,3.893447874,4.059056419857141
blumeria_graminis,decision_tree,4.336290184,4.029432371869618
blumeria_graminis,decision_tree,4.317294748,4.029432371869618
blumeria_graminis,decision_tree,4.557154459,3.74594052170588
blumeria_graminis,decision_tree,3.233179976,4.074321127160603
blumeria_graminis,decision_tree,3.142372722,4.431018699477988
blumeria_graminis,decision_tree,3.234102553,3.0354369478000005
blumeria_graminis,decision_tree,4.449691489,4.202154700541594
blumeria_graminis,decision_tree,3.867291291,4.074321127160603
blumeria_graminis,decision_tree,2.79413729,3.7186638825140186
blumeria_graminis,decision_tree,4.40435114,4.074321127160603
blumeria_graminis,decision_tree,3.271024069,2.467279488521739
blumeria_graminis,decision_tree,4.201435819,4.426194256794595
blumeria_graminis,decision_tree,4.80463112,4.029432371869618
blumeria_graminis,decision_tree,3.532907492,4.020422979924887
blumeria_graminis,decision_tree,3.631286016,3.6837502867068967
blumeria_graminis,decision_tree,2.477673493,3.175257872545454
blumeria_graminis,decision_tree,4.13546807,4.4237510259583335
blumeria_graminis,decision_tree,3.772246592,4.202154700541594
blumeria_graminis,decision_tree,3.050776096,3.6837502867068967
blumeria_graminis,decision_tree,5.534791148,4.059056419857141
blumeria_graminis,decision_tree,4.451547648,4.202154700541594
blumeria_graminis,decision_tree,3.997291665,4.202154700541594
blumeria_graminis,decision_tree,3.32836914,4.059056419857141
blumeria_graminis,decision_tree,4.478395922,3.2939289352857144
blumeria_graminis,decision_tree,4.754708489,4.059056419857141
blumeria_graminis,decision_tree,1.70233291,4.426194256794595
blumeria_graminis,decision_tree,4.137604427,4.202154700541594
blumeria_graminis,decision_tree,4.392161166,4.202154700541594
blumeria_graminis,decision_tree,1.955866093,4.426194256794595
blumeria_graminis,decision_tree,4.722269459,4.074321127160603
blumeria_graminis,decision_tree,2.734304778,4.202154700541594
blumeria_graminis,decision_tree,2.949331181,4.059056419857141
blumeria_graminis,decision_tree,5.688562708,4.029432371869618
blumeria_graminis,decision_tree,4.851811167,4.202154700541594
blumeria_graminis,decision_tree,4.569751205,4.059056419857141
blumeria_graminis,decision_tree,2.949877825,4.202154700541594
blumeria_graminis,decision_tree,3.101476517,4.431018699477988
blumeria_graminis,decision_tree,4.177878372,4.020422979924887
blumeria_graminis,decision_tree,2.875922437,4.029432371869618
blumeria_graminis,decision_tree,4.122794964,4.020422979924887
blumeria_graminis,decision_tree,4.616040819,4.202154700541594
blumeria_graminis,decision_tree,2.891870258,2.7418069107500003
blumeria_graminis,decision_tree,2.111914299,2.6158817538666663
blumeria_graminis,decision_tree,2.692208952,2.312292774818182
blumeria_graminis,decision_tree,3.181936661,2.312292774818182
blumeria_graminis,decision_tree,6.382031613,4.029432371869618
blumeria_graminis,decision_tree,4.282237152,4.020422979924887
blumeria_graminis,decision_tree,3.714908705,4.029432371869618
blumeria_graminis,decision_tree,4.415496498,4.4237510259583335
blumeria_graminis,decision_tree,3.768961456,4.059056419857141
blumeria_graminis,decision_tree,3.737782353,4.059056419857141
blumeria_graminis,decision_tree,4.15173181,4.020422979924887
blumeria_graminis,decision_tree,3.693106282,4.202154700541594
blumeria_graminis,decision_tree,2.688979987,4.020422979924887
blumeria_graminis,decision_tree,3.992654485,4.4237510259583335
blumeria_graminis,decision_tree,2.8549377,3.74594052170588
blumeria_graminis,decision_tree,1.378409492,4.029432371869618
blumeria_graminis,decision_tree,5.122061688,4.029432371869618
blumeria_graminis,decision_tree,5.155437394,4.426194256794595
blumeria_graminis,decision_tree,3.720142706,4.020422979924887
blumeria_graminis,decision_tree,5.874003613,4.202154700541594
blumeria_graminis,decision_tree,3.978383705,4.074321127160603
blumeria_graminis,decision_tree,5.310099244,4.431018699477988
blumeria_graminis,decision_tree,4.225593161,4.074321127160603
blumeria_graminis,decision_tree,4.588819157,4.202154700541594
blumeria_graminis,decision_tree,3.307801401,4.029432371869618
blumeria_graminis,decision_tree,5.274935231,4.029432371869618
blumeria_graminis,decision_tree,4.581761662,4.020422979924887
blumeria_graminis,decision_tree,3.784649858,4.020422979924887
blumeria_graminis,decision_tree,2.75391404,4.029432371869618
blumeria_graminis,decision_tree,4.400475554,4.020422979924887
blumeria_graminis,decision_tree,3.451219525,4.074321127160603
blumeria_graminis,decision_tree,2.99784099,4.020422979924887
blumeria_graminis,decision_tree,2.901250076,4.059056419857141
blumeria_graminis,decision_tree,3.546352625,4.426194256794595
blumeria_graminis,decision_tree,4.167944505,3.6837502867068967
blumeria_graminis,decision_tree,4.845170757,4.059056419857141
blumeria_graminis,decision_tree,4.269036478,4.059056419857141
blumeria_graminis,decision_tree,4.662446828,4.074321127160603
blumeria_graminis,decision_tree,2.941978655,4.059056419857141
blumeria_graminis,decision_tree,3.855978145,4.059056419857141
blumeria_graminis,decision_tree,4.103741363,4.202154700541594
blumeria_graminis,decision_tree,3.927403393,4.059056419857141
blumeria_graminis,decision_tree,3.488888168,4.059056419857141
blumeria_graminis,decision_tree,5.264730973,4.029432371869618
blumeria_graminis,decision_tree,4.146731987,3.6837502867068967
blumeria_graminis,decision_tree,4.415234402,4.202154700541594
blumeria_graminis,decision_tree,5.227753998,4.020422979924887
blumeria_graminis,decision_tree,4.951180855,4.202154700541594
blumeria_graminis,decision_tree,3.242313383,4.426194256794595
blumeria_graminis,decision_tree,3.581391962,4.020422979924887
blumeria_graminis,decision_tree,4.779757073,4.059056419857141
blumeria_graminis,decision_tree,3.789186141,4.029432371869618
blumeria_graminis,decision_tree,3.452819481,4.059056419857141
blumeria_graminis,decision_tree,3.822506018,4.020422979924887
blumeria_graminis,decision_tree,4.48963065,4.074321127160603
blumeria_graminis,decision_tree,1.764133912,4.202154700541594
blumeria_graminis,decision_tree,4.166039527,4.059056419857141
blumeria_graminis,decision_tree,5.456378574,4.503726309431033
blumeria_graminis,decision_tree,1.511216651,1.8787387876923078
blumeria_graminis,decision_tree,3.274252656,3.8542081405714272
blumeria_graminis,decision_tree,2.948178444,4.074321127160603
blumeria_graminis,decision_tree,4.152561375,4.503726309431033
blumeria_graminis,decision_tree,4.644183662,4.020422979924887
blumeria_graminis,decision_tree,4.754428706,4.029432371869618
blumeria_graminis,decision_tree,4.460732122,4.202154700541594
blumeria_graminis,decision_tree,3.783403222,4.202154700541594
blumeria_graminis,decision_tree,4.78870537,4.202154700541594
blumeria_graminis,decision_tree,4.235566032,4.426194256794595
blumeria_graminis,decision_tree,2.506675145,4.059056419857141
blumeria_graminis,decision_tree,3.895082023,3.6837502867068967
blumeria_graminis,decision_tree,3.648182618,4.029432371869618
blumeria_graminis,decision_tree,5.195142192,4.059056419857141
blumeria_graminis,decision_tree,5.857579768,4.202154700541594
blumeria_graminis,decision_tree,4.712397423,4.020422979924887
blumeria_graminis,decision_tree,3.58122687,4.074321127160603
blumeria_graminis,decision_tree,3.36186509,3.74594052170588
blumeria_graminis,decision_tree,3.152762989,4.074321127160603
blumeria_graminis,decision_tree,3.27484881,3.0354369478000005
blumeria_graminis,decision_tree,4.613429446,4.029432371869618
blumeria_graminis,decision_tree,3.302955327,4.202154700541594
blumeria_graminis,decision_tree,4.040670396,4.426194256794595
blumeria_graminis,decision_tree,4.612095765,4.426194256794595
blumeria_graminis,decision_tree,3.977859626,4.426194256794595
blumeria_graminis,decision_tree,4.13605548,4.4237510259583335
blumeria_graminis,decision_tree,3.942556938,4.431018699477988
blumeria_graminis,decision_tree,4.190644421,4.202154700541594
blumeria_graminis,decision_tree,4.599376755,4.503726309431033
blumeria_graminis,decision_tree,4.019428768,3.7186638825140186
blumeria_graminis,decision_tree,2.376037436,4.4237510259583335
blumeria_graminis,decision_tree,3.656548376,4.074321127160603
blumeria_graminis,decision_tree,4.239869618,4.4237510259583335
blumeria_graminis,decision_tree,2.950422709,4.074321127160603
blumeria_graminis,decision_tree,4.41929205,2.5203331369411766
blumeria_graminis,decision_tree,3.613731844,4.4237510259583335
blumeria_graminis,decision_tree,3.948674204,4.020422979924887
blumeria_graminis,decision_tree,3.267134764,3.0354369478000005
blumeria_graminis,decision_tree,3.730007541,4.4237510259583335
blumeria_graminis,decision_tree,4.253975037,3.74594052170588
blumeria_graminis,decision_tree,3.623478316,4.4237510259583335
blumeria_graminis,decision_tree,3.885879862,4.029432371869618
blumeria_graminis,decision_tree,3.794351277,3.2939289352857144
blumeria_graminis,decision_tree,3.618311066,4.202154700541594
blumeria_graminis,decision_tree,2.420042814,4.074321127160603
blumeria_graminis,decision_tree,3.53487142,4.426194256794595
blumeria_graminis,decision_tree,4.713959622,4.074321127160603
blumeria_graminis,decision_tree,4.127095218,4.4237510259583335
blumeria_graminis,decision_tree,3.3767252,4.074321127160603
blumeria_graminis,decision_tree,3.65911629,4.074321127160603
blumeria_graminis,decision_tree,3.915426952,4.202154700541594
blumeria_graminis,decision_tree,5.953092094,4.074321127160603
blumeria_graminis,decision_tree,3.211985757,4.074321127160603
blumeria_graminis,decision_tree,4.359206162,4.020422979924887
blumeria_graminis,decision_tree,4.268787503,4.059056419857141
blumeria_graminis,decision_tree,4.348575639,4.074321127160603
blumeria_graminis,decision_tree,4.739567057,4.4237510259583335
blumeria_graminis,decision_tree,5.348289052,4.074321127160603
blumeria_graminis,decision_tree,4.569255449,3.7186638825140186
blumeria_graminis,decision_tree,5.016286424,4.020422979924887
blumeria_graminis,decision_tree,4.261425807,4.202154700541594
blumeria_graminis,decision_tree,3.82509917,3.175257872545454
blumeria_graminis,decision_tree,3.48173721,2.6158817538666663
blumeria_graminis,decision_tree,4.181554228,4.020422979924887
blumeria_graminis,decision_tree,3.931179341,3.74594052170588
blumeria_graminis,decision_tree,3.52939646,4.074321127160603
blumeria_graminis,decision_tree,4.797323453,4.202154700541594
blumeria_graminis,decision_tree,2.674061693,4.426194256794595
blumeria_graminis,decision_tree,4.695344887,4.431018699477988
blumeria_graminis,decision_tree,5.106326175,4.4237510259583335
blumeria_graminis,decision_tree,4.539577153,4.426194256794595
blumeria_graminis,decision_tree,5.094612275,4.020422979924887
blumeria_graminis,decision_tree,3.459095167,4.059056419857141
blumeria_graminis,decision_tree,3.958834789,4.503726309431033
blumeria_graminis,decision_tree,3.965129928,4.4237510259583335
blumeria_graminis,decision_tree,4.046867252,4.202154700541594
blumeria_graminis,decision_tree,3.498437063,4.4237510259583335
blumeria_graminis,decision_tree,3.024222557,3.8542081405714272
blumeria_graminis,decision_tree,3.752366795,4.074321127160603
blumeria_graminis,decision_tree,3.136303836,4.029432371869618
blumeria_graminis,decision_tree,3.66246826,4.074321127160603
blumeria_graminis,decision_tree,4.565214057,4.431018699477988
blumeria_graminis,decision_tree,4.429721865,4.431018699477988
blumeria_graminis,decision_tree,3.339296547,4.4237510259583335
blumeria_graminis,decision_tree,4.657620487,4.4237510259583335
blumeria_graminis,decision_tree,4.335747748,4.059056419857141
blumeria_graminis,decision_tree,3.725854383,4.202154700541594
blumeria_graminis,decision_tree,4.620832885,4.202154700541594
blumeria_graminis,decision_tree,3.307611388,3.5335722589999996
blumeria_graminis,decision_tree,3.385584274,3.2939289352857144
blumeria_graminis,decision_tree,2.534156227,4.074321127160603
blumeria_graminis,decision_tree,2.433592295,4.4237510259583335
blumeria_graminis,decision_tree,4.629395457,4.029432371869618
blumeria_graminis,decision_tree,2.904299111,3.2939289352857144
blumeria_graminis,decision_tree,2.957852412,4.059056419857141
blumeria_graminis,decision_tree,3.159131947,3.74594052170588
blumeria_graminis,decision_tree,3.727728353,4.202154700541594
blumeria_graminis,decision_tree,4.010426504,4.059056419857141
blumeria_graminis,decision_tree,3.461613888,4.503726309431033
blumeria_graminis,decision_tree,4.714572886,4.202154700541594
blumeria_graminis,decision_tree,2.206160689,4.426194256794595
blumeria_graminis,decision_tree,4.693752103,4.020422979924887
blumeria_graminis,decision_tree,4.160382043,4.4237510259583335
blumeria_graminis,decision_tree,1.790936211,4.074321127160603
blumeria_graminis,decision_tree,3.26668967,4.020422979924887
blumeria_graminis,decision_tree,4.5139563,4.020422979924887
blumeria_graminis,decision_tree,4.131965295,4.426194256794595
blumeria_graminis,decision_tree,4.082535373500001,4.059056419857141
blumeria_graminis,decision_tree,4.348059065,4.074321127160603
blumeria_graminis,decision_tree,3.725885131,4.202154700541594
blumeria_graminis,decision_tree,5.797693712,4.020422979924887
blumeria_graminis,decision_tree,3.684156528,4.202154700541594
blumeria_graminis,decision_tree,4.866508045,4.029432371869618
blumeria_graminis,decision_tree,5.128023287,4.020422979924887
blumeria_graminis,decision_tree,4.777572048,4.202154700541594
blumeria_graminis,decision_tree,3.362793162,4.202154700541594
blumeria_graminis,decision_tree,3.889438785,4.020422979924887
blumeria_graminis,decision_tree,5.174623051,4.059056419857141
blumeria_graminis,decision_tree,4.65571882,4.029432371869618
blumeria_graminis,decision_tree,4.342266519,4.431018699477988
blumeria_graminis,decision_tree,4.792492405,4.029432371869618
blumeria_graminis,decision_tree,5.555649379,4.202154700541594
blumeria_graminis,decision_tree,3.441252136,4.4237510259583335
blumeria_graminis,decision_tree,2.973322991,4.202154700541594
blumeria_graminis,decision_tree,3.432769832,3.3163083804545455
blumeria_graminis,decision_tree,2.255119591,3.7186638825140186
blumeria_graminis,decision_tree,3.225686049,4.4237510259583335
blumeria_graminis,decision_tree,5.450875302,4.202154700541594
blumeria_graminis,decision_tree,2.392445537,3.74594052170588
blumeria_graminis,decision_tree,3.745437591,4.059056419857141
blumeria_graminis,decision_tree,4.170079739,4.202154700541594
blumeria_graminis,decision_tree,3.702604009,3.74594052170588
blumeria_graminis,decision_tree,4.322449994,3.7186638825140186
blumeria_graminis,decision_tree,5.007408434,4.202154700541594
blumeria_graminis,decision_tree,4.364947911,4.059056419857141
blumeria_graminis,decision_tree,4.412701705,4.4237510259583335
blumeria_graminis,decision_tree,3.821028807,3.6837502867068967
blumeria_graminis,decision_tree,4.007265884,4.029432371869618
blumeria_graminis,decision_tree,4.39254388,4.020422979924887
blumeria_graminis,decision_tree,4.315922431,4.431018699477988
blumeria_graminis,decision_tree,4.077058671,4.029432371869618
blumeria_graminis,decision_tree,4.243993794,4.029432371869618
blumeria_graminis,decision_tree,3.623043876,4.074321127160603
blumeria_graminis,decision_tree,1.969898414,4.202154700541594
blumeria_graminis,decision_tree,4.023721533,4.074321127160603
blumeria_graminis,decision_tree,5.557457464,4.059056419857141
blumeria_graminis,decision_tree,5.687791969,4.059056419857141
blumeria_graminis,decision_tree,4.937622169,4.426194256794595
blumeria_graminis,decision_tree,4.362381287,4.074321127160603
blumeria_graminis,decision_tree,3.694930707,4.202154700541594
blumeria_graminis,decision_tree,4.508605869,4.020422979924887
blumeria_graminis,decision_tree,4.80386177,3.2939289352857144
blumeria_graminis,decision_tree,4.776355444,4.202154700541594
blumeria_graminis,decision_tree,4.745946577,4.503726309431033
blumeria_graminis,decision_tree,4.589738825,3.2939289352857144
blumeria_graminis,decision_tree,4.866184672,4.020422979924887
blumeria_graminis,decision_tree,6.098758416,4.029432371869618
blumeria_graminis,decision_tree,3.844397407,4.020422979924887
blumeria_graminis,decision_tree,4.941602747,4.503726309431033
blumeria_graminis,decision_tree,4.49473368,4.4237510259583335
blumeria_graminis,decision_tree,4.241755514,4.202154700541594
blumeria_graminis,decision_tree,4.554658226,4.4237510259583335
blumeria_graminis,decision_tree,5.857153654,4.4237510259583335
blumeria_graminis,decision_tree,4.036618343,4.074321127160603
blumeria_graminis,decision_tree,5.78820279,4.059056419857141
blumeria_graminis,decision_tree,4.418298767,4.202154700541594
blumeria_graminis,decision_tree,3.046046877,4.059056419857141
blumeria_graminis,decision_tree,4.842009433,4.202154700541594
blumeria_graminis,decision_tree,4.223465711,4.029432371869618
blumeria_graminis,decision_tree,3.098072475,4.029432371869618
blumeria_graminis,decision_tree,1.877312667,4.020422979924887
blumeria_graminis,decision_tree,4.447964912,4.074321127160603
blumeria_graminis,decision_tree,4.888873012,4.029432371869618
blumeria_graminis,decision_tree,3.840150002,4.020422979924887
blumeria_graminis,decision_tree,4.876265944,4.059056419857141
blumeria_graminis,decision_tree,4.668610372,4.202154700541594
blumeria_graminis,decision_tree,2.570698487,1.5931399044479166
blumeria_graminis,decision_tree,2.026248771,1.5372977433297867
blumeria_graminis,decision_tree,4.427801555,4.059056419857141
blumeria_graminis,decision_tree,3.723106649,4.202154700541594
blumeria_graminis,decision_tree,5.250758366,4.020422979924887
blumeria_graminis,decision_tree,3.855764302,4.202154700541594
blumeria_graminis,decision_tree,2.773607313,4.426194256794595
blumeria_graminis,decision_tree,3.925818128,3.7324529564693862
blumeria_graminis,decision_tree,2.733244932,4.029432371869618
blumeria_graminis,decision_tree,3.297534651,4.202154700541594
blumeria_graminis,decision_tree,3.563464841,3.177080470107142
blumeria_graminis,decision_tree,3.175064717,4.029432371869618
blumeria_graminis,decision_tree,4.345459161,4.029432371869618
blumeria_graminis,decision_tree,3.04092758,3.8542081405714272
blumeria_graminis,decision_tree,4.420581109,4.4237510259583335
blumeria_graminis,decision_tree,3.060804964,3.175257872545454
blumeria_graminis,decision_tree,3.288843157,4.020422979924887
blumeria_graminis,decision_tree,3.21282406,3.0354369478000005
blumeria_graminis,decision_tree,2.358034469,4.202154700541594
blumeria_graminis,decision_tree,4.512703249,4.202154700541594
blumeria_graminis,decision_tree,3.665361328,4.074321127160603
blumeria_graminis,decision_tree,2.144039734,3.74594052170588
blumeria_graminis,decision_tree,4.402121924,4.4237510259583335
blumeria_graminis,decision_tree,3.939246135,4.4237510259583335
blumeria_graminis,decision_tree,4.851357272,4.431018699477988
blumeria_graminis,decision_tree,4.311405507,3.7186638825140186
blumeria_graminis,decision_tree,4.082999544,4.074321127160603
blumeria_graminis,decision_tree,4.281794473,4.020422979924887
blumeria_graminis,decision_tree,4.062606785,4.431018699477988
blumeria_graminis,decision_tree,3.651404518,3.0354369478000005
blumeria_graminis,decision_tree,2.282709652,1.5372977433297867
blumeria_graminis,decision_tree,3.744211802,4.431018699477988
blumeria_graminis,decision_tree,4.411132487,4.4237510259583335
blumeria_graminis,decision_tree,6.172727679,4.074321127160603
blumeria_graminis,decision_tree,3.936373147,4.074321127160603
blumeria_graminis,decision_tree,3.41468884,4.4237510259583335
blumeria_graminis,decision_tree,4.648151062,4.503726309431033
blumeria_graminis,decision_tree,4.724743907,4.202154700541594
blumeria_graminis,decision_tree,3.021462403,4.202154700541594
blumeria_graminis,decision_tree,5.766695548,4.202154700541594
blumeria_graminis,decision_tree,4.32755469,4.074321127160603
blumeria_graminis,decision_tree,3.010948132,4.503726309431033
blumeria_graminis,decision_tree,6.3601382,4.020422979924887
blumeria_graminis,decision_tree,4.803031515,3.74594052170588
blumeria_graminis,decision_tree,3.641216199,4.431018699477988
blumeria_graminis,decision_tree,2.456815349,4.074321127160603
blumeria_graminis,decision_tree,2.485620465,4.029432371869618
blumeria_graminis,decision_tree,3.364029543,4.426194256794595
blumeria_graminis,decision_tree,4.386838456,4.029432371869618
blumeria_graminis,decision_tree,5.826977965,4.059056419857141
blumeria_graminis,decision_tree,3.884278773,4.202154700541594
blumeria_graminis,decision_tree,4.070743586,4.074321127160603
blumeria_graminis,decision_tree,3.424166895,4.074321127160603
blumeria_graminis,decision_tree,3.852326036,4.074321127160603
blumeria_graminis,decision_tree,3.042276193,4.431018699477988
blumeria_graminis,decision_tree,4.666907596,4.029432371869618
blumeria_graminis,decision_tree,5.888885877,4.4237510259583335
blumeria_graminis,decision_tree,5.463727666,4.029432371869618
blumeria_graminis,decision_tree,3.766301702,4.202154700541594
blumeria_graminis,decision_tree,3.823955062,4.431018699477988
blumeria_graminis,decision_tree,3.611106167,4.431018699477988
blumeria_graminis,decision_tree,5.081185259,4.074321127160603
blumeria_graminis,decision_tree,2.580224227,4.059056419857141
blumeria_graminis,decision_tree,4.128899115,3.5335722589999996
blumeria_graminis,decision_tree,3.258512065,3.177080470107142
blumeria_graminis,decision_tree,3.884615229,4.431018699477988
blumeria_graminis,decision_tree,3.932823283,4.074321127160603
blumeria_graminis,decision_tree,3.988067723,4.202154700541594
blumeria_graminis,decision_tree,3.68683076,3.175257872545454
blumeria_graminis,decision_tree,3.425015442,4.059056419857141
blumeria_graminis,decision_tree,4.607816555,4.431018699477988
blumeria_graminis,decision_tree,3.53549884,4.029432371869618
blumeria_graminis,decision_tree,4.244624555,4.020422979924887
blumeria_graminis,decision_tree,3.052348367,3.74594052170588
blumeria_graminis,decision_tree,3.911863786,4.029432371869618
blumeria_graminis,decision_tree,2.901501571,3.8542081405714272
blumeria_graminis,decision_tree,4.069394407,4.202154700541594
blumeria_graminis,decision_tree,3.234024335,4.029432371869618
blumeria_graminis,decision_tree,3.290464113,4.074321127160603
blumeria_graminis,decision_tree,4.144107518,4.059056419857141
blumeria_graminis,decision_tree,3.112065223,4.029432371869618
blumeria_graminis,decision_tree,2.510927184,4.059056419857141
blumeria_graminis,decision_tree,4.329741234,4.202154700541594
blumeria_graminis,decision_tree,4.049932024,4.059056419857141
blumeria_graminis,decision_tree,4.045512278,4.074321127160603
blumeria_graminis,decision_tree,3.494770087,4.074321127160603
blumeria_graminis,decision_tree,4.051084833,4.074321127160603
blumeria_graminis,decision_tree,5.223061008,4.029432371869618
blumeria_graminis,decision_tree,2.951040552,4.029432371869618
blumeria_graminis,decision_tree,5.713243311,4.059056419857141
blumeria_graminis,decision_tree,4.820251819,4.020422979924887
blumeria_graminis,decision_tree,3.498137346,4.074321127160603
blumeria_graminis,decision_tree,3.83511316,4.426194256794595
blumeria_graminis,decision_tree,3.420138707,4.020422979924887
blumeria_graminis,decision_tree,4.087289868,4.074321127160603
blumeria_graminis,decision_tree,5.194994024,4.029432371869618
blumeria_graminis,decision_tree,3.489111676,4.426194256794595
blumeria_graminis,decision_tree,4.333511054,4.020422979924887
blumeria_graminis,decision_tree,5.32589699,4.059056419857141
blumeria_graminis,decision_tree,4.112591304,4.059056419857141
blumeria_graminis,decision_tree,3.422256833,4.020422979924887
blumeria_graminis,decision_tree,5.102243633,4.202154700541594
blumeria_graminis,decision_tree,5.363367843,4.202154700541594
blumeria_graminis,decision_tree,3.118180244,4.059056419857141
blumeria_graminis,decision_tree,4.306991685,4.202154700541594
blumeria_graminis,decision_tree,4.905010905,4.059056419857141
blumeria_graminis,decision_tree,3.447851063,4.074321127160603
blumeria_graminis,decision_tree,3.039462401,4.426194256794595
blumeria_graminis,decision_tree,4.344656587,4.4237510259583335
blumeria_graminis,decision_tree,4.791354078,4.074321127160603
blumeria_graminis,decision_tree,5.353286713,4.059056419857141
blumeria_graminis,decision_tree,3.449194794,4.202154700541594
blumeria_graminis,decision_tree,3.596370585,4.074321127160603
blumeria_graminis,decision_tree,3.644534121,4.020422979924887
blumeria_graminis,decision_tree,4.132706701,4.4237510259583335
blumeria_graminis,decision_tree,3.779201223,4.074321127160603
blumeria_graminis,decision_tree,3.644064607,3.74594052170588
blumeria_graminis,decision_tree,4.623903306,4.074321127160603
blumeria_graminis,decision_tree,4.264716331,3.6837502867068967
blumeria_graminis,decision_tree,6.601650002,4.020422979924887
blumeria_graminis,decision_tree,4.121764333,4.059056419857141
blumeria_graminis,decision_tree,2.562255233,4.074321127160603
blumeria_graminis,decision_tree,4.562694555,4.074321127160603
blumeria_graminis,decision_tree,5.755098796,4.029432371869618
blumeria_graminis,decision_tree,2.726201313,4.020422979924887
blumeria_graminis,decision_tree,3.483857419,4.074321127160603
blumeria_graminis,decision_tree,5.71951145,4.059056419857141
blumeria_graminis,decision_tree,4.241817266,3.8542081405714272
blumeria_graminis,decision_tree,4.310806373,4.020422979924887
blumeria_graminis,decision_tree,2.995633811,4.020422979924887
blumeria_graminis,decision_tree,6.274280972,4.020422979924887
blumeria_graminis,decision_tree,4.98352765,4.074321127160603
blumeria_graminis,decision_tree,4.942027411,4.074321127160603
blumeria_graminis,decision_tree,4.028113979,4.029432371869618
blumeria_graminis,decision_tree,7.045269922,4.426194256794595
blumeria_graminis,decision_tree,4.414160861,4.074321127160603
blumeria_graminis,decision_tree,2.88826956,4.202154700541594
blumeria_graminis,decision_tree,4.50693053,4.020422979924887
blumeria_graminis,decision_tree,5.271819541,4.503726309431033
blumeria_graminis,decision_tree,3.80335948,4.020422979924887
blumeria_graminis,decision_tree,6.295343551,4.020422979924887
blumeria_graminis,decision_tree,5.577365676,4.020422979924887
blumeria_graminis,decision_tree,5.357602189,4.029432371869618
blumeria_graminis,decision_tree,3.858937745,4.202154700541594
blumeria_graminis,decision_tree,3.925779013,4.202154700541594
blumeria_graminis,decision_tree,4.844510298,4.029432371869618
blumeria_graminis,decision_tree,4.93960012,3.74594052170588
blumeria_graminis,decision_tree,4.32274593,4.202154700541594
blumeria_graminis,decision_tree,4.76935941,4.426194256794595
blumeria_graminis,decision_tree,4.687145544,4.426194256794595
blumeria_graminis,decision_tree,3.415324308,4.020422979924887
blumeria_graminis,decision_tree,3.676010591,4.074321127160603
blumeria_graminis,decision_tree,4.438202184,4.202154700541594
blumeria_graminis,decision_tree,3.151711333,4.059056419857141
blumeria_graminis,decision_tree,2.841005688,3.8542081405714272
blumeria_graminis,decision_tree,5.120684545,4.074321127160603
blumeria_graminis,decision_tree,3.455268423,4.426194256794595
blumeria_graminis,decision_tree,5.143047969,4.074321127160603
blumeria_graminis,decision_tree,5.842858453,4.202154700541594
blumeria_graminis,decision_tree,5.593598927,4.029432371869618
blumeria_graminis,decision_tree,3.983459251,3.74594052170588
blumeria_graminis,decision_tree,4.884947286,4.074321127160603
blumeria_graminis,decision_tree,5.075748326,4.202154700541594
blumeria_graminis,decision_tree,5.386486796,4.074321127160603
blumeria_graminis,decision_tree,5.077611856,4.431018699477988
blumeria_graminis,decision_tree,4.258859206,4.074321127160603
blumeria_graminis,decision_tree,5.915001805,4.074321127160603
blumeria_graminis,decision_tree,3.832313726,4.202154700541594
blumeria_graminis,decision_tree,4.476779927,4.426194256794595
blumeria_graminis,decision_tree,4.051685465,4.029432371869618
blumeria_graminis,decision_tree,4.74856398,4.431018699477988
blumeria_graminis,decision_tree,5.203742243,4.074321127160603
blumeria_graminis,decision_tree,3.729312197,4.029432371869618
blumeria_graminis,decision_tree,5.290949055,4.059056419857141
blumeria_graminis,decision_tree,3.05774086,4.029432371869618
blumeria_graminis,decision_tree,3.763917625,4.059056419857141
blumeria_graminis,decision_tree,4.206176855,4.431018699477988
blumeria_graminis,decision_tree,7.367902685,4.029432371869618
blumeria_graminis,decision_tree,4.11805602,3.8542081405714272
blumeria_graminis,decision_tree,3.827531616,4.059056419857141
blumeria_graminis,decision_tree,2.919077938,3.74594052170588
blumeria_graminis,decision_tree,3.361623953,4.020422979924887
blumeria_graminis,decision_tree,3.854420187,4.202154700541594
blumeria_graminis,decision_tree,5.007677852,4.029432371869618
blumeria_graminis,decision_tree,3.059464217,4.426194256794595
blumeria_graminis,decision_tree,4.323858621,4.074321127160603
blumeria_graminis,decision_tree,4.408261382,4.074321127160603
blumeria_graminis,decision_tree,3.847954647,4.074321127160603
blumeria_graminis,decision_tree,4.86168591,4.202154700541594
blumeria_graminis,decision_tree,2.958379991,4.202154700541594
blumeria_graminis,decision_tree,3.890829373,4.020422979924887
blumeria_graminis,decision_tree,4.556828462,4.202154700541594
blumeria_graminis,decision_tree,3.661268719,4.029432371869618
blumeria_graminis,decision_tree,3.216419892,3.6837502867068967
blumeria_graminis,decision_tree,3.254023818,4.202154700541594
blumeria_graminis,decision_tree,2.875059855,4.426194256794595
blumeria_graminis,decision_tree,3.202230973,4.059056419857141
blumeria_graminis,decision_tree,3.522500023,4.020422979924887
blumeria_graminis,decision_tree,4.317768397,4.029432371869618
blumeria_graminis,decision_tree,3.880151944,4.202154700541594
blumeria_graminis,decision_tree,3.980199533,4.431018699477988
blumeria_graminis,decision_tree,4.304798499,4.202154700541594
blumeria_graminis,decision_tree,3.449398715,4.074321127160603
blumeria_graminis,decision_tree,4.42140744,4.029432371869618
blumeria_graminis,decision_tree,3.680221,4.020422979924887
blumeria_graminis,decision_tree,3.736067207,4.020422979924887
blumeria_graminis,decision_tree,4.233890202,4.059056419857141
blumeria_graminis,decision_tree,5.645865214,3.7324529564693862
blumeria_graminis,decision_tree,3.914856434,3.6837502867068967
blumeria_graminis,decision_tree,3.309342994,3.6837502867068967
blumeria_graminis,decision_tree,3.132563743,3.8542081405714272
blumeria_graminis,decision_tree,3.314284363,4.020422979924887
blumeria_graminis,decision_tree,3.954499738,4.029432371869618
blumeria_graminis,decision_tree,2.939447818,4.074321127160603
blumeria_graminis,decision_tree,3.277083069,4.074321127160603
blumeria_graminis,decision_tree,4.407024808,4.202154700541594
blumeria_graminis,decision_tree,6.462666059,4.431018699477988
blumeria_graminis,decision_tree,6.27866152,4.074321127160603
blumeria_graminis,decision_tree,4.345764747,4.202154700541594
blumeria_graminis,decision_tree,3.139996195,4.059056419857141
blumeria_graminis,decision_tree,5.171766017,4.202154700541594
blumeria_graminis,decision_tree,4.055661641,4.029432371869618
blumeria_graminis,decision_tree,3.505944876,4.029432371869618
blumeria_graminis,decision_tree,3.303869395,4.020422979924887
blumeria_graminis,decision_tree,5.761093556,4.202154700541594
blumeria_graminis,decision_tree,3.424469094,4.074321127160603
blumeria_graminis,decision_tree,3.592222443,4.020422979924887
blumeria_graminis,decision_tree,4.731835723,4.020422979924887
blumeria_graminis,decision_tree,5.951877601,4.202154700541594
blumeria_graminis,decision_tree,4.739879741,4.029432371869618
blumeria_graminis,decision_tree,4.675856061,4.074321127160603
blumeria_graminis,decision_tree,2.804158176,4.202154700541594
blumeria_graminis,decision_tree,3.337396083,4.059056419857141
blumeria_graminis,decision_tree,5.377339574,3.74594052170588
blumeria_graminis,decision_tree,4.717434255,3.74594052170588
blumeria_graminis,decision_tree,4.079367259,3.74594052170588
blumeria_graminis,decision_tree,4.777049307,3.6837502867068967
blumeria_graminis,decision_tree,4.409615648,4.074321127160603
blumeria_graminis,decision_tree,4.93304891,4.029432371869618
blumeria_graminis,decision_tree,4.118544071,4.074321127160603
blumeria_graminis,decision_tree,4.71622497,4.426194256794595
blumeria_graminis,decision_tree,3.031923651,4.074321127160603
blumeria_graminis,decision_tree,3.831736869,4.029432371869618
blumeria_graminis,decision_tree,4.01794567,4.426194256794595
blumeria_graminis,decision_tree,3.840184727,4.029432371869618
blumeria_graminis,decision_tree,3.970041501,4.029432371869618
blumeria_graminis,decision_tree,4.109412736,4.202154700541594
blumeria_graminis,decision_tree,4.526617298,3.7186638825140186
blumeria_graminis,decision_tree,5.500806716,3.6837502867068967
blumeria_graminis,decision_tree,3.465675722,4.074321127160603
blumeria_graminis,decision_tree,3.350238434,4.059056419857141
blumeria_graminis,decision_tree,5.311917403,4.202154700541594
blumeria_graminis,decision_tree,6.046298011,4.426194256794595
blumeria_graminis,decision_tree,3.8828188,4.059056419857141
blumeria_graminis,decision_tree,5.550213465,3.74594052170588
blumeria_graminis,decision_tree,3.577912445,4.431018699477988
blumeria_graminis,decision_tree,3.875260667,3.7186638825140186
blumeria_graminis,decision_tree,3.439395028,3.7324529564693862
blumeria_graminis,decision_tree,3.463714469,3.8542081405714272
blumeria_graminis,decision_tree,3.676053063,4.020422979924887
blumeria_graminis,decision_tree,3.023053077,4.059056419857141
blumeria_graminis,decision_tree,3.705512582,4.029432371869618
blumeria_graminis,decision_tree,6.492195503,4.074321127160603
blumeria_graminis,decision_tree,3.900652406,4.074321127160603
blumeria_graminis,decision_tree,3.980031361,4.426194256794595
blumeria_graminis,decision_tree,2.363758168,4.029432371869618
blumeria_graminis,decision_tree,4.13764132,4.029432371869618
blumeria_graminis,decision_tree,4.255842967,4.074321127160603
blumeria_graminis,decision_tree,4.172107942,4.202154700541594
blumeria_graminis,decision_tree,5.003801249,4.074321127160603
blumeria_graminis,decision_tree,4.144007976,3.7186638825140186
blumeria_graminis,decision_tree,4.817876475,3.6837502867068967
blumeria_graminis,decision_tree,4.604081846,4.074321127160603
blumeria_graminis,decision_tree,4.182938065,3.7186638825140186
blumeria_graminis,decision_tree,4.087904741,4.431018699477988
blumeria_graminis,decision_tree,4.951483433,3.74594052170588
blumeria_graminis,decision_tree,4.038775542,4.020422979924887
blumeria_graminis,decision_tree,4.344543688,4.074321127160603
blumeria_graminis,decision_tree,3.117907827,4.202154700541594
blumeria_graminis,decision_tree,3.691132033,4.020422979924887
blumeria_graminis,decision_tree,5.946405794,4.020422979924887
blumeria_graminis,decision_tree,5.580476655,4.431018699477988
blumeria_graminis,decision_tree,3.811018503,4.426194256794595
blumeria_graminis,decision_tree,4.469634478,4.074321127160603
blumeria_graminis,decision_tree,3.260598705,4.074321127160603
blumeria_graminis,decision_tree,6.738081004,4.426194256794595
blumeria_graminis,decision_tree,5.273991438,4.020422979924887
blumeria_graminis,decision_tree,5.134796482,4.431018699477988
blumeria_graminis,decision_tree,5.341249653,4.020422979924887
blumeria_graminis,decision_tree,5.611389683,4.426194256794595
blumeria_graminis,decision_tree,4.663330017,4.431018699477988
blumeria_graminis,decision_tree,3.785479449,4.202154700541594
blumeria_graminis,decision_tree,6.151572524,4.020422979924887
blumeria_graminis,decision_tree,5.407008158,4.020422979924887
blumeria_graminis,decision_tree,5.652743525,4.202154700541594
blumeria_graminis,decision_tree,3.892962363,3.7324529564693862
blumeria_graminis,decision_tree,4.881089926,4.074321127160603
blumeria_graminis,decision_tree,4.385639631,4.074321127160603
blumeria_graminis,decision_tree,3.749660727,4.426194256794595
blumeria_graminis,decision_tree,4.581438856,4.029432371869618
blumeria_graminis,decision_tree,3.845938485,4.029432371869618
blumeria_graminis,decision_tree,4.030012579,4.029432371869618
blumeria_graminis,decision_tree,3.650255614,4.029432371869618
blumeria_graminis,decision_tree,5.641643936,4.074321127160603
blumeria_graminis,decision_tree,5.348934939,4.074321127160603
blumeria_graminis,decision_tree,5.227686383,4.059056419857141
blumeria_graminis,decision_tree,3.715270042,3.7186638825140186
blumeria_graminis,decision_tree,4.526383009,4.074321127160603
blumeria_graminis,decision_tree,3.439913788,4.059056419857141
blumeria_graminis,decision_tree,4.55612287,3.8542081405714272
blumeria_graminis,decision_tree,5.594145091,4.074321127160603
blumeria_graminis,decision_tree,2.957821288,4.074321127160603
blumeria_graminis,decision_tree,6.469365954,4.029432371869618
blumeria_graminis,decision_tree,3.746454486,4.029432371869618
blumeria_graminis,decision_tree,5.775658755,4.029432371869618
blumeria_graminis,decision_tree,4.839184537,3.175257872545454
blumeria_graminis,decision_tree,3.533469605,4.202154700541594
blumeria_graminis,decision_tree,3.980012624,4.202154700541594
blumeria_graminis,decision_tree,4.84687311,4.074321127160603
blumeria_graminis,decision_tree,2.563567656,4.4237510259583335
blumeria_graminis,decision_tree,2.660903612,4.202154700541594
blumeria_graminis,decision_tree,3.168452551,4.029432371869618
blumeria_graminis,decision_tree,3.757404726,4.020422979924887
blumeria_graminis,decision_tree,3.39893887,4.059056419857141
blumeria_graminis,decision_tree,3.306779363,4.202154700541594
blumeria_graminis,decision_tree,4.483502784,4.074321127160603
blumeria_graminis,decision_tree,3.880089506,4.431018699477988
heading_date,decision_tree,75.67916931,91.3947083580612
heading_date,decision_tree,75.29405435,76.79764400636526
heading_date,decision_tree,76.15450935,77.21528769495235
heading_date,decision_tree,78.74180339,76.77399928492956
heading_date,decision_tree,75.35020872,76.79764400636526
heading_date,decision_tree,75.02600135,77.21528769495235
heading_date,decision_tree,74.69349411,77.21528769495235
heading_date,decision_tree,74.32422301,77.21528769495235
heading_date,decision_tree,72.6810561,74.87969575818842
heading_date,decision_tree,79.32702336,133.48028257868856
heading_date,decision_tree,74.01429377,76.77399928492956
heading_date,decision_tree,75.10918952,91.3947083580612
heading_date,decision_tree,74.94637814,76.77399928492956
heading_date,decision_tree,75.4032268,76.79764400636526
heading_date,decision_tree,73.78958335,76.79764400636526
heading_date,decision_tree,72.73418788,72.74340702857144
heading_date,decision_tree,75.11893545,74.87969575818842
heading_date,decision_tree,73.10220177,74.87969575818842
heading_date,decision_tree,77.23696363,91.3947083580612
heading_date,decision_tree,75.96346417,74.87969575818842
heading_date,decision_tree,75.38643743,76.79764400636526
heading_date,decision_tree,76.65991366,76.79764400636526
heading_date,decision_tree,73.5852581,91.3947083580612
heading_date,decision_tree,73.00903639,76.77399928492956
heading_date,decision_tree,74.80874627,91.3947083580612
heading_date,decision_tree,75.13345237,77.21528769495235
heading_date,decision_tree,74.52581487,74.87969575818842
heading_date,decision_tree,74.60090386,76.79764400636526
heading_date,decision_tree,75.75141573,91.3947083580612
heading_date,decision_tree,73.53510243,77.21528769495235
heading_date,decision_tree,73.09571265,76.77399928492956
heading_date,decision_tree,74.35005069,76.77399928492956
heading_date,decision_tree,73.25311668,76.79764400636526
heading_date,decision_tree,74.96491833,77.21528769495235
heading_date,decision_tree,74.66385948,76.79764400636526
heading_date,decision_tree,76.72861862,76.79764400636526
heading_date,decision_tree,75.18036716,74.87969575818842
heading_date,decision_tree,75.9391834,74.87969575818842
heading_date,decision_tree,74.52030249,74.87969575818842
heading_date,decision_tree,74.27092162,76.77399928492956
heading_date,decision_tree,73.64991022,76.79764400636526
heading_date,decision_tree,75.30980072,91.3947083580612
heading_date,decision_tree,72.99722065,91.3947083580612
heading_date,decision_tree,74.02335325,91.3947083580612
heading_date,decision_tree,75.88067906,76.77399928492956
heading_date,decision_tree,73.08927607,74.87969575818842
heading_date,decision_tree,71.59574442,74.87969575818842
heading_date,decision_tree,73.74820576,76.79764400636526
heading_date,decision_tree,73.16066365,74.87969575818842
heading_date,decision_tree,74.05744508,76.77399928492956
heading_date,decision_tree,75.75463446,74.87969575818842
heading_date,decision_tree,76.22230961,76.77399928492956
heading_date,decision_tree,72.57108914,76.79764400636526
heading_date,decision_tree,75.43364166,74.87969575818842
heading_date,decision_tree,74.42938267,76.77399928492956
heading_date,decision_tree,74.32418062,77.21528769495235
heading_date,decision_tree,73.80976625,76.77399928492956
heading_date,decision_tree,74.65786618,96.34505608571428
heading_date,decision_tree,75.36658952,76.77399928492956
heading_date,decision_tree,75.13578424,76.77399928492956
heading_date,decision_tree,75.04116906,77.21528769495235
heading_date,decision_tree,75.71106568,91.3947083580612
heading_date,decision_tree,75.58610618,77.21528769495235
heading_date,decision_tree,74.08581651,76.77399928492956
heading_date,decision_tree,72.35424717,76.79764400636526
heading_date,decision_tree,74.57644518,77.21528769495235
heading_date,decision_tree,75.25810132,76.77399928492956
heading_date,decision_tree,75.17774582,76.77399928492956
heading_date,decision_tree,75.85870722,91.3947083580612
heading_date,decision_tree,74.22923613,91.3947083580612
heading_date,decision_tree,73.70079766,76.77399928492956
heading_date,decision_tree,73.58132839,77.21528769495235
heading_date,decision_tree,75.16020615,77.21528769495235
heading_date,decision_tree,71.97539302,91.3947083580612
heading_date,decision_tree,75.1642079,72.74340702857144
heading_date,decision_tree,74.98726692,91.3947083580612
heading_date,decision_tree,75.77679606,76.77399928492956
heading_date,decision_tree,74.33197782,77.21528769495235
heading_date,decision_tree,73.90186089,76.77399928492956
heading_date,decision_tree,73.92699353,91.3947083580612
heading_date,decision_tree,74.81343126,76.79764400636526
heading_date,decision_tree,72.71326872,77.21528769495235
heading_date,decision_tree,76.0409586,77.21528769495235
heading_date,decision_tree,75.08983042,76.77399928492956
heading_date,decision_tree,76.1960331,77.21528769495235
heading_date,decision_tree,77.44673833,76.79764400636526
heading_date,decision_tree,74.9930519,76.77399928492956
heading_date,decision_tree,75.92181628,76.79764400636526
heading_date,decision_tree,75.94611088,76.77399928492956
heading_date,decision_tree,73.88439348,91.3947083580612
heading_date,decision_tree,76.83170901,74.29135538407405
heading_date,decision_tree,75.08141948,76.79764400636526
heading_date,decision_tree,74.06711509,77.21528769495235
heading_date,decision_tree,76.12021396,91.3947083580612
heading_date,decision_tree,72.41689945,77.21528769495235
heading_date,decision_tree,76.58638152,76.79764400636526
heading_date,decision_tree,72.60844048,76.77399928492956
heading_date,decision_tree,74.3730758,77.21528769495235
heading_date,decision_tree,73.13103335,76.79764400636526
heading_date,decision_tree,76.58618595,91.3947083580612
heading_date,decision_tree,75.23716387,76.77399928492956
heading_date,decision_tree,75.86126429,76.77399928492956
heading_date,decision_tree,76.11249358,74.87969575818842
heading_date,decision_tree,75.55148283,74.87969575818842
heading_date,decision_tree,75.71551632,77.21528769495235
heading_date,decision_tree,75.21772616,74.87969575818842
heading_date,decision_tree,75.16248262,77.21528769495235
heading_date,decision_tree,74.82156949,76.77399928492956
heading_date,decision_tree,73.91778997,72.74340702857144
heading_date,decision_tree,72.52733191,76.77399928492956
heading_date,decision_tree,74.35037983,77.21528769495235
heading_date,decision_tree,75.11641679,74.87969575818842
heading_date,decision_tree,73.7740987,76.79764400636526
heading_date,decision_tree,74.03305159,76.77399928492956
heading_date,decision_tree,75.72395776,91.3947083580612
heading_date,decision_tree,72.55620236,74.87969575818842
heading_date,decision_tree,73.76532309,91.3947083580612
heading_date,decision_tree,74.88633875,91.3947083580612
heading_date,decision_tree,74.46048551,77.21528769495235
heading_date,decision_tree,74.02121369,74.87969575818842
heading_date,decision_tree,74.34277488,77.21528769495235
heading_date,decision_tree,76.05605801,76.79764400636526
heading_date,decision_tree,75.09481433,74.87969575818842
heading_date,decision_tree,74.67341088,74.87969575818842
heading_date,decision_tree,75.70398307,74.87969575818842
heading_date,decision_tree,73.96729083,91.3947083580612
heading_date,decision_tree,73.05731399,91.3947083580612
heading_date,decision_tree,73.07685103,74.87969575818842
heading_date,decision_tree,133.0219709,135.99053706896552
heading_date,decision_tree,134.9013462,133.4223757995834
heading_date,decision_tree,136.1465929,133.4223757995834
heading_date,decision_tree,132.9253747,130.93021469177515
heading_date,decision_tree,136.7376634,130.93021469177515
heading_date,decision_tree,136.0725179,130.93021469177515
heading_date,decision_tree,136.903772,133.4223757995834
heading_date,decision_tree,134.3494122,133.48028257868856
heading_date,decision_tree,133.8387036,135.99053706896552
heading_date,decision_tree,136.2058824,133.48028257868856
heading_date,decision_tree,136.0230069,135.99053706896552
heading_date,decision_tree,134.2329673,120.59796882999999
heading_date,decision_tree,137.991287,130.93021469177515
heading_date,decision_tree,135.1382179,135.99053706896552
heading_date,decision_tree,136.3559203,135.64821460809247
heading_date,decision_tree,135.0799603,135.64821460809247
heading_date,decision_tree,137.1742865,133.48028257868856
heading_date,decision_tree,135.9205646,133.48028257868856
heading_date,decision_tree,131.9034001,135.64821460809247
heading_date,decision_tree,140.6794111,135.64821460809247
heading_date,decision_tree,135.6492299,130.93021469177515
heading_date,decision_tree,135.7561817,135.64821460809247
heading_date,decision_tree,132.583591,135.64821460809247
heading_date,decision_tree,133.9694768,135.64821460809247
heading_date,decision_tree,135.4305068,135.64821460809247
heading_date,decision_tree,137.9388582,127.13219402597014
heading_date,decision_tree,133.2323751,135.64821460809247
heading_date,decision_tree,140.0069685,133.48028257868856
heading_date,decision_tree,137.4899617,106.21298844898305
heading_date,decision_tree,133.4797268,135.64821460809247
heading_date,decision_tree,135.8185389,135.99053706896552
heading_date,decision_tree,139.2384612,133.4223757995834
heading_date,decision_tree,135.5115719,135.64821460809247
heading_date,decision_tree,133.0887701,133.4223757995834
heading_date,decision_tree,133.5292959,135.64821460809247
heading_date,decision_tree,134.4272701,130.93021469177515
heading_date,decision_tree,137.0681871,127.13219402597014
heading_date,decision_tree,135.753503,133.48028257868856
heading_date,decision_tree,135.7930556,133.4223757995834
heading_date,decision_tree,136.4586786,130.93021469177515
heading_date,decision_tree,134.5776597,135.99053706896552
heading_date,decision_tree,137.5169901,91.3947083580612
heading_date,decision_tree,137.0498982,133.4223757995834
heading_date,decision_tree,133.4969524,135.64821460809247
heading_date,decision_tree,135.0756661,130.93021469177515
heading_date,decision_tree,134.5265713,127.13219402597014
heading_date,decision_tree,135.2396962,135.99053706896552
heading_date,decision_tree,131.777985,135.64821460809247
heading_date,decision_tree,134.4633636,130.93021469177515
heading_date,decision_tree,133.4749321,133.48028257868856
heading_date,decision_tree,133.367927,135.99053706896552
heading_date,decision_tree,132.9269191,130.93021469177515
heading_date,decision_tree,134.0146375,135.64821460809247
heading_date,decision_tree,131.6049891,130.93021469177515
heading_date,decision_tree,133.6938462,133.48028257868856
heading_date,decision_tree,132.8776968,135.64821460809247
heading_date,decision_tree,138.0828644,76.77399928492956
heading_date,decision_tree,135.1415918,130.93021469177515
heading_date,decision_tree,137.1118155,135.64821460809247
heading_date,decision_tree,137.6541025,133.4223757995834
heading_date,decision_tree,135.9369659,130.93021469177515
heading_date,decision_tree,134.7790973,133.4223757995834
heading_date,decision_tree,135.9727168,135.64821460809247
heading_date,decision_tree,137.1700398,135.64821460809247
heading_date,decision_tree,136.8322641,106.21298844898305
heading_date,decision_tree,135.2412176,130.93021469177515
heading_date,decision_tree,136.8133036,130.56384221333332
heading_date,decision_tree,136.7705731,135.64821460809247
heading_date,decision_tree,134.1099746,133.48028257868856
heading_date,decision_tree,132.9515832,135.64821460809247
heading_date,decision_tree,134.9710516,135.99053706896552
heading_date,decision_tree,133.9659042,135.99053706896552
heading_date,decision_tree,137.4441804,133.4223757995834
heading_date,decision_tree,133.8969129,133.4223757995834
heading_date,decision_tree,133.3137514,135.64821460809247
heading_date,decision_tree,134.5876808,130.93021469177515
heading_date,decision_tree,134.7944269,133.48028257868856
heading_date,decision_tree,136.5346921,133.4223757995834
heading_date,decision_tree,138.5780371,133.4223757995834
heading_date,decision_tree,134.4786529,135.64821460809247
heading_date,decision_tree,134.558552,135.99053706896552
heading_date,decision_tree,138.0511128,135.99053706896552
heading_date,decision_tree,133.2394328,135.99053706896552
heading_date,decision_tree,137.6547702,133.48028257868856
heading_date,decision_tree,137.7144331,130.93021469177515
heading_date,decision_tree,133.3896039,133.48028257868856
heading_date,decision_tree,135.8131638,127.13219402597014
heading_date,decision_tree,134.969904,133.48028257868856
heading_date,decision_tree,137.3768367,133.4223757995834
heading_date,decision_tree,133.9752213,133.4223757995834
heading_date,decision_tree,137.6601493,135.99053706896552
heading_date,decision_tree,136.5705359,133.4223757995834
heading_date,decision_tree,137.6351966,135.99053706896552
heading_date,decision_tree,134.8303287,133.48028257868856
heading_date,decision_tree,136.3882918,130.93021469177515
heading_date,decision_tree,135.350966,133.48028257868856
heading_date,decision_tree,132.8974047,133.4223757995834
heading_date,decision_tree,136.8465646,135.64821460809247
heading_date,decision_tree,135.8784814,135.64821460809247
heading_date,decision_tree,136.9299785,133.48028257868856
heading_date,decision_tree,137.3841104,130.93021469177515
heading_date,decision_tree,136.9740398,135.64821460809247
heading_date,decision_tree,134.7245815,133.4223757995834
heading_date,decision_tree,134.2586032,135.99053706896552
heading_date,decision_tree,135.1528062,133.4223757995834
heading_date,decision_tree,135.6971826,133.4223757995834
heading_date,decision_tree,135.2127783,130.93021469177515
heading_date,decision_tree,134.4294672,133.48028257868856
heading_date,decision_tree,134.7693113,130.93021469177515
heading_date,decision_tree,135.8459618,135.99053706896552
heading_date,decision_tree,133.4322078,133.48028257868856
heading_date,decision_tree,134.0834126,77.21528769495235
heading_date,decision_tree,138.9198469,133.4223757995834
heading_date,decision_tree,136.6915265,133.4223757995834
heading_date,decision_tree,136.8366907,133.4223757995834
heading_date,decision_tree,135.0377264,120.59796882999999
heading_date,decision_tree,137.0851979,133.48028257868856
heading_date,decision_tree,135.2575871,135.64821460809247
heading_date,decision_tree,134.2863357,135.64821460809247
heading_date,decision_tree,136.7068569,135.99053706896552
heading_date,decision_tree,133.3652813,133.48028257868856
heading_date,decision_tree,135.1702797,133.48028257868856
heading_date,decision_tree,137.4954138,133.48028257868856
heading_date,decision_tree,134.9085803,91.3947083580612
heading_date,decision_tree,133.9943849,133.4223757995834
heading_date,decision_tree,133.2717786,135.64821460809247
heading_date,decision_tree,137.6519396,133.48028257868856
heading_date,decision_tree,132.8097401,135.64821460809247
heading_date,decision_tree,136.0490954,135.99053706896552
heading_date,decision_tree,137.2875868,130.93021469177515
heading_date,decision_tree,134.4081749,133.4223757995834
heading_date,decision_tree,137.7029616,133.48028257868856
heading_date,decision_tree,133.7246545,133.48028257868856
heading_date,decision_tree,134.7778105,133.48028257868856
heading_date,decision_tree,135.6756687,135.64821460809247
heading_date,decision_tree,135.4103712,135.64821460809247
heading_date,decision_tree,133.1164445,91.3947083580612
heading_date,decision_tree,133.9098585,135.99053706896552
heading_date,decision_tree,132.5767523,133.48028257868856
heading_date,decision_tree,136.9376694,133.4223757995834
heading_date,decision_tree,136.5193347,135.64821460809247
heading_date,decision_tree,134.4355115,133.4223757995834
heading_date,decision_tree,136.5909431,135.99053706896552
heading_date,decision_tree,136.6953807,130.93021469177515
heading_date,decision_tree,136.6904744,130.93021469177515
heading_date,decision_tree,135.4367871,135.99053706896552
heading_date,decision_tree,135.6411631,130.93021469177515
heading_date,decision_tree,136.621046,135.99053706896552
heading_date,decision_tree,135.5813673,133.4223757995834
heading_date,decision_tree,135.2475413,135.99053706896552
heading_date,decision_tree,135.8789302,130.93021469177515
heading_date,decision_tree,137.4948795,135.64821460809247
heading_date,decision_tree,133.2937355,133.48028257868856
heading_date,decision_tree,135.9623029,133.48028257868856
heading_date,decision_tree,134.5887208,133.4223757995834
heading_date,decision_tree,132.5680096,130.56384221333332
heading_date,decision_tree,135.5547842,130.93021469177515
heading_date,decision_tree,133.238328,133.48028257868856
heading_date,decision_tree,134.7381612,135.99053706896552
heading_date,decision_tree,135.2919834,135.64821460809247
heading_date,decision_tree,138.7615454,133.4223757995834
heading_date,decision_tree,134.0676652,120.59796882999999
heading_date,decision_tree,137.5420887,133.48028257868856
heading_date,decision_tree,130.4657158,127.13219402597014
heading_date,decision_tree,131.671828,134.51608981333334
heading_date,decision_tree,133.8293377,135.64821460809247
heading_date,decision_tree,138.18741,133.48028257868856
heading_date,decision_tree,138.4685061,133.4223757995834
heading_date,decision_tree,135.4182353,135.99053706896552
heading_date,decision_tree,132.6351968,135.64821460809247
heading_date,decision_tree,65.80483587,82.32417267920292
heading_date,decision_tree,67.99335074,82.32417267920292
heading_date,decision_tree,66.34102396,69.98724752666666
heading_date,decision_tree,68.92989212,72.00708233447367
heading_date,decision_tree,67.27478923,86.33127041999998
heading_date,decision_tree,71.70182585,74.87969575818842
heading_date,decision_tree,73.9339786,90.62489971068179
heading_date,decision_tree,70.56032842,69.39551959444447
heading_date,decision_tree,66.13391866,89.36179508361582
heading_date,decision_tree,66.6308974,89.36179508361582
heading_date,decision_tree,65.64868539,69.83630311412702
heading_date,decision_tree,72.00056619,89.36179508361582
heading_date,decision_tree,69.20584669,89.36179508361582
heading_date,decision_tree,65.46986244,69.73031872466666
heading_date,decision_tree,73.34465507,77.21528769495235
heading_date,decision_tree,74.61072714,74.87969575818842
heading_date,decision_tree,70.54568289,77.21528769495235
heading_date,decision_tree,69.3251707,73.60452188901095
heading_date,decision_tree,72.59908247,91.3947083580612
heading_date,decision_tree,68.43493141,76.79764400636526
heading_date,decision_tree,70.13052349,69.83630311412702
heading_date,decision_tree,69.27305296,71.52774848559324
heading_date,decision_tree,70.60288008,72.00708233447367
heading_date,decision_tree,70.45455858,89.36179508361582
heading_date,decision_tree,70.32061905,74.87969575818842
heading_date,decision_tree,74.55627336,69.83630311412702
heading_date,decision_tree,69.66066513,69.73031872466666
heading_date,decision_tree,73.17262525,73.3740588222535
heading_date,decision_tree,70.21243008,69.56776191233332
heading_date,decision_tree,71.80141332,68.44974008555556
heading_date,decision_tree,71.97025614,71.52774848559324
heading_date,decision_tree,75.45236549,89.36179508361582
heading_date,decision_tree,77.30227709,100.9709416404082
heading_date,decision_tree,74.5216702,69.83630311412702
heading_date,decision_tree,70.50972665,71.52774848559324
heading_date,decision_tree,64.84513695,94.40668708
heading_date,decision_tree,74.57133721,131.46123790000001
heading_date,decision_tree,66.90897709,107.25140205375
heading_date,decision_tree,67.30300987,94.40668708
heading_date,decision_tree,65.80627173,76.79764400636526
heading_date,decision_tree,66.94256104,91.3947083580612
heading_date,decision_tree,71.02360101,73.60452188901095
heading_date,decision_tree,75.26806721,91.3947083580612
heading_date,decision_tree,65.94060762,74.87969575818842
heading_date,decision_tree,67.28218471,69.83630311412702
heading_date,decision_tree,66.13197454,73.60452188901095
heading_date,decision_tree,73.89873854,86.54352525612906
heading_date,decision_tree,72.16237461,73.3740588222535
heading_date,decision_tree,78.18746362,95.02948177466665
heading_date,decision_tree,66.92302977,133.4223757995834
heading_date,decision_tree,65.7458736,91.07884844123379
heading_date,decision_tree,69.31481322,118.73507237874999
heading_date,decision_tree,63.7916767,100.75342249199998
heading_date,decision_tree,75.48986964,89.36179508361582
heading_date,decision_tree,67.94195682,69.39551959444447
heading_date,decision_tree,76.16601095,68.31476306729729
heading_date,decision_tree,69.5881565,89.36179508361582
heading_date,decision_tree,69.37799717,122.58080657243902
heading_date,decision_tree,68.86964375,132.68484503333332
heading_date,decision_tree,69.26810828,89.36179508361582
heading_date,decision_tree,71.67877714,100.9709416404082
heading_date,decision_tree,74.67537548,99.953749149
heading_date,decision_tree,65.56403994,132.68484503333332
heading_date,decision_tree,72.2204256,82.32417267920292
heading_date,decision_tree,73.74644535,89.36179508361582
heading_date,decision_tree,72.58852546,108.285760554
heading_date,decision_tree,70.48045292,73.3740588222535
heading_date,decision_tree,67.47003236,94.40668708
heading_date,decision_tree,68.34424418,91.3947083580612
heading_date,decision_tree,70.88705845,77.21528769495235
heading_date,decision_tree,65.16802566,91.3947083580612
heading_date,decision_tree,71.48402054,74.87969575818842
heading_date,decision_tree,71.25980554,89.36179508361582
heading_date,decision_tree,72.88600289,77.21528769495235
heading_date,decision_tree,69.19923325,93.187784895
heading_date,decision_tree,72.48344516,73.60452188901095
heading_date,decision_tree,65.27963284,91.07884844123379
heading_date,decision_tree,70.16911615,108.285760554
heading_date,decision_tree,67.5617562,73.60452188901095
heading_date,decision_tree,68.11919304,69.83630311412702
heading_date,decision_tree,75.5047331,76.79764400636526
heading_date,decision_tree,66.18211032,75.44495018829788
heading_date,decision_tree,66.49480747,68.44974008555556
heading_date,decision_tree,71.21513779,106.21298844898305
heading_date,decision_tree,70.97716018,91.3947083580612
heading_date,decision_tree,71.07285001,91.3947083580612
heading_date,decision_tree,69.68894246,76.79764400636526
heading_date,decision_tree,68.52389578,76.79764400636526
heading_date,decision_tree,74.74759693,133.4223757995834
heading_date,decision_tree,78.26296807,76.79764400636526
heading_date,decision_tree,75.48535816,77.21528769495235
heading_date,decision_tree,71.29569348,89.36179508361582
heading_date,decision_tree,64.96164625,69.83630311412702
heading_date,decision_tree,69.41099454,73.60452188901095
heading_date,decision_tree,70.24288346,76.79764400636526
heading_date,decision_tree,68.63507333,69.98724752666666
heading_date,decision_tree,71.77422188,101.57347848057141
heading_date,decision_tree,73.25910454,91.3947083580612
heading_date,decision_tree,70.48754829,91.3947083580612
heading_date,decision_tree,72.49846683,76.79764400636526
heading_date,decision_tree,71.42897318,77.21528769495235
heading_date,decision_tree,73.90681593,74.87969575818842
heading_date,decision_tree,75.0763434,74.87969575818842
heading_date,decision_tree,73.29046622,76.79764400636526
heading_date,decision_tree,72.84834209,76.79764400636526
heading_date,decision_tree,73.03059289,91.07884844123379
heading_date,decision_tree,74.81303221,106.21298844898305
heading_date,decision_tree,69.87624574,71.52774848559324
heading_date,decision_tree,70.01806104,76.79764400636526
heading_date,decision_tree,71.33815823,91.07884844123379
heading_date,decision_tree,70.5636743,74.29135538407405
heading_date,decision_tree,73.89859722,135.99053706896552
heading_date,decision_tree,66.45445872,100.9709416404082
heading_date,decision_tree,64.34095747,68.44974008555556
heading_date,decision_tree,74.15193902,74.29135538407405
heading_date,decision_tree,66.90326977,106.21298844898305
heading_date,decision_tree,78.19537158,93.187784895
heading_date,decision_tree,73.02781027,93.187784895
heading_date,decision_tree,72.96219599,74.29135538407405
heading_date,decision_tree,80.18677465,91.3947083580612
heading_date,decision_tree,70.20291568,104.84760400166665
heading_date,decision_tree,68.99896855,98.522290946
heading_date,decision_tree,68.80222537,69.83630311412702
heading_date,decision_tree,72.06416894,74.87969575818842
heading_date,decision_tree,69.64686076,108.285760554
heading_date,decision_tree,67.43635668,69.83630311412702
heading_date,decision_tree,69.74451908,69.83630311412702
heading_date,decision_tree,70.11836606,69.83630311412702
heading_date,decision_tree,73.05881477,74.29135538407405
heading_date,decision_tree,71.47835468,86.54352525612906
heading_date,decision_tree,68.28504321,89.36179508361582
heading_date,decision_tree,74.02237023,69.83630311412702
heading_date,decision_tree,69.77775012,82.32417267920292
heading_date,decision_tree,70.25188418,69.56776191233332
heading_date,decision_tree,67.52991314,77.21528769495235
heading_date,decision_tree,66.17220103,68.44974008555556
heading_date,decision_tree,66.76791783,74.29135538407405
heading_date,decision_tree,73.62141608,89.36179508361582
heading_date,decision_tree,76.34517081,89.36179508361582
heading_date,decision_tree,72.94854897,73.3740588222535
heading_date,decision_tree,65.85205183,74.87969575818842
heading_date,decision_tree,71.71104647,98.64288132052631
heading_date,decision_tree,70.99697782,74.29135538407405
heading_date,decision_tree,70.45273437,105.58312923600002
heading_date,decision_tree,74.39071969,86.54352525612906
heading_date,decision_tree,66.85864453,74.87969575818842
heading_date,decision_tree,64.71684734,86.23172350913042
heading_date,decision_tree,70.62405409,77.21528769495235
heading_date,decision_tree,73.86051066,70.676322973
heading_date,decision_tree,73.08667753,100.75342249199998
heading_date,decision_tree,66.88384025,89.36179508361582
heading_date,decision_tree,66.86742594,68.44974008555556
heading_date,decision_tree,69.41512041,70.676322973
heading_date,decision_tree,66.16265597,106.21298844898305
heading_date,decision_tree,70.69853541,74.87969575818842
heading_date,decision_tree,72.56203757,69.83630311412702
heading_date,decision_tree,67.34999015,86.23172350913042
heading_date,decision_tree,70.07040908,76.79764400636526
heading_date,decision_tree,69.937545,108.285760554
heading_date,decision_tree,65.84904188,77.99600287
heading_date,decision_tree,67.2799696,69.83630311412702
heading_date,decision_tree,70.11400845,73.60452188901095
heading_date,decision_tree,63.84659883,100.9709416404082
heading_date,decision_tree,69.25919539,100.9709416404082
heading_date,decision_tree,71.25587222,89.36179508361582
heading_date,decision_tree,69.22726685,83.270976832
heading_date,decision_tree,70.60567069,89.36179508361582
heading_date,decision_tree,72.15576955,77.21528769495235
heading_date,decision_tree,75.47829556,100.9709416404082
heading_date,decision_tree,69.02323276,82.32417267920292
heading_date,decision_tree,68.90974081,74.29135538407405
heading_date,decision_tree,75.69213077,91.07884844123379
heading_date,decision_tree,66.02107783,74.87969575818842
heading_date,decision_tree,73.40545811,75.44495018829788
heading_date,decision_tree,76.11240967,100.9709416404082
heading_date,decision_tree,71.16120997,70.676322973
heading_date,decision_tree,70.77944106,133.4223757995834
heading_date,decision_tree,69.63841101,83.2279111207143
heading_date,decision_tree,66.8033324,74.87969575818842
heading_date,decision_tree,76.24116334,135.99053706896552
heading_date,decision_tree,65.3672869,89.36179508361582
heading_date,decision_tree,70.58184502,82.31066123999999
heading_date,decision_tree,70.06940976,74.87969575818842
heading_date,decision_tree,68.80476808,89.36179508361582
heading_date,decision_tree,69.03168267,69.83630311412702
heading_date,decision_tree,65.91869265,69.98724752666666
heading_date,decision_tree,68.04330573,76.79764400636526
heading_date,decision_tree,70.20751618,86.23172350913042
heading_date,decision_tree,69.44380651,89.36179508361582
heading_date,decision_tree,66.75509277,91.3947083580612
heading_date,decision_tree,66.35955136,118.73507237874999
heading_date,decision_tree,70.38516689,73.3740588222535
heading_date,decision_tree,71.89335576,86.54352525612906
heading_date,decision_tree,71.12237666,74.29135538407405
heading_date,decision_tree,66.84042767,73.60452188901095
heading_date,decision_tree,71.34862675,68.44974008555556
heading_date,decision_tree,76.04175339,74.29135538407405
heading_date,decision_tree,72.31816082,91.3947083580612
heading_date,decision_tree,70.9479367,100.9709416404082
heading_date,decision_tree,70.8148652,77.21528769495235
heading_date,decision_tree,70.98241149,70.676322973
heading_date,decision_tree,65.64308604,74.29135538407405
heading_date,decision_tree,72.47605013,69.7702691709091
heading_date,decision_tree,73.37557025,82.31066123999999
heading_date,decision_tree,70.78020229,100.9709416404082
heading_date,decision_tree,74.97162863,73.3740588222535
heading_date,decision_tree,70.72763568,71.52774848559324
heading_date,decision_tree,66.59723738,75.44495018829788
heading_date,decision_tree,68.41493803,77.21528769495235
heading_date,decision_tree,73.15376871,77.21528769495235
heading_date,decision_tree,73.71375899,76.79764400636526
heading_date,decision_tree,67.72264716,105.58312923600002
heading_date,decision_tree,72.49313335,76.79764400636526
heading_date,decision_tree,75.15278351,91.07884844123379
heading_date,decision_tree,70.35854659,91.3947083580612
heading_date,decision_tree,72.10827256,77.21528769495235
heading_date,decision_tree,70.95737641,106.21298844898305
heading_date,decision_tree,68.69884136,74.87969575818842
heading_date,decision_tree,73.29227928,91.3947083580612
heading_date,decision_tree,70.50191917,135.64821460809247
heading_date,decision_tree,75.51062035,91.3947083580612
heading_date,decision_tree,76.01535063,89.36179508361582
heading_date,decision_tree,74.96161981,100.9709416404082
heading_date,decision_tree,65.95291119,73.48645831833333
heading_date,decision_tree,71.47202269,133.48028257868856
heading_date,decision_tree,75.88829881,76.77399928492956
heading_date,decision_tree,68.99770678,100.9709416404082
heading_date,decision_tree,72.41193951,68.44974008555556
heading_date,decision_tree,76.13441076,77.21528769495235
heading_date,decision_tree,66.32248551,89.36179508361582
heading_date,decision_tree,71.65864155,77.99600287
heading_date,decision_tree,71.0872356,68.44974008555556
heading_date,decision_tree,67.98054011,122.58080657243902
heading_date,decision_tree,68.45763256,71.52774848559324
heading_date,decision_tree,68.74370561,89.36179508361582
heading_date,decision_tree,73.661783,77.21528769495235
heading_date,decision_tree,72.47748564,71.52774848559324
heading_date,decision_tree,69.17359096,68.44974008555556
heading_date,decision_tree,70.52540696,89.36179508361582
heading_date,decision_tree,69.57811645,111.11455096111112
heading_date,decision_tree,74.06753412,76.77399928492956
heading_date,decision_tree,76.08233525,77.21528769495235
heading_date,decision_tree,66.89485452,73.60452188901095
heading_date,decision_tree,66.47290116,82.32417267920292
heading_date,decision_tree,66.10037516,89.36179508361582
heading_date,decision_tree,71.24383736,123.01609117671873
heading_date,decision_tree,73.73619032,69.73031872466666
heading_date,decision_tree,69.09121195,69.98724752666666
heading_date,decision_tree,74.84314052,76.79764400636526
heading_date,decision_tree,73.84519396,91.3947083580612
heading_date,decision_tree,66.93723576,71.52774848559324
heading_date,decision_tree,74.58257326,76.77399928492956
heading_date,decision_tree,74.44195046,74.87969575818842
heading_date,decision_tree,73.30522901,77.21528769495235
heading_date,decision_tree,75.49738119,77.21528769495235
heading_date,decision_tree,66.43667858,115.28314102
heading_date,decision_tree,68.85407314,127.13219402597014
heading_date,decision_tree,65.51496639,100.9709416404082
heading_date,decision_tree,65.23113022,73.60452188901095
heading_date,decision_tree,75.19488328,122.58080657243902
heading_date,decision_tree,68.65996046,89.36179508361582
heading_date,decision_tree,69.32183845,69.56776191233332
heading_date,decision_tree,71.47390865,99.953749149
heading_date,decision_tree,63.60653189,74.29135538407405
heading_date,decision_tree,71.6814977,100.9709416404082
heading_date,decision_tree,75.47961513,76.79764400636526
heading_date,decision_tree,71.49905543,76.79764400636526
heading_date,decision_tree,68.40154143,105.58312923600002
heading_date,decision_tree,71.47454821,89.36179508361582
heading_date,decision_tree,75.41440662,91.3947083580612
heading_date,decision_tree,73.53232282,123.01609117671873
heading_date,decision_tree,73.38787846,74.87969575818842
heading_date,decision_tree,71.14925478,69.56776191233332
heading_date,decision_tree,65.95455457,74.87969575818842
heading_date,decision_tree,72.88953837,123.01609117671873
heading_date,decision_tree,76.44161435,76.79764400636526
heading_date,decision_tree,70.27463073,76.79764400636526
heading_date,decision_tree,72.2394546,108.285760554
heading_date,decision_tree,70.41476261,91.3947083580612
heading_date,decision_tree,73.88433532,76.79764400636526
heading_date,decision_tree,70.40496905,70.676322973
heading_date,decision_tree,73.84329904,91.07884844123379
heading_date,decision_tree,73.32306067,91.3947083580612
heading_date,decision_tree,77.88167969,89.36179508361582
heading_date,decision_tree,75.36142987,89.36179508361582
heading_date,decision_tree,67.1766843,86.54352525612906
heading_date,decision_tree,72.68712084,77.21528769495235
heading_date,decision_tree,72.24724216,77.21528769495235
heading_date,decision_tree,69.86431728,68.31476306729729
heading_date,decision_tree,71.59961536,77.21528769495235
heading_date,decision_tree,72.12272676,89.36179508361582
heading_date,decision_tree,71.39521691,123.01609117671873
heading_date,decision_tree,72.92330733,77.21528769495235
heading_date,decision_tree,64.77806944,77.21528769495235
heading_date,decision_tree,70.2972185,104.84760400166665
heading_date,decision_tree,73.18887687,77.21528769495235
heading_date,decision_tree,66.03170016,82.32417267920292
heading_date,decision_tree,66.57897461,70.676322973
heading_date,decision_tree,68.03193931,106.21298844898305
heading_date,decision_tree,66.00954055,77.21528769495235
heading_date,decision_tree,72.67306315,91.3947083580612
heading_date,decision_tree,69.92228344,89.36179508361582
heading_date,decision_tree,68.72075796,76.79764400636526
heading_date,decision_tree,77.22752805,77.21528769495235
heading_date,decision_tree,65.63955967,73.48645831833333
heading_date,decision_tree,68.09084766,73.3740588222535
heading_date,decision_tree,74.34608236,76.77399928492956
heading_date,decision_tree,73.87774779,77.21528769495235
heading_date,decision_tree,68.85229399,74.87969575818842
heading_date,decision_tree,74.64033401,76.79764400636526
heading_date,decision_tree,75.31887766,98.522290946
heading_date,decision_tree,75.86668472,73.3740588222535
heading_date,decision_tree,72.93319662,72.00708233447367
heading_date,decision_tree,66.66699329,127.13219402597014
heading_date,decision_tree,67.97779268,75.44495018829788
heading_date,decision_tree,70.1364937,106.21298844898305
heading_date,decision_tree,76.57938336,71.41393938083333
heading_date,decision_tree,70.55262868,101.57347848057141
heading_date,decision_tree,71.1110076,77.21528769495235
heading_date,decision_tree,74.83589779,77.21528769495235
heading_date,decision_tree,76.51973791,86.54352525612906
heading_date,decision_tree,76.29784896,76.79764400636526
heading_date,decision_tree,70.74393525,89.36179508361582
heading_date,decision_tree,68.13099532,69.83630311412702
heading_date,decision_tree,68.12169332,91.3947083580612
heading_date,decision_tree,73.10569573,105.03637686333333
heading_date,decision_tree,71.86954572,76.79764400636526
heading_date,decision_tree,77.05671031,73.3740588222535
heading_date,decision_tree,75.28967282,77.21528769495235
heading_date,decision_tree,69.90700066,75.44495018829788
heading_date,decision_tree,76.88103588,82.31066123999999
heading_date,decision_tree,74.08328467,89.36179508361582
heading_date,decision_tree,68.89564055,89.36179508361582
heading_date,decision_tree,73.56021564,89.36179508361582
heading_date,decision_tree,73.5808855,73.60452188901095
heading_date,decision_tree,70.31119991,91.3947083580612
heading_date,decision_tree,72.16224226,101.57347848057141
heading_date,decision_tree,72.05557631,91.07884844123379
heading_date,decision_tree,71.32553595,130.93021469177515
heading_date,decision_tree,77.70641607,76.79764400636526
heading_date,decision_tree,73.47383902,73.3740588222535
heading_date,decision_tree,73.60813506,76.79764400636526
heading_date,decision_tree,67.08958845,74.87969575818842
heading_date,decision_tree,74.77027119,76.79764400636526
heading_date,decision_tree,75.32193801,73.60452188901095
heading_date,decision_tree,73.43810176,91.3947083580612
heading_date,decision_tree,71.45203421,77.21528769495235
heading_date,decision_tree,71.56721859,76.79764400636526
heading_date,decision_tree,73.05006146,76.79764400636526
heading_date,decision_tree,73.23809874,73.60452188901095
heading_date,decision_tree,70.7905393,76.79764400636526
heading_date,decision_tree,74.96498688,71.52774848559324
heading_date,decision_tree,74.45265722,95.02948177466665
heading_date,decision_tree,77.83211711,91.07884844123379
heading_date,decision_tree,70.25976192,89.36179508361582
heading_date,decision_tree,72.59543156,91.07884844123379
heading_date,decision_tree,69.87004508,73.60452188901095
heading_date,decision_tree,67.35990526,68.31476306729729
heading_date,decision_tree,70.53892868,74.87969575818842
heading_date,decision_tree,69.65381816,95.02948177466665
heading_date,decision_tree,64.79137899,74.87969575818842
heading_date,decision_tree,70.55581706,68.31476306729729
heading_date,decision_tree,71.69392732,136.2287804625
heading_date,decision_tree,71.15600193,89.36179508361582
heading_date,decision_tree,68.50321935,74.87969575818842
heading_date,decision_tree,71.8439335,100.9709416404082
heading_date,decision_tree,72.03574691,72.00708233447367
heading_date,decision_tree,74.13524586,74.29135538407405
heading_date,decision_tree,73.25621539,74.29135538407405
heading_date,decision_tree,71.17979877,68.44974008555556
heading_date,decision_tree,79.43995387,76.77399928492956
heading_date,decision_tree,73.95401072,73.3740588222535
heading_date,decision_tree,70.40511568,91.3947083580612
heading_date,decision_tree,72.60609784,76.79764400636526
heading_date,decision_tree,69.50185485,68.31476306729729
heading_date,decision_tree,66.20056607,77.99600287
heading_date,decision_tree,72.41292025,89.36179508361582
heading_date,decision_tree,71.01321896,91.3947083580612
heading_date,decision_tree,71.4227622,100.9709416404082
heading_date,decision_tree,64.1620208,69.39551959444447
heading_date,decision_tree,69.49922466,86.23172350913042
heading_date,decision_tree,69.32396011,89.36179508361582
heading_date,decision_tree,68.8462765,74.87969575818842
heading_date,decision_tree,70.32972131,100.9709416404082
heading_date,decision_tree,70.1299142,69.83630311412702
heading_date,decision_tree,68.74930527,100.9709416404082
heading_date,decision_tree,70.17365081,73.3740588222535
heading_date,decision_tree,66.0978734,73.3740588222535
heading_date,decision_tree,74.72194686,105.58312923600002
heading_date,decision_tree,73.23503031,74.87969575818842
heading_date,decision_tree,70.41579451,69.73031872466666
heading_date,decision_tree,69.98064762,91.3947083580612
heading_date,decision_tree,71.79630868,100.9709416404082
heading_date,decision_tree,71.29354425,100.9709416404082
heading_date,decision_tree,67.49763499,77.21528769495235
heading_date,decision_tree,73.39298905,71.52774848559324
heading_date,decision_tree,67.21585775,82.32417267920292
heading_date,decision_tree,77.89114616,69.73031872466666
heading_date,decision_tree,71.70051615,71.52774848559324
heading_date,decision_tree,70.80899456,91.07884844123379
heading_date,decision_tree,69.57346631,76.79764400636526
heading_date,decision_tree,74.65867956,100.9709416404082
heading_date,decision_tree,74.40344875,71.52774848559324
heading_date,decision_tree,73.34151876,77.21528769495235
heading_date,decision_tree,72.67549667,76.79764400636526
heading_date,decision_tree,72.00874397,71.52774848559324
heading_date,decision_tree,70.24671324,122.58080657243902
heading_date,decision_tree,70.34895685,74.87969575818842
heading_date,decision_tree,71.14708344,123.01609117671873
heading_date,decision_tree,77.85087289,77.21528769495235
heading_date,decision_tree,69.86009609,74.29135538407405
heading_date,decision_tree,67.0700819,73.60452188901095
heading_date,decision_tree,70.22088521,73.3740588222535
heading_date,decision_tree,69.26721347,74.29135538407405
heading_date,decision_tree,70.33919103,91.3947083580612
heading_date,decision_tree,68.72731007,77.21528769495235
heading_date,decision_tree,65.345322435,77.21528769495235
heading_date,decision_tree,70.73256258,91.07884844123379
heading_date,decision_tree,68.36744232,123.01609117671873
heading_date,decision_tree,65.89015858,107.25140205375
heading_date,decision_tree,66.05264166,82.32417267920292
heading_date,decision_tree,71.6055494,105.58312923600002
heading_date,decision_tree,65.70822977,107.25140205375
heading_date,decision_tree,63.68768235,82.32417267920292
heading_date,decision_tree,69.32214361,95.02948177466665
heading_date,decision_tree,63.93969362,74.29135538407405
heading_date,decision_tree,66.86712059,77.21528769495235
heading_date,decision_tree,65.35246628,75.44495018829788
heading_date,decision_tree,71.38976714,91.3947083580612
heading_date,decision_tree,65.65626114,76.79764400636526
heading_date,decision_tree,70.00919458,106.21298844898305
heading_date,decision_tree,75.60384423,100.9709416404082
heading_date,decision_tree,68.46201352,106.21298844898305
heading_date,decision_tree,73.10082123,73.3740588222535
heading_date,decision_tree,76.356754,74.29135538407405
heading_date,decision_tree,70.6456504,73.60452188901095
heading_date,decision_tree,71.7316861,69.83630311412702
heading_date,decision_tree,75.1142689,76.79764400636526
heading_date,decision_tree,71.93597037,77.21528769495235
heading_date,decision_tree,73.10390928,82.32417267920292
heading_date,decision_tree,75.45138162,76.79764400636526
heading_date,decision_tree,69.12878797,91.3947083580612
heading_date,decision_tree,68.44705577,82.32417267920292
heading_date,decision_tree,73.80793907,86.54352525612906
heading_date,decision_tree,69.96800607,73.60452188901095
heading_date,decision_tree,76.21083683,77.21528769495235
heading_date,decision_tree,68.1511504,75.44495018829788
heading_date,decision_tree,66.35890322,68.99186368769232
heading_date,decision_tree,72.84233623,108.285760554
heading_date,decision_tree,69.69312002,75.44495018829788
heading_date,decision_tree,67.18052391,75.44495018829788
heading_date,decision_tree,69.86090994,68.31476306729729
heading_date,decision_tree,76.0816442,99.953749149
heading_date,decision_tree,69.91428023,68.31476306729729
heading_date,decision_tree,66.78096121,69.39551959444447
heading_date,decision_tree,65.95061099,69.39551959444447
heading_date,decision_tree,72.473336,89.36179508361582
heading_date,decision_tree,76.83008918,91.07884844123379
heading_date,decision_tree,71.67358103,72.15078354285716
heading_date,decision_tree,69.916653,91.3947083580612
heading_date,decision_tree,68.83440229,71.52774848559324
heading_date,decision_tree,73.40337589,106.21298844898305
heading_date,decision_tree,69.72753808,74.87969575818842
heading_date,decision_tree,73.64268186,71.52774848559324
heading_date,decision_tree,70.34605298,91.3947083580612
heading_date,decision_tree,70.71476569,76.79764400636526
heading_date,decision_tree,71.34776186,70.676322973
heading_date,decision_tree,68.04398239,74.87969575818842
heading_date,decision_tree,69.90992187,76.79764400636526
heading_date,decision_tree,69.49890944,71.52774848559324
heading_date,decision_tree,69.7891648,76.79764400636526
heading_date,decision_tree,71.61136297,73.60452188901095
heading_date,decision_tree,74.72511563,73.3740588222535
heading_date,decision_tree,71.11973783,69.39551959444447
heading_date,decision_tree,66.83063971,68.44974008555556
heading_date,decision_tree,67.26308671,69.39551959444447
heading_date,decision_tree,68.196063,94.40668708
heading_date,decision_tree,69.13499905,75.44495018829788
heading_date,decision_tree,68.05007939,100.9709416404082
heading_date,decision_tree,64.39479985,130.93021469177515
heading_date,decision_tree,75.43039886,68.31476306729729
heading_date,decision_tree,70.71278575,75.44495018829788
heading_date,decision_tree,65.70530213,73.32550717388887
heading_date,decision_tree,69.01161839,89.36179508361582
heading_date,decision_tree,68.09290189,69.83630311412702
heading_date,decision_tree,74.12225962,76.77399928492956
heading_date,decision_tree,74.16746489,77.21528769495235
heading_date,decision_tree,69.57076912,89.36179508361582
heading_date,decision_tree,66.30653296,68.44974008555556
heading_date,decision_tree,65.21326658,130.93021469177515
heading_date,decision_tree,65.80157103,106.21298844898305
heading_date,decision_tree,65.84069511,133.48028257868856
heading_date,decision_tree,72.96050881,77.99600287
heading_date,decision_tree,71.10671963,76.79764400636526
heading_date,decision_tree,65.79428981,82.32417267920292
heading_date,decision_tree,72.64786489,90.62489971068179
heading_date,decision_tree,74.88924313,100.9709416404082
heading_date,decision_tree,68.51305027,100.9709416404082
heading_date,decision_tree,75.70286332,130.42220884489365
heading_date,decision_tree,71.36798435,100.9709416404082
heading_date,decision_tree,76.79945152,76.77399928492956
heading_date,decision_tree,74.05047899,91.3947083580612
heading_date,decision_tree,70.15245605,77.21528769495235
heading_date,decision_tree,70.21139135,106.21298844898305
heading_date,decision_tree,74.83238292,123.01609117671873
heading_date,decision_tree,74.90889667,73.3740588222535
heading_date,decision_tree,77.77169813,76.79764400636526
heading_date,decision_tree,73.20269395,73.60452188901095
heading_date,decision_tree,70.33837877,73.60452188901095
heading_date,decision_tree,71.90487538,127.13219402597014
heading_date,decision_tree,71.70476953,91.3947083580612
heading_date,decision_tree,67.17324806,68.31476306729729
heading_date,decision_tree,67.81119546,91.3947083580612
heading_date,decision_tree,67.29786665,70.676322973
heading_date,decision_tree,76.0255848,77.21528769495235
heading_date,decision_tree,76.41919117,77.21528769495235
heading_date,decision_tree,74.5923255,70.676322973
heading_date,decision_tree,73.24052531,73.60452188901095
heading_date,decision_tree,66.56854857,72.00708233447367
heading_date,decision_tree,65.59403766,73.3740588222535
heading_date,decision_tree,75.23821327,73.60452188901095
heading_date,decision_tree,73.37352334,90.62489971068179
heading_date,decision_tree,68.31242523,69.83630311412702
heading_date,decision_tree,70.18988702,82.32417267920292
heading_date,decision_tree,135.0124977,101.57347848057141
heading_date,decision_tree,131.1376018,73.3740588222535
heading_date,decision_tree,127.4952925,74.87969575818842
heading_date,decision_tree,132.9185581,130.93021469177515
heading_date,decision_tree,135.5122478,133.4223757995834
heading_date,decision_tree,136.708832,69.56776191233332
heading_date,decision_tree,138.1521257,90.62489971068179
heading_date,decision_tree,133.6229181,133.4223757995834
heading_date,decision_tree,142.5172946,122.58080657243902
heading_date,decision_tree,133.1346108,133.4223757995834
heading_date,decision_tree,128.2808634,89.36179508361582
heading_date,decision_tree,131.4490245,123.01609117671873
heading_date,decision_tree,130.1225762,134.77054748782612
heading_date,decision_tree,140.329899,91.07884844123379
heading_date,decision_tree,129.5939866,116.98141051277779
heading_date,decision_tree,137.3372998,132.68484503333332
heading_date,decision_tree,133.9333111,105.58312923600002
heading_date,decision_tree,139.658972,100.9709416404082
heading_date,decision_tree,133.875129,133.4223757995834
heading_date,decision_tree,128.4178839,123.01609117671873
heading_date,decision_tree,132.7842797,69.56776191233332
heading_date,decision_tree,133.2090608,130.93021469177515
heading_date,decision_tree,130.8903962,116.98141051277779
heading_date,decision_tree,134.12579,133.48028257868856
heading_date,decision_tree,133.9805901,91.3947083580612
heading_date,decision_tree,135.8769503,90.62489971068179
heading_date,decision_tree,130.8627045,132.68484503333332
heading_date,decision_tree,137.6324379,73.3740588222535
heading_date,decision_tree,135.6980028,123.01609117671873
heading_date,decision_tree,132.5179743,77.99600287
heading_date,decision_tree,137.786505,89.36179508361582
heading_date,decision_tree,134.9355974,108.285760554
heading_date,decision_tree,135.5590088,100.9709416404082
heading_date,decision_tree,139.7923564,130.93021469177515
heading_date,decision_tree,134.8275248,76.79764400636526
heading_date,decision_tree,137.4435432,100.9709416404082
heading_date,decision_tree,136.4458612,97.6728533142857
heading_date,decision_tree,138.1860589,135.99053706896552
heading_date,decision_tree,132.4494121,133.4223757995834
heading_date,decision_tree,134.1848786,116.98141051277779
heading_date,decision_tree,134.1127859,133.48028257868856
heading_date,decision_tree,132.6606136,100.9709416404082
heading_date,decision_tree,131.5267898,122.58080657243902
heading_date,decision_tree,135.1331239,131.46123790000001
heading_date,decision_tree,131.9704949,122.58080657243902
heading_date,decision_tree,129.0285291,133.42762539999998
heading_date,decision_tree,129.6938329,134.77054748782612
heading_date,decision_tree,134.4295035,135.64821460809247
heading_date,decision_tree,128.5273442,76.79764400636526
heading_date,decision_tree,139.4167345,100.9709416404082
heading_date,decision_tree,135.9682749,133.48028257868856
heading_date,decision_tree,132.4074653,127.13219402597014
heading_date,decision_tree,129.0138553,68.31476306729729
heading_date,decision_tree,139.002867,77.21528769495235
heading_date,decision_tree,131.232896,136.2287804625
heading_date,decision_tree,131.2749892,111.11455096111112
heading_date,decision_tree,129.9801436,100.9709416404082
heading_date,decision_tree,132.3355948,100.75342249199998
heading_date,decision_tree,127.6646855,73.32550717388887
heading_date,decision_tree,130.372926,89.36179508361582
heading_date,decision_tree,124.6588773,98.64288132052631
heading_date,decision_tree,130.604193,127.13219402597014
heading_date,decision_tree,130.8283306,106.21298844898305
heading_date,decision_tree,141.729227,123.01609117671873
heading_date,decision_tree,137.8176787,69.39551959444447
heading_date,decision_tree,131.281506,77.99600287
heading_date,decision_tree,125.7384657,77.21528769495235
heading_date,decision_tree,131.9882392,130.56384221333332
heading_date,decision_tree,138.5408884,133.48028257868856
heading_date,decision_tree,138.1311221,100.9709416404082
heading_date,decision_tree,142.4949325,73.3740588222535
heading_date,decision_tree,137.1695845,77.21528769495235
heading_date,decision_tree,139.7680022,77.99600287
heading_date,decision_tree,138.8299962,73.3740588222535
heading_date,decision_tree,138.8265307,108.285760554
heading_date,decision_tree,140.1420899,76.79764400636526
heading_date,decision_tree,138.5309748,74.87969575818842
heading_date,decision_tree,133.5885158,76.79764400636526
heading_date,decision_tree,137.688565,99.495546372
heading_date,decision_tree,142.6567569,133.48028257868856
heading_date,decision_tree,138.8864808,83.2279111207143
heading_date,decision_tree,144.7717432,77.21528769495235
heading_date,decision_tree,137.1934361,130.42220884489365
heading_date,decision_tree,137.2712069,74.87969575818842
heading_date,decision_tree,139.5023062,100.9709416404082
heading_date,decision_tree,134.1392296,127.13219402597014
heading_date,decision_tree,125.9265837,68.31476306729729
heading_date,decision_tree,134.1863729,133.48028257868856
heading_date,decision_tree,137.5206775,97.6728533142857
heading_date,decision_tree,133.8219732,127.13219402597014
heading_date,decision_tree,137.4739844,136.2287804625
heading_date,decision_tree,129.180234,127.13219402597014
heading_date,decision_tree,126.560584,73.3740588222535
heading_date,decision_tree,142.6777739,74.87969575818842
heading_date,decision_tree,138.8260235,133.4223757995834
heading_date,decision_tree,132.7598533,77.21528769495235
heading_date,decision_tree,133.6671655,111.11455096111112
heading_date,decision_tree,132.3802859,135.99053706896552
heading_date,decision_tree,141.9584089,91.3947083580612
heading_date,decision_tree,137.2961454,74.87969575818842
heading_date,decision_tree,138.0104867,132.68484503333332
heading_date,decision_tree,140.9308021,91.3947083580612
heading_date,decision_tree,137.3267537,130.93021469177515
heading_date,decision_tree,137.5703576,133.4223757995834
heading_date,decision_tree,137.5391761,134.51608981333334
heading_date,decision_tree,135.2826812,135.99053706896552
heading_date,decision_tree,127.6581182,76.79764400636526
heading_date,decision_tree,136.3724187,133.4223757995834
heading_date,decision_tree,140.3018932,135.99053706896552
heading_date,decision_tree,138.9132929,89.36179508361582
heading_date,decision_tree,132.5338815,122.58080657243902
heading_date,decision_tree,136.2670827,136.2287804625
heading_date,decision_tree,134.4168437,72.00708233447367
heading_date,decision_tree,139.5018265,135.99053706896552
heading_date,decision_tree,136.6966077,133.48028257868856
heading_date,decision_tree,139.2046267,135.64821460809247
heading_date,decision_tree,139.5328422,74.87969575818842
heading_date,decision_tree,139.5568279,89.36179508361582
heading_date,decision_tree,133.419942,116.98141051277779
heading_date,decision_tree,142.1277933,106.21298844898305
heading_date,decision_tree,133.289293,133.4223757995834
heading_date,decision_tree,138.2303584,100.9709416404082
heading_date,decision_tree,135.3760747,93.187784895
heading_date,decision_tree,135.4289193,123.01609117671873
heading_date,decision_tree,136.0103199,71.64547375333333
heading_date,decision_tree,136.3843709,91.3947083580612
heading_date,decision_tree,127.5878797,74.87969575818842
heading_date,decision_tree,135.4825109,130.42220884489365
heading_date,decision_tree,135.6400614,123.01609117671873
heading_date,decision_tree,135.0667128,89.36179508361582
heading_date,decision_tree,134.2585613,100.9709416404082
heading_date,decision_tree,130.1923437,91.3947083580612
heading_date,decision_tree,138.1207407,74.87969575818842
heading_date,decision_tree,135.5829359,133.4223757995834
heading_date,decision_tree,137.567537,89.36179508361582
heading_date,decision_tree,136.8892699,133.4223757995834
heading_date,decision_tree,136.4341031,133.48028257868856
heading_date,decision_tree,133.8149685,132.68484503333332
heading_date,decision_tree,137.1670643,100.9709416404082
heading_date,decision_tree,135.8769162,135.64821460809247
heading_date,decision_tree,137.0656528,133.48028257868856
heading_date,decision_tree,136.9844925,133.4223757995834
heading_date,decision_tree,127.2012288,66.76038871699998
heading_date,decision_tree,136.0725267,123.01609117671873
heading_date,decision_tree,136.0865759,133.4223757995834
heading_date,decision_tree,137.9369893,89.36179508361582
heading_date,decision_tree,137.274842,118.73507237874999
heading_date,decision_tree,132.7043471,130.42220884489365
heading_date,decision_tree,137.2478415,130.56384221333332
heading_date,decision_tree,137.2427613,106.21298844898305
heading_date,decision_tree,132.7352285,135.99053706896552
heading_date,decision_tree,132.3494267,127.13219402597014
heading_date,decision_tree,138.4349052,135.99053706896552
heading_date,decision_tree,137.8602773,133.4223757995834
heading_date,decision_tree,134.5827086,133.48028257868856
heading_date,decision_tree,147.2995825,123.01609117671873
heading_date,decision_tree,143.2762998,89.36179508361582
heading_date,decision_tree,136.3281237,133.48028257868856
heading_date,decision_tree,135.3488419,107.25140205375
heading_date,decision_tree,136.5309641,133.4223757995834
heading_date,decision_tree,140.0179642,123.01609117671873
heading_date,decision_tree,138.2297729,130.93021469177515
heading_date,decision_tree,137.3292465,123.01609117671873
heading_date,decision_tree,135.7116789,130.42220884489365
heading_date,decision_tree,142.2021781,133.4223757995834
heading_date,decision_tree,131.2541635,136.2287804625
heading_date,decision_tree,136.1333373,127.13219402597014
heading_date,decision_tree,144.9484596,133.48028257868856
heading_date,decision_tree,141.1257137,123.01609117671873
heading_date,decision_tree,132.5056467,133.48028257868856
heading_date,decision_tree,136.3393475,133.48028257868856
heading_date,decision_tree,136.0473209,97.6728533142857
heading_date,decision_tree,130.7922896,130.93021469177515
heading_date,decision_tree,134.4381523,76.79764400636526
heading_date,decision_tree,137.1228511,135.64821460809247
heading_date,decision_tree,136.0061576,130.42220884489365
heading_date,decision_tree,133.9543172,128.844137586
heading_date,decision_tree,137.7701297,91.3947083580612
heading_date,decision_tree,137.6326115,74.87969575818842
heading_date,decision_tree,131.1816109,123.01609117671873
heading_date,decision_tree,148.009344,77.21528769495235
heading_date,decision_tree,139.9671981,123.01609117671873
heading_date,decision_tree,142.0799892,100.9709416404082
heading_date,decision_tree,136.9659509,133.4223757995834
heading_date,decision_tree,146.9063677,91.3947083580612
heading_date,decision_tree,137.7331428,123.01609117671873
heading_date,decision_tree,142.1866771,91.07884844123379
heading_date,decision_tree,132.203008,136.2287804625
heading_date,decision_tree,135.8051786,127.13219402597014
heading_date,decision_tree,132.4734016,123.01609117671873
heading_date,decision_tree,134.1501118,133.4223757995834
heading_date,decision_tree,141.9748227,93.187784895
heading_date,decision_tree,134.4129753,123.01609117671873
heading_date,decision_tree,136.0469073,133.48028257868856
heading_date,decision_tree,131.8178343,133.4223757995834
heading_date,decision_tree,140.2483705,100.9709416404082
heading_date,decision_tree,137.1906833,133.4223757995834
heading_date,decision_tree,137.5477175,133.48028257868856
heading_date,decision_tree,134.932367,91.07884844123379
heading_date,decision_tree,140.0229539,100.9709416404082
heading_date,decision_tree,136.6995063,130.42220884489365
heading_date,decision_tree,139.3233338,77.21528769495235
heading_date,decision_tree,133.806829,83.270976832
heading_date,decision_tree,144.8853647,105.58312923600002
heading_date,decision_tree,130.7195337,122.58080657243902
heading_date,decision_tree,132.9521219,75.44495018829788
heading_date,decision_tree,140.5833506,100.9709416404082
heading_date,decision_tree,132.9469242,135.99053706896552
heading_date,decision_tree,137.894999,130.93021469177515
heading_date,decision_tree,138.0837962,133.48028257868856
heading_date,decision_tree,142.3090935,90.62489971068179
heading_date,decision_tree,135.8272429,133.48028257868856
heading_date,decision_tree,136.5147156,69.83630311412702
heading_date,decision_tree,140.3571793,89.36179508361582
heading_date,decision_tree,135.7120763,89.36179508361582
heading_date,decision_tree,134.7976425,133.4223757995834
heading_date,decision_tree,140.4601646,130.93021469177515
heading_date,decision_tree,135.0964616,130.93021469177515
heading_date,decision_tree,137.9825587,135.99053706896552
heading_date,decision_tree,139.0650279,135.64821460809247
heading_date,decision_tree,142.4398586,127.13219402597014
heading_date,decision_tree,132.707686,133.48028257868856
heading_date,decision_tree,138.6626667,133.4223757995834
heading_date,decision_tree,137.7864379,134.77054748782612
heading_date,decision_tree,134.8522889,135.64821460809247
heading_date,decision_tree,134.8720955,89.36179508361582
heading_date,decision_tree,131.2259749,133.4223757995834
heading_date,decision_tree,132.2150325,100.9709416404082
heading_date,decision_tree,132.9847901,134.77054748782612
heading_date,decision_tree,137.0717572,101.57347848057141
heading_date,decision_tree,132.4746996,135.64821460809247
heading_date,decision_tree,135.5408098,136.2287804625
heading_date,decision_tree,134.1517945,77.21528769495235
heading_date,decision_tree,139.5071789,73.3740588222535
heading_date,decision_tree,135.2343139,136.2287804625
heading_date,decision_tree,139.4998594,108.285760554
heading_date,decision_tree,142.211522,100.9709416404082
heading_date,decision_tree,138.0249307,132.68484503333332
heading_date,decision_tree,141.7401619,72.00708233447367
heading_date,decision_tree,134.6946846,123.01609117671873
heading_date,decision_tree,133.7162425,86.23172350913042
heading_date,decision_tree,137.8476631,91.3947083580612
heading_date,decision_tree,135.1377472,73.48645831833333
heading_date,decision_tree,141.6554593,89.36179508361582
heading_date,decision_tree,135.6852196,134.77054748782612
heading_date,decision_tree,138.5267729,73.3740588222535
heading_date,decision_tree,140.5689081,89.36179508361582
heading_date,decision_tree,135.6119781,69.98724752666666
heading_date,decision_tree,138.3260143,84.037077656
heading_date,decision_tree,134.4735789,91.3947083580612
heading_date,decision_tree,143.1625163,89.36179508361582
heading_date,decision_tree,135.8281407,127.13219402597014
heading_date,decision_tree,138.5601171,123.01609117671873
heading_date,decision_tree,135.6353811,108.285760554
heading_date,decision_tree,136.8042019,91.3947083580612
heading_date,decision_tree,133.5868267,123.01609117671873
heading_date,decision_tree,142.2942098,68.44974008555556
heading_date,decision_tree,139.850888,93.187784895
heading_date,decision_tree,138.9752432,134.77054748782612
heading_date,decision_tree,137.7451895,133.48028257868856
heading_date,decision_tree,146.9884934,100.9709416404082
heading_date,decision_tree,133.4227444,133.4223757995834
heading_date,decision_tree,139.345096,133.4223757995834
heading_date,decision_tree,125.6506941,133.4223757995834
heading_date,decision_tree,141.5605411,72.00708233447367
heading_date,decision_tree,139.675944,135.64821460809247
heading_date,decision_tree,135.6584289,133.48028257868856
heading_date,decision_tree,135.2312701,130.93021469177515
heading_date,decision_tree,136.3833726,135.64821460809247
heading_date,decision_tree,134.8069279,133.48028257868856
heading_date,decision_tree,137.9885548,130.42220884489365
heading_date,decision_tree,132.2602137,134.77054748782612
heading_date,decision_tree,129.6272054,91.07884844123379
heading_date,decision_tree,130.1739431,75.44495018829788
heading_date,decision_tree,138.0208657,133.4223757995834
heading_date,decision_tree,139.6305963,100.9709416404082
heading_date,decision_tree,132.9542458,135.99053706896552
heading_date,decision_tree,133.8095452,77.99600287
heading_date,decision_tree,137.8854529,123.01609117671873
heading_date,decision_tree,134.2877325,74.87969575818842
heading_date,decision_tree,142.228753,73.60452188901095
heading_date,decision_tree,141.6299267,101.57347848057141
heading_date,decision_tree,134.0759735,100.9709416404082
heading_date,decision_tree,128.0650606,69.56776191233332
heading_date,decision_tree,131.7831402,133.48028257868856
heading_date,decision_tree,133.9285765,95.02948177466665
heading_date,decision_tree,136.6396674,134.77054748782612
heading_date,decision_tree,137.3865059,127.13219402597014
lodging,decision_tree,2.174896356,1.6517073532951536
lodging,decision_tree,1.644474162,1.7037518368710938
lodging,decision_tree,1.324642932,2.8188788705681818
lodging,decision_tree,1.593071519,1.6247740936018513
lodging,decision_tree,1.54400155,1.7037518368710938
lodging,decision_tree,1.346724921,1.9522902190833333
lodging,decision_tree,1.160769774,1.681918602953126
lodging,decision_tree,1.740891513,1.681918602953126
lodging,decision_tree,1.588899886,1.7188154095428572
lodging,decision_tree,1.657603308,1.4085803812500004
lodging,decision_tree,2.442546063,1.6247740936018513
lodging,decision_tree,1.498489697,1.6517073532951536
lodging,decision_tree,1.784790868,1.6247740936018513
lodging,decision_tree,1.636561435,1.7037518368710938
lodging,decision_tree,1.399702272,1.7037518368710938
lodging,decision_tree,1.560870412,1.6517073532951536
lodging,decision_tree,1.772587931,1.7188154095428572
lodging,decision_tree,2.03978502,3.8060610958955228
lodging,decision_tree,1.431336858,1.6517073532951536
lodging,decision_tree,1.269377908,1.7188154095428572
lodging,decision_tree,1.990377116,1.7037518368710938
lodging,decision_tree,1.627762666,1.7037518368710938
lodging,decision_tree,1.382168736,1.6517073532951536
lodging,decision_tree,2.200916425,2.770795044733333
lodging,decision_tree,1.410106875,1.6517073532951536
lodging,decision_tree,1.86656083,1.681918602953126
lodging,decision_tree,1.602000897,3.8060610958955228
lodging,decision_tree,2.193294571,1.7037518368710938
lodging,decision_tree,1.481490118,1.6517073532951536
lodging,decision_tree,1.86339624,1.681918602953126
lodging,decision_tree,1.429558742,1.6247740936018513
lodging,decision_tree,2.042719308,1.6247740936018513
lodging,decision_tree,2.075744924,1.7037518368710938
lodging,decision_tree,1.240136442,1.6632362230416666
lodging,decision_tree,2.297266405,1.7037518368710938
lodging,decision_tree,1.746838412,1.7037518368710938
lodging,decision_tree,1.756920627,1.7188154095428572
lodging,decision_tree,1.750614066,1.7188154095428572
lodging,decision_tree,1.773587349,1.7188154095428572
lodging,decision_tree,1.681479531,1.6247740936018513
lodging,decision_tree,2.266559292,2.638209256741935
lodging,decision_tree,2.066713065,1.6517073532951536
lodging,decision_tree,1.820676161,1.6517073532951536
lodging,decision_tree,1.354843064,1.6517073532951536
lodging,decision_tree,1.975439353,1.6247740936018513
lodging,decision_tree,1.836534779,1.7188154095428572
lodging,decision_tree,1.672623341,1.7188154095428572
lodging,decision_tree,1.454333973,1.7037518368710938
lodging,decision_tree,1.173183446,1.7188154095428572
lodging,decision_tree,1.771514459,1.6247740936018513
lodging,decision_tree,1.340578989,1.7188154095428572
lodging,decision_tree,1.289758323,1.6247740936018513
lodging,decision_tree,1.744585964,1.7037518368710938
lodging,decision_tree,2.084199041,1.7188154095428572
lodging,decision_tree,1.493996936,1.6247740936018513
lodging,decision_tree,1.975708308,1.681918602953126
lodging,decision_tree,1.580723645,1.6247740936018513
lodging,decision_tree,1.867533803,1.6517073532951536
lodging,decision_tree,1.405880024,2.0993745861818187
lodging,decision_tree,1.620924956,1.6247740936018513
lodging,decision_tree,1.958262078,1.681918602953126
lodging,decision_tree,1.585077248,1.6517073532951536
lodging,decision_tree,1.585669207,1.681918602953126
lodging,decision_tree,1.910482094,2.4672621694333334
lodging,decision_tree,1.278928394,1.7037518368710938
lodging,decision_tree,1.644734721,1.681918602953126
lodging,decision_tree,1.367993778,1.6247740936018513
lodging,decision_tree,1.819732899,1.6247740936018513
lodging,decision_tree,1.922282156,1.6517073532951536
lodging,decision_tree,1.614082805,1.6517073532951536
lodging,decision_tree,1.317918266,1.6247740936018513
lodging,decision_tree,1.838037822,1.4085803812500004
lodging,decision_tree,1.717080721,1.6632362230416666
lodging,decision_tree,1.691805224,1.6517073532951536
lodging,decision_tree,1.907767787,1.6517073532951536
lodging,decision_tree,1.525371576,1.6517073532951536
lodging,decision_tree,2.100521689,1.6247740936018513
lodging,decision_tree,1.522756314,1.6632362230416666
lodging,decision_tree,2.127461912,1.6247740936018513
lodging,decision_tree,1.652993328,1.6517073532951536
lodging,decision_tree,1.865713234,1.7037518368710938
lodging,decision_tree,2.351763054,1.681918602953126
lodging,decision_tree,1.33176336,1.681918602953126
lodging,decision_tree,2.2234094,1.6247740936018513
lodging,decision_tree,1.965940807,1.681918602953126
lodging,decision_tree,2.189899205,1.7037518368710938
lodging,decision_tree,1.54378452,1.6247740936018513
lodging,decision_tree,1.588521812,1.7037518368710938
lodging,decision_tree,1.752836155,1.6247740936018513
lodging,decision_tree,1.67650173,1.6517073532951536
lodging,decision_tree,1.505694386,1.6517073532951536
lodging,decision_tree,1.424562669,1.7037518368710938
lodging,decision_tree,1.638292774,1.681918602953126
lodging,decision_tree,1.76320614,1.6517073532951536
lodging,decision_tree,1.750860556,1.681918602953126
lodging,decision_tree,1.131848318,1.7037518368710938
lodging,decision_tree,1.354444006,1.6247740936018513
lodging,decision_tree,1.851463536,1.681918602953126
lodging,decision_tree,1.531464952,1.7037518368710938
lodging,decision_tree,1.413676502,1.6517073532951536
lodging,decision_tree,1.3127499,1.6247740936018513
lodging,decision_tree,1.872652005,1.6247740936018513
lodging,decision_tree,1.440529343,1.7188154095428572
lodging,decision_tree,2.186423213,1.7188154095428572
lodging,decision_tree,1.601519151,1.681918602953126
lodging,decision_tree,1.734423343,1.7188154095428572
lodging,decision_tree,1.467271582,1.681918602953126
lodging,decision_tree,1.26778,1.6247740936018513
lodging,decision_tree,1.379054586,1.6517073532951536
lodging,decision_tree,2.105580046,1.6247740936018513
lodging,decision_tree,1.94242448,1.681918602953126
lodging,decision_tree,2.177710329,1.7188154095428572
lodging,decision_tree,1.721316019,1.7037518368710938
lodging,decision_tree,1.409414026,1.6247740936018513
lodging,decision_tree,1.365175223,1.6517073532951536
lodging,decision_tree,1.323500978,1.7188154095428572
lodging,decision_tree,1.948810123,1.6517073532951536
lodging,decision_tree,1.722424615,1.6517073532951536
lodging,decision_tree,1.580923969,2.8188788705681818
lodging,decision_tree,2.004633761,1.7188154095428572
lodging,decision_tree,1.493726908,1.6632362230416666
lodging,decision_tree,1.756751832,1.7037518368710938
lodging,decision_tree,1.482967417,1.7188154095428572
lodging,decision_tree,1.591733276,1.7188154095428572
lodging,decision_tree,1.731077463,1.7188154095428572
lodging,decision_tree,2.06681345,1.6517073532951536
lodging,decision_tree,1.872419174,1.6517073532951536
lodging,decision_tree,2.007996102,3.8060610958955228
lodging,decision_tree,1.940916602,1.6247740936018513
lodging,decision_tree,1.365806212,1.7037518368710938
lodging,decision_tree,1.510106607,1.8590869173666669
lodging,decision_tree,1.74642917,1.8231065567142857
lodging,decision_tree,1.487665602,1.6517073532951536
lodging,decision_tree,1.959194849,1.6517073532951536
lodging,decision_tree,2.134539728,1.7037518368710938
lodging,decision_tree,1.827586585,1.4085803812500004
lodging,decision_tree,1.818257974,1.6247740936018513
lodging,decision_tree,1.817372322,1.4085803812500004
lodging,decision_tree,1.439763956,1.6247740936018513
lodging,decision_tree,1.500180074,1.6777857102799996
lodging,decision_tree,1.49342233,1.6517073532951536
lodging,decision_tree,1.676955457,1.6247740936018513
lodging,decision_tree,1.867121101,1.7188154095428572
lodging,decision_tree,1.85428206,1.7188154095428572
lodging,decision_tree,1.148898128,1.6632362230416666
lodging,decision_tree,2.175295528,1.634311371185185
lodging,decision_tree,1.878915658,1.7188154095428572
lodging,decision_tree,1.790424296,1.7814379530322584
lodging,decision_tree,1.61560033,1.6517073532951536
lodging,decision_tree,1.750917127,1.7188154095428572
lodging,decision_tree,1.385366839,1.7188154095428572
lodging,decision_tree,1.633425128,1.7188154095428572
lodging,decision_tree,1.206546691,1.7188154095428572
lodging,decision_tree,1.275022063,1.8231065567142857
lodging,decision_tree,1.427953313,1.7188154095428572
lodging,decision_tree,1.180846017,1.4085803812500004
lodging,decision_tree,1.549151256,2.770795044733333
lodging,decision_tree,1.393761863,1.7188154095428572
lodging,decision_tree,1.834635834,1.6247740936018513
lodging,decision_tree,1.486786007,1.7037518368710938
lodging,decision_tree,1.862558477,1.7188154095428572
lodging,decision_tree,1.836323398,1.7037518368710938
lodging,decision_tree,0.975118276,1.7188154095428572
lodging,decision_tree,1.72295041,1.8231065567142857
lodging,decision_tree,1.439642856,1.8231065567142857
lodging,decision_tree,1.391685624,1.4085803812500004
lodging,decision_tree,1.468916923,1.8590869173666669
lodging,decision_tree,1.147871917,1.8231065567142857
lodging,decision_tree,1.509668018,1.6247740936018513
lodging,decision_tree,1.331044049,1.6517073532951536
lodging,decision_tree,1.773679045,1.7037518368710938
lodging,decision_tree,1.547875173,1.7188154095428572
lodging,decision_tree,1.357375044,1.6517073532951536
lodging,decision_tree,1.17337958,1.6517073532951536
lodging,decision_tree,1.449338201,1.6247740936018513
lodging,decision_tree,1.445600358,1.7814379530322584
lodging,decision_tree,1.229873803,1.6517073532951536
lodging,decision_tree,1.743754915,1.681918602953126
lodging,decision_tree,1.706855006,1.6247740936018513
lodging,decision_tree,1.325813255,1.6517073532951536
lodging,decision_tree,1.297201345,1.7188154095428572
lodging,decision_tree,2.233143456,1.6517073532951536
lodging,decision_tree,1.350200107,1.634311371185185
lodging,decision_tree,1.660671858,1.7188154095428572
lodging,decision_tree,1.760077093,1.6247740936018513
lodging,decision_tree,1.743612369,1.6517073532951536
lodging,decision_tree,1.297346298,1.7188154095428572
lodging,decision_tree,1.223807024,1.8590869173666669
lodging,decision_tree,2.456640793,1.6517073532951536
lodging,decision_tree,1.161127788,1.7037518368710938
lodging,decision_tree,1.294585295,1.7188154095428572
lodging,decision_tree,1.135960307,1.7188154095428572
lodging,decision_tree,1.299666628,2.770795044733333
lodging,decision_tree,1.905735591,1.6517073532951536
lodging,decision_tree,1.423816209,1.7188154095428572
lodging,decision_tree,1.582496151,1.7188154095428572
lodging,decision_tree,1.599451965,1.6254305768749997
lodging,decision_tree,1.496044981,1.7188154095428572
lodging,decision_tree,1.482371964,2.0993745861818187
lodging,decision_tree,2.159505115,1.6247740936018513
lodging,decision_tree,2.039812074,1.8590869173666669
lodging,decision_tree,1.246098725,1.7037518368710938
lodging,decision_tree,1.600795917,1.7814379530322584
lodging,decision_tree,1.378768069,2.7655895633333336
lodging,decision_tree,2.323874331,2.2808970455
lodging,decision_tree,1.0543539,1.7037518368710938
lodging,decision_tree,1.924530472,1.7037518368710938
lodging,decision_tree,1.966952627,1.7188154095428572
lodging,decision_tree,1.722567445,1.6777857102799996
lodging,decision_tree,1.87565572,1.6247740936018513
lodging,decision_tree,1.592225204,1.6247740936018513
lodging,decision_tree,1.662921211,2.2808970455
lodging,decision_tree,1.377220248,1.6517073532951536
lodging,decision_tree,1.785156319,1.6254305768749997
lodging,decision_tree,1.079310903,1.8231065567142857
lodging,decision_tree,1.038879417,1.634311371185185
lodging,decision_tree,1.8557847,1.7037518368710938
lodging,decision_tree,1.797969229,1.7037518368710938
lodging,decision_tree,1.21462199,1.6247740936018513
lodging,decision_tree,1.411882382,1.7037518368710938
lodging,decision_tree,1.419515321,1.6247740936018513
lodging,decision_tree,1.690417119,1.681918602953126
lodging,decision_tree,2.317425756,1.6517073532951536
lodging,decision_tree,1.468285063,1.681918602953126
lodging,decision_tree,1.445874967,1.7037518368710938
lodging,decision_tree,1.354035318,1.7188154095428572
lodging,decision_tree,1.608738995,1.7188154095428572
lodging,decision_tree,2.020943696,1.4085803812500004
lodging,decision_tree,1.484247432,1.6517073532951536
lodging,decision_tree,1.870095018,1.7188154095428572
lodging,decision_tree,1.857689791,1.7037518368710938
lodging,decision_tree,1.882448973,1.6247740936018513
lodging,decision_tree,1.736660911,1.7037518368710938
lodging,decision_tree,2.195606986,1.7037518368710938
lodging,decision_tree,1.596590086,1.6517073532951536
lodging,decision_tree,1.733215486,1.681918602953126
lodging,decision_tree,1.112061113,1.6517073532951536
lodging,decision_tree,1.587140357,1.6247740936018513
lodging,decision_tree,1.634174041,2.4503897582666667
lodging,decision_tree,2.178916808,1.681918602953126
lodging,decision_tree,2.851628346,1.7037518368710938
lodging,decision_tree,1.478683648,1.7037518368710938
lodging,decision_tree,1.153062717,1.7037518368710938
lodging,decision_tree,2.156623307,2.0993745861818187
lodging,decision_tree,1.054599367,2.4503897582666667
lodging,decision_tree,1.593133632,1.7188154095428572
lodging,decision_tree,1.491709489,1.7188154095428572
lodging,decision_tree,1.598084436,1.6247740936018513
lodging,decision_tree,1.920316984,1.634311371185185
lodging,decision_tree,1.243463149,2.2808970455
lodging,decision_tree,1.319433809,1.4085803812500004
lodging,decision_tree,1.383527401,1.6517073532951536
lodging,decision_tree,1.222146923,1.7037518368710938
lodging,decision_tree,1.608250487,1.7188154095428572
lodging,decision_tree,1.110620479,1.681918602953126
lodging,decision_tree,1.62727473,1.7814379530322584
lodging,decision_tree,1.738210719,1.6777857102799996
lodging,decision_tree,1.716117969,1.6517073532951536
lodging,decision_tree,1.782518052,1.7037518368710938
lodging,decision_tree,1.151720715,4.850165384815384
lodging,decision_tree,1.651606099,1.4085803812500004
lodging,decision_tree,1.419185588,1.634311371185185
lodging,decision_tree,1.794645353,1.7188154095428572
lodging,decision_tree,1.413626487,1.7188154095428572
lodging,decision_tree,1.325395468,1.6517073532951536
lodging,decision_tree,1.463975309,1.6247740936018513
lodging,decision_tree,1.576546262,2.2808970455
lodging,decision_tree,1.35987865,1.7037518368710938
lodging,decision_tree,1.862132485,1.7188154095428572
lodging,decision_tree,1.711342035,1.7037518368710938
lodging,decision_tree,1.059401865,1.6247740936018513
lodging,decision_tree,1.223158561,1.6517073532951536
lodging,decision_tree,1.260028983,1.6517073532951536
lodging,decision_tree,1.5207664,1.6777857102799996
lodging,decision_tree,1.249210593,1.6517073532951536
lodging,decision_tree,1.373474829,2.0993745861818187
lodging,decision_tree,1.836985563,1.7037518368710938
lodging,decision_tree,1.533551389,1.6247740936018513
lodging,decision_tree,2.011879363,1.8231065567142857
lodging,decision_tree,1.462697538,1.7188154095428572
lodging,decision_tree,1.471198088,1.634311371185185
lodging,decision_tree,1.711186507,2.4503897582666667
lodging,decision_tree,1.48378685,1.7037518368710938
lodging,decision_tree,1.573657384,1.7188154095428572
lodging,decision_tree,1.210990067,1.6517073532951536
lodging,decision_tree,1.29375366,1.6632362230416666
lodging,decision_tree,1.931993009,1.6247740936018513
lodging,decision_tree,1.819677164,1.7188154095428572
lodging,decision_tree,1.109247072,1.7037518368710938
lodging,decision_tree,0.993583408,1.6247740936018513
lodging,decision_tree,1.069824135,1.4085803812500004
lodging,decision_tree,2.198843485,1.8231065567142857
lodging,decision_tree,2.557028666,1.6247740936018513
lodging,decision_tree,1.786834572,1.7188154095428572
lodging,decision_tree,1.961614156,1.634311371185185
lodging,decision_tree,1.73854534,1.7037518368710938
lodging,decision_tree,1.295389302,1.6247740936018513
lodging,decision_tree,1.934289976,1.7814379530322584
lodging,decision_tree,3.896026468,4.0531894675901645
lodging,decision_tree,4.439651189,4.0531894675901645
lodging,decision_tree,5.974704929,4.542979560927745
lodging,decision_tree,4.311404441,5.348245571800001
lodging,decision_tree,3.898448097,5.858650092981482
lodging,decision_tree,2.4005268,3.8060610958955228
lodging,decision_tree,4.196809061,4.243949836325713
lodging,decision_tree,6.44889985,4.76124281537931
lodging,decision_tree,3.680472446,4.850165384815384
lodging,decision_tree,3.472293262,4.76124281537931
lodging,decision_tree,6.006310038,4.812578437071429
lodging,decision_tree,4.378330103,2.8188788705681818
lodging,decision_tree,5.301541467,4.102300817105768
lodging,decision_tree,4.018198831,4.542979560927745
lodging,decision_tree,2.150761618,2.8188788705681818
lodging,decision_tree,1.846990422,1.7188154095428572
lodging,decision_tree,1.847541835,4.480714943805083
lodging,decision_tree,3.712477994,3.4124765764799996
lodging,decision_tree,2.279279412,3.472221875944444
lodging,decision_tree,2.893861478,4.3383400057058825
lodging,decision_tree,6.137386548,4.61983407138889
lodging,decision_tree,5.903995471,5.599710383250001
lodging,decision_tree,4.158545464,4.876014110470586
lodging,decision_tree,2.428033965,3.6070621225789483
lodging,decision_tree,2.025134393,3.8060610958955228
lodging,decision_tree,3.833975178,2.770795044733333
lodging,decision_tree,3.464739305,3.30009851797561
lodging,decision_tree,4.557754879,3.3470613948
lodging,decision_tree,1.732260846,3.30009851797561
lodging,decision_tree,5.610611737,5.599710383250001
lodging,decision_tree,4.631430006,4.0640680207279996
lodging,decision_tree,4.221243337,4.480714943805083
lodging,decision_tree,4.210396535,4.104925203444446
lodging,decision_tree,1.331475989,3.8842326208571425
lodging,decision_tree,5.924395753,5.599710383250001
lodging,decision_tree,5.49059074,4.61983407138889
lodging,decision_tree,5.26166452,4.0531894675901645
lodging,decision_tree,6.10153495,4.99187297757143
lodging,decision_tree,4.189357017,5.895451842236844
lodging,decision_tree,1.713467512,5.718715316343751
lodging,decision_tree,2.705356573,3.472221875944444
lodging,decision_tree,4.436597337,3.4124765764799996
lodging,decision_tree,2.370132372,2.9765786133
lodging,decision_tree,4.238393343,3.8060610958955228
lodging,decision_tree,4.955320324,3.8842326208571425
lodging,decision_tree,4.632944782,4.9641004416279975
lodging,decision_tree,4.191054133,4.76124281537931
lodging,decision_tree,2.634229973,3.4399984977631575
lodging,decision_tree,5.832377079,4.0640680207279996
lodging,decision_tree,5.420327517,5.718715316343751
lodging,decision_tree,5.191522928,4.464411444833333
lodging,decision_tree,3.937127999,5.811653180409092
lodging,decision_tree,3.114429781,4.102300817105768
lodging,decision_tree,4.758328879,4.102300817105768
lodging,decision_tree,6.045625336,5.470093034465116
lodging,decision_tree,5.428073661,4.657863452250001
lodging,decision_tree,4.273195052,4.850165384815384
lodging,decision_tree,5.144325785,4.480714943805083
lodging,decision_tree,4.634576879,4.542979560927745
lodging,decision_tree,5.581716746,4.480714943805083
lodging,decision_tree,5.508295105,4.601377139014705
lodging,decision_tree,2.175288427,3.8842326208571425
lodging,decision_tree,4.931298096,4.542979560927745
lodging,decision_tree,5.344920372,5.895451842236844
lodging,decision_tree,3.347708844,4.480714943805083
lodging,decision_tree,4.471667602,3.30009851797561
lodging,decision_tree,4.994937047,3.789957174488373
lodging,decision_tree,1.584022955,4.812578437071429
lodging,decision_tree,5.178256765,4.542979560927745
lodging,decision_tree,5.766552709,5.470093034465116
lodging,decision_tree,3.812042281,3.472221875944444
lodging,decision_tree,5.374889783,4.876014110470586
lodging,decision_tree,4.347813791,4.480714943805083
lodging,decision_tree,4.4116959,4.480714943805083
lodging,decision_tree,1.892882879,1.7188154095428572
lodging,decision_tree,3.757816039,4.104925203444446
lodging,decision_tree,2.742599792,3.8060610958955228
lodging,decision_tree,5.171269919,3.30009851797561
lodging,decision_tree,5.823737514,4.9641004416279975
lodging,decision_tree,6.167182902,4.61983407138889
lodging,decision_tree,1.9551186,1.7037518368710938
lodging,decision_tree,6.169369642,5.718715316343751
lodging,decision_tree,6.50915752,5.895451842236844
lodging,decision_tree,5.956223423,5.895451842236844
lodging,decision_tree,5.197338785,5.858650092981482
lodging,decision_tree,3.165873735,4.343135147966664
lodging,decision_tree,5.360932478,4.9641004416279975
lodging,decision_tree,4.880555925,3.4124765764799996
lodging,decision_tree,5.382606735,1.8590869173666669
lodging,decision_tree,5.693121072,4.429532622879119
lodging,decision_tree,3.854758677,4.102300817105768
lodging,decision_tree,5.185357021,4.480714943805083
lodging,decision_tree,4.614984133,4.61983407138889
lodging,decision_tree,5.30333718,4.9641004416279975
lodging,decision_tree,5.526014976,5.718715316343751
lodging,decision_tree,5.33831448,4.542979560927745
lodging,decision_tree,5.486231915,4.655595623240963
lodging,decision_tree,2.846304125,3.472221875944444
lodging,decision_tree,5.790824839,4.343135147966664
lodging,decision_tree,6.552538765,4.9641004416279975
lodging,decision_tree,5.668091246,5.470093034465116
lodging,decision_tree,5.086837394,3.4399984977631575
lodging,decision_tree,4.054663338,3.8060610958955228
lodging,decision_tree,3.809711512,4.3383400057058825
lodging,decision_tree,4.451206295,4.601377139014705
lodging,decision_tree,4.890316246,4.243949836325713
lodging,decision_tree,5.83940246,4.812578437071429
lodging,decision_tree,4.57481975,5.599710383250001
lodging,decision_tree,4.707641308,4.9641004416279975
lodging,decision_tree,5.915845941,4.243949836325713
lodging,decision_tree,5.317733602,4.542979560927745
lodging,decision_tree,3.007658952,1.6777857102799996
lodging,decision_tree,5.480262428,3.0257726877000004
lodging,decision_tree,3.878657473,4.812578437071429
lodging,decision_tree,4.215039594,4.5419698305
lodging,decision_tree,4.272317156,4.812578437071429
lodging,decision_tree,4.597023333,4.876014110470586
lodging,decision_tree,2.495991323,1.7188154095428572
lodging,decision_tree,6.606384456,3.472221875944444
lodging,decision_tree,3.117780187,4.343135147966664
lodging,decision_tree,6.725461894,5.718715316343751
lodging,decision_tree,2.838225815,4.243949836325713
lodging,decision_tree,2.339632572,2.770795044733333
lodging,decision_tree,4.777638937,3.789957174488373
lodging,decision_tree,4.556355841,4.542979560927745
lodging,decision_tree,5.945419876,3.8842326208571425
lodging,decision_tree,4.050493657,2.770795044733333
lodging,decision_tree,5.302868522,3.8842326208571425
lodging,decision_tree,2.729445786,3.30009851797561
lodging,decision_tree,3.232630847,3.6070621225789483
lodging,decision_tree,3.549975133,4.76124281537931
lodging,decision_tree,2.455953587,2.770795044733333
lodging,decision_tree,3.972741721,5.895451842236844
lodging,decision_tree,2.477956886,3.30009851797561
lodging,decision_tree,4.650354068,5.409960673428571
lodging,decision_tree,3.348766365,4.812578437071429
lodging,decision_tree,6.292982436,4.542979560927745
lodging,decision_tree,4.243202869,4.480714943805083
lodging,decision_tree,2.60421781,4.850165384815384
lodging,decision_tree,5.071410865,3.3470613948
lodging,decision_tree,2.352486133,4.876014110470586
lodging,decision_tree,3.216436666,1.9522902190833333
lodging,decision_tree,4.899199554,4.542979560927745
lodging,decision_tree,4.658669506,1.8590869173666669
lodging,decision_tree,3.590791647,3.6070621225789483
lodging,decision_tree,3.534490455,4.243949836325713
lodging,decision_tree,3.895758578,3.20097566165
lodging,decision_tree,6.264105977,4.102300817105768
lodging,decision_tree,4.898612672,5.333127750243901
lodging,decision_tree,4.832225047,4.76124281537931
lodging,decision_tree,3.103622643,4.480714943805083
lodging,decision_tree,5.850636111,4.812578437071429
lodging,decision_tree,3.006257964,3.30009851797561
lodging,decision_tree,4.260302407,4.812578437071429
lodging,decision_tree,5.526556033,4.657863452250001
lodging,decision_tree,3.194702075,2.770795044733333
lodging,decision_tree,5.683728864,4.542979560927745
lodging,decision_tree,4.633772031,4.9641004416279975
lodging,decision_tree,4.245684852,4.343135147966664
lodging,decision_tree,5.475448767,5.895451842236844
lodging,decision_tree,4.37683697,5.599710383250001
lodging,decision_tree,2.696504545,4.429532622879119
lodging,decision_tree,4.02266556,4.429532622879119
lodging,decision_tree,5.111301742,4.429532622879119
lodging,decision_tree,5.539852746,4.480714943805083
lodging,decision_tree,6.872117552,6.186753535423078
lodging,decision_tree,4.183703762,4.76124281537931
lodging,decision_tree,5.181903053,4.76124281537931
lodging,decision_tree,3.775652065,4.104925203444446
lodging,decision_tree,5.821299645,4.655595623240963
lodging,decision_tree,4.327894254,4.542979560927745
lodging,decision_tree,3.582551394,4.243949836325713
lodging,decision_tree,4.351011006,4.657863452250001
lodging,decision_tree,4.872841609,4.9641004416279975
lodging,decision_tree,3.978956337,3.4124765764799996
lodging,decision_tree,3.620595705,3.30009851797561
lodging,decision_tree,4.329065778,4.3383400057058825
lodging,decision_tree,4.806399323,4.343135147966664
lodging,decision_tree,4.707846935,4.464411444833333
lodging,decision_tree,3.498895966,3.9469604341999998
lodging,decision_tree,5.523333581,4.76124281537931
lodging,decision_tree,4.719864731,4.0531894675901645
lodging,decision_tree,5.361344724,4.243949836325713
lodging,decision_tree,5.562203652,4.850165384815384
lodging,decision_tree,4.915984247,3.8842326208571425
lodging,decision_tree,5.253851879,4.542979560927745
lodging,decision_tree,5.059527271,4.9641004416279975
lodging,decision_tree,5.135112082,3.20097566165
lodging,decision_tree,5.512279283,4.480714943805083
lodging,decision_tree,2.521316042,3.472221875944444
lodging,decision_tree,5.124428232,4.657863452250001
lodging,decision_tree,3.749274042,3.8060610958955228
lodging,decision_tree,3.658866437,4.499931162727273
lodging,decision_tree,3.919528269,4.093473199285715
lodging,decision_tree,3.926984468,4.429532622879119
lodging,decision_tree,4.397955464,4.812578437071429
lodging,decision_tree,1.652942521,1.6517073532951536
lodging,decision_tree,4.969980074,4.343135147966664
lodging,decision_tree,4.649858969,4.104925203444446
lodging,decision_tree,3.790861055,4.480714943805083
lodging,decision_tree,4.594024351,5.333127750243901
lodging,decision_tree,4.990780311,4.542979560927745
lodging,decision_tree,4.620565627,5.858650092981482
lodging,decision_tree,4.652114054,4.0640680207279996
lodging,decision_tree,4.321070989,3.309228336304348
lodging,decision_tree,4.162164063,4.243949836325713
lodging,decision_tree,4.702770328,4.0640680207279996
lodging,decision_tree,6.234887724,5.718715316343751
lodging,decision_tree,4.538992816,4.102300817105768
lodging,decision_tree,5.463588289,4.480714943805083
lodging,decision_tree,4.69526536,4.104925203444446
lodging,decision_tree,3.297521063,3.3331937688235302
lodging,decision_tree,2.929538509,1.7037518368710938
lodging,decision_tree,4.656969351,4.243949836325713
lodging,decision_tree,5.020231095,4.542979560927745
lodging,decision_tree,5.114981399,3.6786199949
lodging,decision_tree,5.650842925,4.647316417571429
lodging,decision_tree,3.061165849,3.8060610958955228
lodging,decision_tree,3.816660847,4.5419698305
lodging,decision_tree,1.76315568,1.7814379530322584
lodging,decision_tree,4.461376421,1.6517073532951536
lodging,decision_tree,3.897087598,4.480714943805083
lodging,decision_tree,4.227437727,4.3383400057058825
lodging,decision_tree,3.739869741,4.542979560927745
lodging,decision_tree,3.05781295,2.8188788705681818
lodging,decision_tree,2.123951455,2.4672621694333334
lodging,decision_tree,4.668373287,4.429532622879119
lodging,decision_tree,4.856869571,5.599710383250001
lodging,decision_tree,2.846266292,2.9904780818
lodging,decision_tree,4.712003608,4.76124281537931
lodging,decision_tree,3.362131662,3.8842326208571425
lodging,decision_tree,7.622874823,5.895451842236844
lodging,decision_tree,4.497894012,4.480714943805083
lodging,decision_tree,4.399029059,5.599710383250001
lodging,decision_tree,4.357475075,4.850165384815384
lodging,decision_tree,4.084908202,3.6070621225789483
lodging,decision_tree,2.931079574,4.0640680207279996
lodging,decision_tree,5.118345116,5.895451842236844
lodging,decision_tree,5.227534284,4.480714943805083
lodging,decision_tree,4.760308786,4.657863452250001
lodging,decision_tree,4.961383238,4.0531894675901645
lodging,decision_tree,2.987004774,4.102300817105768
lodging,decision_tree,3.94705695,3.4124765764799996
lodging,decision_tree,4.084518834,4.0531894675901645
lodging,decision_tree,3.385490985,3.6070621225789483
lodging,decision_tree,3.332437308,4.812578437071429
lodging,decision_tree,4.092816532,4.542979560927745
lodging,decision_tree,5.750686866,4.542979560927745
lodging,decision_tree,4.046082841,3.4124765764799996
lodging,decision_tree,3.911884515,3.30009851797561
lodging,decision_tree,3.032681467,4.0640680207279996
lodging,decision_tree,1.842241512,1.6247740936018513
lodging,decision_tree,1.521855278,1.7188154095428572
lodging,decision_tree,1.852497718,3.6786199949
lodging,decision_tree,1.991830975,1.9522902190833333
lodging,decision_tree,3.25416796,3.4900855442000003
lodging,decision_tree,5.861620171,5.858650092981482
lodging,decision_tree,3.973206476,4.429532622879119
lodging,decision_tree,3.855542112,4.9641004416279975
lodging,decision_tree,4.415043957,4.480714943805083
lodging,decision_tree,4.788720722,4.76124281537931
lodging,decision_tree,5.27621314,3.30009851797561
lodging,decision_tree,3.12442764,3.8842326208571425
lodging,decision_tree,4.916196659,4.542979560927745
lodging,decision_tree,4.174916025,3.8367447233
lodging,decision_tree,3.018373684,2.638209256741935
lodging,decision_tree,3.654144662,4.104925203444446
lodging,decision_tree,4.788902379,3.0257726877000004
lodging,decision_tree,5.345048071,4.480714943805083
lodging,decision_tree,3.797265608,4.542979560927745
lodging,decision_tree,4.226098546,4.0640680207279996
lodging,decision_tree,4.726022542,6.186753535423078
lodging,decision_tree,4.347589164,3.30009851797561
lodging,decision_tree,4.388137225,4.657863452250001
lodging,decision_tree,5.520380141,4.655595623240963
lodging,decision_tree,5.151347886,3.8367447233
lodging,decision_tree,6.547075227,4.9641004416279975
lodging,decision_tree,2.006057878,4.542979560927745
lodging,decision_tree,4.467419511,4.542979560927745
lodging,decision_tree,2.109106784,4.104925203444446
lodging,decision_tree,4.432711994,5.333127750243901
lodging,decision_tree,5.334823806,3.8060610958955228
lodging,decision_tree,4.351484117,4.343135147966664
lodging,decision_tree,2.8356063,2.8188788705681818
lodging,decision_tree,4.656178745,3.2287638633
lodging,decision_tree,2.226618446,2.8188788705681818
lodging,decision_tree,5.115806316,4.850165384815384
lodging,decision_tree,4.717028951,4.480714943805083
lodging,decision_tree,5.230518033,6.186753535423078
lodging,decision_tree,4.4583204,4.480714943805083
lodging,decision_tree,3.184280556,4.76124281537931
lodging,decision_tree,4.02314869,2.770795044733333
lodging,decision_tree,5.469011821,2.9904780818
lodging,decision_tree,4.292328015,4.76124281537931
lodging,decision_tree,4.941436323,4.9641004416279975
lodging,decision_tree,4.656513771,3.6786199949
lodging,decision_tree,5.129638566,4.0531894675901645
lodging,decision_tree,4.364490175,5.858650092981482
lodging,decision_tree,6.398037925,4.0531894675901645
lodging,decision_tree,5.898260402,4.102300817105768
lodging,decision_tree,6.445446333,4.99187297757143
lodging,decision_tree,4.485682849,5.470093034465116
lodging,decision_tree,4.104672636,3.309228336304348
lodging,decision_tree,4.343036868,4.499931162727273
lodging,decision_tree,4.721548166,4.542979560927745
lodging,decision_tree,2.721797518,2.482104544238095
lodging,decision_tree,3.927073481,4.61983407138889
lodging,decision_tree,3.897246117,3.6070621225789483
lodging,decision_tree,1.959922517,2.482104544238095
lodging,decision_tree,1.345335356,1.7037518368710938
lodging,decision_tree,2.483123379,3.4399984977631575
lodging,decision_tree,3.535152614,4.243949836325713
lodging,decision_tree,3.905811507,3.8060610958955228
lodging,decision_tree,4.792873996,5.858650092981482
lodging,decision_tree,5.422952208,5.718715316343751
lodging,decision_tree,5.858145806,4.812578437071429
lodging,decision_tree,2.714066514,3.8842326208571425
lodging,decision_tree,3.557785783,4.655595623240963
lodging,decision_tree,4.239419192,4.76124281537931
lodging,decision_tree,4.879896412,4.480714943805083
lodging,decision_tree,2.199258873,2.8188788705681818
lodging,decision_tree,4.310518118,4.601377139014705
lodging,decision_tree,3.458677396,2.4503897582666667
lodging,decision_tree,5.126184026,3.8842326208571425
lodging,decision_tree,3.157951198,3.472221875944444
lodging,decision_tree,2.495654859,3.789957174488373
lodging,decision_tree,3.17187251,2.638209256741935
lodging,decision_tree,4.231189011,2.482104544238095
lodging,decision_tree,2.839871118,1.634311371185185
lodging,decision_tree,6.114884823,5.718715316343751
lodging,decision_tree,4.519585972,4.655595623240963
lodging,decision_tree,2.836531508,4.480714943805083
lodging,decision_tree,4.280409351,4.480714943805083
lodging,decision_tree,3.302575963,4.102300817105768
lodging,decision_tree,2.762068049,3.4124765764799996
lodging,decision_tree,4.277552963,4.542979560927745
lodging,decision_tree,4.740483969,4.61983407138889
lodging,decision_tree,4.78344071,4.243949836325713
lodging,decision_tree,3.3086576,4.5419698305
lodging,decision_tree,4.420136557,4.601377139014705
lodging,decision_tree,4.228182347,3.3470613948
lodging,decision_tree,3.622257198,3.4124765764799996
lodging,decision_tree,3.800183974,4.657863452250001
lodging,decision_tree,3.077478694,2.638209256741935
lodging,decision_tree,3.80419515,3.4124765764799996
lodging,decision_tree,4.554386761,4.5419698305
lodging,decision_tree,2.944961573,1.9522902190833333
lodging,decision_tree,2.766499021,4.9641004416279975
lodging,decision_tree,4.423300721,2.638209256741935
lodging,decision_tree,4.616495526,5.718715316343751
lodging,decision_tree,5.078188354,4.601377139014705
lodging,decision_tree,4.921836463,4.247191924666668
lodging,decision_tree,6.354450241,3.8842326208571425
lodging,decision_tree,4.164241775,4.243949836325713
lodging,decision_tree,4.622479531,4.102300817105768
lodging,decision_tree,4.32803416,4.243949836325713
lodging,decision_tree,4.888426596,4.9641004416279975
lodging,decision_tree,5.130013638,4.657863452250001
lodging,decision_tree,4.912231624,4.243949836325713
lodging,decision_tree,5.313829485,3.8842326208571425
lodging,decision_tree,2.910019696,4.876014110470586
lodging,decision_tree,5.949283225,4.876014110470586
lodging,decision_tree,6.213324731,5.858650092981482
lodging,decision_tree,3.582525186,4.850165384815384
lodging,decision_tree,5.718219152,4.876014110470586
lodging,decision_tree,4.784482872,4.601377139014705
lodging,decision_tree,3.20561382,3.8060610958955228
lodging,decision_tree,2.157534855,2.9765786133
lodging,decision_tree,4.569913543,4.343135147966664
lodging,decision_tree,6.429281313,5.599710383250001
lodging,decision_tree,2.272441004,2.4672621694333334
lodging,decision_tree,1.684594722,1.7188154095428572
lodging,decision_tree,5.351767574,4.343135147966664
lodging,decision_tree,3.461243287,4.3383400057058825
lodging,decision_tree,5.951598285,4.657863452250001
lodging,decision_tree,4.775419338,4.61983407138889
lodging,decision_tree,5.594345263,4.850165384815384
lodging,decision_tree,4.647939538,4.343135147966664
lodging,decision_tree,4.384931256,4.601377139014705
lodging,decision_tree,5.867212696,4.76124281537931
lodging,decision_tree,6.433244562,4.542979560927745
lodging,decision_tree,2.975325383,4.850165384815384
lodging,decision_tree,5.535560789,4.876014110470586
lodging,decision_tree,5.374501518,4.601377139014705
lodging,decision_tree,3.412517888,2.770795044733333
lodging,decision_tree,5.007931087,4.9641004416279975
lodging,decision_tree,2.824084032,1.7188154095428572
lodging,decision_tree,5.461442303,4.876014110470586
lodging,decision_tree,2.221533451,1.8590869173666669
lodging,decision_tree,5.339080212,4.243949836325713
lodging,decision_tree,3.00941801,4.2338188272499995
lodging,decision_tree,4.050293724,4.542979560927745
lodging,decision_tree,4.828747404,4.429532622879119
lodging,decision_tree,3.471794706,4.9641004416279975
lodging,decision_tree,4.276882324,5.470093034465116
lodging,decision_tree,5.712272697,4.0640680207279996
lodging,decision_tree,2.75195233,3.8165580946
lodging,decision_tree,4.425545405,4.542979560927745
lodging,decision_tree,5.035453277,4.0640680207279996
lodging,decision_tree,5.833932351,5.811653180409092
lodging,decision_tree,5.796110096,4.9641004416279975
lodging,decision_tree,4.947919417,4.601377139014705
lodging,decision_tree,5.107548571,4.0640680207279996
lodging,decision_tree,3.61060408,4.480714943805083
lodging,decision_tree,3.019364291,2.638209256741935
lodging,decision_tree,6.251530686,4.655595623240963
lodging,decision_tree,4.414177121,4.480714943805083
lodging,decision_tree,4.220568237,4.876014110470586
lodging,decision_tree,4.262197652,4.655595623240963
lodging,decision_tree,2.256176744,2.4503897582666667
lodging,decision_tree,5.504238808,4.343135147966664
lodging,decision_tree,5.349120378,4.429532622879119
lodging,decision_tree,1.948802947,4.243949836325713
lodging,decision_tree,5.045576705,4.542979560927745
lodging,decision_tree,4.45909478,4.542979560927745
lodging,decision_tree,3.115109204,5.409960673428571
lodging,decision_tree,3.2519328535,4.607430186266666
lodging,decision_tree,4.586131284,4.243949836325713
lodging,decision_tree,7.573818309,4.61983407138889
lodging,decision_tree,4.784326574,5.333127750243901
lodging,decision_tree,5.317745894,4.538380682107143
lodging,decision_tree,4.944483525,4.429532622879119
lodging,decision_tree,4.416832099,4.99187297757143
lodging,decision_tree,4.566377849,4.538380682107143
lodging,decision_tree,6.13393837,5.599710383250001
lodging,decision_tree,4.161002275,4.542979560927745
lodging,decision_tree,4.077029973,4.76124281537931
lodging,decision_tree,2.911577251,4.429532622879119
lodging,decision_tree,5.047151684,4.542979560927745
lodging,decision_tree,4.786826873,4.429532622879119
lodging,decision_tree,6.139518626,5.895451842236844
lodging,decision_tree,4.919173356,4.104925203444446
lodging,decision_tree,4.476460842,4.538380682107143
lodging,decision_tree,1.812338882,3.4399984977631575
lodging,decision_tree,1.602527523,2.9765786133
lodging,decision_tree,6.467910165,4.429532622879119
lodging,decision_tree,3.796933208,3.8842326208571425
lodging,decision_tree,2.847636652,3.309228336304348
lodging,decision_tree,2.801179323,4.480714943805083
lodging,decision_tree,4.503331147,4.655595623240963
lodging,decision_tree,4.697404464,2.638209256741935
lodging,decision_tree,3.452804531,2.9765786133
lodging,decision_tree,4.473978076,4.2208918026
lodging,decision_tree,5.179140491,4.499931162727273
lodging,decision_tree,4.023612906,4.429532622879119
lodging,decision_tree,3.431845789,1.681918602953126
lodging,decision_tree,5.740444128,5.718715316343751
lodging,decision_tree,6.868828198,5.858650092981482
lodging,decision_tree,5.104171755,4.343135147966664
lodging,decision_tree,4.76863407,5.718715316343751
lodging,decision_tree,6.751134334,5.718715316343751
lodging,decision_tree,5.439629806,5.348245571800001
lodging,decision_tree,4.672937649,4.812578437071429
lodging,decision_tree,6.787596732,6.186753535423078
lodging,decision_tree,5.475898943,6.6827622039
lodging,decision_tree,7.265955874,5.736832528947369
lodging,decision_tree,4.872031548,4.480714943805083
lodging,decision_tree,3.382035541,4.243949836325713
lodging,decision_tree,4.525669767,4.655595623240963
lodging,decision_tree,4.623861384,5.333127750243901
lodging,decision_tree,6.223058511,5.599710383250001
lodging,decision_tree,4.37548774,4.812578437071429
lodging,decision_tree,4.499155652,5.515559755545454
lodging,decision_tree,6.104600126,5.599710383250001
lodging,decision_tree,5.053382437,5.333127750243901
lodging,decision_tree,3.63390081,4.9641004416279975
lodging,decision_tree,6.115412217,5.333127750243901
lodging,decision_tree,6.058013171,5.515559755545454
lodging,decision_tree,6.000484175,4.9641004416279975
lodging,decision_tree,6.014842728,4.0640680207279996
lodging,decision_tree,5.01647163,4.429532622879119
lodging,decision_tree,3.953235103,3.4124765764799996
lodging,decision_tree,4.179331082,4.243949836325713
lodging,decision_tree,4.392127321,6.6827622039
lodging,decision_tree,6.763826753,5.895451842236844
lodging,decision_tree,6.779607827,5.736832528947369
lodging,decision_tree,6.703613377,5.895451842236844
lodging,decision_tree,5.396830176,5.718715316343751
lodging,decision_tree,5.868403779,4.429532622879119
lodging,decision_tree,5.421888563,4.542979560927745
lodging,decision_tree,3.411879072,6.186753535423078
lodging,decision_tree,5.160703488,5.718715316343751
lodging,decision_tree,4.366121199,4.542979560927745
lodging,decision_tree,3.544802343,4.850165384815384
lodging,decision_tree,5.557012284,4.61983407138889
lodging,decision_tree,1.680536011,2.0993745861818187
lodging,decision_tree,1.778381997,1.9522902190833333
lodging,decision_tree,5.68494121,4.850165384815384
lodging,decision_tree,3.856466636,4.812578437071429
lodging,decision_tree,3.117689596,4.542979560927745
lodging,decision_tree,5.119732307,5.599710383250001
lodging,decision_tree,3.862444722,5.470093034465116
lodging,decision_tree,3.301610727,4.2208918026
lodging,decision_tree,3.299030754,4.9641004416279975
lodging,decision_tree,4.638951363,4.538380682107143
lodging,decision_tree,4.015279224,1.7188154095428572
lodging,decision_tree,4.576371766,4.429532622879119
lodging,decision_tree,4.371463961,4.104925203444446
lodging,decision_tree,3.347167778,1.7188154095428572
lodging,decision_tree,3.853084511,4.429532622879119
lodging,decision_tree,1.337708735,1.6247740936018513
lodging,decision_tree,4.092336223,5.333127750243901
lodging,decision_tree,4.584704065,4.76124281537931
lodging,decision_tree,4.641198522,4.61983407138889
lodging,decision_tree,4.043323334,4.655595623240963
lodging,decision_tree,4.364560795,3.3470613948
lodging,decision_tree,0.893707226,4.3383400057058825
lodging,decision_tree,3.875339844,3.4124765764799996
lodging,decision_tree,3.396556025,3.4124765764799996
lodging,decision_tree,4.28998733,4.343135147966664
lodging,decision_tree,3.860008033,2.1924205944285715
lodging,decision_tree,7.067088669,4.657863452250001
lodging,decision_tree,4.740083449,4.542979560927745
lodging,decision_tree,4.834950951,4.542979560927745
lodging,decision_tree,1.218162723,3.6786199949
lodging,decision_tree,1.248560567,2.9904780818
lodging,decision_tree,4.320385706,4.343135147966664
lodging,decision_tree,3.989236797,3.4124765764799996
lodging,decision_tree,1.964620369,2.482104544238095
lodging,decision_tree,3.764629335,4.243949836325713
lodging,decision_tree,4.772437166,4.104925203444446
lodging,decision_tree,4.55920976,4.243949836325713
lodging,decision_tree,4.829363796,4.61983407138889
lodging,decision_tree,5.22506268,5.895451842236844
lodging,decision_tree,5.505694965,5.599710383250001
lodging,decision_tree,4.327852354,1.7188154095428572
lodging,decision_tree,5.197882276,4.876014110470586
lodging,decision_tree,1.632720397,1.8231065567142857
lodging,decision_tree,1.54784709,1.7037518368710938
lodging,decision_tree,5.004945045,3.472221875944444
lodging,decision_tree,5.146490773,4.876014110470586
lodging,decision_tree,2.508978419,4.104925203444446
lodging,decision_tree,3.584736855,4.480714943805083
lodging,decision_tree,2.064772446,1.7037518368710938
lodging,decision_tree,3.919152409,3.6070621225789483
lodging,decision_tree,4.657951759,5.895451842236844
lodging,decision_tree,5.649148764,4.243949836325713
lodging,decision_tree,3.841546978,4.243949836325713
lodging,decision_tree,5.385630271,6.186753535423078
lodging,decision_tree,5.039232182,4.542979560927745
lodging,decision_tree,3.760815206,3.0257726877000004
lodging,decision_tree,5.346277948,4.601377139014705
lodging,decision_tree,4.266503751,4.944300711857143
lodging,decision_tree,6.566555523,5.895451842236844
lodging,decision_tree,4.531366111,4.542979560927745
lodging,decision_tree,3.914885439,4.343135147966664
lodging,decision_tree,5.150057616,6.186753535423078
lodging,decision_tree,1.801756288,2.4503897582666667
lodging,decision_tree,2.432197243,2.1924205944285715
lodging,decision_tree,1.99320788,3.3470613948
lodging,decision_tree,6.504567262,4.542979560927745
lodging,decision_tree,2.301614905,2.482104544238095
lodging,decision_tree,5.071310959,4.0640680207279996
lodging,decision_tree,1.969593308,2.0993745861818187
lodging,decision_tree,5.476465658,4.76124281537931
lodging,decision_tree,4.099072818,4.343135147966664
lodging,decision_tree,3.89988251,4.429532622879119
lodging,decision_tree,1.741193104,2.811981324
lodging,decision_tree,2.559948281,1.7037518368710938
lodging,decision_tree,4.479070022,4.429532622879119
lodging,decision_tree,1.101869328,1.7188154095428572
lodging,decision_tree,1.809142825,1.6777857102799996
lodging,decision_tree,2.325586512,1.7037518368710938
lodging,decision_tree,6.022132232,6.186753535423078
lodging,decision_tree,2.403801113,2.9904780818
lodging,decision_tree,5.19670088,4.9641004416279975
lodging,decision_tree,3.304496575,4.480714943805083
lodging,decision_tree,3.882299353,4.61983407138889
lodging,decision_tree,4.321430004,4.480714943805083
lodging,decision_tree,5.117319238,4.243949836325713
lodging,decision_tree,4.199238013,4.243949836325713
lodging,decision_tree,3.94259445,4.657863452250001
lodging,decision_tree,6.144647904,4.9641004416279975
lodging,decision_tree,4.65571242,4.601377139014705
lodging,decision_tree,3.019690362,1.634311371185185
lodging,decision_tree,4.672617719,5.858650092981482
lodging,decision_tree,4.74200161,4.657863452250001
lodging,decision_tree,4.906033452,4.102300817105768
lodging,decision_tree,3.707176796,4.99187297757143
lodging,decision_tree,4.104879749,4.657863452250001
lodging,decision_tree,5.307473856,4.9641004416279975
lodging,decision_tree,4.838346722,4.102300817105768
lodging,decision_tree,6.991458199,4.542979560927745
lodging,decision_tree,4.463347296,4.76124281537931
lodging,decision_tree,4.298862098,4.102300817105768
lodging,decision_tree,6.975004619,5.858650092981482
lodging,decision_tree,5.241783201,5.895451842236844
lodging,decision_tree,4.88884554,4.0640680207279996
lodging,decision_tree,5.622153822,5.736832528947369
lodging,decision_tree,6.112798407,5.895451842236844
lodging,decision_tree,5.784897284,4.76124281537931
lodging,decision_tree,3.625195196,4.243949836325713
lodging,decision_tree,2.394888765,4.102300817105768
lodging,decision_tree,3.660392061,3.4124765764799996
lodging,decision_tree,3.853187623,4.243949836325713
lodging,decision_tree,4.167079841,4.480714943805083
lodging,decision_tree,1.844759632,3.8842326208571425
lodging,decision_tree,3.641194674,4.243949836325713
lodging,decision_tree,2.896456547,3.30009851797561
lodging,decision_tree,4.053443693,4.104925203444446
lodging,decision_tree,5.453390512,4.243949836325713
lodging,decision_tree,3.839919072,2.638209256741935
lodging,decision_tree,5.075445612,4.243949836325713
lodging,decision_tree,3.063298141,2.8188788705681818
lodging,decision_tree,4.939951446,4.343135147966664
lodging,decision_tree,1.892332919,4.499931162727273
lodging,decision_tree,3.493881131,4.243949836325713
lodging,decision_tree,5.191209619,3.8060610958955228
lodging,decision_tree,4.379345952,4.9641004416279975
lodging,decision_tree,3.971284143,4.542979560927745
lodging,decision_tree,4.296070344,4.657863452250001
lodging,decision_tree,2.213588334,2.6156258994999995
lodging,decision_tree,1.477866342,1.7188154095428572
lodging,decision_tree,3.291478704,3.5321444135
lodging,decision_tree,4.098301531,5.858650092981482
lodging,decision_tree,2.593418654,3.5321444135
lodging,decision_tree,3.840692807,4.243949836325713
lodging,decision_tree,2.559092228,4.243949836325713
lodging,decision_tree,2.228494701,3.309228336304348
lodging,decision_tree,6.122793352,5.470093034465116
lodging,decision_tree,3.897611651,4.657863452250001
lodging,decision_tree,4.089283519,3.9469604341999998
lodging,decision_tree,3.935390208,5.858650092981482
lodging,decision_tree,5.471261277,4.876014110470586
lodging,decision_tree,4.773921412,4.542979560927745
lodging,decision_tree,4.448736192,5.333127750243901
lodging,decision_tree,4.480610067,3.20097566165
lodging,decision_tree,4.678029094,4.104925203444446
lodging,decision_tree,4.478901922,4.0640680207279996
lodging,decision_tree,2.979226226,3.9469604341999998
lodging,decision_tree,3.145577394,4.9641004416279975
lodging,decision_tree,3.287340025,2.638209256741935
lodging,decision_tree,2.896896744,4.0531894675901645
lodging,decision_tree,4.654163806,4.480714943805083
lodging,decision_tree,2.13623792,4.480714943805083
lodging,decision_tree,2.522362427,3.20097566165
lodging,decision_tree,4.550783543,3.789957174488373
lodging,decision_tree,3.508206028,4.0531894675901645
lodging,decision_tree,2.440079575,1.6254305768749997
lodging,decision_tree,2.770383488,3.4399984977631575
lodging,decision_tree,6.145358316,3.8060610958955228
lodging,decision_tree,5.021682448,4.850165384815384
lodging,decision_tree,5.658259837,4.243949836325713
lodging,decision_tree,5.185553415,5.599710383250001
lodging,decision_tree,3.851277592,4.429532622879119
lodging,decision_tree,3.425438489,3.309228336304348
lodging,decision_tree,4.301141772,4.243949836325713
lodging,decision_tree,5.2022527,4.0640680207279996
lodging,decision_tree,4.491685657,4.243949836325713
lodging,decision_tree,4.978795668,4.542979560927745
lodging,decision_tree,3.655321858,2.482104544238095
lodging,decision_tree,4.201783085,4.243949836325713
lodging,decision_tree,5.01590734,4.0640680207279996
lodging,decision_tree,4.085441218,4.480714943805083
lodging,decision_tree,3.335592615,3.4124765764799996
lodging,decision_tree,4.677931074,1.8231065567142857
lodging,decision_tree,4.005514319,3.789957174488373
lodging,decision_tree,4.069880307,3.3331937688235302
lodging,decision_tree,1.93872088,2.4503897582666667
lodging,decision_tree,3.063977908,4.601377139014705
lodging,decision_tree,6.184711275,4.102300817105768
lodging,decision_tree,5.238867392,4.542979560927745
lodging,decision_tree,2.939160487,4.9641004416279975
lodging,decision_tree,1.975639885,1.7188154095428572
lodging,decision_tree,4.465176718,3.6070621225789483
lodging,decision_tree,1.649528363,1.7037518368710938
lodging,decision_tree,6.533970428,5.858650092981482
lodging,decision_tree,1.626141594,4.0640680207279996
lodging,decision_tree,3.23236706,4.9641004416279975
lodging,decision_tree,3.635696551,4.480714943805083
lodging,decision_tree,7.046709444,5.811653180409092
lodging,decision_tree,3.2595745,3.789957174488373
lodging,decision_tree,5.275306215,6.186753535423078
lodging,decision_tree,4.770455151,5.599710383250001
lodging,decision_tree,3.101062896,2.2188738957777776
lodging,decision_tree,5.448852153,4.343135147966664
lodging,decision_tree,2.268932395,4.0531894675901645
lodging,decision_tree,3.292886999,3.3331937688235302
lodging,decision_tree,2.589895923,3.945240532
lodging,decision_tree,3.220548623,4.0640680207279996
lodging,decision_tree,3.693989962,4.480714943805083
lodging,decision_tree,4.823767638,2.6156258994999995
lodging,decision_tree,7.120885983,4.542979560927745
lodging,decision_tree,2.21593201,3.3331937688235302
lodging,decision_tree,4.15241155,4.61983407138889
lodging,decision_tree,2.228217887,2.9765786133
lodging,decision_tree,2.517946235,4.0640680207279996
lodging,decision_tree,3.353558237,4.243949836325713
lodging,decision_tree,4.067579367,3.0257726877000004
lodging,decision_tree,2.555535004,2.811981324
lodging,decision_tree,4.043781643,2.811981324
lodging,decision_tree,2.841172485,4.480714943805083
lodging,decision_tree,1.714144661,3.8165580946
lodging,decision_tree,2.776561476,1.6632362230416666
lodging,decision_tree,2.082461683,2.8188788705681818
lodging,decision_tree,2.166396948,1.7188154095428572
lodging,decision_tree,1.951992416,1.8231065567142857
lodging,decision_tree,5.113659853,4.601377139014705
lodging,decision_tree,2.338540393,3.789957174488373
lodging,decision_tree,4.094321262,4.243949836325713
lodging,decision_tree,5.065734276,4.0531894675901645
lodging,decision_tree,3.970811604,4.343135147966664
lodging,decision_tree,2.764819695,3.8060610958955228
lodging,decision_tree,3.25990035,4.0640680207279996
lodging,decision_tree,2.10433678,4.480714943805083
lodging,decision_tree,3.934116573,4.0640680207279996
lodging,decision_tree,3.592001336,4.104925203444446
lodging,decision_tree,2.937346268,3.3331937688235302
lodging,decision_tree,4.100097883,4.542979560927745
lodging,decision_tree,3.179139799,4.0640680207279996
lodging,decision_tree,4.922221525,4.243949836325713
lodging,decision_tree,4.752816507,4.343135147966664
lodging,decision_tree,1.699062358,3.20097566165
lodging,decision_tree,3.710430428,3.8842326208571425
lodging,decision_tree,5.206733713,4.944300711857143
lodging,decision_tree,4.740848426,3.789957174488373
lodging,decision_tree,4.575616763,4.0531894675901645
lodging,decision_tree,4.658890847,4.102300817105768
lodging,decision_tree,3.370972835,1.7037518368710938
lodging,decision_tree,1.655833443,4.3383400057058825
lodging,decision_tree,4.071623016,4.3383400057058825
lodging,decision_tree,2.850522506,3.945240532
lodging,decision_tree,4.904154521,4.243949836325713
lodging,decision_tree,5.128696682,4.601377139014705
lodging,decision_tree,2.714575671,4.243949836325713
lodging,decision_tree,6.619358192,5.470093034465116
lodging,decision_tree,6.682052132,5.348245571800001
lodging,decision_tree,3.424358949,4.104925203444446
lodging,decision_tree,5.435596619,4.76124281537931
lodging,decision_tree,4.649489391,4.944300711857143
lodging,decision_tree,3.78364287,3.4124765764799996
lodging,decision_tree,2.886957236,3.9469604341999998
lodging,decision_tree,3.013890058,2.9765786133
lodging,decision_tree,3.998086448,2.8188788705681818
lodging,decision_tree,3.281364759,4.243949836325713
lodging,decision_tree,5.290636593,4.480714943805083
lodging,decision_tree,4.340169102,3.8842326208571425
lodging,decision_tree,3.733036173,4.480714943805083
lodging,decision_tree,5.34012693,4.480714943805083
lodging,decision_tree,4.838967055,3.309228336304348
lodging,decision_tree,4.433693233,4.343135147966664
lodging,decision_tree,2.50922651,2.9765786133
lodging,decision_tree,2.95930357,1.6247740936018513
lodging,decision_tree,4.029511883,3.4399984977631575
lodging,decision_tree,2.908271205,4.99187297757143
lodging,decision_tree,5.270220734,4.480714943805083
lodging,decision_tree,3.674294241,4.104925203444446
lodging,decision_tree,2.527545919,4.243949836325713
lodging,decision_tree,5.040342662,4.243949836325713
lodging,decision_tree,3.190825378,4.480714943805083
lodging,decision_tree,4.964198949,3.4900855442000003
lodging,decision_tree,6.010167046,3.309228336304348
lodging,decision_tree,5.488039634,3.8060610958955228
lodging,decision_tree,4.81630653,4.655595623240963
lodging,decision_tree,2.824581554,3.8060610958955228
lodging,decision_tree,4.604293052,2.9765786133
lodging,decision_tree,3.407849723,2.8188788705681818
lodging,decision_tree,3.832855444,4.243949836325713
lodging,decision_tree,3.775659337,2.9765786133
lodging,decision_tree,5.041832854,4.343135147966664
lodging,decision_tree,3.053894606,3.309228336304348
lodging,decision_tree,4.472557711,4.542979560927745
lodging,decision_tree,5.367492761,4.876014110470586
lodging,decision_tree,5.377026626,4.0531894675901645
lodging,decision_tree,4.973949939,5.858650092981482
lodging,decision_tree,3.391987873,5.333127750243901
lodging,decision_tree,4.386450984,4.343135147966664
lodging,decision_tree,4.59991347,4.76124281537931
lodging,decision_tree,5.646128936,4.243949836325713
lodging,decision_tree,4.745899951,4.243949836325713
lodging,decision_tree,4.699786608,4.480714943805083
lodging,decision_tree,4.512807754,4.542979560927745
lodging,decision_tree,3.279521909,4.343135147966664
lodging,decision_tree,5.252116469,5.333127750243901
lodging,decision_tree,4.415609183,4.480714943805083
lodging,decision_tree,2.91278604,4.343135147966664
lodging,decision_tree,4.632283408,4.0640680207279996
lodging,decision_tree,4.568497404,4.343135147966664
lodging,decision_tree,4.305513966,4.542979560927745
lodging,decision_tree,4.990581624,4.0640680207279996
lodging,decision_tree,2.331689427,2.804624799666667
lodging,decision_tree,4.507277735,4.243949836325713
lodging,decision_tree,4.540685481,4.243949836325713
lodging,decision_tree,3.026729048,2.8188788705681818
lodging,decision_tree,1.83496115,4.601377139014705
lodging,decision_tree,3.58208097,4.429532622879119
lodging,decision_tree,2.273316558,3.0257726877000004
lodging,decision_tree,3.106137155,4.429532622879119
lodging,decision_tree,4.643834597,5.348245571800001
lodging,decision_tree,1.591202136,3.4473617511
lodging,decision_tree,5.317955963,4.102300817105768
lodging,decision_tree,2.698977413,1.6517073532951536
lodging,decision_tree,2.462774602,3.4473617511
lodging,decision_tree,5.111591289,3.945240532
lodging,decision_tree,2.046054587,1.7188154095428572
lodging,decision_tree,6.30724436,4.243949836325713
lodging,decision_tree,5.671323962,4.464411444833333
lodging,decision_tree,5.437253231,4.429532622879119
lodging,decision_tree,3.453043868,3.3331937688235302
lodging,decision_tree,5.304788893,4.9641004416279975
lodging,decision_tree,2.179415141,1.6247740936018513
lodging,decision_tree,5.375732395,4.655595623240963
lodging,decision_tree,2.797350437,4.655595623240963
lodging,decision_tree,5.044807382,4.243949836325713
lodging,decision_tree,3.876511978,4.9641004416279975
lodging,decision_tree,5.02322295,4.0640680207279996
lodging,decision_tree,4.940800869,4.9641004416279975
lodging,decision_tree,4.777156571,5.858650092981482
lodging,decision_tree,5.477913353,4.102300817105768
lodging,decision_tree,4.261307129,4.655595623240963
lodging,decision_tree,4.973536271,4.243949836325713
lodging,decision_tree,3.114161643,1.8231065567142857
plant_height,decision_tree,75.67769594,81.36429195009522
plant_height,decision_tree,84.55449674,81.68872005040002
plant_height,decision_tree,73.03060308,79.59627998423079
plant_height,decision_tree,83.591326,80.66799858125
plant_height,decision_tree,84.01965112,81.68872005040002
plant_height,decision_tree,80.04021115,79.59627998423079
plant_height,decision_tree,81.69455686,79.59627998423079
plant_height,decision_tree,81.5700258,85.23195851428572
plant_height,decision_tree,77.22669886,80.7313585608108
plant_height,decision_tree,82.92253771,100.44689697312502
plant_height,decision_tree,80.77550615,77.41133712700001
plant_height,decision_tree,84.37134405,81.36429195009522
plant_height,decision_tree,84.27392326,80.66799858125
plant_height,decision_tree,82.73914471,81.68872005040002
plant_height,decision_tree,81.77065709,81.68872005040002
plant_height,decision_tree,82.87641502,81.36429195009522
plant_height,decision_tree,83.7984174,84.07994710897435
plant_height,decision_tree,84.68236134,80.7313585608108
plant_height,decision_tree,86.95854211,81.36429195009522
plant_height,decision_tree,73.64524526,80.7313585608108
plant_height,decision_tree,83.18163398,81.68872005040002
plant_height,decision_tree,81.79162537,81.68872005040002
plant_height,decision_tree,84.19010671,81.36429195009522
plant_height,decision_tree,91.23067919,86.26689203636364
plant_height,decision_tree,79.58098299,81.36429195009522
plant_height,decision_tree,86.53196357,79.59627998423079
plant_height,decision_tree,87.60935176,84.07994710897435
plant_height,decision_tree,85.26875092,79.04529627551725
plant_height,decision_tree,84.79656269,81.36429195009522
plant_height,decision_tree,81.65845898,81.86439807263159
plant_height,decision_tree,79.19504919,77.41133712700001
plant_height,decision_tree,77.22195544,79.96810587583333
plant_height,decision_tree,78.80499912,79.04529627551725
plant_height,decision_tree,90.69975005,79.59627998423079
plant_height,decision_tree,78.58061471,81.68872005040002
plant_height,decision_tree,78.4224302,81.68872005040002
plant_height,decision_tree,83.05011296,80.7313585608108
plant_height,decision_tree,80.60449466,80.7313585608108
plant_height,decision_tree,85.87863387,80.7313585608108
plant_height,decision_tree,82.10460558,83.73348762423075
plant_height,decision_tree,84.47748544,92.0722391819811
plant_height,decision_tree,80.99994393,81.36429195009522
plant_height,decision_tree,76.9130623,81.36429195009522
plant_height,decision_tree,84.99348103,81.36429195009522
plant_height,decision_tree,80.1499059,77.41133712700001
plant_height,decision_tree,79.43039047,80.7313585608108
plant_height,decision_tree,75.25906779,80.7313585608108
plant_height,decision_tree,81.7058996,79.04529627551725
plant_height,decision_tree,84.66399821,84.07994710897435
plant_height,decision_tree,72.08291102,96.6617987872472
plant_height,decision_tree,80.49454892,80.7313585608108
plant_height,decision_tree,78.0534873,80.66799858125
plant_height,decision_tree,83.14791631,81.68872005040002
plant_height,decision_tree,80.71921434,80.7313585608108
plant_height,decision_tree,82.02358175,83.73348762423075
plant_height,decision_tree,80.71873988,81.86439807263159
plant_height,decision_tree,81.01173788,79.96810587583333
plant_height,decision_tree,82.57606969,81.36429195009522
plant_height,decision_tree,84.54075078,96.6617987872472
plant_height,decision_tree,80.25869303,80.66799858125
plant_height,decision_tree,79.02601328,79.59627998423079
plant_height,decision_tree,73.52007095,81.36429195009522
plant_height,decision_tree,81.13481848,85.23195851428572
plant_height,decision_tree,89.05232152,83.73348762423075
plant_height,decision_tree,73.74680528,81.68872005040002
plant_height,decision_tree,76.46907607,79.59627998423079
plant_height,decision_tree,84.27503345,83.73348762423075
plant_height,decision_tree,85.42685187,83.73348762423075
plant_height,decision_tree,88.13248437,81.36429195009522
plant_height,decision_tree,75.6804869,81.36429195009522
plant_height,decision_tree,80.57622999,80.66799858125
plant_height,decision_tree,88.48635068,87.42234932142858
plant_height,decision_tree,79.09958284,79.59627998423079
plant_height,decision_tree,73.75944618,81.36429195009522
plant_height,decision_tree,78.63114062,81.36429195009522
plant_height,decision_tree,79.27130673,81.36429195009522
plant_height,decision_tree,80.26252419,80.66799858125
plant_height,decision_tree,78.81578703,87.42234932142858
plant_height,decision_tree,79.29505914,77.41133712700001
plant_height,decision_tree,77.28224185,81.36429195009522
plant_height,decision_tree,86.97534513,81.68872005040002
plant_height,decision_tree,75.45900069,79.59627998423079
plant_height,decision_tree,76.79553268,79.59627998423079
plant_height,decision_tree,80.8613035,80.66799858125
plant_height,decision_tree,79.13978463,82.93246111928572
plant_height,decision_tree,82.51456253,87.164935526
plant_height,decision_tree,75.31281983,79.96810587583333
plant_height,decision_tree,82.02537275,88.18881794166667
plant_height,decision_tree,82.76665597,80.66799858125
plant_height,decision_tree,80.29783312,81.36429195009522
plant_height,decision_tree,80.48778323,81.36429195009522
plant_height,decision_tree,84.46987751,81.68872005040002
plant_height,decision_tree,80.59116622,79.59627998423079
plant_height,decision_tree,78.49164353,81.36429195009522
plant_height,decision_tree,84.0483785,82.93246111928572
plant_height,decision_tree,83.2423667,81.68872005040002
plant_height,decision_tree,85.2154447,83.73348762423075
plant_height,decision_tree,79.46970653,81.86439807263159
plant_height,decision_tree,81.25849712,79.04529627551725
plant_height,decision_tree,88.49311104,81.36429195009522
plant_height,decision_tree,84.24077708,77.41133712700001
plant_height,decision_tree,76.46679904,80.66799858125
plant_height,decision_tree,79.80926236,80.7313585608108
plant_height,decision_tree,86.17282795,80.7313585608108
plant_height,decision_tree,73.67137912,81.86439807263159
plant_height,decision_tree,85.95560233,80.7313585608108
plant_height,decision_tree,87.69108092,79.59627998423079
plant_height,decision_tree,76.92458344,80.66799858125
plant_height,decision_tree,79.91594751,81.36429195009522
plant_height,decision_tree,79.78638915,83.73348762423075
plant_height,decision_tree,80.5121691,81.86439807263159
plant_height,decision_tree,84.34711009,80.7313585608108
plant_height,decision_tree,85.18601784,81.68872005040002
plant_height,decision_tree,80.19722132,79.96810587583333
plant_height,decision_tree,85.48879873,81.36429195009522
plant_height,decision_tree,80.56804861,80.7313585608108
plant_height,decision_tree,86.38292335,81.36429195009522
plant_height,decision_tree,80.54354941,81.36429195009522
plant_height,decision_tree,82.31942524,79.59627998423079
plant_height,decision_tree,76.66361372,80.7313585608108
plant_height,decision_tree,84.10942349,79.59627998423079
plant_height,decision_tree,82.40398891,81.68872005040002
plant_height,decision_tree,77.45356743,80.7313585608108
plant_height,decision_tree,79.20619546,84.07994710897435
plant_height,decision_tree,82.62154378,80.7313585608108
plant_height,decision_tree,90.64790242,81.36429195009522
plant_height,decision_tree,81.66368003,81.36429195009522
plant_height,decision_tree,82.4413102,80.7313585608108
plant_height,decision_tree,104.791498,106.94051713806726
plant_height,decision_tree,99.20515494,100.37880233457629
plant_height,decision_tree,98.78307495,100.35559138273582
plant_height,decision_tree,103.3252682,105.97318994064746
plant_height,decision_tree,103.9044492,105.97318994064746
plant_height,decision_tree,116.3946672,105.97318994064746
plant_height,decision_tree,112.5064244,106.3475429814865
plant_height,decision_tree,102.1124159,100.44689697312502
plant_height,decision_tree,102.1741851,106.94051713806726
plant_height,decision_tree,94.03272203,100.44689697312502
plant_height,decision_tree,104.246231,106.94051713806726
plant_height,decision_tree,106.7733509,106.94051713806726
plant_height,decision_tree,94.32760749,100.78717153279065
plant_height,decision_tree,104.7526378,106.94051713806726
plant_height,decision_tree,102.0692666,115.46381173017437
plant_height,decision_tree,105.0106756,105.24219188157237
plant_height,decision_tree,110.0003506,105.65393426764156
plant_height,decision_tree,96.99404335,100.44689697312502
plant_height,decision_tree,96.09480052,105.24219188157237
plant_height,decision_tree,99.5696815,105.24219188157237
plant_height,decision_tree,101.7519867,100.78717153279065
plant_height,decision_tree,109.024991,97.25054014842111
plant_height,decision_tree,103.980509,105.24219188157237
plant_height,decision_tree,104.6206106,105.24219188157237
plant_height,decision_tree,94.24850069,97.25054014842111
plant_height,decision_tree,104.4195437,100.78717153279065
plant_height,decision_tree,104.0304646,105.24219188157237
plant_height,decision_tree,97.59420792,100.44689697312502
plant_height,decision_tree,96.81429649,96.6617987872472
plant_height,decision_tree,99.11287444,97.25054014842111
plant_height,decision_tree,96.32051368,106.87473108192307
plant_height,decision_tree,108.3237741,120.50344165675322
plant_height,decision_tree,96.61128006,97.25054014842111
plant_height,decision_tree,94.70584238,114.2780095376543
plant_height,decision_tree,104.2868666,105.24219188157237
plant_height,decision_tree,103.8891834,105.97318994064746
plant_height,decision_tree,96.55054534,100.78717153279065
plant_height,decision_tree,108.4903826,105.65393426764156
plant_height,decision_tree,101.4465517,100.37880233457629
plant_height,decision_tree,98.30788836,100.78717153279065
plant_height,decision_tree,105.2792598,106.94051713806726
plant_height,decision_tree,90.83806671,81.36429195009522
plant_height,decision_tree,103.5988195,100.37880233457629
plant_height,decision_tree,110.3599232,105.24219188157237
plant_height,decision_tree,109.3947486,105.97318994064746
plant_height,decision_tree,96.90966801,100.78717153279065
plant_height,decision_tree,103.6874679,96.6617987872472
plant_height,decision_tree,106.7925269,105.24219188157237
plant_height,decision_tree,98.05793894,105.97318994064746
plant_height,decision_tree,99.5416485,108.01503466600002
plant_height,decision_tree,100.0177059,106.94051713806726
plant_height,decision_tree,97.23551854,105.97318994064746
plant_height,decision_tree,92.75667519,97.25054014842111
plant_height,decision_tree,98.8143873,105.97318994064746
plant_height,decision_tree,96.53566874,100.44689697312502
plant_height,decision_tree,101.970682,105.24219188157237
plant_height,decision_tree,109.7277137,96.6617987872472
plant_height,decision_tree,106.4612861,105.97318994064746
plant_height,decision_tree,104.146509,97.25054014842111
plant_height,decision_tree,97.19875513,100.35559138273582
plant_height,decision_tree,114.170941,105.97318994064746
plant_height,decision_tree,103.8896708,106.3475429814865
plant_height,decision_tree,100.5953734,105.24219188157237
plant_height,decision_tree,106.7774917,97.25054014842111
plant_height,decision_tree,91.14937633,96.6617987872472
plant_height,decision_tree,104.4515707,105.97318994064746
plant_height,decision_tree,101.752935,97.25054014842111
plant_height,decision_tree,100.8114874,97.25054014842111
plant_height,decision_tree,116.8216544,117.95080425592595
plant_height,decision_tree,105.3134495,105.24219188157237
plant_height,decision_tree,109.4322557,106.94051713806726
plant_height,decision_tree,100.299066,96.6617987872472
plant_height,decision_tree,98.60864638,100.35559138273582
plant_height,decision_tree,100.928808,106.3475429814865
plant_height,decision_tree,108.3167101,105.24219188157237
plant_height,decision_tree,102.8735597,105.97318994064746
plant_height,decision_tree,103.1319352,105.65393426764156
plant_height,decision_tree,111.5330853,106.3475429814865
plant_height,decision_tree,97.75735645,100.37880233457629
plant_height,decision_tree,110.0622273,105.24219188157237
plant_height,decision_tree,112.7413188,118.03947451799999
plant_height,decision_tree,110.9119601,106.94051713806726
plant_height,decision_tree,95.20452448,106.94051713806726
plant_height,decision_tree,104.330075,105.65393426764156
plant_height,decision_tree,105.5206968,105.97318994064746
plant_height,decision_tree,108.7834547,108.01503466600002
plant_height,decision_tree,109.3727733,105.97318994064746
plant_height,decision_tree,105.9322173,100.44689697312502
plant_height,decision_tree,108.9360538,106.3475429814865
plant_height,decision_tree,103.7742883,100.35559138273582
plant_height,decision_tree,98.74725919,96.6617987872472
plant_height,decision_tree,104.7375295,114.2780095376543
plant_height,decision_tree,103.6692247,96.6617987872472
plant_height,decision_tree,110.5487373,105.65393426764156
plant_height,decision_tree,105.1393866,105.97318994064746
plant_height,decision_tree,106.667641,105.65393426764156
plant_height,decision_tree,106.501074,114.2780095376543
plant_height,decision_tree,104.9363333,105.24219188157237
plant_height,decision_tree,100.1005164,97.25054014842111
plant_height,decision_tree,101.235131,100.44689697312502
plant_height,decision_tree,107.4743003,100.78717153279065
plant_height,decision_tree,110.2426237,105.24219188157237
plant_height,decision_tree,108.9027117,106.3475429814865
plant_height,decision_tree,120.4452243,118.03947451799999
plant_height,decision_tree,107.6675622,106.3475429814865
plant_height,decision_tree,113.7609905,106.3475429814865
plant_height,decision_tree,111.1100484,105.97318994064746
plant_height,decision_tree,108.5208902,105.65393426764156
plant_height,decision_tree,104.0465541,100.78717153279065
plant_height,decision_tree,95.90703063,106.87473108192307
plant_height,decision_tree,94.39482296,100.44689697312502
plant_height,decision_tree,80.77938497,79.59627998423079
plant_height,decision_tree,106.0164131,114.2780095376543
plant_height,decision_tree,97.57521687,100.35559138273582
plant_height,decision_tree,101.1178121,114.2780095376543
plant_height,decision_tree,105.8691642,106.94051713806726
plant_height,decision_tree,95.1190889,100.44689697312502
plant_height,decision_tree,102.9203889,105.24219188157237
plant_height,decision_tree,108.0935143,105.24219188157237
plant_height,decision_tree,103.1544626,96.6617987872472
plant_height,decision_tree,116.8681285,105.65393426764156
plant_height,decision_tree,108.4804085,105.65393426764156
plant_height,decision_tree,110.8602885,100.44689697312502
plant_height,decision_tree,85.68837231,81.36429195009522
plant_height,decision_tree,100.1621169,100.37880233457629
plant_height,decision_tree,98.03175529,105.24219188157237
plant_height,decision_tree,111.7053923,105.65393426764156
plant_height,decision_tree,106.5930212,105.24219188157237
plant_height,decision_tree,99.21238619,96.6617987872472
plant_height,decision_tree,102.7849337,100.78717153279065
plant_height,decision_tree,109.5134214,106.3475429814865
plant_height,decision_tree,89.78788889,100.44689697312502
plant_height,decision_tree,99.12037382,100.44689697312502
plant_height,decision_tree,100.2821818,105.65393426764156
plant_height,decision_tree,94.03898944,97.25054014842111
plant_height,decision_tree,109.1602251,105.24219188157237
plant_height,decision_tree,73.73313728,81.36429195009522
plant_height,decision_tree,113.298086,118.03947451799999
plant_height,decision_tree,112.889645,105.65393426764156
plant_height,decision_tree,101.4950246,100.37880233457629
plant_height,decision_tree,105.1080631,105.24219188157237
plant_height,decision_tree,104.6973589,106.3475429814865
plant_height,decision_tree,96.27874363,96.6617987872472
plant_height,decision_tree,111.0084496,105.97318994064746
plant_height,decision_tree,107.0314671,105.97318994064746
plant_height,decision_tree,98.16360098,96.6617987872472
plant_height,decision_tree,118.9339867,105.97318994064746
plant_height,decision_tree,111.3384583,106.94051713806726
plant_height,decision_tree,105.7811473,106.3475429814865
plant_height,decision_tree,100.3572381,96.6617987872472
plant_height,decision_tree,99.38865715,100.78717153279065
plant_height,decision_tree,103.8241276,105.24219188157237
plant_height,decision_tree,99.66216213,100.44689697312502
plant_height,decision_tree,98.92377445,100.44689697312502
plant_height,decision_tree,109.4109648,106.3475429814865
plant_height,decision_tree,102.8439996,105.24219188157237
plant_height,decision_tree,109.1208799,105.97318994064746
plant_height,decision_tree,94.9364603,100.44689697312502
plant_height,decision_tree,93.92980373,106.94051713806726
plant_height,decision_tree,108.5189343,105.24219188157237
plant_height,decision_tree,96.66033913,100.37880233457629
plant_height,decision_tree,100.0459788,96.6617987872472
plant_height,decision_tree,101.7688817,100.44689697312502
plant_height,decision_tree,105.801013,117.12979383115385
plant_height,decision_tree,98.04811998,106.94051713806726
plant_height,decision_tree,105.5450639,105.24219188157237
plant_height,decision_tree,104.3853684,100.44689697312502
plant_height,decision_tree,99.00841826,100.35559138273582
plant_height,decision_tree,102.0987762,106.94051713806726
plant_height,decision_tree,107.6273416,105.24219188157237
plant_height,decision_tree,83.86573033,85.44961995545455
plant_height,decision_tree,82.36976729,85.44961995545455
plant_height,decision_tree,83.00407693,91.78117288985875
plant_height,decision_tree,79.61730782,97.25054014842111
plant_height,decision_tree,83.07234736,91.78117288985875
plant_height,decision_tree,99.9663455,105.24219188157237
plant_height,decision_tree,110.325811,106.60626825500002
plant_height,decision_tree,85.62237777,95.73085899833336
plant_height,decision_tree,74.22363819,83.74428423818182
plant_height,decision_tree,89.78247485,91.88703154714284
plant_height,decision_tree,88.15031468,93.42009491099999
plant_height,decision_tree,107.8062342,126.99794151771431
plant_height,decision_tree,93.69927225,98.6620654626087
plant_height,decision_tree,72.03673557,101.0605770685437
plant_height,decision_tree,92.68431785,87.42234932142858
plant_height,decision_tree,81.77488455,97.25054014842111
plant_height,decision_tree,84.4806443,100.44689697312502
plant_height,decision_tree,95.21317445,100.58195406300001
plant_height,decision_tree,93.26990043,100.78717153279065
plant_height,decision_tree,102.0967015,92.0722391819811
plant_height,decision_tree,92.46136525,83.495012875
plant_height,decision_tree,82.74160158,96.6617987872472
plant_height,decision_tree,92.84373657,106.60626825500002
plant_height,decision_tree,109.0753435,116.85475250461538
plant_height,decision_tree,108.1507133,105.24219188157237
plant_height,decision_tree,110.0759924,103.62924333499997
plant_height,decision_tree,98.06478855,101.0605770685437
plant_height,decision_tree,107.1791835,97.25054014842111
plant_height,decision_tree,89.93535703,105.97318994064746
plant_height,decision_tree,96.27733681,96.6617987872472
plant_height,decision_tree,92.58562559,96.6617987872472
plant_height,decision_tree,103.6429528,96.65339798476191
plant_height,decision_tree,101.931634,106.57485656072724
plant_height,decision_tree,79.45165828,103.62924333499997
plant_height,decision_tree,89.33985941,96.6617987872472
plant_height,decision_tree,91.21761717,96.6617987872472
plant_height,decision_tree,87.92114871,96.6617987872472
plant_height,decision_tree,88.68702545,91.78117288985875
plant_height,decision_tree,92.18943817,96.6617987872472
plant_height,decision_tree,81.57909749,92.0722391819811
plant_height,decision_tree,91.20890632,100.78717153279065
plant_height,decision_tree,99.73852339,106.57485656072724
plant_height,decision_tree,81.05885781,100.78717153279065
plant_height,decision_tree,84.98866213,92.63989113941172
plant_height,decision_tree,97.79142946,93.42009491099999
plant_height,decision_tree,71.40652934,100.58195406300001
plant_height,decision_tree,93.18502842,91.88703154714284
plant_height,decision_tree,102.7504563,97.25054014842111
plant_height,decision_tree,96.67936805,109.6185010897059
plant_height,decision_tree,99.92336829,83.98966563862498
plant_height,decision_tree,91.56739166,97.25054014842111
plant_height,decision_tree,93.83657478,97.25054014842111
plant_height,decision_tree,83.5764621,89.82320933290909
plant_height,decision_tree,90.61648175,98.6620654626087
plant_height,decision_tree,91.14447172,95.73085899833336
plant_height,decision_tree,89.59623822,87.14858811398551
plant_height,decision_tree,88.74276627,91.88703154714284
plant_height,decision_tree,93.21460078,117.23649187232148
plant_height,decision_tree,95.80578738,105.97318994064746
plant_height,decision_tree,96.08150115,98.6620654626087
plant_height,decision_tree,90.83744163,106.57485656072724
plant_height,decision_tree,95.63735365,94.519370483
plant_height,decision_tree,98.08150426,105.97318994064746
plant_height,decision_tree,81.61785554,87.29613333615384
plant_height,decision_tree,66.3101114,106.62983941812499
plant_height,decision_tree,102.6807941,105.97318994064746
plant_height,decision_tree,94.26519986,97.25054014842111
plant_height,decision_tree,73.16132585,96.6617987872472
plant_height,decision_tree,97.20543927,87.68857776045452
plant_height,decision_tree,88.86433788,88.28171634583333
plant_height,decision_tree,96.2041398,100.78717153279065
plant_height,decision_tree,93.54042754,115.46381173017437
plant_height,decision_tree,94.11657605,117.23649187232148
plant_height,decision_tree,88.50475551,100.44689697312502
plant_height,decision_tree,88.35105943,87.14858811398551
plant_height,decision_tree,93.12664668,106.57485656072724
plant_height,decision_tree,85.85433889,92.63989113941172
plant_height,decision_tree,108.1045859,105.97318994064746
plant_height,decision_tree,86.15823439,100.58195406300001
plant_height,decision_tree,85.77189621,93.42009491099999
plant_height,decision_tree,74.2605139,92.0722391819811
plant_height,decision_tree,88.27665912,83.98966563862498
plant_height,decision_tree,84.19708766,79.27372985727273
plant_height,decision_tree,86.61799263,79.27372985727273
plant_height,decision_tree,89.61881575,91.78117288985875
plant_height,decision_tree,99.8265961,100.78717153279065
plant_height,decision_tree,82.16621302,92.0722391819811
plant_height,decision_tree,91.82146772,97.60415514722223
plant_height,decision_tree,88.02095063,114.2780095376543
plant_height,decision_tree,102.2708998,97.60415514722223
plant_height,decision_tree,116.6076322,100.44689697312502
plant_height,decision_tree,111.6093318,126.99794151771431
plant_height,decision_tree,80.96116487,93.42009491099999
plant_height,decision_tree,94.95110589,100.58195406300001
plant_height,decision_tree,83.28304574,92.0722391819811
plant_height,decision_tree,89.89586377,87.68857776045452
plant_height,decision_tree,93.68048662,103.62924333499997
plant_height,decision_tree,104.7569813,100.78717153279065
plant_height,decision_tree,93.07734934,100.78717153279065
plant_height,decision_tree,91.0950076,92.0722391819811
plant_height,decision_tree,90.12732613,88.28171634583333
plant_height,decision_tree,98.22980571,97.25054014842111
plant_height,decision_tree,97.78471971,87.14858811398551
plant_height,decision_tree,107.5955002,100.35559138273582
plant_height,decision_tree,108.0754297,92.0722391819811
plant_height,decision_tree,104.4255443,97.25054014842111
plant_height,decision_tree,90.51806291,96.6617987872472
plant_height,decision_tree,83.65178452,96.6617987872472
plant_height,decision_tree,87.05285265,92.0722391819811
plant_height,decision_tree,104.3698783,105.24219188157237
plant_height,decision_tree,85.45195539,91.78117288985875
plant_height,decision_tree,96.96682828,106.94051713806726
plant_height,decision_tree,97.34539586,92.0722391819811
plant_height,decision_tree,83.58577129,85.44961995545455
plant_height,decision_tree,98.54539476,90.28608966
plant_height,decision_tree,79.51210903,85.44961995545455
plant_height,decision_tree,105.7817781,92.63989113941172
plant_height,decision_tree,90.26525573,97.25054014842111
plant_height,decision_tree,92.99528625,100.78717153279065
plant_height,decision_tree,109.6810866,100.78717153279065
plant_height,decision_tree,90.03838849,92.0722391819811
plant_height,decision_tree,89.87602392,115.46381173017437
plant_height,decision_tree,105.1500541,103.62924333499997
plant_height,decision_tree,108.8844434,92.63989113941172
plant_height,decision_tree,90.3855594,101.0605770685437
plant_height,decision_tree,93.93749025,93.42009491099999
plant_height,decision_tree,100.975592,103.62924333499997
plant_height,decision_tree,110.2157095,111.17451435999999
plant_height,decision_tree,99.62432681,101.0605770685437
plant_height,decision_tree,104.3883324,105.65393426764156
plant_height,decision_tree,92.83016437,91.88703154714284
plant_height,decision_tree,92.9545496,103.62924333499997
plant_height,decision_tree,79.76125308,87.29613333615384
plant_height,decision_tree,92.90133233,100.78717153279065
plant_height,decision_tree,88.44499286,100.44689697312502
plant_height,decision_tree,79.50375766,96.6617987872472
plant_height,decision_tree,82.95021912,91.78117288985875
plant_height,decision_tree,107.0200314,106.62983941812499
plant_height,decision_tree,104.3274562,96.60020079363635
plant_height,decision_tree,103.5610738,115.46381173017437
plant_height,decision_tree,90.55282543,92.63989113941172
plant_height,decision_tree,97.45717879,117.23649187232148
plant_height,decision_tree,95.01354398,105.97318994064746
plant_height,decision_tree,99.33351585,102.7354571370833
plant_height,decision_tree,107.9939957,105.65393426764156
plant_height,decision_tree,107.6610272,105.24219188157237
plant_height,decision_tree,99.70262913,91.78117288985875
plant_height,decision_tree,90.14015096,89.82320933290909
plant_height,decision_tree,92.35472025,91.78117288985875
plant_height,decision_tree,90.53223812,100.44689697312502
plant_height,decision_tree,92.25907558,106.62983941812499
plant_height,decision_tree,89.99475165,96.6617987872472
plant_height,decision_tree,101.2149781,101.0605770685437
plant_height,decision_tree,88.41866461,96.6617987872472
plant_height,decision_tree,101.4455263,87.14858811398551
plant_height,decision_tree,103.2295644,111.17451435999999
plant_height,decision_tree,82.49330603,91.78117288985875
plant_height,decision_tree,86.98784999,92.0722391819811
plant_height,decision_tree,97.91399361,117.12979383115385
plant_height,decision_tree,90.85053973,96.6617987872472
plant_height,decision_tree,97.86645237,111.17451435999999
plant_height,decision_tree,92.06027526,102.7354571370833
plant_height,decision_tree,86.87349,100.35559138273582
plant_height,decision_tree,80.01782359,90.498749049375
plant_height,decision_tree,94.78277458,96.65339798476191
plant_height,decision_tree,91.63196399,97.25054014842111
plant_height,decision_tree,98.27207117,98.6620654626087
plant_height,decision_tree,93.9112139,100.44689697312502
plant_height,decision_tree,101.8603085,106.57485656072724
plant_height,decision_tree,100.3548018,96.6617987872472
plant_height,decision_tree,102.3658083,91.78117288985875
plant_height,decision_tree,105.7532843,97.25054014842111
plant_height,decision_tree,80.9252771,87.14858811398551
plant_height,decision_tree,83.24132617,100.37880233457629
plant_height,decision_tree,99.30898653,106.57485656072724
plant_height,decision_tree,106.986275,101.0605770685437
plant_height,decision_tree,99.85758039,114.2780095376543
plant_height,decision_tree,94.11243585,117.12979383115385
plant_height,decision_tree,86.16494672,87.14858811398551
plant_height,decision_tree,94.5381267,117.53688595103092
plant_height,decision_tree,90.87429799,91.88703154714284
plant_height,decision_tree,94.17872961,83.495012875
plant_height,decision_tree,97.49081831,115.46381173017437
plant_height,decision_tree,87.52455273,83.74428423818182
plant_height,decision_tree,101.5743995,111.17451435999999
plant_height,decision_tree,81.07266711,117.12979383115385
plant_height,decision_tree,94.88799048,100.35559138273582
plant_height,decision_tree,95.3048723,91.78117288985875
plant_height,decision_tree,102.2000116,96.65339798476191
plant_height,decision_tree,80.28901523,100.78717153279065
plant_height,decision_tree,92.65211123,97.25054014842111
plant_height,decision_tree,100.6380351,115.46381173017437
plant_height,decision_tree,93.09491006,100.44689697312502
plant_height,decision_tree,101.2780417,105.97318994064746
plant_height,decision_tree,72.93520903,102.60108590599998
plant_height,decision_tree,87.40570658,79.27372985727273
plant_height,decision_tree,91.63098253,100.78717153279065
plant_height,decision_tree,112.8696856,100.78717153279065
plant_height,decision_tree,101.5124057,106.57485656072724
plant_height,decision_tree,102.8302531,100.44689697312502
plant_height,decision_tree,90.40487933,91.78117288985875
plant_height,decision_tree,82.66104785,91.78117288985875
plant_height,decision_tree,80.8029244,91.78117288985875
plant_height,decision_tree,112.4304997,103.62924333499997
plant_height,decision_tree,100.8328358,100.35559138273582
plant_height,decision_tree,102.4329582,97.25054014842111
plant_height,decision_tree,108.3203668,96.6617987872472
plant_height,decision_tree,78.36013371,83.98966563862498
plant_height,decision_tree,106.2872517,88.28171634583333
plant_height,decision_tree,110.8625699,100.44689697312502
plant_height,decision_tree,107.2225892,113.12483196666666
plant_height,decision_tree,86.80831265,114.2780095376543
plant_height,decision_tree,87.19512563,92.0722391819811
plant_height,decision_tree,91.48452389,97.25054014842111
plant_height,decision_tree,91.66918297,117.12979383115385
plant_height,decision_tree,101.2045466,87.42234932142858
plant_height,decision_tree,83.7734547,85.44961995545455
plant_height,decision_tree,82.11459949,97.25054014842111
plant_height,decision_tree,101.8103868,100.78717153279065
plant_height,decision_tree,82.13611393,105.24219188157237
plant_height,decision_tree,98.20337607,81.36429195009522
plant_height,decision_tree,96.89248171,106.62983941812499
plant_height,decision_tree,109.6950841,102.7354571370833
plant_height,decision_tree,86.51905437,91.78117288985875
plant_height,decision_tree,84.44738245,100.44689697312502
plant_height,decision_tree,94.59613288,96.6617987872472
plant_height,decision_tree,104.6365623,106.57485656072724
plant_height,decision_tree,98.53764568,97.03939811909093
plant_height,decision_tree,102.287211,100.44689697312502
plant_height,decision_tree,85.88911154,91.88703154714284
plant_height,decision_tree,110.5770655,96.6617987872472
plant_height,decision_tree,85.00402025,97.03939811909093
plant_height,decision_tree,94.12568464,98.6620654626087
plant_height,decision_tree,85.6865942,96.6617987872472
plant_height,decision_tree,101.2763783,91.88703154714284
plant_height,decision_tree,100.9214867,100.44689697312502
plant_height,decision_tree,98.96481792,87.29613333615384
plant_height,decision_tree,76.44910994,97.03939811909093
plant_height,decision_tree,96.74038545,96.65339798476191
plant_height,decision_tree,91.76990655,97.25054014842111
plant_height,decision_tree,96.15003032,87.29613333615384
plant_height,decision_tree,106.7884072,100.44689697312502
plant_height,decision_tree,86.9773999,102.7354571370833
plant_height,decision_tree,88.44902954,85.44961995545455
plant_height,decision_tree,94.71098097,91.88703154714284
plant_height,decision_tree,90.57164215,106.94051713806726
plant_height,decision_tree,110.7999823,101.0605770685437
plant_height,decision_tree,85.77532328,87.68857776045452
plant_height,decision_tree,95.00876793,92.0722391819811
plant_height,decision_tree,103.6494551,105.97318994064746
plant_height,decision_tree,93.95843198,96.6617987872472
plant_height,decision_tree,89.80174646,80.66799858125
plant_height,decision_tree,79.05109541,84.07994710897435
plant_height,decision_tree,81.70231687,87.42234932142858
plant_height,decision_tree,85.62724103,87.42234932142858
plant_height,decision_tree,75.96277283,100.37880233457629
plant_height,decision_tree,93.68379802,91.78117288985875
plant_height,decision_tree,90.84451163,100.35559138273582
plant_height,decision_tree,78.45068352,92.5608597953846
plant_height,decision_tree,115.9595296,126.99794151771431
plant_height,decision_tree,112.8265909,91.88703154714284
plant_height,decision_tree,95.09269706,105.97318994064746
plant_height,decision_tree,91.51174405,94.519370483
plant_height,decision_tree,76.46784831,91.78117288985875
plant_height,decision_tree,108.9166387,106.57485656072724
plant_height,decision_tree,92.39500219,88.18881794166667
plant_height,decision_tree,103.0688764,92.0722391819811
plant_height,decision_tree,89.37668701,120.50344165675322
plant_height,decision_tree,95.98489621,106.62983941812499
plant_height,decision_tree,106.4278214,91.78117288985875
plant_height,decision_tree,87.98510007,128.19216604666664
plant_height,decision_tree,90.01750134,97.25054014842111
plant_height,decision_tree,105.9284186,101.0605770685437
plant_height,decision_tree,83.63759729,87.14858811398551
plant_height,decision_tree,98.5510901,109.6185010897059
plant_height,decision_tree,99.15920035,92.0722391819811
plant_height,decision_tree,82.97079929,92.0722391819811
plant_height,decision_tree,108.1953586,105.97318994064746
plant_height,decision_tree,95.11626001,105.97318994064746
plant_height,decision_tree,102.2555453,92.0722391819811
plant_height,decision_tree,81.55850266,91.78117288985875
plant_height,decision_tree,105.6584417,97.25054014842111
plant_height,decision_tree,111.7417001,100.78717153279065
plant_height,decision_tree,106.8264418,126.99794151771431
plant_height,decision_tree,110.7216595,106.62983941812499
plant_height,decision_tree,94.64988014,100.44689697312502
plant_height,decision_tree,90.25444912,100.44689697312502
plant_height,decision_tree,101.9885565,100.44689697312502
plant_height,decision_tree,93.02744592,97.25054014842111
plant_height,decision_tree,109.8373751,100.44689697312502
plant_height,decision_tree,91.32702914,98.6620654626087
plant_height,decision_tree,100.8570212,106.94051713806726
plant_height,decision_tree,92.83593233,88.28171634583333
plant_height,decision_tree,73.93123592,89.82320933290909
plant_height,decision_tree,76.56268311,92.0722391819811
plant_height,decision_tree,105.9722022,100.44689697312502
plant_height,decision_tree,75.78023632,87.29613333615384
plant_height,decision_tree,99.58922651,91.78117288985875
plant_height,decision_tree,78.39382498,97.03939811909093
plant_height,decision_tree,81.27816945,100.44689697312502
plant_height,decision_tree,89.98158156,91.78117288985875
plant_height,decision_tree,116.3783949,116.85475250461538
plant_height,decision_tree,97.19902174,100.35559138273582
plant_height,decision_tree,101.925029,100.44689697312502
plant_height,decision_tree,82.64115506,87.68857776045452
plant_height,decision_tree,98.13064022,115.46381173017437
plant_height,decision_tree,109.2997446,96.6617987872472
plant_height,decision_tree,106.1721755,89.82320933290909
plant_height,decision_tree,95.26236224,105.24219188157237
plant_height,decision_tree,86.77441825,81.68872005040002
plant_height,decision_tree,104.5038944,115.46381173017437
plant_height,decision_tree,107.7563274,97.25054014842111
plant_height,decision_tree,110.0923634,105.24219188157237
plant_height,decision_tree,99.39564722,91.78117288985875
plant_height,decision_tree,94.01223372,90.498749049375
plant_height,decision_tree,90.41461351,96.6617987872472
plant_height,decision_tree,99.29713955,106.94051713806726
plant_height,decision_tree,98.4596998,101.0030420984314
plant_height,decision_tree,90.59218977,100.44689697312502
plant_height,decision_tree,94.25892661,100.44689697312502
plant_height,decision_tree,97.09351122,100.44689697312502
plant_height,decision_tree,96.82532137,92.0722391819811
plant_height,decision_tree,107.4388482,96.60020079363635
plant_height,decision_tree,96.60746906,93.42009491099999
plant_height,decision_tree,103.5389344,100.78717153279065
plant_height,decision_tree,114.3082585,97.25054014842111
plant_height,decision_tree,92.84728508,92.0722391819811
plant_height,decision_tree,103.7590678,115.46381173017437
plant_height,decision_tree,91.50745685,100.44689697312502
plant_height,decision_tree,86.52266266,100.37880233457629
plant_height,decision_tree,96.93154962,93.42009491099999
plant_height,decision_tree,97.57174041,96.65339798476191
plant_height,decision_tree,106.3146747,106.62983941812499
plant_height,decision_tree,96.2139742,96.65339798476191
plant_height,decision_tree,104.9498695,106.57485656072724
plant_height,decision_tree,100.621356,101.0605770685437
plant_height,decision_tree,86.41832977,101.0030420984314
plant_height,decision_tree,94.00058218,105.24219188157237
plant_height,decision_tree,104.298222,117.12979383115385
plant_height,decision_tree,106.4852336,92.0722391819811
plant_height,decision_tree,117.2249163,97.25054014842111
plant_height,decision_tree,100.5336269,92.0722391819811
plant_height,decision_tree,88.28695041,87.14858811398551
plant_height,decision_tree,90.71549651,81.68872005040002
plant_height,decision_tree,97.52299,85.77000989333334
plant_height,decision_tree,110.6560574,100.78717153279065
plant_height,decision_tree,99.14900562,87.42234932142858
plant_height,decision_tree,96.43698067,100.35559138273582
plant_height,decision_tree,93.6597647,100.35559138273582
plant_height,decision_tree,118.5807341,106.57485656072724
plant_height,decision_tree,116.2383174,113.12483196666666
plant_height,decision_tree,99.83281363,96.6617987872472
plant_height,decision_tree,92.42178259,106.94051713806726
plant_height,decision_tree,113.6730373,97.25054014842111
plant_height,decision_tree,99.50510007,117.95080425592595
plant_height,decision_tree,93.90072001,115.46381173017437
plant_height,decision_tree,94.73467444,85.77000989333334
plant_height,decision_tree,95.92147277,87.14858811398551
plant_height,decision_tree,96.23719726,92.63989113941172
plant_height,decision_tree,96.30577138,106.94051713806726
plant_height,decision_tree,82.03007582,97.25054014842111
plant_height,decision_tree,89.49573497,87.14858811398551
plant_height,decision_tree,99.09666009,91.78117288985875
plant_height,decision_tree,107.7439345,116.85475250461538
plant_height,decision_tree,98.63883955,97.25054014842111
plant_height,decision_tree,98.11511886,92.7201902225
plant_height,decision_tree,105.2054305,105.24219188157237
plant_height,decision_tree,87.45087081,100.78717153279065
plant_height,decision_tree,108.0192496,100.78717153279065
plant_height,decision_tree,89.15822067,97.03939811909093
plant_height,decision_tree,81.28465509,96.6617987872472
plant_height,decision_tree,86.87653964,97.25054014842111
plant_height,decision_tree,94.03620962,117.12979383115385
plant_height,decision_tree,111.9612001,92.0722391819811
plant_height,decision_tree,91.78888738,87.14858811398551
plant_height,decision_tree,80.8133772,87.29613333615384
plant_height,decision_tree,98.02511523,96.65339798476191
plant_height,decision_tree,96.49555734,101.0605770685437
plant_height,decision_tree,91.66075449,92.7201902225
plant_height,decision_tree,85.36639794,100.44689697312502
plant_height,decision_tree,85.79261859,91.78117288985875
plant_height,decision_tree,92.50055045,91.88703154714284
plant_height,decision_tree,86.40597445,97.25054014842111
plant_height,decision_tree,103.5484041,106.57485656072724
plant_height,decision_tree,105.1569546,111.17451435999999
plant_height,decision_tree,90.59187755,92.7201902225
plant_height,decision_tree,89.73079159,97.25054014842111
plant_height,decision_tree,91.35865629,92.63989113941172
plant_height,decision_tree,95.786828,102.7354571370833
plant_height,decision_tree,98.61811595,97.25054014842111
plant_height,decision_tree,105.869282,101.0605770685437
plant_height,decision_tree,103.4061452,101.0605770685437
plant_height,decision_tree,102.1304711,113.12483196666666
plant_height,decision_tree,96.58935449,114.2780095376543
plant_height,decision_tree,91.46092881,88.28171634583333
plant_height,decision_tree,94.30556025,96.6617987872472
plant_height,decision_tree,96.67775241,96.6617987872472
plant_height,decision_tree,101.3874801,81.36429195009522
plant_height,decision_tree,85.27013815,96.6617987872472
plant_height,decision_tree,95.56395762,97.25054014842111
plant_height,decision_tree,92.4486877,92.0722391819811
plant_height,decision_tree,103.4177386,100.35559138273582
plant_height,decision_tree,96.30511339,96.6617987872472
plant_height,decision_tree,96.82598333,100.44689697312502
plant_height,decision_tree,110.9122038,100.35559138273582
plant_height,decision_tree,100.1733929,96.6617987872472
plant_height,decision_tree,111.0307751,116.85475250461538
plant_height,decision_tree,97.5423318,87.14858811398551
plant_height,decision_tree,103.7662347,109.6185010897059
plant_height,decision_tree,87.55878109,100.44689697312502
plant_height,decision_tree,96.1133149,100.78717153279065
plant_height,decision_tree,89.32349401,91.71112943
plant_height,decision_tree,79.24470152,97.25054014842111
plant_height,decision_tree,88.78641202,91.78117288985875
plant_height,decision_tree,94.22291177,105.97318994064746
plant_height,decision_tree,85.11079492,100.44689697312502
plant_height,decision_tree,84.263067895,100.44689697312502
plant_height,decision_tree,108.0760429,92.63989113941172
plant_height,decision_tree,86.29826806,109.6185010897059
plant_height,decision_tree,90.81127497,91.78117288985875
plant_height,decision_tree,91.29930062,96.6617987872472
plant_height,decision_tree,93.33444071,100.35559138273582
plant_height,decision_tree,88.63747531,91.78117288985875
plant_height,decision_tree,88.8422075,96.6617987872472
plant_height,decision_tree,101.9399793,106.94051713806726
plant_height,decision_tree,83.37382318,91.78117288985875
plant_height,decision_tree,85.58533965,81.92155237933333
plant_height,decision_tree,93.67960902,100.35559138273582
plant_height,decision_tree,93.98356301,105.97318994064746
plant_height,decision_tree,81.97423357,83.98966563862498
plant_height,decision_tree,94.75637695,96.6617987872472
plant_height,decision_tree,96.04735603,106.57485656072724
plant_height,decision_tree,96.17489811,96.6617987872472
plant_height,decision_tree,82.63456552,97.25054014842111
plant_height,decision_tree,82.8799028,100.78717153279065
plant_height,decision_tree,97.12279726,106.57485656072724
plant_height,decision_tree,111.5737383,103.62924333499997
plant_height,decision_tree,94.15870671,92.0722391819811
plant_height,decision_tree,96.652988,89.82320933290909
plant_height,decision_tree,93.45888835,96.6617987872472
plant_height,decision_tree,94.66963915,92.0722391819811
plant_height,decision_tree,86.97685492,100.78717153279065
plant_height,decision_tree,92.27208101,96.6617987872472
plant_height,decision_tree,103.7810771,100.44689697312502
plant_height,decision_tree,97.40294272,85.77000989333334
plant_height,decision_tree,103.5172017,100.44689697312502
plant_height,decision_tree,80.38038345,83.98966563862498
plant_height,decision_tree,84.77291061,91.78117288985875
plant_height,decision_tree,95.39830176,101.0605770685437
plant_height,decision_tree,79.71883683,83.98966563862498
plant_height,decision_tree,85.20871113,83.98966563862498
plant_height,decision_tree,92.04978041,87.14858811398551
plant_height,decision_tree,99.81277816,106.94051713806726
plant_height,decision_tree,78.98586831,87.14858811398551
plant_height,decision_tree,71.07498529,100.65846885090909
plant_height,decision_tree,73.83890661,81.92155237933333
plant_height,decision_tree,101.1261014,126.99794151771431
plant_height,decision_tree,110.2101014,115.46381173017437
plant_height,decision_tree,90.59281627,101.0030420984314
plant_height,decision_tree,91.09275144,91.78117288985875
plant_height,decision_tree,85.89483973,96.6617987872472
plant_height,decision_tree,83.54492948,111.83570244666666
plant_height,decision_tree,86.82978865,97.25054014842111
plant_height,decision_tree,91.13618964,96.6617987872472
plant_height,decision_tree,91.70707738,91.78117288985875
plant_height,decision_tree,77.0593542,92.0722391819811
plant_height,decision_tree,87.60550923,91.78117288985875
plant_height,decision_tree,84.45001434,97.25054014842111
plant_height,decision_tree,91.56391085,92.0722391819811
plant_height,decision_tree,82.80771585,96.6617987872472
plant_height,decision_tree,91.2889956,97.60415514722223
plant_height,decision_tree,98.8608462,106.57485656072724
plant_height,decision_tree,104.9375769,97.25054014842111
plant_height,decision_tree,96.07172926,81.92155237933333
plant_height,decision_tree,88.52620989,96.6617987872472
plant_height,decision_tree,79.33157179,81.92155237933333
plant_height,decision_tree,83.99232838,96.6617987872472
plant_height,decision_tree,87.09385846,83.98966563862498
plant_height,decision_tree,84.27006224,92.0722391819811
plant_height,decision_tree,82.06431585,91.78117288985875
plant_height,decision_tree,93.31959778,97.25054014842111
plant_height,decision_tree,89.38528502,100.35559138273582
plant_height,decision_tree,85.69767975,91.78117288985875
plant_height,decision_tree,84.6587866,105.65393426764156
plant_height,decision_tree,87.83242622,101.0030420984314
plant_height,decision_tree,85.11824993,82.52982125399998
plant_height,decision_tree,84.26109346,87.42234932142858
plant_height,decision_tree,90.09862518,91.88703154714284
plant_height,decision_tree,72.6890734,96.6617987872472
plant_height,decision_tree,82.88512467,91.78117288985875
plant_height,decision_tree,88.97181625,96.6617987872472
plant_height,decision_tree,99.37217035,105.65393426764156
plant_height,decision_tree,111.9805724,96.6617987872472
plant_height,decision_tree,108.0467308,92.0722391819811
plant_height,decision_tree,95.43058289,96.6617987872472
plant_height,decision_tree,107.4834911,97.25054014842111
plant_height,decision_tree,96.79084992,94.46849043785714
plant_height,decision_tree,87.94720623,120.50344165675322
plant_height,decision_tree,92.91195053,97.25054014842111
plant_height,decision_tree,99.21646783,100.35559138273582
plant_height,decision_tree,87.84583949,96.6617987872472
plant_height,decision_tree,96.71215559,91.78117288985875
plant_height,decision_tree,85.01668747,88.28171634583333
plant_height,decision_tree,91.97563125,96.6617987872472
plant_height,decision_tree,93.90439132,117.53688595103092
plant_height,decision_tree,101.963723,115.46381173017437
plant_height,decision_tree,88.72164229,92.0722391819811
plant_height,decision_tree,100.2086967,106.57485656072724
plant_height,decision_tree,107.3659081,102.60108590599998
plant_height,decision_tree,100.3724687,117.12979383115385
plant_height,decision_tree,105.3077727,100.78717153279065
plant_height,decision_tree,93.03038061,97.25054014842111
plant_height,decision_tree,97.12731776,105.97318994064746
plant_height,decision_tree,99.51496059,101.0605770685437
plant_height,decision_tree,88.15851674,87.42234932142858
plant_height,decision_tree,83.89901146,79.59627998423079
plant_height,decision_tree,97.30154832,101.0605770685437
plant_height,decision_tree,103.4501222,100.58195406300001
plant_height,decision_tree,82.80045056,105.24219188157237
plant_height,decision_tree,81.84742999,97.25054014842111
plant_height,decision_tree,93.7413237,106.57485656072724
plant_height,decision_tree,114.6078129,106.60626825500002
plant_height,decision_tree,81.63241141,83.495012875
plant_height,decision_tree,92.24217789,85.44961995545455
plant_height,decision_tree,112.9856187,101.0030420984314
plant_height,decision_tree,111.0592254,115.46381173017437
plant_height,decision_tree,117.6815014,106.60626825500002
plant_height,decision_tree,100.8863322,100.78717153279065
plant_height,decision_tree,104.3176497,100.37880233457629
plant_height,decision_tree,115.0017166,117.12979383115385
plant_height,decision_tree,134.2032372,106.60626825500002
plant_height,decision_tree,104.7756389,120.50344165675322
plant_height,decision_tree,120.0037493,117.23649187232148
plant_height,decision_tree,111.9928546,114.2780095376543
plant_height,decision_tree,98.13518877,98.6620654626087
plant_height,decision_tree,113.2057444,117.53688595103092
plant_height,decision_tree,119.8767512,115.46381173017437
plant_height,decision_tree,128.8262383,105.24219188157237
plant_height,decision_tree,103.9651263,92.63989113941172
plant_height,decision_tree,123.3284954,117.12979383115385
plant_height,decision_tree,114.6641715,120.50344165675322
plant_height,decision_tree,119.7987061,114.2780095376543
plant_height,decision_tree,117.1596799,100.37880233457629
plant_height,decision_tree,110.943086,117.53688595103092
plant_height,decision_tree,124.6985306,117.12979383115385
plant_height,decision_tree,120.7892784,117.12979383115385
plant_height,decision_tree,104.1902739,106.60626825500002
plant_height,decision_tree,109.7854309,100.44689697312502
plant_height,decision_tree,103.7636031,100.78717153279065
plant_height,decision_tree,92.97204184,97.25054014842111
plant_height,decision_tree,107.9267938,105.97318994064746
plant_height,decision_tree,89.98129009,115.46381173017437
plant_height,decision_tree,117.9460621,117.53688595103092
plant_height,decision_tree,119.4864733,96.6617987872472
plant_height,decision_tree,118.9143735,98.6620654626087
plant_height,decision_tree,131.0093086,105.97318994064746
plant_height,decision_tree,124.4575767,94.46849043785714
plant_height,decision_tree,113.832301,117.12979383115385
plant_height,decision_tree,107.6234853,92.0722391819811
plant_height,decision_tree,121.5593403,106.3475429814865
plant_height,decision_tree,107.2437435,97.25054014842111
plant_height,decision_tree,103.2290453,117.53688595103092
plant_height,decision_tree,107.8473284,120.50344165675322
plant_height,decision_tree,120.0981307,115.46381173017437
plant_height,decision_tree,99.65769757,108.01503466600002
plant_height,decision_tree,122.5409639,120.50344165675322
plant_height,decision_tree,119.9971094,117.23649187232148
plant_height,decision_tree,116.3721885,106.87473108192307
plant_height,decision_tree,129.8039584,116.85475250461538
plant_height,decision_tree,110.1851792,115.46381173017437
plant_height,decision_tree,116.9036982,115.46381173017437
plant_height,decision_tree,120.9437699,115.46381173017437
plant_height,decision_tree,107.9376623,100.37880233457629
plant_height,decision_tree,122.2950428,114.2780095376543
plant_height,decision_tree,117.057289,108.01503466600002
plant_height,decision_tree,120.9205654,91.78117288985875
plant_height,decision_tree,110.3116322,97.25054014842111
plant_height,decision_tree,96.11443676,100.44689697312502
plant_height,decision_tree,104.8526051,91.78117288985875
plant_height,decision_tree,105.5795579,97.25054014842111
plant_height,decision_tree,111.4781726,92.0722391819811
plant_height,decision_tree,112.8974152,89.82320933290909
plant_height,decision_tree,106.2794595,91.78117288985875
plant_height,decision_tree,108.8342622,91.88703154714284
plant_height,decision_tree,100.4415968,100.44689697312502
plant_height,decision_tree,109.8410857,91.78117288985875
plant_height,decision_tree,111.5325127,85.44961995545455
plant_height,decision_tree,123.1449085,117.53688595103092
plant_height,decision_tree,106.9502258,89.82320933290909
plant_height,decision_tree,106.3775416,96.6617987872472
plant_height,decision_tree,99.85621683,81.92155237933333
plant_height,decision_tree,110.4937157,105.24219188157237
plant_height,decision_tree,113.5789047,117.23649187232148
plant_height,decision_tree,124.2590065,106.57485656072724
plant_height,decision_tree,127.1060947,97.25054014842111
plant_height,decision_tree,123.222434,100.44689697312502
plant_height,decision_tree,101.7823413,106.87473108192307
plant_height,decision_tree,123.5673197,97.25054014842111
plant_height,decision_tree,112.1456235,105.97318994064746
plant_height,decision_tree,118.6357679,100.35559138273582
plant_height,decision_tree,121.1457073,97.25054014842111
plant_height,decision_tree,128.7756457,100.35559138273582
plant_height,decision_tree,127.8431057,97.25054014842111
plant_height,decision_tree,131.1735789,126.99794151771431
plant_height,decision_tree,121.4925814,117.12979383115385
plant_height,decision_tree,111.2514026,100.44689697312502
plant_height,decision_tree,115.8479139,97.25054014842111
plant_height,decision_tree,100.9397008,87.14858811398551
plant_height,decision_tree,132.5448914,114.15214297
plant_height,decision_tree,124.2067106,105.97318994064746
plant_height,decision_tree,100.4364716,97.25054014842111
plant_height,decision_tree,106.0942215,96.60020079363635
plant_height,decision_tree,101.6131454,97.25054014842111
plant_height,decision_tree,99.88740211,91.78117288985875
plant_height,decision_tree,121.4822652,91.78117288985875
plant_height,decision_tree,92.05281075,91.78117288985875
plant_height,decision_tree,100.2304319,97.25054014842111
plant_height,decision_tree,92.36898962,106.60626825500002
plant_height,decision_tree,131.4877533,120.50344165675322
plant_height,decision_tree,96.52340573,89.82320933290909
plant_height,decision_tree,108.0248674,97.25054014842111
plant_height,decision_tree,117.3514622,117.53688595103092
plant_height,decision_tree,114.6001764,91.78117288985875
plant_height,decision_tree,114.0998233,87.14858811398551
plant_height,decision_tree,125.9711733,117.12979383115385
plant_height,decision_tree,116.329911,91.78117288985875
plant_height,decision_tree,116.7333687,105.97318994064746
plant_height,decision_tree,134.1641679,120.50344165675322
plant_height,decision_tree,102.159687,117.53688595103092
plant_height,decision_tree,104.9180994,117.53688595103092
plant_height,decision_tree,107.4827731,100.35559138273582
plant_height,decision_tree,127.1523107,114.2780095376543
plant_height,decision_tree,119.6107411,128.19216604666664
plant_height,decision_tree,121.4267711,117.95080425592595
plant_height,decision_tree,113.6376429,116.85475250461538
plant_height,decision_tree,107.5984431,91.78117288985875
plant_height,decision_tree,126.0761084,105.24219188157237
plant_height,decision_tree,122.7039175,109.6185010897059
plant_height,decision_tree,115.4979735,105.65393426764156
plant_height,decision_tree,119.965915,115.46381173017437
plant_height,decision_tree,114.7913446,92.63989113941172
plant_height,decision_tree,120.546945,96.65339798476191
plant_height,decision_tree,120.1732907,115.46381173017437
plant_height,decision_tree,108.255772,97.03939811909093
plant_height,decision_tree,118.1172453,106.3475429814865
plant_height,decision_tree,134.0601499,114.2780095376543
plant_height,decision_tree,124.5093919,115.46381173017437
plant_height,decision_tree,124.5675657,117.53688595103092
plant_height,decision_tree,118.5242,115.46381173017437
plant_height,decision_tree,128.9837841,105.97318994064746
plant_height,decision_tree,103.9559692,92.63989113941172
plant_height,decision_tree,117.5632389,115.46381173017437
plant_height,decision_tree,129.198765,117.53688595103092
plant_height,decision_tree,108.3414896,117.95080425592595
plant_height,decision_tree,134.792114,106.3475429814865
plant_height,decision_tree,124.1292222,105.97318994064746
plant_height,decision_tree,121.3359072,115.46381173017437
plant_height,decision_tree,111.0551308,120.50344165675322
plant_height,decision_tree,111.4538046,116.85475250461538
plant_height,decision_tree,118.2068554,120.50344165675322
plant_height,decision_tree,106.1752828,100.44689697312502
plant_height,decision_tree,113.0290573,117.12979383115385
plant_height,decision_tree,121.3036825,102.7354571370833
plant_height,decision_tree,112.1755482,105.24219188157237
plant_height,decision_tree,128.5293717,116.85475250461538
plant_height,decision_tree,112.6047348,120.50344165675322
plant_height,decision_tree,96.48112943,91.78117288985875
plant_height,decision_tree,123.8850126,117.53688595103092
plant_height,decision_tree,118.3442201,120.50344165675322
plant_height,decision_tree,128.7420327,108.01503466600002
plant_height,decision_tree,101.0732787,97.25054014842111
plant_height,decision_tree,125.0581682,115.46381173017437
plant_height,decision_tree,113.6957067,97.25054014842111
plant_height,decision_tree,96.73207526,97.03939811909093
plant_height,decision_tree,113.6029867,117.53688595103092
plant_height,decision_tree,121.5157387,105.97318994064746
plant_height,decision_tree,113.1422743,117.53688595103092
plant_height,decision_tree,114.9461614,120.50344165675322
plant_height,decision_tree,116.2453591,117.23649187232148
plant_height,decision_tree,123.2389691,109.6185010897059
plant_height,decision_tree,122.7038643,126.99794151771431
plant_height,decision_tree,119.0875068,126.99794151771431
plant_height,decision_tree,113.0776477,91.78117288985875
plant_height,decision_tree,109.0012811,120.50344165675322
plant_height,decision_tree,116.8389657,106.94051713806726
plant_height,decision_tree,118.8033249,117.12979383115385
plant_height,decision_tree,122.9353699,117.53688595103092
plant_height,decision_tree,105.9639661,115.46381173017437
plant_height,decision_tree,121.1614896,114.2780095376543
plant_height,decision_tree,125.4899128,117.12979383115385
plant_height,decision_tree,112.9204173,117.12979383115385
plant_height,decision_tree,136.4899649,108.01503466600002
plant_height,decision_tree,126.2951438,117.53688595103092
plant_height,decision_tree,103.7261679,105.65393426764156
plant_height,decision_tree,111.4762383,108.01503466600002
plant_height,decision_tree,107.7206036,97.25054014842111
plant_height,decision_tree,115.4693022,117.12979383115385
plant_height,decision_tree,108.7609985,92.0722391819811
plant_height,decision_tree,106.1624157,115.46381173017437
plant_height,decision_tree,116.1540014,97.25054014842111
plant_height,decision_tree,128.8110556,119.63639223999999
plant_height,decision_tree,116.6905255,105.97318994064746
plant_height,decision_tree,112.3455719,115.46381173017437
plant_height,decision_tree,119.4079634,119.63639223999999
plant_height,decision_tree,105.4857894,100.44689697312502
plant_height,decision_tree,128.8412042,117.53688595103092
plant_height,decision_tree,121.1790246,114.2780095376543
plant_height,decision_tree,108.7023681,120.50344165675322
plant_height,decision_tree,107.3247625,117.12979383115385
plant_height,decision_tree,120.4673523,117.53688595103092
plant_height,decision_tree,123.1473043,115.46381173017437
plant_height,decision_tree,121.0450272,117.12979383115385
plant_height,decision_tree,127.1053566,117.12979383115385
plant_height,decision_tree,110.4228253,106.94051713806726
plant_height,decision_tree,122.6781527,120.50344165675322
plant_height,decision_tree,127.6582223,115.46381173017437
plant_height,decision_tree,127.7041339,128.19216604666664
plant_height,decision_tree,123.2301247,126.99794151771431
plant_height,decision_tree,116.2204672,120.50344165675322
plant_height,decision_tree,146.069066,120.50344165675322
plant_height,decision_tree,127.1685311,120.50344165675322
plant_height,decision_tree,130.6183339,126.99794151771431
plant_height,decision_tree,124.9086073,105.24219188157237
plant_height,decision_tree,122.6643701,114.2780095376543
plant_height,decision_tree,122.1227675,115.46381173017437
plant_height,decision_tree,105.7065746,100.44689697312502
plant_height,decision_tree,103.7348078,97.25054014842111
plant_height,decision_tree,120.769991,114.2780095376543
plant_height,decision_tree,90.66226899,95.73085899833336
plant_height,decision_tree,117.4531979,100.37880233457629
plant_height,decision_tree,125.9418267,106.3475429814865
plant_height,decision_tree,122.9698614,117.53688595103092
plant_height,decision_tree,130.4924975,117.12979383115385
plant_height,decision_tree,115.9380008,117.23649187232148
plant_height,decision_tree,136.6347445,115.46381173017437
plant_height,decision_tree,123.3448183,108.01503466600002
plant_height,decision_tree,119.6957499,103.62924333499997
plant_height,decision_tree,113.7035045,106.62983941812499
plant_height,decision_tree,120.8808453,126.99794151771431
plant_height,decision_tree,118.3564356,114.2780095376543
plant_height,decision_tree,128.846156,117.12979383115385
plant_height,decision_tree,115.6154636,117.12979383115385
plant_height,decision_tree,116.9716221,106.94051713806726
plant_height,decision_tree,123.3686299,115.46381173017437
plant_height,decision_tree,117.250566,117.12979383115385
plant_height,decision_tree,113.1441259,117.23649187232148
plant_height,decision_tree,118.7915277,120.50344165675322
plant_height,decision_tree,120.2736169,115.46381173017437
plant_height,decision_tree,124.8702481,115.46381173017437
plant_height,decision_tree,118.5874503,106.62983941812499
plant_height,decision_tree,111.3179896,100.37880233457629
plant_height,decision_tree,120.2774982,120.50344165675322
plant_height,decision_tree,116.4943304,115.46381173017437
plant_height,decision_tree,123.7604556,101.0030420984314
plant_height,decision_tree,119.9605898,105.24219188157237
plant_height,decision_tree,125.2551565,117.12979383115385
plant_height,decision_tree,117.936323,100.44689697312502
plant_height,decision_tree,129.5564533,115.46381173017437
plant_height,decision_tree,128.0826243,117.12979383115385
plant_height,decision_tree,126.482528,117.12979383115385
plant_height,decision_tree,126.7914052,114.2780095376543
plant_height,decision_tree,119.9671751,117.12979383115385
plant_height,decision_tree,131.3403719,115.46381173017437
plant_height,decision_tree,127.8967911,117.53688595103092
plant_height,decision_tree,110.4340489,91.78117288985875
plant_height,decision_tree,108.4366725,101.0605770685437
plant_height,decision_tree,113.072724,101.0605770685437
plant_height,decision_tree,107.9040514,107.51470114727273
plant_height,decision_tree,121.1457828,115.46381173017437
plant_height,decision_tree,140.5558154,115.46381173017437
plant_height,decision_tree,122.334033,96.65339798476191
plant_height,decision_tree,129.8368486,117.12979383115385
plant_height,decision_tree,121.2942359,101.0605770685437
plant_height,decision_tree,122.8885492,91.78117288985875
plant_height,decision_tree,120.4771385,96.65339798476191
plant_height,decision_tree,117.680709,117.12979383115385
plant_height,decision_tree,126.7330912,117.53688595103092
plant_height,decision_tree,123.9806073,117.12979383115385
plant_height,decision_tree,112.4696835,101.0605770685437
plant_height,decision_tree,120.3251529,119.63639223999999
plant_height,decision_tree,116.709175,96.6617987872472
plant_height,decision_tree,127.0856392,115.46381173017437
plant_height,decision_tree,126.1563203,115.46381173017437
plant_height,decision_tree,122.2539265,117.95080425592595
plant_height,decision_tree,104.3796509,114.2780095376543
plant_height,decision_tree,109.1061281,114.2780095376543
plant_height,decision_tree,115.905697,114.2780095376543
plant_height,decision_tree,97.46148845,114.2780095376543
plant_height,decision_tree,104.7726078,97.25054014842111
plant_height,decision_tree,111.902964,115.46381173017437
plant_height,decision_tree,110.3634195,107.51470114727273
plant_height,decision_tree,119.1098221,105.97318994064746
plant_height,decision_tree,124.6855763,115.46381173017437
plant_height,decision_tree,123.4609767,117.23649187232148
plant_height,decision_tree,109.4556853,115.46381173017437
plant_height,decision_tree,118.4901227,115.46381173017437
plant_height,decision_tree,111.1233027,97.25054014842111
plant_height,decision_tree,113.1904993,100.35559138273582
plant_height,decision_tree,128.3876327,120.50344165675322
plant_height,decision_tree,129.2049453,120.50344165675322
plant_height,decision_tree,97.74058152,106.94051713806726
plant_height,decision_tree,111.3507427,96.6617987872472
plant_height,decision_tree,112.0007882,117.53688595103092
plant_height,decision_tree,128.7050068,92.63989113941172
plant_height,decision_tree,136.0994915,106.57485656072724
plant_height,decision_tree,138.383599,101.0030420984314
plant_height,decision_tree,132.9095952,114.2780095376543
plant_height,decision_tree,96.87507935,91.78117288985875
plant_height,decision_tree,107.4392418,100.44689697312502
plant_height,decision_tree,120.7834278,109.6185010897059
plant_height,decision_tree,132.678896,115.46381173017437
plant_height,decision_tree,120.4586215,105.97318994064746
puccinia_hordei,decision_tree,3.277472024,3.405720908292683
puccinia_hordei,decision_tree,2.704659937,3.178523371960894
puccinia_hordei,decision_tree,3.987689749,3.189608250347593
puccinia_hordei,decision_tree,2.936407423,3.6807911639333333
puccinia_hordei,decision_tree,2.339840503,3.178523371960894
puccinia_hordei,decision_tree,2.23818106,3.189608250347593
puccinia_hordei,decision_tree,2.36839872,3.189608250347593
puccinia_hordei,decision_tree,2.435159827,3.189608250347593
puccinia_hordei,decision_tree,4.285290114,3.111611340525927
puccinia_hordei,decision_tree,3.013334901,3.189608250347593
puccinia_hordei,decision_tree,3.180363224,4.536681871035715
puccinia_hordei,decision_tree,2.559396466,2.3999971923809524
puccinia_hordei,decision_tree,3.227694049,3.6807911639333333
puccinia_hordei,decision_tree,3.653139978,4.096534402785715
puccinia_hordei,decision_tree,2.151695764,3.178523371960894
puccinia_hordei,decision_tree,3.586529899,3.405720908292683
puccinia_hordei,decision_tree,2.575955544,3.111611340525927
puccinia_hordei,decision_tree,3.29189463,3.111611340525927
puccinia_hordei,decision_tree,3.122467129,3.1202796645405404
puccinia_hordei,decision_tree,3.681231306,3.111611340525927
puccinia_hordei,decision_tree,3.419676527,3.178523371960894
puccinia_hordei,decision_tree,2.50903281,3.178523371960894
puccinia_hordei,decision_tree,2.755863966,2.3999971923809524
puccinia_hordei,decision_tree,3.030632551,4.236063553259256
puccinia_hordei,decision_tree,3.544363585,3.1202796645405404
puccinia_hordei,decision_tree,3.452074517,3.189608250347593
puccinia_hordei,decision_tree,3.212672784,3.111611340525927
puccinia_hordei,decision_tree,3.613287387,3.178523371960894
puccinia_hordei,decision_tree,3.327161818,2.3999971923809524
puccinia_hordei,decision_tree,1.694911443,3.189608250347593
puccinia_hordei,decision_tree,3.642335315,3.111057613123376
puccinia_hordei,decision_tree,2.850409116,3.6807911639333333
puccinia_hordei,decision_tree,2.127103216,3.178523371960894
puccinia_hordei,decision_tree,3.069837308,3.189608250347593
puccinia_hordei,decision_tree,2.582454207,3.178523371960894
puccinia_hordei,decision_tree,3.481789567,3.178523371960894
puccinia_hordei,decision_tree,3.503111504,3.111611340525927
puccinia_hordei,decision_tree,3.655794005,3.111611340525927
puccinia_hordei,decision_tree,3.215957119,3.111611340525927
puccinia_hordei,decision_tree,1.934419049,3.111057613123376
puccinia_hordei,decision_tree,3.245047476,3.178523371960894
puccinia_hordei,decision_tree,2.330782329,2.966629042235294
puccinia_hordei,decision_tree,2.692185626,2.966629042235294
puccinia_hordei,decision_tree,3.259357504,3.405720908292683
puccinia_hordei,decision_tree,3.668898241,3.111057613123376
puccinia_hordei,decision_tree,3.722300922,3.111611340525927
puccinia_hordei,decision_tree,3.485160564,3.111611340525927
puccinia_hordei,decision_tree,3.101516215,3.178523371960894
puccinia_hordei,decision_tree,2.52351814,3.111611340525927
puccinia_hordei,decision_tree,3.455529152,3.111057613123376
puccinia_hordei,decision_tree,2.491589388,3.111611340525927
puccinia_hordei,decision_tree,2.747696887,3.111057613123376
puccinia_hordei,decision_tree,3.539816433,3.178523371960894
puccinia_hordei,decision_tree,3.156730065,3.111611340525927
puccinia_hordei,decision_tree,2.251752855,3.111057613123376
puccinia_hordei,decision_tree,3.224428432,3.189608250347593
puccinia_hordei,decision_tree,3.298355298,3.6807911639333333
puccinia_hordei,decision_tree,2.485937804,2.966629042235294
puccinia_hordei,decision_tree,3.201214853,3.111057613123376
puccinia_hordei,decision_tree,3.534294529,3.111057613123376
puccinia_hordei,decision_tree,3.870549068,3.189608250347593
puccinia_hordei,decision_tree,3.435513967,3.405720908292683
puccinia_hordei,decision_tree,2.187329704,3.189608250347593
puccinia_hordei,decision_tree,2.847834612,3.111057613123376
puccinia_hordei,decision_tree,4.14361593,3.178523371960894
puccinia_hordei,decision_tree,2.415050198,3.189608250347593
puccinia_hordei,decision_tree,1.887397576,3.111057613123376
puccinia_hordei,decision_tree,4.241806878,3.111057613123376
puccinia_hordei,decision_tree,3.040840407,3.405720908292683
puccinia_hordei,decision_tree,3.152653976,3.405720908292683
puccinia_hordei,decision_tree,3.094822419,3.6807911639333333
puccinia_hordei,decision_tree,2.840948973,3.189608250347593
puccinia_hordei,decision_tree,3.423078891,3.189608250347593
puccinia_hordei,decision_tree,3.56963414,2.3999971923809524
puccinia_hordei,decision_tree,2.900417363,3.405720908292683
puccinia_hordei,decision_tree,3.490592946,2.966629042235294
puccinia_hordei,decision_tree,2.655641478,3.111057613123376
puccinia_hordei,decision_tree,4.196592221,3.189608250347593
puccinia_hordei,decision_tree,3.654297906,3.111057613123376
puccinia_hordei,decision_tree,1.897279566,2.3999971923809524
puccinia_hordei,decision_tree,2.843900985,3.178523371960894
puccinia_hordei,decision_tree,4.104650059,3.189608250347593
puccinia_hordei,decision_tree,2.75148623,3.189608250347593
puccinia_hordei,decision_tree,3.515686406,3.111057613123376
puccinia_hordei,decision_tree,2.422133949,3.189608250347593
puccinia_hordei,decision_tree,2.453013617,3.178523371960894
puccinia_hordei,decision_tree,2.439909945,3.6807911639333333
puccinia_hordei,decision_tree,2.337096095,3.178523371960894
puccinia_hordei,decision_tree,3.301891917,3.111057613123376
puccinia_hordei,decision_tree,2.684202513,2.966629042235294
puccinia_hordei,decision_tree,2.992472873,3.1202796645405404
puccinia_hordei,decision_tree,2.843604603,3.178523371960894
puccinia_hordei,decision_tree,2.824497168,3.189608250347593
puccinia_hordei,decision_tree,3.311040749,3.1202796645405404
puccinia_hordei,decision_tree,3.663168131,3.189608250347593
puccinia_hordei,decision_tree,2.917100952,3.178523371960894
puccinia_hordei,decision_tree,2.688501234,3.111057613123376
puccinia_hordei,decision_tree,3.507935788,3.189608250347593
puccinia_hordei,decision_tree,3.577773861,3.178523371960894
puccinia_hordei,decision_tree,4.392170107,3.1202796645405404
puccinia_hordei,decision_tree,2.939003143,3.111057613123376
puccinia_hordei,decision_tree,3.375402593,3.111057613123376
puccinia_hordei,decision_tree,3.378501294,3.111611340525927
puccinia_hordei,decision_tree,2.532428429,3.111611340525927
puccinia_hordei,decision_tree,2.311449485,3.189608250347593
puccinia_hordei,decision_tree,3.52203928,3.111611340525927
puccinia_hordei,decision_tree,3.545318486,3.189608250347593
puccinia_hordei,decision_tree,3.621145305,3.111057613123376
puccinia_hordei,decision_tree,3.553013262,3.405720908292683
puccinia_hordei,decision_tree,4.246663348,3.6807911639333333
puccinia_hordei,decision_tree,3.126109544,3.189608250347593
puccinia_hordei,decision_tree,3.89029475,3.111611340525927
puccinia_hordei,decision_tree,2.606335367,3.178523371960894
puccinia_hordei,decision_tree,2.735197398,3.6807911639333333
puccinia_hordei,decision_tree,2.651647807,3.405720908292683
puccinia_hordei,decision_tree,3.503593726,3.111611340525927
puccinia_hordei,decision_tree,3.026223848,3.405720908292683
puccinia_hordei,decision_tree,3.045311468,2.3999971923809524
puccinia_hordei,decision_tree,2.389406597,3.189608250347593
puccinia_hordei,decision_tree,3.911573142,3.111611340525927
puccinia_hordei,decision_tree,2.020286019,3.189608250347593
puccinia_hordei,decision_tree,3.682322422,3.178523371960894
puccinia_hordei,decision_tree,3.258138848,3.111611340525927
puccinia_hordei,decision_tree,4.321117532,3.111611340525927
puccinia_hordei,decision_tree,3.112914363,3.111611340525927
puccinia_hordei,decision_tree,2.157948781,3.405720908292683
puccinia_hordei,decision_tree,3.259205402,3.405720908292683
puccinia_hordei,decision_tree,2.474510058,3.111611340525927
puccinia_hordei,decision_tree,4.704376164,3.6807911639333333
puccinia_hordei,decision_tree,2.996081601,3.178523371960894
puccinia_hordei,decision_tree,3.078000571,4.1824908603597555
puccinia_hordei,decision_tree,3.724975859,4.392838515719623
puccinia_hordei,decision_tree,3.800702182,3.3957055510333323
puccinia_hordei,decision_tree,4.153108705,3.9572330105348827
puccinia_hordei,decision_tree,3.316778808,3.9179003471683167
puccinia_hordei,decision_tree,2.244565353,3.189608250347593
puccinia_hordei,decision_tree,5.660555098,3.6807911639333333
puccinia_hordei,decision_tree,3.363905464,3.189608250347593
puccinia_hordei,decision_tree,4.834584662,3.6807911639333333
puccinia_hordei,decision_tree,3.183891717,3.6807911639333333
puccinia_hordei,decision_tree,2.777285482,2.8632204878333334
puccinia_hordei,decision_tree,5.033953443,3.6807911639333333
puccinia_hordei,decision_tree,4.955517329,4.268236524986111
puccinia_hordei,decision_tree,3.935124328,3.8671053811923075
puccinia_hordei,decision_tree,4.278917309,3.9768775354385966
puccinia_hordei,decision_tree,3.390786197,3.189608250347593
puccinia_hordei,decision_tree,3.96995203,3.8671053811923075
puccinia_hordei,decision_tree,4.035830004,3.111611340525927
puccinia_hordei,decision_tree,3.292926101,2.8632204878333334
puccinia_hordei,decision_tree,2.850452156,2.7744954655128207
puccinia_hordei,decision_tree,3.492930467,4.806665835462963
puccinia_hordei,decision_tree,4.853022147,3.8671053811923075
puccinia_hordei,decision_tree,2.625468412,2.7744954655128207
puccinia_hordei,decision_tree,2.485006993,3.208127668096775
puccinia_hordei,decision_tree,3.435232216,3.8671053811923075
puccinia_hordei,decision_tree,2.394827239,3.189608250347593
puccinia_hordei,decision_tree,2.201137565,3.6807911639333333
puccinia_hordei,decision_tree,3.15448517,2.7744954655128207
puccinia_hordei,decision_tree,2.822002793,3.111057613123376
puccinia_hordei,decision_tree,3.895829864,4.778299746045454
puccinia_hordei,decision_tree,3.367690134,2.7744954655128207
puccinia_hordei,decision_tree,3.545386202,3.178523371960894
puccinia_hordei,decision_tree,4.335581173,3.8671053811923075
puccinia_hordei,decision_tree,3.733577503,3.3957055510333323
puccinia_hordei,decision_tree,2.70743914,4.354359469416667
puccinia_hordei,decision_tree,4.482906013,3.9768775354385966
puccinia_hordei,decision_tree,2.318754641,4.1824908603597555
puccinia_hordei,decision_tree,2.433929439,3.208127668096775
puccinia_hordei,decision_tree,3.801690551,3.6807911639333333
puccinia_hordei,decision_tree,4.365719835,2.966629042235294
puccinia_hordei,decision_tree,2.740921654,3.178523371960894
puccinia_hordei,decision_tree,4.075720076,3.8671053811923075
puccinia_hordei,decision_tree,2.98485908,3.3957055510333323
puccinia_hordei,decision_tree,3.189461862,2.8632204878333334
puccinia_hordei,decision_tree,3.016803459,3.111057613123376
puccinia_hordei,decision_tree,5.546862832,4.806665835462963
puccinia_hordei,decision_tree,3.754008315,3.9572330105348827
puccinia_hordei,decision_tree,5.233900646,3.189608250347593
puccinia_hordei,decision_tree,3.425608465,3.6807911639333333
puccinia_hordei,decision_tree,4.759420795,3.9572330105348827
puccinia_hordei,decision_tree,2.435437232,2.7744954655128207
puccinia_hordei,decision_tree,3.527622595,3.3957055510333323
puccinia_hordei,decision_tree,3.694697124,3.189608250347593
puccinia_hordei,decision_tree,4.883169536,3.8671053811923075
puccinia_hordei,decision_tree,1.950576409,3.111057613123376
puccinia_hordei,decision_tree,2.608922607,3.9572330105348827
puccinia_hordei,decision_tree,2.637789542,3.111611340525927
puccinia_hordei,decision_tree,2.5668081,4.1824908603597555
puccinia_hordei,decision_tree,4.51785379,3.9572330105348827
puccinia_hordei,decision_tree,3.29845433,3.9179003471683167
puccinia_hordei,decision_tree,3.580885016,3.8671053811923075
puccinia_hordei,decision_tree,2.359486864,2.7744954655128207
puccinia_hordei,decision_tree,2.302934061,4.236063553259256
puccinia_hordei,decision_tree,3.431809402,3.3957055510333323
puccinia_hordei,decision_tree,4.425092876,4.9121550978
puccinia_hordei,decision_tree,2.38644984,2.7744954655128207
puccinia_hordei,decision_tree,3.259365758,3.9948158271578946
puccinia_hordei,decision_tree,4.543606227,3.8671053811923075
puccinia_hordei,decision_tree,4.437109031,3.6807911639333333
puccinia_hordei,decision_tree,6.732138521,3.111057613123376
puccinia_hordei,decision_tree,2.286749536,4.1824908603597555
puccinia_hordei,decision_tree,3.586890105,3.9179003471683167
puccinia_hordei,decision_tree,3.847656786,3.8671053811923075
puccinia_hordei,decision_tree,4.511306501,4.0146936427222215
puccinia_hordei,decision_tree,3.297578566,3.9768775354385966
puccinia_hordei,decision_tree,3.210091574,3.9179003471683167
puccinia_hordei,decision_tree,3.084104415,3.178523371960894
puccinia_hordei,decision_tree,3.240887432,3.8671053811923075
puccinia_hordei,decision_tree,4.369050314,4.8868134040666655
puccinia_hordei,decision_tree,3.602862624,3.6807911639333333
puccinia_hordei,decision_tree,4.05174367,3.6807911639333333
puccinia_hordei,decision_tree,4.617894444,3.9768775354385966
puccinia_hordei,decision_tree,4.493664086,3.3957055510333323
puccinia_hordei,decision_tree,3.941010324,4.771478514168673
puccinia_hordei,decision_tree,3.207944726,3.916773362090909
puccinia_hordei,decision_tree,2.987776782,3.189608250347593
puccinia_hordei,decision_tree,4.220586142,3.9179003471683167
puccinia_hordei,decision_tree,5.139909598,3.178523371960894
puccinia_hordei,decision_tree,2.292733071,3.111057613123376
puccinia_hordei,decision_tree,3.98105119,3.9179003471683167
puccinia_hordei,decision_tree,2.434904658,3.111057613123376
puccinia_hordei,decision_tree,3.499322479,3.9768775354385966
puccinia_hordei,decision_tree,3.409550091,3.9572330105348827
puccinia_hordei,decision_tree,3.190417333,3.9768775354385966
puccinia_hordei,decision_tree,3.894144759,3.9179003471683167
puccinia_hordei,decision_tree,3.301038624,4.268236524986111
puccinia_hordei,decision_tree,3.006552355,3.111611340525927
puccinia_hordei,decision_tree,2.416579566,3.189608250347593
puccinia_hordei,decision_tree,2.216430104,3.9572330105348827
puccinia_hordei,decision_tree,3.890102553,4.806665835462963
puccinia_hordei,decision_tree,4.067255282,3.9179003471683167
puccinia_hordei,decision_tree,4.384195279,3.6807911639333333
puccinia_hordei,decision_tree,3.87921308,3.9179003471683167
puccinia_hordei,decision_tree,2.902092619,3.9179003471683167
puccinia_hordei,decision_tree,3.820092496,3.9572330105348827
puccinia_hordei,decision_tree,3.025008995,3.9768775354385966
puccinia_hordei,decision_tree,3.225244892,2.8632204878333334
puccinia_hordei,decision_tree,2.382297749,3.111057613123376
puccinia_hordei,decision_tree,3.491801679,3.2728258123783784
puccinia_hordei,decision_tree,4.752133911,3.189608250347593
puccinia_hordei,decision_tree,3.038948346,3.9179003471683167
puccinia_hordei,decision_tree,2.061989595,3.178523371960894
puccinia_hordei,decision_tree,4.865424415,4.778299746045454
puccinia_hordei,decision_tree,4.054610666,3.6807911639333333
puccinia_hordei,decision_tree,2.997159288,3.2728258123783784
puccinia_hordei,decision_tree,4.167600868,3.8671053811923075
puccinia_hordei,decision_tree,5.206443538,3.8671053811923075
puccinia_hordei,decision_tree,2.536685187,3.111057613123376
puccinia_hordei,decision_tree,3.422121213,3.9768775354385966
puccinia_hordei,decision_tree,2.672359935,3.9768775354385966
puccinia_hordei,decision_tree,2.291861143,3.189608250347593
puccinia_hordei,decision_tree,4.252229468,2.3999971923809524
puccinia_hordei,decision_tree,2.36968538,3.178523371960894
puccinia_hordei,decision_tree,3.019232724,3.8671053811923075
puccinia_hordei,decision_tree,3.422231878,3.9768775354385966
puccinia_hordei,decision_tree,4.012427564,3.8671053811923075
puccinia_hordei,decision_tree,3.544412291,4.236063553259256
puccinia_hordei,decision_tree,2.352113465,3.9572330105348827
puccinia_hordei,decision_tree,3.996819878,3.9179003471683167
puccinia_hordei,decision_tree,2.129006955,3.2728258123783784
puccinia_hordei,decision_tree,2.635985504,3.189608250347593
puccinia_hordei,decision_tree,4.824819093,3.9768775354385966
puccinia_hordei,decision_tree,3.005197388,2.7744954655128207
puccinia_hordei,decision_tree,3.283135611,3.5553136571111112
puccinia_hordei,decision_tree,3.213854989,2.966629042235294
puccinia_hordei,decision_tree,2.904180983,3.6807911639333333
puccinia_hordei,decision_tree,3.990675395,3.9768775354385966
puccinia_hordei,decision_tree,3.178215111,3.178523371960894
puccinia_hordei,decision_tree,4.208782789,3.8671053811923075
puccinia_hordei,decision_tree,4.209667083,3.9179003471683167
puccinia_hordei,decision_tree,3.021880704,3.111057613123376
puccinia_hordei,decision_tree,2.997767347,3.9572330105348827
puccinia_hordei,decision_tree,3.929371235,3.3957055510333323
puccinia_hordei,decision_tree,3.823862364,4.236063553259256
puccinia_hordei,decision_tree,3.458364316,3.3957055510333323
puccinia_hordei,decision_tree,3.554952507,3.6807911639333333
puccinia_hordei,decision_tree,4.495270668,3.9179003471683167
puccinia_hordei,decision_tree,3.753172901,3.111057613123376
puccinia_hordei,decision_tree,2.230148973,3.208127668096775
puccinia_hordei,decision_tree,2.489197525,3.540026828166667
puccinia_hordei,decision_tree,5.14920616,3.189608250347593
puccinia_hordei,decision_tree,2.725553038,3.2728258123783784
puccinia_hordei,decision_tree,3.208613182,3.9179003471683167
puccinia_hordei,decision_tree,4.288239778,3.8671053811923075
puccinia_hordei,decision_tree,3.805014659,3.9572330105348827
puccinia_hordei,decision_tree,3.296138908,3.189608250347593
puccinia_hordei,decision_tree,3.736892102,3.6807911639333333
puccinia_hordei,decision_tree,3.924627931,5.023514498833333
puccinia_hordei,decision_tree,3.042942123,3.178523371960894
puccinia_hordei,decision_tree,2.79359558,3.111057613123376
puccinia_hordei,decision_tree,2.630860408,3.189608250347593
puccinia_hordei,decision_tree,3.934773756,4.392838515719623
puccinia_hordei,decision_tree,3.178047993,3.6807911639333333
puccinia_hordei,decision_tree,3.080001886,3.8671053811923075
puccinia_hordei,decision_tree,3.298762807,3.189608250347593
puccinia_hordei,decision_tree,2.037578347,3.178523371960894
puccinia_hordei,decision_tree,4.302396377,3.6807911639333333
puccinia_hordei,decision_tree,4.871193964,3.8671053811923075
puccinia_hordei,decision_tree,6.159276674,5.390831813504719
puccinia_hordei,decision_tree,5.545036274,5.390831813504719
puccinia_hordei,decision_tree,6.617436693,4.378405731
puccinia_hordei,decision_tree,5.974325564,5.831539318250001
puccinia_hordei,decision_tree,6.390596062,6.263392632533333
puccinia_hordei,decision_tree,4.5597863,5.488792262666666
puccinia_hordei,decision_tree,2.926005732,3.907295021336362
puccinia_hordei,decision_tree,4.866128898,5.390667364346154
puccinia_hordei,decision_tree,5.942990037,4.013589366267857
puccinia_hordei,decision_tree,4.551163469,4.696757494237115
puccinia_hordei,decision_tree,4.67386539,4.236063553259256
puccinia_hordei,decision_tree,3.650349529,4.4501473721333324
puccinia_hordei,decision_tree,5.516817921,3.2728258123783784
puccinia_hordei,decision_tree,4.188099474,4.392838515719623
puccinia_hordei,decision_tree,3.722916558,3.189608250347593
puccinia_hordei,decision_tree,2.291571549,3.907295021336362
puccinia_hordei,decision_tree,4.884865343,4.771478514168673
puccinia_hordei,decision_tree,4.252943974,4.771032199578512
puccinia_hordei,decision_tree,2.98566495,4.865693315416666
puccinia_hordei,decision_tree,2.058572759,3.178523371960894
puccinia_hordei,decision_tree,3.659636669,4.236063553259256
puccinia_hordei,decision_tree,4.894147838,4.8868134040666655
puccinia_hordei,decision_tree,3.617064811,4.455431468041667
puccinia_hordei,decision_tree,5.27885052,5.938102952769231
puccinia_hordei,decision_tree,4.726271006,5.102944476777778
puccinia_hordei,decision_tree,4.712618739,4.8868134040666655
puccinia_hordei,decision_tree,5.365833824,5.787341245136363
puccinia_hordei,decision_tree,4.350912703,4.268236524986111
puccinia_hordei,decision_tree,6.199935744,4.392838515719623
puccinia_hordei,decision_tree,4.65316017,5.390831813504719
puccinia_hordei,decision_tree,4.090260303,4.8868134040666655
puccinia_hordei,decision_tree,3.616646348,4.696757494237115
puccinia_hordei,decision_tree,4.579586246,4.1824908603597555
puccinia_hordei,decision_tree,3.398025096,4.8868134040666655
puccinia_hordei,decision_tree,4.174465326,4.8868134040666655
puccinia_hordei,decision_tree,6.01474557,6.371445249606061
puccinia_hordei,decision_tree,3.992743152,6.371445249606061
puccinia_hordei,decision_tree,4.900736251,6.263392632533333
puccinia_hordei,decision_tree,4.997227105,5.390831813504719
puccinia_hordei,decision_tree,4.901974511,4.1824908603597555
puccinia_hordei,decision_tree,5.075318654,5.1781861417222235
puccinia_hordei,decision_tree,4.455145629,4.771032199578512
puccinia_hordei,decision_tree,2.481614469,4.6023319104
puccinia_hordei,decision_tree,4.719276822,5.359185743105264
puccinia_hordei,decision_tree,4.899075576,4.236063553259256
puccinia_hordei,decision_tree,4.271300291,4.771032199578512
puccinia_hordei,decision_tree,3.449587438,4.696757494237115
puccinia_hordei,decision_tree,3.94621894,4.981673031625
puccinia_hordei,decision_tree,3.249016218,4.236063553259256
puccinia_hordei,decision_tree,4.870237253,5.851685139924107
puccinia_hordei,decision_tree,5.391160985,5.359185743105264
puccinia_hordei,decision_tree,5.807178616,4.720754286509804
puccinia_hordei,decision_tree,5.667100245,4.341326929894736
puccinia_hordei,decision_tree,3.849916634,4.696757494237115
puccinia_hordei,decision_tree,5.999044022,5.390667364346154
puccinia_hordei,decision_tree,5.922888009,5.359185743105264
puccinia_hordei,decision_tree,3.364563149,4.599933174
puccinia_hordei,decision_tree,4.344678804,4.696757494237115
puccinia_hordei,decision_tree,3.844594026,5.1781861417222235
puccinia_hordei,decision_tree,3.11067437,4.013589366267857
puccinia_hordei,decision_tree,5.16892617,4.771032199578512
puccinia_hordei,decision_tree,4.295867062,4.236063553259256
puccinia_hordei,decision_tree,3.811055463,5.1781861417222235
puccinia_hordei,decision_tree,6.300599924,5.390831813504719
puccinia_hordei,decision_tree,3.603779553,4.013589366267857
puccinia_hordei,decision_tree,5.107347502,4.392838515719623
puccinia_hordei,decision_tree,3.892149974,4.268236524986111
puccinia_hordei,decision_tree,6.037754899,6.371445249606061
puccinia_hordei,decision_tree,2.986500288,5.1781861417222235
puccinia_hordei,decision_tree,5.085301335,4.771478514168673
puccinia_hordei,decision_tree,3.75953967,4.354359469416667
puccinia_hordei,decision_tree,3.867121615,4.806665835462963
puccinia_hordei,decision_tree,4.934474187,4.013589366267857
puccinia_hordei,decision_tree,3.557623393,4.771478514168673
puccinia_hordei,decision_tree,3.694606242,4.268236524986111
puccinia_hordei,decision_tree,3.743767297,4.1824908603597555
puccinia_hordei,decision_tree,4.811330702,4.1242987498399994
puccinia_hordei,decision_tree,5.48575449,5.787341245136363
puccinia_hordei,decision_tree,3.439067514,4.1824908603597555
puccinia_hordei,decision_tree,4.79729568,4.236063553259256
puccinia_hordei,decision_tree,3.15352416,3.178523371960894
puccinia_hordei,decision_tree,5.882034504,5.851685139924107
puccinia_hordei,decision_tree,5.863594491,5.390831813504719
puccinia_hordei,decision_tree,5.769068013,5.390831813504719
puccinia_hordei,decision_tree,5.597621919,3.916773362090909
puccinia_hordei,decision_tree,4.087469778,4.392838515719623
puccinia_hordei,decision_tree,5.297600796,4.771032199578512
puccinia_hordei,decision_tree,5.694146769,4.1824908603597555
puccinia_hordei,decision_tree,4.916357531,4.1824908603597555
puccinia_hordei,decision_tree,4.013740811,4.1824908603597555
puccinia_hordei,decision_tree,3.264362148,3.9948158271578946
puccinia_hordei,decision_tree,5.186607252,5.013403508660376
puccinia_hordei,decision_tree,5.305322064,4.236063553259256
puccinia_hordei,decision_tree,4.034457326,4.1824908603597555
puccinia_hordei,decision_tree,5.370473982,4.951950564299999
puccinia_hordei,decision_tree,3.665065449,3.208127668096775
puccinia_hordei,decision_tree,3.904151627,4.8868134040666655
puccinia_hordei,decision_tree,3.465693914,4.392838515719623
puccinia_hordei,decision_tree,4.739315934,4.865693315416666
puccinia_hordei,decision_tree,4.677228227,4.771032199578512
puccinia_hordei,decision_tree,4.906338264,4.771478514168673
puccinia_hordei,decision_tree,4.245558176,4.268236524986111
puccinia_hordei,decision_tree,4.059026695,4.720754286509804
puccinia_hordei,decision_tree,3.76358415,4.096534402785715
puccinia_hordei,decision_tree,4.184214872,4.1824908603597555
puccinia_hordei,decision_tree,5.058798432,5.023514498833333
puccinia_hordei,decision_tree,4.008280335,4.8868134040666655
puccinia_hordei,decision_tree,5.643715611,4.8868134040666655
puccinia_hordei,decision_tree,5.239935078,4.771032199578512
puccinia_hordei,decision_tree,3.080240091,4.981673031625
puccinia_hordei,decision_tree,3.779871727,4.7102577658
puccinia_hordei,decision_tree,2.103124196,3.6807911639333333
puccinia_hordei,decision_tree,3.148806516,4.1824908603597555
puccinia_hordei,decision_tree,5.663335825,5.390831813504719
puccinia_hordei,decision_tree,3.33456567,3.1202796645405404
puccinia_hordei,decision_tree,5.059118732,6.371445249606061
puccinia_hordei,decision_tree,2.91762368,3.907295021336362
puccinia_hordei,decision_tree,3.717596471,4.268236524986111
puccinia_hordei,decision_tree,3.569822237,4.354359469416667
puccinia_hordei,decision_tree,3.002257017,3.4507776488181823
puccinia_hordei,decision_tree,6.497600366,5.851685139924107
puccinia_hordei,decision_tree,5.538474763,7.191850654
puccinia_hordei,decision_tree,5.852271628,3.6807911639333333
puccinia_hordei,decision_tree,5.637326704,5.088982863317074
puccinia_hordei,decision_tree,4.083270138,3.208127668096775
puccinia_hordei,decision_tree,5.093261544,4.236063553259256
puccinia_hordei,decision_tree,4.848950102,3.6807911639333333
puccinia_hordei,decision_tree,4.86946176,4.8868134040666655
puccinia_hordei,decision_tree,4.583306968,4.865693315416666
puccinia_hordei,decision_tree,4.545383864,5.013403508660376
puccinia_hordei,decision_tree,4.701328131,4.696757494237115
puccinia_hordei,decision_tree,4.861684252,4.8868134040666655
puccinia_hordei,decision_tree,6.000967952,5.390831813504719
puccinia_hordei,decision_tree,5.47049407,4.392838515719623
puccinia_hordei,decision_tree,6.004139063,5.017470292714286
puccinia_hordei,decision_tree,2.90591926,5.390831813504719
puccinia_hordei,decision_tree,3.595792888,4.378405731
puccinia_hordei,decision_tree,3.742547336,5.013403508660376
puccinia_hordei,decision_tree,3.926045157,5.013403508660376
puccinia_hordei,decision_tree,4.10638058,4.981673031625
puccinia_hordei,decision_tree,5.819141386,5.359185743105264
puccinia_hordei,decision_tree,3.852033452,5.078922056733334
puccinia_hordei,decision_tree,3.466896958,4.354359469416667
puccinia_hordei,decision_tree,3.121519459,4.771032199578512
puccinia_hordei,decision_tree,2.626746852,4.013589366267857
puccinia_hordei,decision_tree,5.524248201,7.0579923422499995
puccinia_hordei,decision_tree,5.653535504,6.263392632533333
puccinia_hordei,decision_tree,5.375965049,4.771478514168673
puccinia_hordei,decision_tree,5.463966235,4.865693315416666
puccinia_hordei,decision_tree,4.934323666,5.390667364346154
puccinia_hordei,decision_tree,5.856312,4.013589366267857
puccinia_hordei,decision_tree,5.074007487,5.390831813504719
puccinia_hordei,decision_tree,4.800183115,4.392838515719623
puccinia_hordei,decision_tree,4.848370155,5.390831813504719
puccinia_hordei,decision_tree,5.71047576,4.806665835462963
puccinia_hordei,decision_tree,5.087022338,4.8868134040666655
puccinia_hordei,decision_tree,4.127803289,5.546171943739998
puccinia_hordei,decision_tree,4.922041341,4.951950564299999
puccinia_hordei,decision_tree,4.82250767,4.392838515719623
puccinia_hordei,decision_tree,5.326418857,5.390831813504719
puccinia_hordei,decision_tree,5.656986911,4.8868134040666655
puccinia_hordei,decision_tree,5.602496487,4.771032199578512
puccinia_hordei,decision_tree,5.720915105,5.851685139924107
puccinia_hordei,decision_tree,5.050148355,4.951950564299999
puccinia_hordei,decision_tree,4.6183157,4.013589366267857
puccinia_hordei,decision_tree,6.028429495,4.806665835462963
puccinia_hordei,decision_tree,4.043158845,4.599933174
puccinia_hordei,decision_tree,5.538998703,4.771478514168673
puccinia_hordei,decision_tree,3.386979033,4.1824908603597555
puccinia_hordei,decision_tree,3.921671116,4.236063553259256
puccinia_hordei,decision_tree,3.857271585,4.392838515719623
puccinia_hordei,decision_tree,3.435175658,3.907295021336362
puccinia_hordei,decision_tree,4.965261045,5.831539318250001
puccinia_hordei,decision_tree,4.223525895,5.851685139924107
puccinia_hordei,decision_tree,3.455699374,4.771032199578512
puccinia_hordei,decision_tree,5.647607553,5.787341245136363
puccinia_hordei,decision_tree,4.703847485,4.778299746045454
puccinia_hordei,decision_tree,4.19960416,4.392838515719623
puccinia_hordei,decision_tree,4.751856953,4.981673031625
puccinia_hordei,decision_tree,3.904698802,4.8868134040666655
puccinia_hordei,decision_tree,4.969817642,4.696757494237115
puccinia_hordei,decision_tree,3.625439002,4.8868134040666655
puccinia_hordei,decision_tree,4.669522589,3.907295021336362
puccinia_hordei,decision_tree,4.134243211,4.013589366267857
puccinia_hordei,decision_tree,5.12332523,4.8868134040666655
puccinia_hordei,decision_tree,3.986774417,4.392838515719623
puccinia_hordei,decision_tree,5.174359391,4.951950564299999
puccinia_hordei,decision_tree,4.530805269,5.546171943739998
puccinia_hordei,decision_tree,4.531428282,4.013589366267857
puccinia_hordei,decision_tree,4.852406174,3.8469496089999997
puccinia_hordei,decision_tree,4.489280749,5.359185743105264
puccinia_hordei,decision_tree,4.633206945,4.268236524986111
puccinia_hordei,decision_tree,4.455678871,3.189608250347593
puccinia_hordei,decision_tree,5.41148054,4.865693315416666
puccinia_hordei,decision_tree,4.535905114,4.771032199578512
puccinia_hordei,decision_tree,4.549321502,5.390831813504719
puccinia_hordei,decision_tree,3.607289483,3.1202796645405404
puccinia_hordei,decision_tree,3.907498686,4.392838515719623
puccinia_hordei,decision_tree,3.958437643,4.1824908603597555
puccinia_hordei,decision_tree,5.106923718,4.771478514168673
puccinia_hordei,decision_tree,5.377003654,4.991949282272728
puccinia_hordei,decision_tree,4.568067401,5.126047340266667
puccinia_hordei,decision_tree,6.09178368,5.546171943739998
puccinia_hordei,decision_tree,4.082630528,4.8868134040666655
puccinia_hordei,decision_tree,4.438538148,3.9179003471683167
puccinia_hordei,decision_tree,4.385093768,5.102944476777778
puccinia_hordei,decision_tree,3.692774327,4.8868134040666655
puccinia_hordei,decision_tree,5.679074842,5.851685139924107
puccinia_hordei,decision_tree,4.647541678,4.696757494237115
puccinia_hordei,decision_tree,3.846789238,3.9948158271578946
puccinia_hordei,decision_tree,4.346915323,4.771032199578512
puccinia_hordei,decision_tree,5.207567498,4.771032199578512
puccinia_hordei,decision_tree,3.362645237,3.178523371960894
puccinia_hordei,decision_tree,4.313143032,5.023514498833333
puccinia_hordei,decision_tree,2.521830956,4.392838515719623
puccinia_hordei,decision_tree,4.672090341,3.189608250347593
puccinia_hordei,decision_tree,5.510220644,5.390831813504719
puccinia_hordei,decision_tree,4.992737536,4.268236524986111
puccinia_hordei,decision_tree,5.571061885,5.080508082133334
puccinia_hordei,decision_tree,4.839797396,4.268236524986111
puccinia_hordei,decision_tree,3.586721187,3.1202796645405404
puccinia_hordei,decision_tree,4.094695229,4.013589366267857
puccinia_hordei,decision_tree,2.948983953,4.771032199578512
puccinia_hordei,decision_tree,5.739080027,5.678036121863636
puccinia_hordei,decision_tree,4.525223178,3.189608250347593
puccinia_hordei,decision_tree,3.430325804,3.111057613123376
puccinia_hordei,decision_tree,4.825098332,4.1824908603597555
puccinia_hordei,decision_tree,4.941104162,5.390831813504719
puccinia_hordei,decision_tree,3.102552644,3.189608250347593
puccinia_hordei,decision_tree,5.041372359,4.696757494237115
puccinia_hordei,decision_tree,4.978419346,4.236063553259256
puccinia_hordei,decision_tree,5.419200692,5.390831813504719
puccinia_hordei,decision_tree,3.410690058,4.696757494237115
puccinia_hordei,decision_tree,5.160131284,4.8868134040666655
puccinia_hordei,decision_tree,3.671626843,4.599933174
puccinia_hordei,decision_tree,4.468252791,4.771478514168673
puccinia_hordei,decision_tree,4.900481838,4.236063553259256
puccinia_hordei,decision_tree,5.903498933,5.390831813504719
puccinia_hordei,decision_tree,4.518984673,4.696757494237115
puccinia_hordei,decision_tree,5.295476952,5.924706505872341
puccinia_hordei,decision_tree,3.433155592,4.8868134040666655
puccinia_hordei,decision_tree,3.558267531,4.696757494237115
puccinia_hordei,decision_tree,4.136747266,4.771032199578512
puccinia_hordei,decision_tree,6.029060577,5.390831813504719
puccinia_hordei,decision_tree,5.014044238,4.013589366267857
puccinia_hordei,decision_tree,5.088079196,4.236063553259256
puccinia_hordei,decision_tree,3.975110727,3.208127668096775
puccinia_hordei,decision_tree,3.997853383,3.208127668096775
puccinia_hordei,decision_tree,5.109265525,4.771032199578512
puccinia_hordei,decision_tree,4.057626893,4.865693315416666
puccinia_hordei,decision_tree,4.086296693,4.236063553259256
puccinia_hordei,decision_tree,4.634814595,4.536681871035715
puccinia_hordei,decision_tree,2.555611844,3.907295021336362
puccinia_hordei,decision_tree,3.407975487,3.189608250347593
puccinia_hordei,decision_tree,3.010003602,3.189608250347593
puccinia_hordei,decision_tree,5.481629511,5.851685139924107
puccinia_hordei,decision_tree,5.227385109,4.7102577658
puccinia_hordei,decision_tree,4.80791175,5.851685139924107
puccinia_hordei,decision_tree,5.50703143,4.1824908603597555
puccinia_hordei,decision_tree,3.096080413,5.938102952769231
puccinia_hordei,decision_tree,4.50764515,4.599933174
puccinia_hordei,decision_tree,4.319122344,5.787341245136363
puccinia_hordei,decision_tree,3.824176995,4.236063553259256
puccinia_hordei,decision_tree,4.100141003,5.126047340266667
puccinia_hordei,decision_tree,4.443141645,3.9179003471683167
puccinia_hordei,decision_tree,2.971688826,4.096534402785715
puccinia_hordei,decision_tree,3.696541077,4.1824908603597555
puccinia_hordei,decision_tree,4.745375507,4.771032199578512
puccinia_hordei,decision_tree,4.350952086,4.013589366267857
puccinia_hordei,decision_tree,4.86964648,4.354359469416667
puccinia_hordei,decision_tree,4.202576015,4.8868134040666655
puccinia_hordei,decision_tree,4.363643853,5.831539318250001
puccinia_hordei,decision_tree,3.896403524,4.392838515719623
puccinia_hordei,decision_tree,3.615140713,5.924706505872341
puccinia_hordei,decision_tree,3.05812978,4.236063553259256
puccinia_hordei,decision_tree,3.339806624,4.096534402785715
puccinia_hordei,decision_tree,5.236616573,4.771032199578512
puccinia_hordei,decision_tree,3.16213825,4.991949282272728
puccinia_hordei,decision_tree,5.724021594,4.354359469416667
puccinia_hordei,decision_tree,3.497067139,4.1824908603597555
puccinia_hordei,decision_tree,4.896840812,4.991949282272728
puccinia_hordei,decision_tree,3.949604005,3.111611340525927
puccinia_hordei,decision_tree,4.428101252,4.392838515719623
puccinia_hordei,decision_tree,4.904667963,3.9768775354385966
puccinia_hordei,decision_tree,4.081287755,4.696757494237115
puccinia_hordei,decision_tree,5.285811494,5.078922056733334
puccinia_hordei,decision_tree,4.896686515,5.013403508660376
puccinia_hordei,decision_tree,3.732297059,4.013589366267857
puccinia_hordei,decision_tree,4.420422042,4.806665835462963
puccinia_hordei,decision_tree,4.868603108,4.696757494237115
puccinia_hordei,decision_tree,3.899499026,4.696757494237115
puccinia_hordei,decision_tree,4.013155235,3.6807911639333333
puccinia_hordei,decision_tree,3.794360838,3.189608250347593
puccinia_hordei,decision_tree,6.444457289,5.017470292714286
puccinia_hordei,decision_tree,5.197134184,5.851685139924107
puccinia_hordei,decision_tree,3.066799223,4.4501473721333324
puccinia_hordei,decision_tree,6.620807864,5.390831813504719
puccinia_hordei,decision_tree,5.765854794,5.678036121863636
puccinia_hordei,decision_tree,6.19995437,5.390831813504719
puccinia_hordei,decision_tree,5.433274636,5.966710260850001
puccinia_hordei,decision_tree,6.38845092,6.263392632533333
puccinia_hordei,decision_tree,4.787595621,4.771478514168673
puccinia_hordei,decision_tree,5.525437754,3.178523371960894
puccinia_hordei,decision_tree,3.344554043,4.4501473721333324
puccinia_hordei,decision_tree,6.267438295,5.678036121863636
puccinia_hordei,decision_tree,5.544931122,4.720754286509804
puccinia_hordei,decision_tree,3.456472424,4.236063553259256
puccinia_hordei,decision_tree,6.039983709,4.771478514168673
puccinia_hordei,decision_tree,5.44120136,5.488792262666666
puccinia_hordei,decision_tree,2.785763907,3.178523371960894
puccinia_hordei,decision_tree,3.119575943,3.907295021336362
puccinia_hordei,decision_tree,5.35484517,4.268236524986111
puccinia_hordei,decision_tree,4.120542269,4.720754286509804
puccinia_hordei,decision_tree,5.241229794,5.546171943739998
puccinia_hordei,decision_tree,5.099732813,5.851685139924107
puccinia_hordei,decision_tree,5.705215963,5.390831813504719
puccinia_hordei,decision_tree,4.042952541,4.236063553259256
puccinia_hordei,decision_tree,5.765191154,4.8868134040666655
puccinia_hordei,decision_tree,4.817727217,4.771478514168673
puccinia_hordei,decision_tree,4.14271312,4.771478514168673
puccinia_hordei,decision_tree,4.05445961,3.189608250347593
puccinia_hordei,decision_tree,3.630235921,4.771032199578512
puccinia_hordei,decision_tree,5.316746772,5.938102952769231
puccinia_hordei,decision_tree,5.349038142,4.236063553259256
puccinia_hordei,decision_tree,4.297290653,5.1781861417222235
puccinia_hordei,decision_tree,4.24629282,7.0579923422499995
puccinia_hordei,decision_tree,3.577584274,4.096534402785715
puccinia_hordei,decision_tree,4.252503562,4.1242987498399994
puccinia_hordei,decision_tree,3.938115162,4.4501473721333324
puccinia_hordei,decision_tree,4.026439413,5.851685139924107
puccinia_hordei,decision_tree,2.936467325,4.236063553259256
puccinia_hordei,decision_tree,3.494077012,4.696757494237115
puccinia_hordei,decision_tree,3.943247746,4.696757494237115
puccinia_hordei,decision_tree,4.004435333,4.013589366267857
puccinia_hordei,decision_tree,3.711776611,4.771032199578512
puccinia_hordei,decision_tree,3.495590721,4.865693315416666
puccinia_hordei,decision_tree,5.008356167,5.390831813504719
puccinia_hordei,decision_tree,4.030562748,5.088982863317074
puccinia_hordei,decision_tree,4.573895269,4.0146936427222215
puccinia_hordei,decision_tree,3.830039131,4.1824908603597555
puccinia_hordei,decision_tree,3.393259304,4.720754286509804
puccinia_hordei,decision_tree,4.598259415,4.771032199578512
puccinia_hordei,decision_tree,5.335554388,5.488792262666666
puccinia_hordei,decision_tree,2.969744743,3.178523371960894
puccinia_hordei,decision_tree,4.221697571,4.1824908603597555
puccinia_hordei,decision_tree,4.263509389,4.6023319104
puccinia_hordei,decision_tree,3.541075254,3.189608250347593
puccinia_hordei,decision_tree,3.792012981,4.1824908603597555
puccinia_hordei,decision_tree,4.271702693,4.096534402785715
puccinia_hordei,decision_tree,4.16990622,4.771032199578512
puccinia_hordei,decision_tree,5.107867709,4.771032199578512
puccinia_hordei,decision_tree,2.964698411,4.536681871035715
puccinia_hordei,decision_tree,3.864113318,4.236063553259256
puccinia_hordei,decision_tree,4.422938185,5.359185743105264
puccinia_hordei,decision_tree,5.521443783,4.771478514168673
puccinia_hordei,decision_tree,4.516980963,3.907295021336362
puccinia_hordei,decision_tree,3.661490862,4.1824908603597555
puccinia_hordei,decision_tree,5.206190171,5.359185743105264
puccinia_hordei,decision_tree,4.163978409,4.268236524986111
puccinia_hordei,decision_tree,4.68621716,4.236063553259256
puccinia_hordei,decision_tree,4.643771431,5.831539318250001
puccinia_hordei,decision_tree,6.497719785,5.359185743105264
puccinia_hordei,decision_tree,4.712747766,4.7102577658
puccinia_hordei,decision_tree,5.29316104,4.771478514168673
puccinia_hordei,decision_tree,3.850808413,4.268236524986111
puccinia_hordei,decision_tree,2.817666015,4.771032199578512
puccinia_hordei,decision_tree,5.324818828,4.806665835462963
puccinia_hordei,decision_tree,2.798906716,4.0146936427222215
puccinia_hordei,decision_tree,3.326486445,4.392838515719623
puccinia_hordei,decision_tree,5.758948123,5.390831813504719
puccinia_hordei,decision_tree,4.522150471,3.111057613123376
puccinia_hordei,decision_tree,4.19222051,3.907295021336362
puccinia_hordei,decision_tree,4.889351019,4.392838515719623
puccinia_hordei,decision_tree,3.349282165,4.096534402785715
puccinia_hordei,decision_tree,4.894538768,4.981673031625
puccinia_hordei,decision_tree,5.577261257,5.390831813504719
puccinia_hordei,decision_tree,4.561562062,4.696757494237115
puccinia_hordei,decision_tree,5.051885203,4.392838515719623
puccinia_hordei,decision_tree,4.175492147,4.771032199578512
puccinia_hordei,decision_tree,5.821787061,5.390667364346154
puccinia_hordei,decision_tree,5.579656745,5.546171943739998
puccinia_hordei,decision_tree,4.862943299,4.696757494237115
puccinia_hordei,decision_tree,5.430246734,5.088982863317074
puccinia_hordei,decision_tree,4.226174685,4.771032199578512
puccinia_hordei,decision_tree,5.052717324,4.8868134040666655
puccinia_hordei,decision_tree,4.629827894,4.1824908603597555
puccinia_hordei,decision_tree,3.83315006,3.907295021336362
puccinia_hordei,decision_tree,3.3889216,3.111611340525927
puccinia_hordei,decision_tree,3.165540835,4.771032199578512
puccinia_hordei,decision_tree,4.383542268,3.111611340525927
puccinia_hordei,decision_tree,5.403716878,5.080508082133334
puccinia_hordei,decision_tree,4.539167507,4.392838515719623
puccinia_hordei,decision_tree,3.724590194,4.1824908603597555
puccinia_hordei,decision_tree,5.771486819,4.1824908603597555
puccinia_hordei,decision_tree,4.952567492,4.771478514168673
puccinia_hordei,decision_tree,5.010515738,4.8868134040666655
puccinia_hordei,decision_tree,5.263843284,3.6807911639333333
puccinia_hordei,decision_tree,2.657051554,5.678036121863636
puccinia_hordei,decision_tree,4.748758793,4.8868134040666655
puccinia_hordei,decision_tree,5.182112679,5.088982863317074
puccinia_hordei,decision_tree,5.179698314,4.771032199578512
puccinia_hordei,decision_tree,3.527817983,4.771032199578512
puccinia_hordei,decision_tree,4.009452371,4.8868134040666655
puccinia_hordei,decision_tree,3.364840056,4.771478514168673
puccinia_hordei,decision_tree,3.861971881,4.096534402785715
puccinia_hordei,decision_tree,3.432145705,4.8868134040666655
puccinia_hordei,decision_tree,4.868892999,5.013403508660376
puccinia_hordei,decision_tree,5.862539121,4.455431468041667
puccinia_hordei,decision_tree,4.034815353,4.8868134040666655
puccinia_hordei,decision_tree,4.664127628,4.696757494237115
puccinia_hordei,decision_tree,3.285346936,4.392838515719623
puccinia_hordei,decision_tree,5.010424909,4.771032199578512
puccinia_hordei,decision_tree,5.074368633,3.907295021336362
puccinia_hordei,decision_tree,5.241909893,5.678036121863636
puccinia_hordei,decision_tree,3.682242283,4.354359469416667
puccinia_hordei,decision_tree,5.434867234,5.017470292714286
puccinia_hordei,decision_tree,5.6613006734999995,5.017470292714286
puccinia_hordei,decision_tree,3.229585757,4.268236524986111
puccinia_hordei,decision_tree,3.663392335,5.390831813504719
puccinia_hordei,decision_tree,4.960693099,6.263392632533333
puccinia_hordei,decision_tree,5.868809945,5.390831813504719
puccinia_hordei,decision_tree,4.890440306,5.851685139924107
puccinia_hordei,decision_tree,4.83733673,6.263392632533333
puccinia_hordei,decision_tree,4.692139715,5.390831813504719
puccinia_hordei,decision_tree,3.03867019,4.236063553259256
puccinia_hordei,decision_tree,5.583360352,5.678036121863636
puccinia_hordei,decision_tree,4.748978196,4.341326929894736
puccinia_hordei,decision_tree,5.428134624,5.851685139924107
puccinia_hordei,decision_tree,2.977593898,4.392838515719623
puccinia_hordei,decision_tree,4.658850812,4.951950564299999
puccinia_hordei,decision_tree,5.776782656,5.390831813504719
puccinia_hordei,decision_tree,4.082488022,4.1824908603597555
puccinia_hordei,decision_tree,4.89567263,5.390831813504719
puccinia_hordei,decision_tree,4.20501813,3.907295021336362
puccinia_hordei,decision_tree,2.729399592,4.6023319104
puccinia_hordei,decision_tree,3.653255173,4.1824908603597555
puccinia_hordei,decision_tree,5.872121331,4.8868134040666655
puccinia_hordei,decision_tree,3.447762162,3.178523371960894
puccinia_hordei,decision_tree,4.676304311,5.013403508660376
puccinia_hordei,decision_tree,5.217024954,4.8868134040666655
puccinia_hordei,decision_tree,3.207299013,4.096534402785715
puccinia_hordei,decision_tree,4.847468854,3.8469496089999997
puccinia_hordei,decision_tree,4.830592296,4.461640339750001
puccinia_hordei,decision_tree,3.339689623,4.4501473721333324
puccinia_hordei,decision_tree,3.488740747,4.771032199578512
puccinia_hordei,decision_tree,3.439518465,3.9768775354385966
puccinia_hordei,decision_tree,5.833532868,5.851685139924107
puccinia_hordei,decision_tree,5.726448185,5.546171943739998
puccinia_hordei,decision_tree,3.780428288,4.392838515719623
puccinia_hordei,decision_tree,5.527012979,4.951950564299999
puccinia_hordei,decision_tree,5.843337056,5.851685139924107
puccinia_hordei,decision_tree,5.2576874,5.924706505872341
puccinia_hordei,decision_tree,3.022248958,4.236063553259256
puccinia_hordei,decision_tree,6.685474056,5.924706505872341
puccinia_hordei,decision_tree,5.86449009,5.751510899428571
puccinia_hordei,decision_tree,5.954275428,6.649851544040001
puccinia_hordei,decision_tree,3.28654681,4.696757494237115
puccinia_hordei,decision_tree,3.85782238,3.907295021336362
puccinia_hordei,decision_tree,4.481067802,4.236063553259256
puccinia_hordei,decision_tree,4.400099721,5.787341245136363
puccinia_hordei,decision_tree,4.782022514,4.8868134040666655
puccinia_hordei,decision_tree,4.825730713,4.8868134040666655
puccinia_hordei,decision_tree,5.691663641,5.088982863317074
puccinia_hordei,decision_tree,5.104549447,4.8868134040666655
puccinia_hordei,decision_tree,4.642575309,4.865693315416666
puccinia_hordei,decision_tree,5.396360299,4.771032199578512
puccinia_hordei,decision_tree,4.550016155,5.787341245136363
puccinia_hordei,decision_tree,5.414262648,5.088982863317074
puccinia_hordei,decision_tree,5.24630128,4.771032199578512
puccinia_hordei,decision_tree,5.498271636,4.8868134040666655
puccinia_hordei,decision_tree,5.473429974,4.1824908603597555
puccinia_hordei,decision_tree,4.82153375,4.771032199578512
puccinia_hordei,decision_tree,3.482597714,4.268236524986111
puccinia_hordei,decision_tree,5.927656802,5.390667364346154
puccinia_hordei,decision_tree,5.826212559,5.390831813504719
puccinia_hordei,decision_tree,5.759761174,5.751510899428571
puccinia_hordei,decision_tree,6.341249515,5.390831813504719
puccinia_hordei,decision_tree,5.67509724,5.851685139924107
puccinia_hordei,decision_tree,4.91831111,4.951950564299999
puccinia_hordei,decision_tree,6.141965853,5.678036121863636
puccinia_hordei,decision_tree,3.993190548,5.924706505872341
puccinia_hordei,decision_tree,3.347731522,5.851685139924107
puccinia_hordei,decision_tree,5.277420574,5.678036121863636
puccinia_hordei,decision_tree,5.970150625,5.013403508660376
puccinia_hordei,decision_tree,3.49127002,4.236063553259256
puccinia_hordei,decision_tree,3.753245093,3.111057613123376
puccinia_hordei,decision_tree,2.332783491,3.189608250347593
puccinia_hordei,decision_tree,2.683943119,3.2728258123783784
puccinia_hordei,decision_tree,3.738838783,5.390831813504719
puccinia_hordei,decision_tree,4.279829602,5.678036121863636
puccinia_hordei,decision_tree,5.905016495,5.390831813504719
puccinia_hordei,decision_tree,5.385033333,4.696757494237115
puccinia_hordei,decision_tree,4.386601769,3.6807911639333333
puccinia_hordei,decision_tree,4.028763501,4.1824908603597555
puccinia_hordei,decision_tree,4.700050791,6.371445249606061
puccinia_hordei,decision_tree,3.365292138,4.268236524986111
puccinia_hordei,decision_tree,2.953068205,4.951950564299999
puccinia_hordei,decision_tree,5.433006589,4.771032199578512
puccinia_hordei,decision_tree,3.007970722,3.907295021336362
puccinia_hordei,decision_tree,4.275437384,4.1824908603597555
puccinia_hordei,decision_tree,2.709740814,3.111057613123376
puccinia_hordei,decision_tree,4.292255029,3.916773362090909
puccinia_hordei,decision_tree,5.886303936,5.938102952769231
puccinia_hordei,decision_tree,3.480316969,4.8868134040666655
puccinia_hordei,decision_tree,4.333216835,4.8868134040666655
puccinia_hordei,decision_tree,3.920769911,5.102944476777778
puccinia_hordei,decision_tree,3.513263431,4.096534402785715
puccinia_hordei,decision_tree,4.646092256,4.1824908603597555
puccinia_hordei,decision_tree,5.74539154,4.1824908603597555
puccinia_hordei,decision_tree,3.931890687,4.392838515719623
puccinia_hordei,decision_tree,3.897114854,3.4507776488181823
puccinia_hordei,decision_tree,5.771386368,5.488792262666666
puccinia_hordei,decision_tree,4.403653465,4.354359469416667
puccinia_hordei,decision_tree,4.425953405,4.354359469416667
puccinia_hordei,decision_tree,3.73658681,3.189608250347593
puccinia_hordei,decision_tree,3.95518653,3.189608250347593
puccinia_hordei,decision_tree,3.817785793,3.208127668096775
puccinia_hordei,decision_tree,3.130920046,4.1824908603597555
puccinia_hordei,decision_tree,5.59360552,4.1242987498399994
puccinia_hordei,decision_tree,4.84819905,4.981673031625
puccinia_hordei,decision_tree,3.201428656,4.1824908603597555
puccinia_hordei,decision_tree,3.409885012,3.907295021336362
puccinia_hordei,decision_tree,3.764890926,4.236063553259256
puccinia_hordei,decision_tree,5.814374148,5.390831813504719
puccinia_hordei,decision_tree,3.728880277,4.236063553259256
puccinia_hordei,decision_tree,5.910693124,5.102944476777778
puccinia_hordei,decision_tree,5.489845179,3.907295021336362
puccinia_hordei,decision_tree,3.14263305,4.0146936427222215
puccinia_hordei,decision_tree,2.854584712,3.178523371960894
puccinia_hordei,decision_tree,6.29308379,5.1781861417222235
puccinia_hordei,decision_tree,5.486235387,3.907295021336362
puccinia_hordei,decision_tree,4.828328054,4.771032199578512
puccinia_hordei,decision_tree,3.600879732,4.696757494237115
puccinia_hordei,decision_tree,3.013072399,4.1824908603597555
puccinia_hordei,decision_tree,6.978953069,4.696757494237115
puccinia_hordei,decision_tree,4.099397844,4.236063553259256
puccinia_hordei,decision_tree,6.28062142,3.907295021336362
puccinia_hordei,decision_tree,5.216375639,3.907295021336362
puccinia_hordei,decision_tree,3.926738647,4.1242987498399994
puccinia_hordei,decision_tree,2.994304006,5.1781861417222235
puccinia_hordei,decision_tree,4.452775001,4.771032199578512
puccinia_hordei,decision_tree,3.492837986,4.771032199578512
puccinia_hordei,decision_tree,6.660369389,5.851685139924107
puccinia_hordei,decision_tree,6.000833412,4.236063553259256
puccinia_hordei,decision_tree,3.706879108,4.392838515719623
puccinia_hordei,decision_tree,4.410125616,4.392838515719623
puccinia_hordei,decision_tree,3.893309743,4.1242987498399994
puccinia_hordei,decision_tree,3.366426244,4.771478514168673
puccinia_hordei,decision_tree,6.28583978,4.6023319104
puccinia_hordei,decision_tree,5.410506064,4.268236524986111
puccinia_hordei,decision_tree,4.928978647,5.1781861417222235
puccinia_hordei,decision_tree,5.56034475,4.268236524986111
puccinia_hordei,decision_tree,4.20630793,4.8868134040666655
puccinia_hordei,decision_tree,5.766364463,3.6807911639333333
puccinia_hordei,decision_tree,4.461187988,4.696757494237115
puccinia_hordei,decision_tree,4.391928618,4.392838515719623
puccinia_hordei,decision_tree,4.951212932,4.771032199578512
puccinia_hordei,decision_tree,3.100514446,4.865693315416666
puccinia_hordei,decision_tree,3.65550809,3.178523371960894
puccinia_hordei,decision_tree,5.154977936,4.771032199578512
puccinia_hordei,decision_tree,3.574311524,3.907295021336362
puccinia_hordei,decision_tree,4.512866397,4.8868134040666655
puccinia_hordei,decision_tree,3.189763183,3.9179003471683167
puccinia_hordei,decision_tree,4.515335705,5.023514498833333
puccinia_hordei,decision_tree,4.587312235,3.9768775354385966
puccinia_hordei,decision_tree,4.645168871,4.1824908603597555
puccinia_hordei,decision_tree,3.843870823,4.013589366267857
puccinia_hordei,decision_tree,6.080432576,6.371445249606061
puccinia_hordei,decision_tree,5.473671975,4.013589366267857
puccinia_hordei,decision_tree,5.79300262,3.907295021336362
puccinia_hordei,decision_tree,5.246789933,5.023514498833333
puccinia_hordei,decision_tree,6.973048002,5.924706505872341
puccinia_hordei,decision_tree,3.250193053,5.851685139924107
puccinia_hordei,decision_tree,4.609314309,4.771032199578512
puccinia_hordei,decision_tree,3.542777887,3.9768775354385966
puccinia_hordei,decision_tree,6.389609511,6.263392632533333
puccinia_hordei,decision_tree,7.702860857,5.359185743105264
puccinia_hordei,decision_tree,6.772145694,5.390667364346154
puccinia_hordei,decision_tree,6.590323465,6.263392632533333
puccinia_hordei,decision_tree,7.85144456,5.924706505872341
puccinia_hordei,decision_tree,7.044387211,5.851685139924107
puccinia_hordei,decision_tree,7.327804153,4.341326929894736
puccinia_hordei,decision_tree,6.962556899,5.678036121863636
puccinia_hordei,decision_tree,5.122119826,4.013589366267857
puccinia_hordei,decision_tree,7.327437091,6.649851544040001
puccinia_hordei,decision_tree,7.444561933,5.546171943739998
puccinia_hordei,decision_tree,3.666045076,5.390831813504719
puccinia_hordei,decision_tree,4.634229918,3.111057613123376
puccinia_hordei,decision_tree,6.243156559,5.390667364346154
puccinia_hordei,decision_tree,7.679669242,5.390831813504719
puccinia_hordei,decision_tree,7.626089798,4.341326929894736
puccinia_hordei,decision_tree,4.607272932,4.268236524986111
puccinia_hordei,decision_tree,5.116937701,5.013403508660376
puccinia_hordei,decision_tree,6.258365644,4.771032199578512
puccinia_hordei,decision_tree,6.400456816,5.488792262666666
puccinia_hordei,decision_tree,4.731585335,4.771478514168673
puccinia_hordei,decision_tree,7.939244019,4.236063553259256
puccinia_hordei,decision_tree,7.059298658,7.0579923422499995
puccinia_hordei,decision_tree,5.005057076,4.392838515719623
puccinia_hordei,decision_tree,7.231759129,4.771032199578512
puccinia_hordei,decision_tree,7.478580528,4.268236524986111
puccinia_hordei,decision_tree,6.147850097,4.096534402785715
puccinia_hordei,decision_tree,6.326648927,4.268236524986111
puccinia_hordei,decision_tree,3.499184401,3.9768775354385966
puccinia_hordei,decision_tree,4.006980044,4.392838515719623
puccinia_hordei,decision_tree,4.747942198,3.189608250347593
puccinia_hordei,decision_tree,5.755382146,5.488792262666666
puccinia_hordei,decision_tree,5.427565557,4.720754286509804
puccinia_hordei,decision_tree,5.198219102,4.771032199578512
puccinia_hordei,decision_tree,6.734494454,4.991949282272728
puccinia_hordei,decision_tree,7.47009636,7.191850654
puccinia_hordei,decision_tree,3.597395332,4.696757494237115
puccinia_hordei,decision_tree,4.002905548,3.907295021336362
puccinia_hordei,decision_tree,7.476520184,6.263392632533333
puccinia_hordei,decision_tree,4.861004285,6.263392632533333
puccinia_hordei,decision_tree,8.093166541,4.7102577658
puccinia_hordei,decision_tree,6.819796492,3.907295021336362
puccinia_hordei,decision_tree,3.849530618,3.907295021336362
puccinia_hordei,decision_tree,4.377696448,4.778299746045454
puccinia_hordei,decision_tree,6.34619391,5.013403508660376
puccinia_hordei,decision_tree,6.73611763,5.924706505872341
puccinia_hordei,decision_tree,5.149779317,4.8868134040666655
puccinia_hordei,decision_tree,6.073667991,3.916773362090909
puccinia_hordei,decision_tree,6.278210338,4.806665835462963
puccinia_hordei,decision_tree,6.652321365,4.991949282272728
puccinia_hordei,decision_tree,4.744101861,4.865693315416666
puccinia_hordei,decision_tree,4.519386415,3.916773362090909
puccinia_hordei,decision_tree,5.131927331,4.771032199578512
puccinia_hordei,decision_tree,3.290128528,4.8868134040666655
puccinia_hordei,decision_tree,4.322166549,4.8868134040666655
puccinia_hordei,decision_tree,7.3685328,4.771032199578512
puccinia_hordei,decision_tree,4.747206199,3.9179003471683167
puccinia_hordei,decision_tree,5.39248977,4.8868134040666655
puccinia_hordei,decision_tree,4.628830582,5.013403508660376
puccinia_hordei,decision_tree,5.586630558,4.696757494237115
puccinia_hordei,decision_tree,4.819397731,4.392838515719623
puccinia_hordei,decision_tree,5.882579651,4.720754286509804
puccinia_hordei,decision_tree,3.882566594,4.8868134040666655
puccinia_hordei,decision_tree,4.25260685,4.696757494237115
puccinia_hordei,decision_tree,3.422757421,3.907295021336362
puccinia_hordei,decision_tree,4.66690479,4.9121550978
puccinia_hordei,decision_tree,3.369868257,4.013589366267857
puccinia_hordei,decision_tree,5.798976521,5.102944476777778
puccinia_hordei,decision_tree,5.044229551,5.390831813504719
puccinia_hordei,decision_tree,6.070301802,4.771032199578512
puccinia_hordei,decision_tree,4.320681985,3.9179003471683167
puccinia_hordei,decision_tree,5.887386159,3.907295021336362
puccinia_hordei,decision_tree,3.884277193,4.8868134040666655
puccinia_hordei,decision_tree,5.015881165,3.907295021336362
puccinia_hordei,decision_tree,5.493784573,4.392838515719623
puccinia_hordei,decision_tree,7.264382377,4.268236524986111
puccinia_hordei,decision_tree,4.459435086,3.111611340525927
puccinia_hordei,decision_tree,3.864537645,4.536681871035715
puccinia_hordei,decision_tree,5.745644342,4.771478514168673
puccinia_hordei,decision_tree,5.126994484,4.1824908603597555
puccinia_hordei,decision_tree,6.735798354,4.991949282272728
puccinia_hordei,decision_tree,4.948915492,4.806665835462963
puccinia_hordei,decision_tree,5.17573623,4.771032199578512
puccinia_hordei,decision_tree,4.056998575,4.696757494237115
puccinia_hordei,decision_tree,3.981486084,4.771032199578512
puccinia_hordei,decision_tree,6.538963069,6.649851544040001
puccinia_hordei,decision_tree,5.048118279,5.1781861417222235
puccinia_hordei,decision_tree,5.748510962,4.1824908603597555
puccinia_hordei,decision_tree,4.359883824,4.268236524986111
puccinia_hordei,decision_tree,4.267503833,4.013589366267857
puccinia_hordei,decision_tree,5.310756612,4.778299746045454
puccinia_hordei,decision_tree,7.063812889,6.263392632533333
puccinia_hordei,decision_tree,5.48973374,3.111057613123376
puccinia_hordei,decision_tree,5.461725521,4.771032199578512
puccinia_hordei,decision_tree,4.562018473,5.013403508660376
puccinia_hordei,decision_tree,7.459779078,5.924706505872341
puccinia_hordei,decision_tree,4.127580151,5.023514498833333
puccinia_hordei,decision_tree,3.642940767,7.0579923422499995
puccinia_hordei,decision_tree,4.862029809,5.390831813504719
puccinia_hordei,decision_tree,5.249207065,4.8868134040666655
puccinia_hordei,decision_tree,5.217444844,4.991949282272728
puccinia_hordei,decision_tree,4.849444904,4.236063553259256
puccinia_hordei,decision_tree,5.160133421,4.771032199578512
puccinia_hordei,decision_tree,5.52739809,3.9768775354385966
puccinia_hordei,decision_tree,2.868919948,4.236063553259256
puccinia_hordei,decision_tree,4.730945872,4.696757494237115
puccinia_hordei,decision_tree,5.173872249,5.013403508660376
puccinia_hordei,decision_tree,3.658997027,4.7102577658
puccinia_hordei,decision_tree,7.236860124,4.771032199578512
puccinia_hordei,decision_tree,4.299447722,4.236063553259256
puccinia_hordei,decision_tree,5.426322312,4.5305814
puccinia_hordei,decision_tree,5.950832849,4.236063553259256
puccinia_hordei,decision_tree,5.213057779,4.806665835462963
puccinia_hordei,decision_tree,4.865274488,4.771032199578512
puccinia_hordei,decision_tree,4.867723082,4.5305814
puccinia_hordei,decision_tree,5.143924962,4.991949282272728
puccinia_hordei,decision_tree,3.968176135,4.771478514168673
puccinia_hordei,decision_tree,4.066935446,4.536681871035715
puccinia_hordei,decision_tree,3.950058107,3.9768775354385966
puccinia_hordei,decision_tree,4.536593529,3.9768775354385966
puccinia_hordei,decision_tree,3.416596015,3.907295021336362
puccinia_hordei,decision_tree,7.650137699,4.392838515719623
puccinia_hordei,decision_tree,5.398832602,4.771032199578512
puccinia_hordei,decision_tree,7.284788597,4.806665835462963
puccinia_hordei,decision_tree,5.354730654,5.488792262666666
puccinia_hordei,decision_tree,4.885314141,4.8868134040666655
puccinia_hordei,decision_tree,4.240043797,4.392838515719623
puccinia_hordei,decision_tree,4.641064941,5.102944476777778
puccinia_hordei,decision_tree,5.143507319,4.8868134040666655
puccinia_hordei,decision_tree,6.03631095,4.013589366267857
puccinia_hordei,decision_tree,4.225547042,4.8868134040666655
puccinia_hordei,decision_tree,5.836061598,4.1824908603597555
puccinia_hordei,decision_tree,5.167076556,4.771032199578512
puccinia_hordei,decision_tree,4.036781422,4.392838515719623
puccinia_hordei,decision_tree,4.417839463,4.536681871035715
puccinia_hordei,decision_tree,3.639976681,4.268236524986111
puccinia_hordei,decision_tree,5.987516619,4.991949282272728
puccinia_hordei,decision_tree,4.494502967,4.865693315416666
puccinia_hordei,decision_tree,6.156348025,4.8868134040666655
puccinia_hordei,decision_tree,6.656670676,5.851685139924107
puccinia_hordei,decision_tree,4.422635503,5.088982863317074
puccinia_hordei,decision_tree,5.43325413,4.8868134040666655
puccinia_hordei,decision_tree,5.842569008,5.013403508660376
puccinia_hordei,decision_tree,5.489107666,3.9179003471683167
puccinia_hordei,decision_tree,4.737523018,3.9179003471683167
puccinia_hordei,decision_tree,5.208242913,3.9179003471683167
puccinia_hordei,decision_tree,2.925686915,3.9768775354385966
puccinia_hordei,decision_tree,5.467036268,3.907295021336362
puccinia_hordei,decision_tree,5.188375335,4.771032199578512
puccinia_hordei,decision_tree,4.171336165,4.268236524986111
puccinia_hordei,decision_tree,5.553508835,5.390667364346154
puccinia_hordei,decision_tree,6.924642944,5.831539318250001
puccinia_hordei,decision_tree,5.136772164,4.771032199578512
puccinia_hordei,decision_tree,7.124137334,5.938102952769231
puccinia_hordei,decision_tree,5.315779948,5.851685139924107
puccinia_hordei,decision_tree,4.694676045,4.771032199578512
puccinia_hordei,decision_tree,5.049195782,4.8868134040666655
puccinia_hordei,decision_tree,6.22060281,4.5305814
puccinia_hordei,decision_tree,4.057733594,3.9768775354385966
puccinia_hordei,decision_tree,3.985132155,3.907295021336362
puccinia_hordei,decision_tree,3.66628953,4.696757494237115
puccinia_hordei,decision_tree,5.895013112,4.8868134040666655
puccinia_hordei,decision_tree,4.885329568,4.696757494237115
puccinia_hordei,decision_tree,4.884830023,4.013589366267857
puccinia_hordei,decision_tree,4.398845747,4.778299746045454
puccinia_hordei,decision_tree,3.764212472,5.080508082133334
puccinia_hordei,decision_tree,3.886758025,4.0146936427222215
puccinia_hordei,decision_tree,5.147600028,3.6807911639333333
puccinia_hordei,decision_tree,4.314173173,4.806665835462963
puccinia_hordei,decision_tree,4.471529445,4.991949282272728
puccinia_hordei,decision_tree,5.16214936,5.013403508660376
puccinia_hordei,decision_tree,4.515009561,4.771032199578512
puccinia_hordei,decision_tree,3.763589436,5.088982863317074
puccinia_hordei,decision_tree,5.170574619,4.806665835462963
puccinia_hordei,decision_tree,4.511233328,4.696757494237115
puccinia_hordei,decision_tree,8.067492668,5.851685139924107
puccinia_hordei,decision_tree,4.361056318,4.771032199578512
puccinia_hordei,decision_tree,6.480310919,5.488792262666666
puccinia_hordei,decision_tree,4.94419022,4.236063553259256
puccinia_hordei,decision_tree,3.049792542,3.111611340525927
puccinia_hordei,decision_tree,4.208752825,3.3957055510333323
puccinia_hordei,decision_tree,5.225720404,5.078922056733334
puccinia_hordei,decision_tree,4.217569149,3.907295021336362
puccinia_hordei,decision_tree,4.270095325,4.0146936427222215
puccinia_hordei,decision_tree,4.867465776,4.392838515719623
puccinia_hordei,decision_tree,3.021471829,3.9179003471683167
puccinia_hordei,decision_tree,4.064916933,4.991949282272728
puccinia_hordei,decision_tree,3.465709765,7.0579923422499995
puccinia_hordei,decision_tree,4.48112822,4.8868134040666655
puccinia_hordei,decision_tree,6.455532845,6.263392632533333
puccinia_hordei,decision_tree,6.188745677,5.787341245136363
puccinia_hordei,decision_tree,6.390215263,4.392838515719623
puccinia_hordei,decision_tree,4.584778207,4.771478514168673
puccinia_hordei,decision_tree,5.127639253,3.907295021336362
puccinia_hordei,decision_tree,5.640975082,3.907295021336362
puccinia_hordei,decision_tree,4.199636259,4.013589366267857
puccinia_hordei,decision_tree,5.782022612,4.392838515719623
puccinia_hordei,decision_tree,6.01106057,4.392838515719623
puccinia_hordei,decision_tree,4.612048952,4.865693315416666
puccinia_hordei,decision_tree,4.891330052,4.013589366267857
puccinia_hordei,decision_tree,4.045849095,2.966629042235294
puccinia_hordei,decision_tree,3.912457511,4.8868134040666655
puccinia_hordei,decision_tree,5.493977556,4.392838515719623
puccinia_hordei,decision_tree,4.795768896,4.392838515719623
puccinia_hordei,decision_tree,5.988599249,4.236063553259256
puccinia_hordei,decision_tree,2.905339463,4.536681871035715
puccinia_hordei,decision_tree,4.946174224,3.111611340525927
puccinia_hordei,decision_tree,4.660712258,5.023514498833333
puccinia_hordei,decision_tree,4.561313541,3.189608250347593
puccinia_hordei,decision_tree,2.982930532,4.1824908603597555
puccinia_hordei,decision_tree,3.210027499,4.771032199578512
puccinia_hordei,decision_tree,3.605301178,4.771032199578512
puccinia_hordei,decision_tree,7.41107463,4.771032199578512
puccinia_hordei,decision_tree,6.575702367,5.831539318250001
puccinia_hordei,decision_tree,4.461074907,4.268236524986111
puccinia_hordei,decision_tree,6.522792196,5.938102952769231
puccinia_hordei,decision_tree,3.681549496,4.5305814
puccinia_hordei,decision_tree,4.213584611,4.720754286509804
puccinia_hordei,decision_tree,5.593371537,5.078922056733334
puccinia_hordei,decision_tree,3.217875897,4.268236524986111
puccinia_hordei,decision_tree,5.272623229,5.023514498833333
puccinia_hordei,decision_tree,5.587370321,5.359185743105264
puccinia_hordei,decision_tree,6.134679473,5.851685139924107
puccinia_hordei,decision_tree,3.658027429,4.771032199578512
puccinia_hordei,decision_tree,4.431011159,4.771032199578512
puccinia_hordei,decision_tree,4.465605687,3.111057613123376
puccinia_hordei,decision_tree,6.22094112,4.8868134040666655
puccinia_hordei,decision_tree,3.653623009,4.536681871035715
puccinia_hordei,decision_tree,3.674036726,3.907295021336362
puccinia_hordei,decision_tree,1.749900931,4.1824908603597555
puccinia_hordei,decision_tree,2.159521207,4.236063553259256
puccinia_hordei,decision_tree,5.072514591,4.1824908603597555
puccinia_hordei,decision_tree,7.783960463,5.546171943739998
puccinia_hordei,decision_tree,6.628729405,6.649851544040001
puccinia_hordei,decision_tree,3.092675575,4.236063553259256
puccinia_hordei,decision_tree,5.87886159,4.268236524986111
puccinia_hordei,decision_tree,3.80887168,4.392838515719623
ramularia_collo_cygni,decision_tree,3.42831066,4.131983167704224
ramularia_collo_cygni,decision_tree,4.365826741,3.867762984033707
ramularia_collo_cygni,decision_tree,4.500978139,3.771196493045101
ramularia_collo_cygni,decision_tree,4.437046039,3.6274187927880948
ramularia_collo_cygni,decision_tree,3.094091779,3.867762984033707
ramularia_collo_cygni,decision_tree,4.521557705,3.771196493045101
ramularia_collo_cygni,decision_tree,4.385427381,3.771196493045101
ramularia_collo_cygni,decision_tree,3.302585212,3.771196493045101
ramularia_collo_cygni,decision_tree,3.745519057,3.894407990924529
ramularia_collo_cygni,decision_tree,2.589831131,3.771196493045101
ramularia_collo_cygni,decision_tree,3.714680823,3.6274187927880948
ramularia_collo_cygni,decision_tree,3.700189432,3.4064642031369488
ramularia_collo_cygni,decision_tree,3.362848265,4.143115966047618
ramularia_collo_cygni,decision_tree,4.31236669,3.867762984033707
ramularia_collo_cygni,decision_tree,5.283981982,3.867762984033707
ramularia_collo_cygni,decision_tree,4.596461477,4.131983167704224
ramularia_collo_cygni,decision_tree,3.320986172,3.894407990924529
ramularia_collo_cygni,decision_tree,4.138210508,3.894407990924529
ramularia_collo_cygni,decision_tree,3.765495759,3.4064642031369488
ramularia_collo_cygni,decision_tree,4.170570139,3.894407990924529
ramularia_collo_cygni,decision_tree,4.072371337,3.867762984033707
ramularia_collo_cygni,decision_tree,3.865577065,3.867762984033707
ramularia_collo_cygni,decision_tree,5.289792753,4.131983167704224
ramularia_collo_cygni,decision_tree,3.773536525,3.6274187927880948
ramularia_collo_cygni,decision_tree,4.037617072,3.4064642031369488
ramularia_collo_cygni,decision_tree,4.417133438,3.771196493045101
ramularia_collo_cygni,decision_tree,4.038302282,3.4654075763784595
ramularia_collo_cygni,decision_tree,3.430470077,3.867762984033707
ramularia_collo_cygni,decision_tree,2.85184877,4.131983167704224
ramularia_collo_cygni,decision_tree,3.930260901,3.771196493045101
ramularia_collo_cygni,decision_tree,4.203571359,3.6274187927880948
ramularia_collo_cygni,decision_tree,3.817322722,4.143115966047618
ramularia_collo_cygni,decision_tree,4.179563889,3.867762984033707
ramularia_collo_cygni,decision_tree,3.333262525,3.771196493045101
ramularia_collo_cygni,decision_tree,4.316585924,3.867762984033707
ramularia_collo_cygni,decision_tree,3.064781666,3.867762984033707
ramularia_collo_cygni,decision_tree,3.387541643,3.894407990924529
ramularia_collo_cygni,decision_tree,4.036693317,3.894407990924529
ramularia_collo_cygni,decision_tree,3.36014906,3.894407990924529
ramularia_collo_cygni,decision_tree,5.088292905,4.143115966047618
ramularia_collo_cygni,decision_tree,3.402715799,3.867762984033707
ramularia_collo_cygni,decision_tree,4.53295124,4.131983167704224
ramularia_collo_cygni,decision_tree,3.751793022,4.131983167704224
ramularia_collo_cygni,decision_tree,3.973647393,4.131983167704224
ramularia_collo_cygni,decision_tree,3.974826325,4.143115966047618
ramularia_collo_cygni,decision_tree,3.849774107,3.894407990924529
ramularia_collo_cygni,decision_tree,4.78646123,3.894407990924529
ramularia_collo_cygni,decision_tree,2.988031234,3.867762984033707
ramularia_collo_cygni,decision_tree,4.080663826,3.894407990924529
ramularia_collo_cygni,decision_tree,3.558470747,3.6274187927880948
ramularia_collo_cygni,decision_tree,4.756529725,3.894407990924529
ramularia_collo_cygni,decision_tree,4.215241727,3.6274187927880948
ramularia_collo_cygni,decision_tree,4.448866604,3.867762984033707
ramularia_collo_cygni,decision_tree,4.34311344,3.894407990924529
ramularia_collo_cygni,decision_tree,3.245382506,3.6274187927880948
ramularia_collo_cygni,decision_tree,4.791254677,3.771196493045101
ramularia_collo_cygni,decision_tree,3.970313676,4.143115966047618
ramularia_collo_cygni,decision_tree,2.806980064,4.131983167704224
ramularia_collo_cygni,decision_tree,3.347413123,3.6274187927880948
ramularia_collo_cygni,decision_tree,3.649279464,4.143115966047618
ramularia_collo_cygni,decision_tree,3.693710974,3.771196493045101
ramularia_collo_cygni,decision_tree,3.184434296,4.131983167704224
ramularia_collo_cygni,decision_tree,3.000614552,3.771196493045101
ramularia_collo_cygni,decision_tree,4.274323001,3.6274187927880948
ramularia_collo_cygni,decision_tree,4.238150826,3.867762984033707
ramularia_collo_cygni,decision_tree,4.853581407,3.771196493045101
ramularia_collo_cygni,decision_tree,2.973693739,4.143115966047618
ramularia_collo_cygni,decision_tree,2.923482933,3.6274187927880948
ramularia_collo_cygni,decision_tree,4.408453061,4.131983167704224
ramularia_collo_cygni,decision_tree,3.875791798,4.131983167704224
ramularia_collo_cygni,decision_tree,3.194287141,4.143115966047618
ramularia_collo_cygni,decision_tree,3.165124262,3.771196493045101
ramularia_collo_cygni,decision_tree,4.308725802,3.771196493045101
ramularia_collo_cygni,decision_tree,4.675516423,3.4064642031369488
ramularia_collo_cygni,decision_tree,5.296268304,4.131983167704224
ramularia_collo_cygni,decision_tree,4.182686034,4.131983167704224
ramularia_collo_cygni,decision_tree,3.486470521,3.6274187927880948
ramularia_collo_cygni,decision_tree,4.532100579,3.771196493045101
ramularia_collo_cygni,decision_tree,4.061512428,4.143115966047618
ramularia_collo_cygni,decision_tree,4.745048095,3.4064642031369488
ramularia_collo_cygni,decision_tree,3.314666414,3.867762984033707
ramularia_collo_cygni,decision_tree,5.051852949,3.771196493045101
ramularia_collo_cygni,decision_tree,3.862011819,3.771196493045101
ramularia_collo_cygni,decision_tree,4.671023008,3.6274187927880948
ramularia_collo_cygni,decision_tree,3.757631532,3.771196493045101
ramularia_collo_cygni,decision_tree,3.509173338,3.867762984033707
ramularia_collo_cygni,decision_tree,4.307256327,4.143115966047618
ramularia_collo_cygni,decision_tree,4.476386063,3.867762984033707
ramularia_collo_cygni,decision_tree,4.749510665,3.6274187927880948
ramularia_collo_cygni,decision_tree,4.025395323,4.131983167704224
ramularia_collo_cygni,decision_tree,3.726838091,4.131983167704224
ramularia_collo_cygni,decision_tree,4.444371446,3.867762984033707
ramularia_collo_cygni,decision_tree,4.533859707,3.771196493045101
ramularia_collo_cygni,decision_tree,3.757215397,4.131983167704224
ramularia_collo_cygni,decision_tree,4.041297363,3.771196493045101
ramularia_collo_cygni,decision_tree,4.501342217,3.867762984033707
ramularia_collo_cygni,decision_tree,4.283747399,3.6274187927880948
ramularia_collo_cygni,decision_tree,4.21679931,3.771196493045101
ramularia_collo_cygni,decision_tree,4.096388791,3.867762984033707
ramularia_collo_cygni,decision_tree,3.625770914,3.4064642031369488
ramularia_collo_cygni,decision_tree,4.258178831,4.143115966047618
ramularia_collo_cygni,decision_tree,3.812246476,3.6274187927880948
ramularia_collo_cygni,decision_tree,3.522152517,3.894407990924529
ramularia_collo_cygni,decision_tree,3.731348212,3.894407990924529
ramularia_collo_cygni,decision_tree,4.208891682,3.771196493045101
ramularia_collo_cygni,decision_tree,3.358982509,3.894407990924529
ramularia_collo_cygni,decision_tree,3.946425984,3.771196493045101
ramularia_collo_cygni,decision_tree,4.653991324,4.143115966047618
ramularia_collo_cygni,decision_tree,4.765418798,4.131983167704224
ramularia_collo_cygni,decision_tree,3.522068041,4.143115966047618
ramularia_collo_cygni,decision_tree,4.097671692,3.771196493045101
ramularia_collo_cygni,decision_tree,3.120199241,3.894407990924529
ramularia_collo_cygni,decision_tree,3.082427739,3.867762984033707
ramularia_collo_cygni,decision_tree,4.236243964,4.143115966047618
ramularia_collo_cygni,decision_tree,3.890559573,4.131983167704224
ramularia_collo_cygni,decision_tree,3.797054665,3.894407990924529
ramularia_collo_cygni,decision_tree,3.43963234,3.4064642031369488
ramularia_collo_cygni,decision_tree,4.660988772,4.131983167704224
ramularia_collo_cygni,decision_tree,4.955657674,3.771196493045101
ramularia_collo_cygni,decision_tree,3.616000315,3.894407990924529
ramularia_collo_cygni,decision_tree,3.419957287,3.771196493045101
ramularia_collo_cygni,decision_tree,4.500533302,3.867762984033707
ramularia_collo_cygni,decision_tree,3.987552262,3.894407990924529
ramularia_collo_cygni,decision_tree,3.278140392,3.894407990924529
ramularia_collo_cygni,decision_tree,3.758529682,3.894407990924529
ramularia_collo_cygni,decision_tree,4.23502664,3.4064642031369488
ramularia_collo_cygni,decision_tree,3.008098001,4.131983167704224
ramularia_collo_cygni,decision_tree,4.409118156,3.894407990924529
ramularia_collo_cygni,decision_tree,3.522105046,3.6274187927880948
ramularia_collo_cygni,decision_tree,3.807928287,3.867762984033707
ramularia_collo_cygni,decision_tree,3.885331597,3.564504600385246
ramularia_collo_cygni,decision_tree,4.368788682,3.7239894985019575
ramularia_collo_cygni,decision_tree,3.222187996,3.7239894985019575
ramularia_collo_cygni,decision_tree,4.90238914,3.7239894985019575
ramularia_collo_cygni,decision_tree,3.604785307,3.564504600385246
ramularia_collo_cygni,decision_tree,4.449291347,3.771196493045101
ramularia_collo_cygni,decision_tree,5.87231137,3.6274187927880948
ramularia_collo_cygni,decision_tree,3.343437831,3.771196493045101
ramularia_collo_cygni,decision_tree,5.285032347,3.6274187927880948
ramularia_collo_cygni,decision_tree,5.773812397,3.6274187927880948
ramularia_collo_cygni,decision_tree,3.115672116,3.7239894985019575
ramularia_collo_cygni,decision_tree,4.218407129,3.6274187927880948
ramularia_collo_cygni,decision_tree,3.266417174,3.4654075763784595
ramularia_collo_cygni,decision_tree,4.765773931,3.894407990924529
ramularia_collo_cygni,decision_tree,3.138177838,3.771196493045101
ramularia_collo_cygni,decision_tree,4.744789554,3.771196493045101
ramularia_collo_cygni,decision_tree,3.138558791,3.894407990924529
ramularia_collo_cygni,decision_tree,5.877005546,3.894407990924529
ramularia_collo_cygni,decision_tree,5.142060256,3.7239894985019575
ramularia_collo_cygni,decision_tree,6.024987263,3.894407990924529
ramularia_collo_cygni,decision_tree,4.156710931,3.894407990924529
ramularia_collo_cygni,decision_tree,3.57251506,3.894407990924529
ramularia_collo_cygni,decision_tree,3.769583908,3.894407990924529
ramularia_collo_cygni,decision_tree,1.85093372,3.7239894985019575
ramularia_collo_cygni,decision_tree,3.90149874,3.894407990924529
ramularia_collo_cygni,decision_tree,4.81842325,3.771196493045101
ramularia_collo_cygni,decision_tree,4.068987193,3.6274187927880948
ramularia_collo_cygni,decision_tree,4.210645459,3.894407990924529
ramularia_collo_cygni,decision_tree,4.239543277,3.6274187927880948
ramularia_collo_cygni,decision_tree,3.851000155,3.564504600385246
ramularia_collo_cygni,decision_tree,3.342424765,3.894407990924529
ramularia_collo_cygni,decision_tree,3.976996093,3.564504600385246
ramularia_collo_cygni,decision_tree,4.061231721,3.894407990924529
ramularia_collo_cygni,decision_tree,3.973305043,3.7239894985019575
ramularia_collo_cygni,decision_tree,3.565326738,3.7239894985019575
ramularia_collo_cygni,decision_tree,4.915981086,3.771196493045101
ramularia_collo_cygni,decision_tree,3.579897855,3.867762984033707
ramularia_collo_cygni,decision_tree,2.572022057,3.7239894985019575
ramularia_collo_cygni,decision_tree,4.330824164,3.6274187927880948
ramularia_collo_cygni,decision_tree,3.111195423,4.131983167704224
ramularia_collo_cygni,decision_tree,3.364712912,3.867762984033707
ramularia_collo_cygni,decision_tree,2.691247854,3.894407990924529
ramularia_collo_cygni,decision_tree,4.026538823,3.7239894985019575
ramularia_collo_cygni,decision_tree,4.739010462,3.7239894985019575
ramularia_collo_cygni,decision_tree,4.009999189,3.6274187927880948
ramularia_collo_cygni,decision_tree,3.609860498,3.894407990924529
ramularia_collo_cygni,decision_tree,1.107948288,3.7239894985019575
ramularia_collo_cygni,decision_tree,4.473240284,3.771196493045101
ramularia_collo_cygni,decision_tree,4.419433643,3.6274187927880948
ramularia_collo_cygni,decision_tree,3.840786937,3.7239894985019575
ramularia_collo_cygni,decision_tree,3.604136333,3.894407990924529
ramularia_collo_cygni,decision_tree,3.931930066,3.7239894985019575
ramularia_collo_cygni,decision_tree,4.124553604,3.771196493045101
ramularia_collo_cygni,decision_tree,4.650085273,3.894407990924529
ramularia_collo_cygni,decision_tree,4.355699602,3.6274187927880948
ramularia_collo_cygni,decision_tree,3.927495725,3.7239894985019575
ramularia_collo_cygni,decision_tree,3.419133123,3.894407990924529
ramularia_collo_cygni,decision_tree,3.219421238,3.564504600385246
ramularia_collo_cygni,decision_tree,2.691546827,3.7239894985019575
ramularia_collo_cygni,decision_tree,3.498578876,3.564504600385246
ramularia_collo_cygni,decision_tree,3.900161724,3.894407990924529
ramularia_collo_cygni,decision_tree,4.897208793,3.894407990924529
ramularia_collo_cygni,decision_tree,3.648807584,3.6274187927880948
ramularia_collo_cygni,decision_tree,3.494499315,3.7239894985019575
ramularia_collo_cygni,decision_tree,4.221923865,3.894407990924529
ramularia_collo_cygni,decision_tree,2.498699498,3.894407990924529
ramularia_collo_cygni,decision_tree,2.002335288,3.771196493045101
ramularia_collo_cygni,decision_tree,4.79096325,3.894407990924529
ramularia_collo_cygni,decision_tree,5.054962,3.6274187927880948
ramularia_collo_cygni,decision_tree,3.400488818,3.6274187927880948
ramularia_collo_cygni,decision_tree,3.303715053,3.564504600385246
ramularia_collo_cygni,decision_tree,4.411942162,3.564504600385246
ramularia_collo_cygni,decision_tree,3.963405174,3.894407990924529
ramularia_collo_cygni,decision_tree,3.165001373,3.7239894985019575
ramularia_collo_cygni,decision_tree,5.257198235,3.771196493045101
ramularia_collo_cygni,decision_tree,3.372764387,3.564504600385246
ramularia_collo_cygni,decision_tree,4.63030133,3.867762984033707
ramularia_collo_cygni,decision_tree,3.371829154,3.894407990924529
ramularia_collo_cygni,decision_tree,3.430387774,3.6274187927880948
ramularia_collo_cygni,decision_tree,3.380218053,3.6274187927880948
ramularia_collo_cygni,decision_tree,3.133307332,3.6274187927880948
ramularia_collo_cygni,decision_tree,2.390930461,3.771196493045101
ramularia_collo_cygni,decision_tree,3.500977493,3.7239894985019575
ramularia_collo_cygni,decision_tree,3.606934822,3.771196493045101
ramularia_collo_cygni,decision_tree,2.850743,3.7239894985019575
ramularia_collo_cygni,decision_tree,5.242865986,3.771196493045101
ramularia_collo_cygni,decision_tree,3.920316302,3.564504600385246
ramularia_collo_cygni,decision_tree,3.257116547,3.564504600385246
ramularia_collo_cygni,decision_tree,3.131876564,3.6274187927880948
ramularia_collo_cygni,decision_tree,3.864930471,3.564504600385246
ramularia_collo_cygni,decision_tree,4.114688409,3.6274187927880948
ramularia_collo_cygni,decision_tree,4.560012196,3.5457988184587155
ramularia_collo_cygni,decision_tree,4.730976823,3.7239894985019575
ramularia_collo_cygni,decision_tree,4.269068034,3.771196493045101
ramularia_collo_cygni,decision_tree,4.340829046,3.564504600385246
ramularia_collo_cygni,decision_tree,3.513606783,3.894407990924529
ramularia_collo_cygni,decision_tree,4.246042695,3.894407990924529
ramularia_collo_cygni,decision_tree,3.686307157,3.771196493045101
ramularia_collo_cygni,decision_tree,3.768162003,3.7239894985019575
ramularia_collo_cygni,decision_tree,3.258915185,3.894407990924529
ramularia_collo_cygni,decision_tree,4.522461519,3.564504600385246
ramularia_collo_cygni,decision_tree,2.676557903,3.6274187927880948
ramularia_collo_cygni,decision_tree,3.578401133,3.564504600385246
ramularia_collo_cygni,decision_tree,3.133982724,3.564504600385246
ramularia_collo_cygni,decision_tree,2.934768869,3.7239894985019575
ramularia_collo_cygni,decision_tree,3.566447198,3.771196493045101
ramularia_collo_cygni,decision_tree,3.791161481,3.7239894985019575
ramularia_collo_cygni,decision_tree,1.462217794,3.6274187927880948
ramularia_collo_cygni,decision_tree,3.097393664,3.771196493045101
ramularia_collo_cygni,decision_tree,4.816455289,3.771196493045101
ramularia_collo_cygni,decision_tree,4.61626316,3.564504600385246
ramularia_collo_cygni,decision_tree,4.495393011,3.564504600385246
ramularia_collo_cygni,decision_tree,3.195293186,3.564504600385246
ramularia_collo_cygni,decision_tree,3.606165577,3.6274187927880948
ramularia_collo_cygni,decision_tree,3.664927065,3.771196493045101
ramularia_collo_cygni,decision_tree,3.856945458,3.894407990924529
ramularia_collo_cygni,decision_tree,4.3889316,3.894407990924529
ramularia_collo_cygni,decision_tree,2.400981843,3.6274187927880948
ramularia_collo_cygni,decision_tree,4.287945823,3.5457988184587155
ramularia_collo_cygni,decision_tree,3.562814098,3.771196493045101
ramularia_collo_cygni,decision_tree,2.818188106,3.771196493045101
ramularia_collo_cygni,decision_tree,5.43967518,4.131983167704224
ramularia_collo_cygni,decision_tree,3.062052984,3.867762984033707
ramularia_collo_cygni,decision_tree,4.094779953,3.894407990924529
ramularia_collo_cygni,decision_tree,2.261776301,3.5457988184587155
ramularia_collo_cygni,decision_tree,2.947566375,3.894407990924529
ramularia_collo_cygni,decision_tree,3.312466922,3.6274187927880948
ramularia_collo_cygni,decision_tree,2.28738143,3.7239894985019575
ramularia_collo_cygni,decision_tree,3.739037375,3.564504600385246
ramularia_collo_cygni,decision_tree,2.022751817,3.771196493045101
ramularia_collo_cygni,decision_tree,4.346449643,3.771196493045101
ramularia_collo_cygni,decision_tree,4.031793298,3.5457988184587155
ramularia_collo_cygni,decision_tree,4.351179102,3.894407990924529
ramularia_collo_cygni,decision_tree,4.431300847,3.894407990924529
ramularia_collo_cygni,decision_tree,6.243061825,4.131983167704224
ramularia_collo_cygni,decision_tree,3.325721687,3.6274187927880948
ramularia_collo_cygni,decision_tree,1.154549373,3.771196493045101
ramularia_collo_cygni,decision_tree,4.041940652,3.867762984033707
ramularia_collo_cygni,decision_tree,3.547357078,3.894407990924529
ramularia_collo_cygni,decision_tree,3.684698903,3.564504600385246
ramularia_collo_cygni,decision_tree,3.916528085,3.6274187927880948
ramularia_collo_cygni,decision_tree,3.194391196,3.7239894985019575
ramularia_collo_cygni,decision_tree,2.806923021,3.7239894985019575
ramularia_collo_cygni,decision_tree,4.689523269,3.6274187927880948
ramularia_collo_cygni,decision_tree,2.80472813,3.7239894985019575
ramularia_collo_cygni,decision_tree,4.602095218,3.6274187927880948
ramularia_collo_cygni,decision_tree,4.844544966,3.564504600385246
ramularia_collo_cygni,decision_tree,0.916171488,3.6274187927880948
ramularia_collo_cygni,decision_tree,3.616341218,3.7239894985019575
ramularia_collo_cygni,decision_tree,1.318238564,3.894407990924529
ramularia_collo_cygni,decision_tree,3.177990537,3.771196493045101
ramularia_collo_cygni,decision_tree,3.9993053,3.771196493045101
ramularia_collo_cygni,decision_tree,4.141506889,3.564504600385246
ramularia_collo_cygni,decision_tree,5.062196411,3.894407990924529
ramularia_collo_cygni,decision_tree,4.370872461,3.7239894985019575
ramularia_collo_cygni,decision_tree,2.933696544,3.771196493045101
ramularia_collo_cygni,decision_tree,4.369807717,3.6274187927880948
ramularia_collo_cygni,decision_tree,4.036868588,3.894407990924529
ramularia_collo_cygni,decision_tree,3.608224085,3.867762984033707
ramularia_collo_cygni,decision_tree,2.58169415,3.6274187927880948
ramularia_collo_cygni,decision_tree,2.670617168,3.771196493045101
ramularia_collo_cygni,decision_tree,4.495853904,3.4064642031369488
ramularia_collo_cygni,decision_tree,4.914672444,3.6274187927880948
ramularia_collo_cygni,decision_tree,3.13269646,3.894407990924529
ramularia_collo_cygni,decision_tree,3.122540442,3.771196493045101
ramularia_collo_cygni,decision_tree,2.530995978,3.564504600385246
ramularia_collo_cygni,decision_tree,4.240286695,3.6274187927880948
ramularia_collo_cygni,decision_tree,3.781473213,3.894407990924529
ramularia_collo_cygni,decision_tree,3.432719508,4.092525055666666
ramularia_collo_cygni,decision_tree,3.933261311,4.319081424625001
ramularia_collo_cygni,decision_tree,3.581771184,3.4064642031369488
ramularia_collo_cygni,decision_tree,3.430087584,3.1117124892499994
ramularia_collo_cygni,decision_tree,2.763131086,2.95437039425
ramularia_collo_cygni,decision_tree,1.450327339,2.6743010525306126
ramularia_collo_cygni,decision_tree,3.282822827,3.4654075763784595
ramularia_collo_cygni,decision_tree,4.293328581,2.99269439447191
ramularia_collo_cygni,decision_tree,5.290598459,3.771196493045101
ramularia_collo_cygni,decision_tree,5.360588196,3.771196493045101
ramularia_collo_cygni,decision_tree,5.775340651,4.092525055666666
ramularia_collo_cygni,decision_tree,2.488838603,3.771196493045101
ramularia_collo_cygni,decision_tree,2.144960571,3.5457988184587155
ramularia_collo_cygni,decision_tree,6.851032269,2.6445207290000003
ramularia_collo_cygni,decision_tree,4.927429627,3.771196493045101
ramularia_collo_cygni,decision_tree,4.021618678,3.4654075763784595
ramularia_collo_cygni,decision_tree,5.21519891,3.5457988184587155
ramularia_collo_cygni,decision_tree,3.190131874,3.564504600385246
ramularia_collo_cygni,decision_tree,3.035504362,3.7239894985019575
ramularia_collo_cygni,decision_tree,4.572778053,3.867762984033707
ramularia_collo_cygni,decision_tree,5.194459305,5.212391614938774
ramularia_collo_cygni,decision_tree,3.114654861,4.143115966047618
ramularia_collo_cygni,decision_tree,7.002524163,3.894407990924529
ramularia_collo_cygni,decision_tree,1.233856615,2.99269439447191
ramularia_collo_cygni,decision_tree,2.427392164,2.6743010525306126
ramularia_collo_cygni,decision_tree,2.53771847,2.7411328864583333
ramularia_collo_cygni,decision_tree,3.270127226,3.4064642031369488
ramularia_collo_cygni,decision_tree,2.204159501,3.4654075763784595
ramularia_collo_cygni,decision_tree,1.754134029,3.4064642031369488
ramularia_collo_cygni,decision_tree,4.404584833,4.143115966047618
ramularia_collo_cygni,decision_tree,4.996330779,3.6274187927880948
ramularia_collo_cygni,decision_tree,2.531023314,3.771196493045101
ramularia_collo_cygni,decision_tree,2.943167526,3.867762984033707
ramularia_collo_cygni,decision_tree,4.297870077,3.6274187927880948
ramularia_collo_cygni,decision_tree,4.467355525,4.143115966047618
ramularia_collo_cygni,decision_tree,3.700006213,4.319081424625001
ramularia_collo_cygni,decision_tree,2.396070063,3.373026169518519
ramularia_collo_cygni,decision_tree,5.06595948,3.4064642031369488
ramularia_collo_cygni,decision_tree,1.201291163,4.143115966047618
ramularia_collo_cygni,decision_tree,4.592503068,3.564504600385246
ramularia_collo_cygni,decision_tree,5.985831643,3.4064642031369488
ramularia_collo_cygni,decision_tree,3.524422024,3.564504600385246
ramularia_collo_cygni,decision_tree,4.158736277,3.7239894985019575
ramularia_collo_cygni,decision_tree,8.548221744,4.180627795756097
ramularia_collo_cygni,decision_tree,2.649326853,5.212391614938774
ramularia_collo_cygni,decision_tree,6.297236061,3.867762984033707
ramularia_collo_cygni,decision_tree,3.267106376,3.771196493045101
ramularia_collo_cygni,decision_tree,3.573618611,3.4654075763784595
ramularia_collo_cygni,decision_tree,4.354431994,5.212391614938774
ramularia_collo_cygni,decision_tree,4.284855867,3.564504600385246
ramularia_collo_cygni,decision_tree,5.74864388,4.180627795756097
ramularia_collo_cygni,decision_tree,3.857893905,3.894407990924529
ramularia_collo_cygni,decision_tree,3.757455848,3.5457988184587155
ramularia_collo_cygni,decision_tree,2.898364027,3.771196493045101
ramularia_collo_cygni,decision_tree,1.448175396,3.5457988184587155
ramularia_collo_cygni,decision_tree,2.024299449,3.4654075763784595
ramularia_collo_cygni,decision_tree,4.405236324,3.771196493045101
ramularia_collo_cygni,decision_tree,4.479770129,3.771196493045101
ramularia_collo_cygni,decision_tree,5.041228187,4.554602884304348
ramularia_collo_cygni,decision_tree,6.082941713,3.771196493045101
ramularia_collo_cygni,decision_tree,3.880730578,3.564504600385246
ramularia_collo_cygni,decision_tree,2.718036423,3.6274187927880948
ramularia_collo_cygni,decision_tree,4.944623844,4.131983167704224
ramularia_collo_cygni,decision_tree,2.282427154,4.319081424625001
ramularia_collo_cygni,decision_tree,4.031759375,3.5457988184587155
ramularia_collo_cygni,decision_tree,2.035319327,3.4064642031369488
ramularia_collo_cygni,decision_tree,3.578148727,3.4654075763784595
ramularia_collo_cygni,decision_tree,1.904222669,3.6274187927880948
ramularia_collo_cygni,decision_tree,4.261597524,5.101681904068182
ramularia_collo_cygni,decision_tree,4.018955858,3.771196493045101
ramularia_collo_cygni,decision_tree,3.340896845,3.4064642031369488
ramularia_collo_cygni,decision_tree,2.650359724,4.180627795756097
ramularia_collo_cygni,decision_tree,2.563984631,3.771196493045101
ramularia_collo_cygni,decision_tree,4.708284147,3.771196493045101
ramularia_collo_cygni,decision_tree,4.737661973,3.4654075763784595
ramularia_collo_cygni,decision_tree,3.464831831,3.867762984033707
ramularia_collo_cygni,decision_tree,6.889271424,4.180627795756097
ramularia_collo_cygni,decision_tree,3.514604737,3.4064642031369488
ramularia_collo_cygni,decision_tree,6.274130982,3.867762984033707
ramularia_collo_cygni,decision_tree,4.662675867,5.212391614938774
ramularia_collo_cygni,decision_tree,2.162742673,3.867762984033707
ramularia_collo_cygni,decision_tree,5.124570604,3.867762984033707
ramularia_collo_cygni,decision_tree,3.259773822,3.6274187927880948
ramularia_collo_cygni,decision_tree,1.490526643,3.6274187927880948
ramularia_collo_cygni,decision_tree,3.173582338,5.101681904068182
ramularia_collo_cygni,decision_tree,3.008664127,3.4064642031369488
ramularia_collo_cygni,decision_tree,6.176567578,3.564504600385246
ramularia_collo_cygni,decision_tree,3.816714459,3.564504600385246
ramularia_collo_cygni,decision_tree,2.694371236,3.867762984033707
ramularia_collo_cygni,decision_tree,3.709263623,3.564504600385246
ramularia_collo_cygni,decision_tree,2.807043859,3.5457988184587155
ramularia_collo_cygni,decision_tree,3.233772746,3.5457988184587155
ramularia_collo_cygni,decision_tree,6.610941082,5.212391614938774
ramularia_collo_cygni,decision_tree,3.505148456,3.867762984033707
ramularia_collo_cygni,decision_tree,2.149242967,3.564504600385246
ramularia_collo_cygni,decision_tree,5.228883358,5.101681904068182
ramularia_collo_cygni,decision_tree,3.986991452,3.6274187927880948
ramularia_collo_cygni,decision_tree,2.412601509,3.4064642031369488
ramularia_collo_cygni,decision_tree,4.734468412,3.4064642031369488
ramularia_collo_cygni,decision_tree,3.076640751,3.564504600385246
ramularia_collo_cygni,decision_tree,3.122931051,3.771196493045101
ramularia_collo_cygni,decision_tree,2.141887878,3.894407990924529
ramularia_collo_cygni,decision_tree,2.457865499,3.4654075763784595
ramularia_collo_cygni,decision_tree,2.347164566,3.867762984033707
ramularia_collo_cygni,decision_tree,1.220141441,3.867762984033707
ramularia_collo_cygni,decision_tree,2.13605753,3.4654075763784595
ramularia_collo_cygni,decision_tree,3.935382247,3.6274187927880948
ramularia_collo_cygni,decision_tree,2.775908336,4.143115966047618
ramularia_collo_cygni,decision_tree,5.740205657,3.564504600385246
ramularia_collo_cygni,decision_tree,3.38855013,3.894407990924529
ramularia_collo_cygni,decision_tree,2.426675868,2.95437039425
ramularia_collo_cygni,decision_tree,2.75058108,3.6274187927880948
ramularia_collo_cygni,decision_tree,4.864051027,3.867762984033707
ramularia_collo_cygni,decision_tree,5.520170426,4.092525055666666
ramularia_collo_cygni,decision_tree,4.326983478,3.4064642031369488
ramularia_collo_cygni,decision_tree,6.037651804,3.373026169518519
ramularia_collo_cygni,decision_tree,2.476557312,3.4654075763784595
ramularia_collo_cygni,decision_tree,3.855057112,3.4654075763784595
ramularia_collo_cygni,decision_tree,1.640472479,3.4064642031369488
ramularia_collo_cygni,decision_tree,2.578341755,3.4064642031369488
ramularia_collo_cygni,decision_tree,2.799388991,3.564504600385246
ramularia_collo_cygni,decision_tree,5.071548359,3.4654075763784595
ramularia_collo_cygni,decision_tree,2.141703083,2.7411328864583333
ramularia_collo_cygni,decision_tree,3.197686802,3.894407990924529
ramularia_collo_cygni,decision_tree,4.329645726,3.4064642031369488
ramularia_collo_cygni,decision_tree,3.161037997,5.212391614938774
ramularia_collo_cygni,decision_tree,3.061859671,2.7411328864583333
ramularia_collo_cygni,decision_tree,2.573876061,2.7411328864583333
ramularia_collo_cygni,decision_tree,1.345417781,3.4064642031369488
ramularia_collo_cygni,decision_tree,3.105801781,2.99269439447191
ramularia_collo_cygni,decision_tree,4.384087039,5.163279204380953
ramularia_collo_cygni,decision_tree,2.198534702,2.7411328864583333
ramularia_collo_cygni,decision_tree,3.121071022,4.319081424625001
ramularia_collo_cygni,decision_tree,3.040769483,3.4064642031369488
ramularia_collo_cygni,decision_tree,1.0890685,5.511532803307692
ramularia_collo_cygni,decision_tree,5.496895266,5.212391614938774
ramularia_collo_cygni,decision_tree,4.610307375,5.101681904068182
ramularia_collo_cygni,decision_tree,3.389230908,2.99269439447191
ramularia_collo_cygni,decision_tree,1.687163261,2.99269439447191
ramularia_collo_cygni,decision_tree,2.902023966,2.6743010525306126
ramularia_collo_cygni,decision_tree,3.630364881,3.894407990924529
ramularia_collo_cygni,decision_tree,2.569358823,3.771196493045101
ramularia_collo_cygni,decision_tree,2.288140407,3.4064642031369488
ramularia_collo_cygni,decision_tree,4.416633139,3.867762984033707
ramularia_collo_cygni,decision_tree,2.69384033,3.5457988184587155
ramularia_collo_cygni,decision_tree,3.076856246,2.6743010525306126
ramularia_collo_cygni,decision_tree,3.08092805,4.131983167704224
ramularia_collo_cygni,decision_tree,2.924983962,3.771196493045101
ramularia_collo_cygni,decision_tree,1.705884254,3.4064642031369488
ramularia_collo_cygni,decision_tree,3.894886322,3.771196493045101
ramularia_collo_cygni,decision_tree,3.855620725,3.5457988184587155
ramularia_collo_cygni,decision_tree,3.627686052,4.092525055666666
ramularia_collo_cygni,decision_tree,2.136632229,3.4064642031369488
ramularia_collo_cygni,decision_tree,3.204825077,4.092525055666666
ramularia_collo_cygni,decision_tree,3.19596072,5.044074334342858
ramularia_collo_cygni,decision_tree,1.897774277,2.7411328864583333
ramularia_collo_cygni,decision_tree,4.85067705,2.95437039425
ramularia_collo_cygni,decision_tree,4.392169051,3.564504600385246
ramularia_collo_cygni,decision_tree,4.095418006,3.4064642031369488
ramularia_collo_cygni,decision_tree,3.86799669,4.319081424625001
ramularia_collo_cygni,decision_tree,2.884306008,2.7411328864583333
ramularia_collo_cygni,decision_tree,6.598511048,5.041003645999999
ramularia_collo_cygni,decision_tree,3.463569664,5.041003645999999
ramularia_collo_cygni,decision_tree,5.414865704,3.564504600385246
ramularia_collo_cygni,decision_tree,3.388154499,3.771196493045101
ramularia_collo_cygni,decision_tree,2.557460867,3.1117124892499994
ramularia_collo_cygni,decision_tree,4.419656093,3.771196493045101
ramularia_collo_cygni,decision_tree,3.726341105,3.771196493045101
ramularia_collo_cygni,decision_tree,2.247824888,3.564504600385246
ramularia_collo_cygni,decision_tree,3.815346786,3.6274187927880948
ramularia_collo_cygni,decision_tree,3.835370751,3.4064642031369488
ramularia_collo_cygni,decision_tree,3.506211748,3.4654075763784595
ramularia_collo_cygni,decision_tree,4.869271382,5.044074334342858
ramularia_collo_cygni,decision_tree,2.914906526,3.564504600385246
ramularia_collo_cygni,decision_tree,2.00274482,3.564504600385246
ramularia_collo_cygni,decision_tree,3.087213814,3.4064642031369488
ramularia_collo_cygni,decision_tree,3.75312319,3.564504600385246
ramularia_collo_cygni,decision_tree,2.946496284,3.4064642031369488
ramularia_collo_cygni,decision_tree,5.71286631,4.180627795756097
ramularia_collo_cygni,decision_tree,2.721500554,4.143115966047618
ramularia_collo_cygni,decision_tree,4.736381382,3.771196493045101
ramularia_collo_cygni,decision_tree,4.937605208,3.6274187927880948
ramularia_collo_cygni,decision_tree,1.675700747,3.4654075763784595
ramularia_collo_cygni,decision_tree,4.26409092,3.771196493045101
ramularia_collo_cygni,decision_tree,3.038330779,2.7411328864583333
ramularia_collo_cygni,decision_tree,5.399140213,3.4064642031369488
ramularia_collo_cygni,decision_tree,3.099776861,5.472327858125
ramularia_collo_cygni,decision_tree,2.4131964,3.4064642031369488
ramularia_collo_cygni,decision_tree,4.87738971,3.771196493045101
ramularia_collo_cygni,decision_tree,6.434082362,3.4064642031369488
ramularia_collo_cygni,decision_tree,4.93447029,4.180627795756097
ramularia_collo_cygni,decision_tree,3.365553261,2.6743010525306126
ramularia_collo_cygni,decision_tree,1.280916407,2.99269439447191
ramularia_collo_cygni,decision_tree,1.377580101,3.4064642031369488
ramularia_collo_cygni,decision_tree,4.717755792,3.867762984033707
ramularia_collo_cygni,decision_tree,2.961774616,4.092525055666666
ramularia_collo_cygni,decision_tree,2.345039678,3.4064642031369488
ramularia_collo_cygni,decision_tree,2.588567421,3.4064642031369488
ramularia_collo_cygni,decision_tree,2.125766079,3.564504600385246
ramularia_collo_cygni,decision_tree,4.008527949,3.771196493045101
ramularia_collo_cygni,decision_tree,4.506492525,3.4064642031369488
ramularia_collo_cygni,decision_tree,6.476028084,5.101681904068182
ramularia_collo_cygni,decision_tree,1.764895617,3.4064642031369488
ramularia_collo_cygni,decision_tree,3.104401162,2.7411328864583333
ramularia_collo_cygni,decision_tree,2.906608396,3.564504600385246
ramularia_collo_cygni,decision_tree,3.318745079,3.4654075763784595
ramularia_collo_cygni,decision_tree,2.636440892,3.6274187927880948
ramularia_collo_cygni,decision_tree,4.646836048,3.867762984033707
ramularia_collo_cygni,decision_tree,2.036641273,3.771196493045101
ramularia_collo_cygni,decision_tree,2.673417615,3.5457988184587155
ramularia_collo_cygni,decision_tree,1.550159709,3.564504600385246
ramularia_collo_cygni,decision_tree,4.513120959,3.564504600385246
ramularia_collo_cygni,decision_tree,4.107966245,3.867762984033707
ramularia_collo_cygni,decision_tree,2.736106536,3.894407990924529
ramularia_collo_cygni,decision_tree,4.837276781,3.4064642031369488
ramularia_collo_cygni,decision_tree,4.238231441,3.771196493045101
ramularia_collo_cygni,decision_tree,3.824216105,4.319081424625001
ramularia_collo_cygni,decision_tree,4.560709146,3.4654075763784595
ramularia_collo_cygni,decision_tree,3.519437238,3.4064642031369488
ramularia_collo_cygni,decision_tree,4.478654864,3.894407990924529
ramularia_collo_cygni,decision_tree,2.527374749,3.4064642031369488
ramularia_collo_cygni,decision_tree,4.253695514,3.5457988184587155
ramularia_collo_cygni,decision_tree,2.450242583,3.564504600385246
ramularia_collo_cygni,decision_tree,4.959045319,3.7239894985019575
ramularia_collo_cygni,decision_tree,2.97119362,3.771196493045101
ramularia_collo_cygni,decision_tree,2.702798303,3.6274187927880948
ramularia_collo_cygni,decision_tree,3.420231336,3.564504600385246
ramularia_collo_cygni,decision_tree,3.537439326,3.6274187927880948
ramularia_collo_cygni,decision_tree,2.909600554,3.771196493045101
ramularia_collo_cygni,decision_tree,5.764115368,3.771196493045101
ramularia_collo_cygni,decision_tree,1.936129039,3.6274187927880948
ramularia_collo_cygni,decision_tree,3.405083485,3.373026169518519
ramularia_collo_cygni,decision_tree,3.428346769,3.771196493045101
ramularia_collo_cygni,decision_tree,4.25820283,4.143115966047618
ramularia_collo_cygni,decision_tree,4.891236629,3.771196493045101
ramularia_collo_cygni,decision_tree,3.40126358,3.771196493045101
ramularia_collo_cygni,decision_tree,2.48877912,3.6274187927880948
ramularia_collo_cygni,decision_tree,2.744944513,3.6274187927880948
ramularia_collo_cygni,decision_tree,3.994317308,3.771196493045101
ramularia_collo_cygni,decision_tree,2.024380657,3.1117124892499994
ramularia_collo_cygni,decision_tree,2.734240062,3.6274187927880948
ramularia_collo_cygni,decision_tree,3.459146427,3.771196493045101
ramularia_collo_cygni,decision_tree,4.960260512,3.867762984033707
ramularia_collo_cygni,decision_tree,2.075838609,4.143115966047618
ramularia_collo_cygni,decision_tree,4.966769522,5.163279204380953
ramularia_collo_cygni,decision_tree,3.845437759,2.7411328864583333
ramularia_collo_cygni,decision_tree,3.099281261,5.101681904068182
ramularia_collo_cygni,decision_tree,5.401392483,5.101681904068182
ramularia_collo_cygni,decision_tree,3.259294302,3.867762984033707
ramularia_collo_cygni,decision_tree,3.12497194,3.4064642031369488
ramularia_collo_cygni,decision_tree,2.50199137,3.6274187927880948
ramularia_collo_cygni,decision_tree,2.413393425,3.6274187927880948
ramularia_collo_cygni,decision_tree,6.32558943,3.4654075763784595
ramularia_collo_cygni,decision_tree,3.416019284,3.771196493045101
ramularia_collo_cygni,decision_tree,2.524910406,3.771196493045101
ramularia_collo_cygni,decision_tree,4.268662724,3.564504600385246
ramularia_collo_cygni,decision_tree,3.309878547,4.072221483863636
ramularia_collo_cygni,decision_tree,5.99485731,5.041003645999999
ramularia_collo_cygni,decision_tree,5.665475341,3.867762984033707
ramularia_collo_cygni,decision_tree,2.884749052,3.771196493045101
ramularia_collo_cygni,decision_tree,3.995458448,3.771196493045101
ramularia_collo_cygni,decision_tree,2.948209598,3.4064642031369488
ramularia_collo_cygni,decision_tree,3.760367429,3.6274187927880948
ramularia_collo_cygni,decision_tree,4.799642917,5.101681904068182
ramularia_collo_cygni,decision_tree,2.926128078,3.564504600385246
ramularia_collo_cygni,decision_tree,3.643332334,3.867762984033707
ramularia_collo_cygni,decision_tree,3.43440072,3.867762984033707
ramularia_collo_cygni,decision_tree,7.392783657,3.564504600385246
ramularia_collo_cygni,decision_tree,2.917245967,3.5457988184587155
ramularia_collo_cygni,decision_tree,1.761814835,3.4064642031369488
ramularia_collo_cygni,decision_tree,1.865185043,3.6274187927880948
ramularia_collo_cygni,decision_tree,2.876749188,3.1117124892499994
ramularia_collo_cygni,decision_tree,2.484843149,3.4064642031369488
ramularia_collo_cygni,decision_tree,5.896337905,5.044074334342858
ramularia_collo_cygni,decision_tree,2.579220491,3.6274187927880948
ramularia_collo_cygni,decision_tree,3.597219811,3.867762984033707
ramularia_collo_cygni,decision_tree,3.175306769,3.564504600385246
ramularia_collo_cygni,decision_tree,2.626497646,3.4064642031369488
ramularia_collo_cygni,decision_tree,4.715294154,5.101681904068182
ramularia_collo_cygni,decision_tree,4.154898698,3.564504600385246
ramularia_collo_cygni,decision_tree,4.751582918,3.4064642031369488
ramularia_collo_cygni,decision_tree,3.163699705,3.894407990924529
ramularia_collo_cygni,decision_tree,3.454596767,3.4064642031369488
ramularia_collo_cygni,decision_tree,1.995635846,3.771196493045101
ramularia_collo_cygni,decision_tree,3.459933102,3.5457988184587155
ramularia_collo_cygni,decision_tree,2.262293476,3.771196493045101
ramularia_collo_cygni,decision_tree,3.229686625,3.771196493045101
ramularia_collo_cygni,decision_tree,2.542971992,3.771196493045101
ramularia_collo_cygni,decision_tree,3.417921067,5.044074334342858
ramularia_collo_cygni,decision_tree,2.495533359,3.771196493045101
ramularia_collo_cygni,decision_tree,3.035047283,3.5457988184587155
ramularia_collo_cygni,decision_tree,2.366379384,3.6274187927880948
ramularia_collo_cygni,decision_tree,4.950227997,3.771196493045101
ramularia_collo_cygni,decision_tree,2.934761374,3.771196493045101
ramularia_collo_cygni,decision_tree,1.609135652,3.564504600385246
ramularia_collo_cygni,decision_tree,3.631397141,3.771196493045101
ramularia_collo_cygni,decision_tree,2.394825673,3.6274187927880948
ramularia_collo_cygni,decision_tree,1.714128763,3.4064642031369488
ramularia_collo_cygni,decision_tree,4.828344921,3.6274187927880948
ramularia_collo_cygni,decision_tree,2.676800441,3.771196493045101
ramularia_collo_cygni,decision_tree,2.219621162,3.4064642031369488
ramularia_collo_cygni,decision_tree,1.269995021,2.99269439447191
ramularia_collo_cygni,decision_tree,4.198350055,3.867762984033707
ramularia_collo_cygni,decision_tree,2.580800729,3.771196493045101
ramularia_collo_cygni,decision_tree,5.895995422,4.131983167704224
ramularia_collo_cygni,decision_tree,3.23861038,2.6743010525306126
ramularia_collo_cygni,decision_tree,2.132216086,3.6274187927880948
ramularia_collo_cygni,decision_tree,2.697672234,2.99269439447191
ramularia_collo_cygni,decision_tree,1.995342421,2.6743010525306126
ramularia_collo_cygni,decision_tree,4.04849834,3.867762984033707
ramularia_collo_cygni,decision_tree,1.379596989,3.4654075763784595
ramularia_collo_cygni,decision_tree,2.528756836,3.4654075763784595
ramularia_collo_cygni,decision_tree,3.2204298,2.6743010525306126
ramularia_collo_cygni,decision_tree,3.944384101,3.4064642031369488
ramularia_collo_cygni,decision_tree,3.493605964,3.867762984033707
ramularia_collo_cygni,decision_tree,1.468025776,3.6274187927880948
ramularia_collo_cygni,decision_tree,3.705096507,3.6274187927880948
ramularia_collo_cygni,decision_tree,3.248482937,2.7411328864583333
ramularia_collo_cygni,decision_tree,2.404233258,3.771196493045101
ramularia_collo_cygni,decision_tree,3.223963411,3.771196493045101
ramularia_collo_cygni,decision_tree,3.26313003,3.771196493045101
ramularia_collo_cygni,decision_tree,3.032379058,3.564504600385246
ramularia_collo_cygni,decision_tree,3.773309223,2.99269439447191
ramularia_collo_cygni,decision_tree,2.758507881,5.212391614938774
ramularia_collo_cygni,decision_tree,4.515359173,3.4064642031369488
ramularia_collo_cygni,decision_tree,3.023334769,3.4654075763784595
ramularia_collo_cygni,decision_tree,4.377569538,3.867762984033707
ramularia_collo_cygni,decision_tree,2.749119607,3.4654075763784595
ramularia_collo_cygni,decision_tree,3.629104928,3.771196493045101
ramularia_collo_cygni,decision_tree,4.481511759,3.564504600385246
ramularia_collo_cygni,decision_tree,2.312755669,5.212391614938774
ramularia_collo_cygni,decision_tree,5.022894253,3.771196493045101
ramularia_collo_cygni,decision_tree,6.473476598,3.5457988184587155
ramularia_collo_cygni,decision_tree,4.905271878,5.163279204380953
ramularia_collo_cygni,decision_tree,2.257163915,3.564504600385246
ramularia_collo_cygni,decision_tree,3.062720262,3.4064642031369488
ramularia_collo_cygni,decision_tree,6.453292221,3.6274187927880948
ramularia_collo_cygni,decision_tree,3.707519962,3.762158026199999
ramularia_collo_cygni,decision_tree,2.378921726,3.7239894985019575
ramularia_collo_cygni,decision_tree,2.585558854,3.564504600385246
ramularia_collo_cygni,decision_tree,3.026681536,3.762158026199999
ramularia_collo_cygni,decision_tree,2.232717824,3.564504600385246
ramularia_collo_cygni,decision_tree,4.725632349,5.044074334342858
ramularia_collo_cygni,decision_tree,2.785731238,3.867762984033707
ramularia_collo_cygni,decision_tree,2.883765112,3.564504600385246
ramularia_collo_cygni,decision_tree,2.025951147,3.4064642031369488
ramularia_collo_cygni,decision_tree,2.594676733,3.771196493045101
ramularia_collo_cygni,decision_tree,2.818139828,3.564504600385246
ramularia_collo_cygni,decision_tree,2.283454127,3.867762984033707
ramularia_collo_cygni,decision_tree,2.821696306,3.564504600385246
ramularia_collo_cygni,decision_tree,3.007580614,3.564504600385246
ramularia_collo_cygni,decision_tree,2.85916878,3.6274187927880948
ramularia_collo_cygni,decision_tree,2.578256026,5.212391614938774
ramularia_collo_cygni,decision_tree,2.821392866,3.894407990924529
ramularia_collo_cygni,decision_tree,2.514597673,2.99269439447191
ramularia_collo_cygni,decision_tree,4.177928981,3.4654075763784595
ramularia_collo_cygni,decision_tree,3.311945574,3.867762984033707
ramularia_collo_cygni,decision_tree,4.532230443,3.4654075763784595
ramularia_collo_cygni,decision_tree,3.421079755,3.894407990924529
ramularia_collo_cygni,decision_tree,3.200617315,3.6274187927880948
ramularia_collo_cygni,decision_tree,5.08050109,3.894407990924529
ramularia_collo_cygni,decision_tree,3.638899688,3.4654075763784595
ramularia_collo_cygni,decision_tree,3.456848545,4.072221483863636
ramularia_collo_cygni,decision_tree,2.07417155,2.99269439447191
ramularia_collo_cygni,decision_tree,2.787417022,3.894407990924529
ramularia_collo_cygni,decision_tree,4.945459399,3.867762984033707
ramularia_collo_cygni,decision_tree,3.045417883,2.6743010525306126
ramularia_collo_cygni,decision_tree,3.994740891,3.7239894985019575
ramularia_collo_cygni,decision_tree,2.681116279,3.4064642031369488
ramularia_collo_cygni,decision_tree,1.961541095,3.6274187927880948
ramularia_collo_cygni,decision_tree,3.553626424,3.6274187927880948
ramularia_collo_cygni,decision_tree,2.791185155,3.4654075763784595
ramularia_collo_cygni,decision_tree,3.547001743,3.4064642031369488
ramularia_collo_cygni,decision_tree,2.341523802,3.867762984033707
ramularia_collo_cygni,decision_tree,3.59775894,3.4654075763784595
ramularia_collo_cygni,decision_tree,2.877121589,3.373026169518519
ramularia_collo_cygni,decision_tree,3.585528338,5.163279204380953
ramularia_collo_cygni,decision_tree,3.647624243,3.4064642031369488
ramularia_collo_cygni,decision_tree,3.478650494,3.564504600385246
ramularia_collo_cygni,decision_tree,5.285380786,3.771196493045101
ramularia_collo_cygni,decision_tree,5.550408685,4.131983167704224
ramularia_collo_cygni,decision_tree,5.239179351,3.771196493045101
ramularia_collo_cygni,decision_tree,4.401479629,3.894407990924529
ramularia_collo_cygni,decision_tree,3.506192159,3.867762984033707
ramularia_collo_cygni,decision_tree,3.567025994,2.7411328864583333
ramularia_collo_cygni,decision_tree,4.077914898,3.867762984033707
ramularia_collo_cygni,decision_tree,4.024790387,3.4654075763784595
ramularia_collo_cygni,decision_tree,4.044241807,4.180627795756097
ramularia_collo_cygni,decision_tree,3.722318491,3.867762984033707
ramularia_collo_cygni,decision_tree,2.121753296,3.4654075763784595
ramularia_collo_cygni,decision_tree,2.896969564,3.4064642031369488
ramularia_collo_cygni,decision_tree,4.279852668,4.554602884304348
ramularia_collo_cygni,decision_tree,2.203441626,3.564504600385246
ramularia_collo_cygni,decision_tree,3.536834135,3.564504600385246
ramularia_collo_cygni,decision_tree,5.288690925,3.771196493045101
ramularia_collo_cygni,decision_tree,4.443297334,3.6274187927880948
ramularia_collo_cygni,decision_tree,2.560804452,2.7411328864583333
ramularia_collo_cygni,decision_tree,2.56277974,3.7239894985019575
ramularia_collo_cygni,decision_tree,3.103139733,3.6274187927880948
ramularia_collo_cygni,decision_tree,3.285279158,3.894407990924529
ramularia_collo_cygni,decision_tree,3.749509455,3.564504600385246
ramularia_collo_cygni,decision_tree,1.846640664,3.867762984033707
ramularia_collo_cygni,decision_tree,3.563807504,3.6274187927880948
ramularia_collo_cygni,decision_tree,4.725567919,3.5457988184587155
ramularia_collo_cygni,decision_tree,2.820378375,3.867762984033707
ramularia_collo_cygni,decision_tree,3.833067311,3.6274187927880948
ramularia_collo_cygni,decision_tree,3.859638477,2.99269439447191
ramularia_collo_cygni,decision_tree,2.273804712,3.894407990924529
ramularia_collo_cygni,decision_tree,3.341534023,3.6274187927880948
ramularia_collo_cygni,decision_tree,2.551762557,3.5457988184587155
ramularia_collo_cygni,decision_tree,3.239318252,3.4064642031369488
ramularia_collo_cygni,decision_tree,4.941599489,5.041003645999999
ramularia_collo_cygni,decision_tree,4.675626764,3.4654075763784595
ramularia_collo_cygni,decision_tree,5.418930035,3.7239894985019575
ramularia_collo_cygni,decision_tree,3.603778592,5.101681904068182
ramularia_collo_cygni,decision_tree,4.773843321,4.771981674461538
ramularia_collo_cygni,decision_tree,6.10085344,4.771981674461538
ramularia_collo_cygni,decision_tree,2.789382434,5.044074334342858
ramularia_collo_cygni,decision_tree,3.246976209,5.212391614938774
ramularia_collo_cygni,decision_tree,3.405392688,4.131983167704224
ramularia_collo_cygni,decision_tree,6.266704312,5.212391614938774
ramularia_collo_cygni,decision_tree,3.547937644,3.867762984033707
ramularia_collo_cygni,decision_tree,3.432035666,3.4064642031369488
ramularia_collo_cygni,decision_tree,4.575312137,5.212391614938774
ramularia_collo_cygni,decision_tree,4.203844661,4.092525055666666
ramularia_collo_cygni,decision_tree,4.428609383,5.101681904068182
ramularia_collo_cygni,decision_tree,5.768947126,5.511532803307692
ramularia_collo_cygni,decision_tree,5.087406811,5.041003645999999
ramularia_collo_cygni,decision_tree,5.850030434,5.101681904068182
ramularia_collo_cygni,decision_tree,4.529621301,3.564504600385246
ramularia_collo_cygni,decision_tree,3.987652996,4.143115966047618
ramularia_collo_cygni,decision_tree,2.821261723,3.867762984033707
ramularia_collo_cygni,decision_tree,4.885907108,5.212391614938774
ramularia_collo_cygni,decision_tree,4.261444672,3.4654075763784595
ramularia_collo_cygni,decision_tree,4.093869485,3.4064642031369488
ramularia_collo_cygni,decision_tree,3.011464279,3.867762984033707
ramularia_collo_cygni,decision_tree,2.181853119,2.7411328864583333
ramularia_collo_cygni,decision_tree,4.080442172,3.867762984033707
ramularia_collo_cygni,decision_tree,3.392410972,3.5457988184587155
ramularia_collo_cygni,decision_tree,2.793423956,3.6274187927880948
ramularia_collo_cygni,decision_tree,2.067225015,3.867762984033707
ramularia_collo_cygni,decision_tree,2.647936909,3.4064642031369488
ramularia_collo_cygni,decision_tree,4.60339488,3.6274187927880948
ramularia_collo_cygni,decision_tree,3.207127644,3.5457988184587155
ramularia_collo_cygni,decision_tree,5.477360192,5.041003645999999
ramularia_collo_cygni,decision_tree,2.587664835,2.99269439447191
ramularia_collo_cygni,decision_tree,2.85361331,3.867762984033707
ramularia_collo_cygni,decision_tree,2.912007506,3.4064642031369488
ramularia_collo_cygni,decision_tree,3.605552384,3.4064642031369488
ramularia_collo_cygni,decision_tree,2.686727591,3.867762984033707
ramularia_collo_cygni,decision_tree,4.161470519,3.867762984033707
ramularia_collo_cygni,decision_tree,4.094530922,3.4654075763784595
ramularia_collo_cygni,decision_tree,3.700595574,4.092525055666666
ramularia_collo_cygni,decision_tree,3.589567946,3.4654075763784595
ramularia_collo_cygni,decision_tree,5.167707153,2.99269439447191
ramularia_collo_cygni,decision_tree,4.976781985,2.99269439447191
ramularia_collo_cygni,decision_tree,2.981036124,3.5457988184587155
ramularia_collo_cygni,decision_tree,1.934766171,3.4654075763784595
ramularia_collo_cygni,decision_tree,2.457538063,3.6274187927880948
ramularia_collo_cygni,decision_tree,3.813297204,3.4064642031369488
ramularia_collo_cygni,decision_tree,4.784532818,4.143115966047618
ramularia_collo_cygni,decision_tree,5.641355229,3.373026169518519
ramularia_collo_cygni,decision_tree,4.268353806,3.894407990924529
ramularia_collo_cygni,decision_tree,1.916796457,4.143115966047618
ramularia_collo_cygni,decision_tree,3.180723486,3.4064642031369488
ramularia_collo_cygni,decision_tree,4.497063188,3.564504600385246
ramularia_collo_cygni,decision_tree,4.600415743,3.4064642031369488
ramularia_collo_cygni,decision_tree,2.589009647,3.894407990924529
ramularia_collo_cygni,decision_tree,5.121012268,3.564504600385246
ramularia_collo_cygni,decision_tree,5.714832154,4.143115966047618
ramularia_collo_cygni,decision_tree,2.399790388,3.564504600385246
ramularia_collo_cygni,decision_tree,2.883699798,3.564504600385246
ramularia_collo_cygni,decision_tree,1.84906439,3.4654075763784595
ramularia_collo_cygni,decision_tree,1.152231625,2.99269439447191
ramularia_collo_cygni,decision_tree,4.802934616,4.143115966047618
ramularia_collo_cygni,decision_tree,3.743532797,2.99269439447191
ramularia_collo_cygni,decision_tree,4.041996855,3.6274187927880948
ramularia_collo_cygni,decision_tree,3.591401207,3.867762984033707
ramularia_collo_cygni,decision_tree,6.134557667,3.867762984033707
ramularia_collo_cygni,decision_tree,5.35826487,5.101681904068182
ramularia_collo_cygni,decision_tree,2.375793414,3.4654075763784595
ramularia_collo_cygni,decision_tree,3.366106575,3.867762984033707
ramularia_collo_cygni,decision_tree,4.107306663,5.101681904068182
ramularia_collo_cygni,decision_tree,4.361707918,3.771196493045101
ramularia_collo_cygni,decision_tree,6.594091469,4.092525055666666
ramularia_collo_cygni,decision_tree,4.308905283,3.6274187927880948
ramularia_collo_cygni,decision_tree,4.18397681,3.771196493045101
ramularia_collo_cygni,decision_tree,4.80999667,3.771196493045101
ramularia_collo_cygni,decision_tree,5.702008013,5.212391614938774
ramularia_collo_cygni,decision_tree,5.168934426,3.7239894985019575
ramularia_collo_cygni,decision_tree,3.274845099,3.6274187927880948
ramularia_collo_cygni,decision_tree,3.260999846,3.771196493045101
ramularia_collo_cygni,decision_tree,2.836712807,2.7411328864583333
ramularia_collo_cygni,decision_tree,2.916695638,3.867762984033707
ramularia_collo_cygni,decision_tree,4.411263815,2.7411328864583333
ramularia_collo_cygni,decision_tree,2.942746578,3.4654075763784595
ramularia_collo_cygni,decision_tree,3.313049094,3.564504600385246
ramularia_collo_cygni,decision_tree,3.324902719,3.564504600385246
ramularia_collo_cygni,decision_tree,3.36595316,3.4654075763784595
ramularia_collo_cygni,decision_tree,2.605692417,3.564504600385246
ramularia_collo_cygni,decision_tree,2.967903146,3.6274187927880948
ramularia_collo_cygni,decision_tree,3.917309573,3.4064642031369488
ramularia_collo_cygni,decision_tree,3.878615155,5.511532803307692
ramularia_collo_cygni,decision_tree,5.102677644,4.143115966047618
ramularia_collo_cygni,decision_tree,1.962848078,3.6274187927880948
ramularia_collo_cygni,decision_tree,3.833500065,2.6743010525306126
ramularia_collo_cygni,decision_tree,1.780891635,3.867762984033707
ramularia_collo_cygni,decision_tree,2.465654743,3.564504600385246
ramularia_collo_cygni,decision_tree,2.938385175,3.564504600385246
ramularia_collo_cygni,decision_tree,3.148012422,4.131983167704224
ramularia_collo_cygni,decision_tree,5.185656631,3.4064642031369488
ramularia_collo_cygni,decision_tree,4.950109023,4.180627795756097
ramularia_collo_cygni,decision_tree,4.219673819,5.101681904068182
ramularia_collo_cygni,decision_tree,3.686608589,3.4064642031369488
ramularia_collo_cygni,decision_tree,3.336622593,3.771196493045101
ramularia_collo_cygni,decision_tree,5.092895008,3.771196493045101
ramularia_collo_cygni,decision_tree,2.052345551,3.4064642031369488
ramularia_collo_cygni,decision_tree,2.364933613,3.867762984033707
ramularia_collo_cygni,decision_tree,3.53496635,2.6743010525306126
ramularia_collo_cygni,decision_tree,4.401780525,3.4654075763784595
ramularia_collo_cygni,decision_tree,3.358527067,3.867762984033707
ramularia_collo_cygni,decision_tree,3.670143081,3.4654075763784595
ramularia_collo_cygni,decision_tree,2.014016309,4.092525055666666
ramularia_collo_cygni,decision_tree,1.960530286,4.319081424625001
ramularia_collo_cygni,decision_tree,5.172937334,4.143115966047618
ramularia_collo_cygni,decision_tree,4.283459272,3.4654075763784595
ramularia_collo_cygni,decision_tree,2.925395363,4.180627795756097
ramularia_collo_cygni,decision_tree,3.42247289,3.7239894985019575
ramularia_collo_cygni,decision_tree,4.515746299,3.867762984033707
ramularia_collo_cygni,decision_tree,4.191695379,3.7239894985019575
ramularia_collo_cygni,decision_tree,3.606880456,3.4654075763784595
ramularia_collo_cygni,decision_tree,5.105749703,3.564504600385246
ramularia_collo_cygni,decision_tree,3.056245208,3.771196493045101
ramularia_collo_cygni,decision_tree,4.364984067,3.564504600385246
ramularia_collo_cygni,decision_tree,5.383216251,3.771196493045101
ramularia_collo_cygni,decision_tree,3.328242805,4.143115966047618
ramularia_collo_cygni,decision_tree,4.299196503,3.4654075763784595
ramularia_collo_cygni,decision_tree,2.861931624,3.894407990924529
ramularia_collo_cygni,decision_tree,5.418319692,5.044074334342858
ramularia_collo_cygni,decision_tree,4.521262301,3.7239894985019575
ramularia_collo_cygni,decision_tree,4.121323765,3.564504600385246
ramularia_collo_cygni,decision_tree,3.966327195,3.867762984033707
ramularia_collo_cygni,decision_tree,2.145341559,3.564504600385246
ramularia_collo_cygni,decision_tree,4.147352865,5.212391614938774
ramularia_collo_cygni,decision_tree,5.899597746,3.7239894985019575
ramularia_collo_cygni,decision_tree,2.245947462,3.7239894985019575
ramularia_collo_cygni,decision_tree,5.91872848,5.044074334342858
ramularia_collo_cygni,decision_tree,5.393861608,3.5457988184587155
ramularia_collo_cygni,decision_tree,4.257490261,3.4064642031369488
ramularia_collo_cygni,decision_tree,6.282555558,3.4654075763784595
ramularia_collo_cygni,decision_tree,6.859493481,4.554602884304348
ramularia_collo_cygni,decision_tree,4.708309131,3.4654075763784595
ramularia_collo_cygni,decision_tree,4.720761253,4.143115966047618
ramularia_collo_cygni,decision_tree,3.908208118,3.6274187927880948
ramularia_collo_cygni,decision_tree,4.899081514,3.771196493045101
ramularia_collo_cygni,decision_tree,5.281835445,4.131983167704224
ramularia_collo_cygni,decision_tree,5.032160195,3.867762984033707
ramularia_collo_cygni,decision_tree,5.517781468,3.7239894985019575
ramularia_collo_cygni,decision_tree,4.314165211,3.867762984033707
ramularia_collo_cygni,decision_tree,4.035735845,3.564504600385246
ramularia_collo_cygni,decision_tree,4.344159778,3.894407990924529
ramularia_collo_cygni,decision_tree,2.312160739,3.6274187927880948
ramularia_collo_cygni,decision_tree,2.83038719,3.564504600385246
ramularia_collo_cygni,decision_tree,4.599680006,3.4654075763784595
ramularia_collo_cygni,decision_tree,1.879105656,3.771196493045101
ramularia_collo_cygni,decision_tree,5.692827358,3.867762984033707
ramularia_collo_cygni,decision_tree,3.379602875,3.771196493045101
ramularia_collo_cygni,decision_tree,3.169491497,3.373026169518519
ramularia_collo_cygni,decision_tree,4.685454688,3.771196493045101
ramularia_collo_cygni,decision_tree,3.025492215,3.4654075763784595
ramularia_collo_cygni,decision_tree,4.308853114,3.4654075763784595
ramularia_collo_cygni,decision_tree,2.889358684,4.180627795756097
ramularia_collo_cygni,decision_tree,3.918952634,3.564504600385246
ramularia_collo_cygni,decision_tree,3.634395405,3.564504600385246
ramularia_collo_cygni,decision_tree,4.396953124,3.771196493045101
ramularia_collo_cygni,decision_tree,3.608744614,4.072221483863636
ramularia_collo_cygni,decision_tree,3.711884855,3.894407990924529
ramularia_collo_cygni,decision_tree,3.451430151,3.771196493045101
ramularia_collo_cygni,decision_tree,3.101452885,4.072221483863636
ramularia_collo_cygni,decision_tree,3.573299311,4.180627795756097
ramularia_collo_cygni,decision_tree,5.932678396,3.867762984033707
ramularia_collo_cygni,decision_tree,5.56570577,3.5457988184587155
ramularia_collo_cygni,decision_tree,5.353029659,5.101681904068182
ramularia_collo_cygni,decision_tree,5.379636672,3.771196493045101
ramularia_collo_cygni,decision_tree,3.736429595,3.771196493045101
ramularia_collo_cygni,decision_tree,4.457101364,3.4064642031369488
ramularia_collo_cygni,decision_tree,3.897659932,4.092525055666666
ramularia_collo_cygni,decision_tree,2.054417732,4.143115966047618
ramularia_collo_cygni,decision_tree,4.924119115,3.771196493045101
ramularia_collo_cygni,decision_tree,4.942875189,4.143115966047618
ramularia_collo_cygni,decision_tree,5.124787577,3.771196493045101
ramularia_collo_cygni,decision_tree,4.208323136,3.894407990924529
ramularia_collo_cygni,decision_tree,3.764073537,3.771196493045101
ramularia_collo_cygni,decision_tree,4.280333381,3.564504600385246
ramularia_collo_cygni,decision_tree,4.097195533,3.4654075763784595
ramularia_collo_cygni,decision_tree,2.971079525,3.771196493045101
ramularia_collo_cygni,decision_tree,2.791846957,3.6274187927880948
ramularia_collo_cygni,decision_tree,2.96989492,3.4654075763784595
ramularia_collo_cygni,decision_tree,3.62670802,3.4064642031369488
ramularia_collo_cygni,decision_tree,1.058412984,3.564504600385246
ramularia_collo_cygni,decision_tree,3.637462746,3.4654075763784595
ramularia_collo_cygni,decision_tree,4.198037082,3.564504600385246
ramularia_collo_cygni,decision_tree,2.806247735,3.4654075763784595
ramularia_collo_cygni,decision_tree,3.187094494,3.5457988184587155
ramularia_collo_cygni,decision_tree,4.572081454,3.4064642031369488
ramularia_collo_cygni,decision_tree,1.377134412,3.771196493045101
ramularia_collo_cygni,decision_tree,2.20076438,3.4654075763784595
ramularia_collo_cygni,decision_tree,4.001062911,3.4654075763784595
ramularia_collo_cygni,decision_tree,3.979907854,3.564504600385246
ramularia_collo_cygni,decision_tree,4.094413014,3.4064642031369488
ramularia_collo_cygni,decision_tree,7.912654034,3.894407990924529
ramularia_collo_cygni,decision_tree,4.602135083,3.771196493045101
ramularia_collo_cygni,decision_tree,3.281307401,3.4654075763784595
ramularia_collo_cygni,decision_tree,1.967202572,4.072221483863636
ramularia_collo_cygni,decision_tree,4.026223815,4.072221483863636
ramularia_collo_cygni,decision_tree,6.539995772,3.4064642031369488
ramularia_collo_cygni,decision_tree,3.748131232,3.4654075763784595
ramularia_collo_cygni,decision_tree,4.846660504,3.4654075763784595
ramularia_collo_cygni,decision_tree,2.34483348,3.564504600385246
ramularia_collo_cygni,decision_tree,4.506167921,3.771196493045101
ramularia_collo_cygni,decision_tree,3.635939077,4.180627795756097
ramularia_collo_cygni,decision_tree,4.142354605,3.6274187927880948
ramularia_collo_cygni,decision_tree,3.374663247,5.101681904068182
ramularia_collo_cygni,decision_tree,5.756445066,3.4654075763784595
ramularia_collo_cygni,decision_tree,3.674601278,3.4064642031369488
ramularia_collo_cygni,decision_tree,3.324055877,3.4064642031369488
ramularia_collo_cygni,decision_tree,2.7807053,3.7239894985019575
ramularia_collo_cygni,decision_tree,4.894689472,3.564504600385246
ramularia_collo_cygni,decision_tree,3.100060051,3.6274187927880948
ramularia_collo_cygni,decision_tree,2.781169457,3.6274187927880948
ramularia_collo_cygni,decision_tree,4.882267891,3.564504600385246
ramularia_collo_cygni,decision_tree,3.356692615,3.564504600385246
ramularia_collo_cygni,decision_tree,3.748821937,4.143115966047618
ramularia_collo_cygni,decision_tree,6.178172917,2.99269439447191
ramularia_collo_cygni,decision_tree,3.147795686,3.5457988184587155
ramularia_collo_cygni,decision_tree,3.772567524,4.131983167704224
ramularia_collo_cygni,decision_tree,3.465270808,2.6743010525306126
ramularia_collo_cygni,decision_tree,4.466200077,3.6274187927880948
ramularia_collo_cygni,decision_tree,3.014228158,3.771196493045101
ramularia_collo_cygni,decision_tree,4.18621684,3.4654075763784595
ramularia_collo_cygni,decision_tree,4.885353121,4.180627795756097
ramularia_collo_cygni,decision_tree,2.896596825,3.771196493045101
ramularia_collo_cygni,decision_tree,4.36834635,3.4654075763784595
ramularia_collo_cygni,decision_tree,3.332716693,3.6274187927880948
ramularia_collo_cygni,decision_tree,3.236620609,3.564504600385246
ramularia_collo_cygni,decision_tree,4.095243662,3.564504600385246
ramularia_collo_cygni,decision_tree,5.132430577,3.4654075763784595
ramularia_collo_cygni,decision_tree,4.966375253,3.6274187927880948
ramularia_collo_cygni,decision_tree,3.766851454,3.4654075763784595
ramularia_collo_cygni,decision_tree,2.780572046,3.4064642031369488
ramularia_collo_cygni,decision_tree,5.209136069,3.894407990924529
ramularia_collo_cygni,decision_tree,4.908590413,3.4654075763784595
ramularia_collo_cygni,decision_tree,0.772513064,3.6274187927880948
ramularia_collo_cygni,decision_tree,4.933122661,3.5457988184587155
ramularia_collo_cygni,decision_tree,2.422759972,3.564504600385246
ramularia_collo_cygni,decision_tree,5.232655849,3.4064642031369488
ramularia_collo_cygni,decision_tree,5.047861795,3.4654075763784595
ramularia_collo_cygni,decision_tree,2.916785295,3.564504600385246
ramularia_collo_cygni,decision_tree,4.654387945,3.5457988184587155
ramularia_collo_cygni,decision_tree,1.93062327,3.564504600385246
ramularia_collo_cygni,decision_tree,4.994512049,3.771196493045101
ramularia_collo_cygni,decision_tree,4.761266522,4.131983167704224
ramularia_collo_cygni,decision_tree,4.478468915,3.867762984033707
ramularia_collo_cygni,decision_tree,3.612838272,3.894407990924529
ramularia_collo_cygni,decision_tree,3.720366044,3.771196493045101
ramularia_collo_cygni,decision_tree,3.268945899,3.564504600385246
ramularia_collo_cygni,decision_tree,3.509920814,3.4064642031369488
ramularia_collo_cygni,decision_tree,2.902518827,3.6274187927880948
ramularia_collo_cygni,decision_tree,2.758478011,3.564504600385246
ramularia_collo_cygni,decision_tree,3.298315347,3.5457988184587155
ramularia_collo_cygni,decision_tree,3.24430407,3.4654075763784595
ramularia_collo_cygni,decision_tree,2.052194097,3.4654075763784595
ramularia_collo_cygni,decision_tree,3.936873726,5.044074334342858
ramularia_collo_cygni,decision_tree,4.984592729,3.6274187927880948
ramularia_collo_cygni,decision_tree,3.840652164,3.6274187927880948
ramularia_collo_cygni,decision_tree,3.818425112,3.7239894985019575
ramularia_collo_cygni,decision_tree,3.532386837,3.6274187927880948
ramularia_collo_cygni,decision_tree,3.216726866,3.564504600385246
ramularia_collo_cygni,decision_tree,3.579921635,3.771196493045101
ramularia_collo_cygni,decision_tree,3.236319367,3.6274187927880948
ramularia_collo_cygni,decision_tree,2.642613298,3.771196493045101
ramularia_collo_cygni,decision_tree,4.354321111,3.771196493045101
ramularia_collo_cygni,decision_tree,5.614259509,2.95437039425
ramularia_collo_cygni,decision_tree,1.945137839,3.564504600385246
ramularia_collo_cygni,decision_tree,4.225988032,3.6274187927880948
ramularia_collo_cygni,decision_tree,2.925201645,3.7239894985019575
ramularia_collo_cygni,decision_tree,3.101281019,3.6274187927880948
ramularia_collo_cygni,decision_tree,5.535770599,3.4654075763784595
ramularia_collo_cygni,decision_tree,2.788529878,3.564504600385246
ramularia_collo_cygni,decision_tree,3.667776838,3.7239894985019575
ramularia_collo_cygni,decision_tree,4.24250557,3.4064642031369488
ramularia_collo_cygni,decision_tree,3.543947456,3.771196493045101
ramularia_collo_cygni,decision_tree,1.943472971,3.6274187927880948
ramularia_collo_cygni,decision_tree,4.570598289,3.771196493045101
ramularia_collo_cygni,decision_tree,4.197081682,3.771196493045101
ramularia_collo_cygni,decision_tree,2.653980556,3.894407990924529
ramularia_collo_cygni,decision_tree,4.211633251,3.7239894985019575
ramularia_collo_cygni,decision_tree,3.960757063,3.564504600385246
ramularia_collo_cygni,decision_tree,3.834533361,3.4654075763784595
ramularia_collo_cygni,decision_tree,6.670582425,3.4654075763784595
ramularia_collo_cygni,decision_tree,2.482367824,4.143115966047618
ramularia_collo_cygni,decision_tree,5.613125232,3.4064642031369488
ramularia_collo_cygni,decision_tree,5.076323998,2.6743010525306126
ramularia_collo_cygni,decision_tree,5.060772723,4.143115966047618
ramularia_collo_cygni,decision_tree,5.766442162,3.771196493045101
ramularia_collo_cygni,decision_tree,5.229388598,3.6274187927880948
ramularia_collo_cygni,decision_tree,3.412965916,3.867762984033707
ramularia_collo_cygni,decision_tree,3.825129378,3.564504600385246
ramularia_collo_cygni,decision_tree,3.038109583,3.4064642031369488
ramularia_collo_cygni,decision_tree,3.932260925,4.143115966047618
ramularia_collo_cygni,decision_tree,3.323076629,3.4654075763784595
ramularia_collo_cygni,decision_tree,2.283147278,3.7239894985019575
ramularia_collo_cygni,decision_tree,2.764524705,3.7239894985019575
ramularia_collo_cygni,decision_tree,5.130832621,3.6274187927880948
ramularia_collo_cygni,decision_tree,4.614598134,3.564504600385246
ramularia_collo_cygni,decision_tree,4.120846027,3.4654075763784595
ramularia_collo_cygni,decision_tree,4.057256154,3.6274187927880948
ramularia_collo_cygni,decision_tree,5.018066575,3.771196493045101
ramularia_collo_cygni,decision_tree,4.203911834,3.564504600385246
ramularia_collo_cygni,decision_tree,3.350155655,3.564504600385246
ramularia_collo_cygni,decision_tree,2.700511078,3.564504600385246
ramularia_collo_cygni,decision_tree,5.435757346,3.5457988184587155
ramularia_collo_cygni,decision_tree,5.744139393,3.894407990924529
ramularia_collo_cygni,decision_tree,2.082386316,3.564504600385246
ramularia_collo_cygni,decision_tree,3.442166582,3.4654075763784595
ramularia_collo_cygni,decision_tree,2.633708499,3.771196493045101
ramularia_collo_cygni,decision_tree,5.006632025,4.180627795756097
ramularia_collo_cygni,decision_tree,2.809406345,3.564504600385246
ramularia_collo_cygni,decision_tree,5.86691796,3.771196493045101
ramularia_collo_cygni,decision_tree,4.96490818,3.564504600385246
ramularia_collo_cygni,decision_tree,4.361131337,3.564504600385246
ramularia_collo_cygni,decision_tree,3.186026337,4.143115966047618
ramularia_collo_cygni,decision_tree,3.066823366,3.7239894985019575
ramularia_collo_cygni,decision_tree,3.271356448,3.771196493045101
ramularia_collo_cygni,decision_tree,3.242413327,3.4654075763784595
ramularia_collo_cygni,decision_tree,3.36176845,3.771196493045101
ramularia_collo_cygni,decision_tree,7.428986112,2.7411328864583333
ramularia_collo_cygni,decision_tree,5.549428508,3.5457988184587155
ramularia_collo_cygni,decision_tree,3.244212607,3.771196493045101
ramularia_collo_cygni,decision_tree,4.244248246,3.564504600385246
ramularia_collo_cygni,decision_tree,4.317522933,3.7239894985019575
ramularia_collo_cygni,decision_tree,2.548050553,3.7239894985019575
ramularia_collo_cygni,decision_tree,4.031171262,3.6274187927880948
ramularia_collo_cygni,decision_tree,4.159968901,3.4654075763784595
ramularia_collo_cygni,decision_tree,2.386557644,3.4064642031369488
ramularia_collo_cygni,decision_tree,2.49070038,3.771196493045101
ramularia_collo_cygni,decision_tree,4.014262556,3.564504600385246
ramularia_collo_cygni,decision_tree,4.053531802,3.4654075763784595
ramularia_collo_cygni,decision_tree,4.986592774,3.4654075763784595
ramularia_collo_cygni,decision_tree,5.128380095,3.5457988184587155
ramularia_collo_cygni,decision_tree,3.19479583,3.564504600385246
ramularia_collo_cygni,decision_tree,3.961847816,3.564504600385246
ramularia_collo_cygni,decision_tree,5.172772762,3.4654075763784595
ramularia_collo_cygni,decision_tree,3.947623385,3.6274187927880948
ramularia_collo_cygni,decision_tree,3.871761849,3.894407990924529
ramularia_collo_cygni,decision_tree,3.976043434,3.7239894985019575
ramularia_collo_cygni,decision_tree,3.498114796,3.771196493045101
ramularia_collo_cygni,decision_tree,2.097208233,3.4654075763784595
ramularia_collo_cygni,decision_tree,2.978758553,3.7239894985019575
ramularia_collo_cygni,decision_tree,3.092853738,3.4064642031369488
ramularia_collo_cygni,decision_tree,3.976198132,3.564504600385246
ramularia_collo_cygni,decision_tree,3.464276137,3.7239894985019575
ramularia_collo_cygni,decision_tree,2.392332433,3.4654075763784595
ramularia_collo_cygni,decision_tree,1.564335835,4.143115966047618
ramularia_collo_cygni,decision_tree,3.747707792,4.072221483863636
ramularia_collo_cygni,decision_tree,4.691661168,3.4064642031369488
ramularia_collo_cygni,decision_tree,5.685102941,3.4064642031369488
ramularia_collo_cygni,decision_tree,4.326022413,3.771196493045101
ramularia_collo_cygni,decision_tree,6.181568149,3.4654075763784595
ramularia_collo_cygni,decision_tree,2.594955535,3.4654075763784595
ramularia_collo_cygni,decision_tree,3.422066567,3.771196493045101
ramularia_collo_cygni,decision_tree,5.089783175,3.4064642031369488
ramularia_collo_cygni,decision_tree,5.667261938,3.4064642031369488
ramularia_collo_cygni,decision_tree,4.703529731,5.101681904068182
ramularia_collo_cygni,decision_tree,3.936011539,3.771196493045101
ramularia_collo_cygni,decision_tree,3.963781073,4.131983167704224
ramularia_collo_cygni,decision_tree,2.513943088,3.6274187927880948
ramularia_collo_cygni,decision_tree,4.816860958,3.4064642031369488
ramularia_collo_cygni,decision_tree,2.963390923,3.4064642031369488
ramularia_collo_cygni,decision_tree,4.415387441,4.143115966047618
ramularia_collo_cygni,decision_tree,3.421875007,3.6274187927880948
ramularia_collo_cygni,decision_tree,3.091254785,3.4654075763784595
ramularia_collo_cygni,decision_tree,2.734206549,3.4654075763784595
ramularia_collo_cygni,decision_tree,4.641817846,3.771196493045101
ramularia_collo_cygni,decision_tree,2.753001933,3.564504600385246
ramularia_collo_cygni,decision_tree,4.083835137,3.564504600385246
ramularia_collo_cygni,decision_tree,0.943149133,3.564504600385246
ramularia_collo_cygni,decision_tree,2.498818324,3.564504600385246
ramularia_collo_cygni,decision_tree,5.45167807,3.1117124892499994
ramularia_collo_cygni,decision_tree,3.648534566,3.4654075763784595
ramularia_collo_cygni,decision_tree,3.242660677,3.771196493045101
ramularia_collo_cygni,decision_tree,3.352884116,3.7239894985019575
ramularia_collo_cygni,decision_tree,2.913844398,3.4654075763784595
ramularia_collo_cygni,decision_tree,2.945929577,3.771196493045101
ramularia_collo_cygni,decision_tree,3.782103229,3.4654075763784595
ramularia_collo_cygni,decision_tree,5.120479034,3.4654075763784595
ramularia_collo_cygni,decision_tree,5.343574256,4.180627795756097
ramularia_collo_cygni,decision_tree,6.860258267,3.867762984033707
ramularia_collo_cygni,decision_tree,4.883654271,3.564504600385246
ramularia_collo_cygni,decision_tree,5.257686547,3.564504600385246
ramularia_collo_cygni,decision_tree,3.553791047,3.6274187927880948
ramularia_collo_cygni,decision_tree,5.662357093,4.143115966047618
ramularia_collo_cygni,decision_tree,3.221431133,3.6274187927880948
ramularia_collo_cygni,decision_tree,3.432403154,4.180627795756097
ramularia_collo_cygni,decision_tree,3.886985639,3.867762984033707
ramularia_collo_cygni,decision_tree,2.707898616,4.092525055666666
ramularia_collo_cygni,decision_tree,2.025316763,3.867762984033707
ramularia_collo_cygni,decision_tree,5.86222209,3.4064642031369488
ramularia_collo_cygni,decision_tree,5.662238007,3.771196493045101
ramularia_collo_cygni,decision_tree,5.890842927,3.6274187927880948
ramularia_collo_cygni,decision_tree,3.277553284,3.4654075763784595
ramularia_collo_cygni,decision_tree,3.369604407,4.131983167704224
rhynchosporium,decision_tree,1.310326236,1.4730857458565305
rhynchosporium,decision_tree,1.344107518,1.7236719352719572
rhynchosporium,decision_tree,1.309002242,1.7087614825934683
rhynchosporium,decision_tree,1.324556844,1.7202617263710573
rhynchosporium,decision_tree,1.312321401,1.7236719352719572
rhynchosporium,decision_tree,1.309149836,1.7087614825934683
rhynchosporium,decision_tree,1.316316184,1.7087614825934683
rhynchosporium,decision_tree,1.3057131,1.7087614825934683
rhynchosporium,decision_tree,1.30807905,1.547567608258686
rhynchosporium,decision_tree,1.398461187,1.7087614825934683
rhynchosporium,decision_tree,1.347799677,1.7202617263710573
rhynchosporium,decision_tree,1.255117837,1.4730857458565305
rhynchosporium,decision_tree,1.309443889,1.7202617263710573
rhynchosporium,decision_tree,1.308237993,1.7236719352719572
rhynchosporium,decision_tree,1.309252336,1.7236719352719572
rhynchosporium,decision_tree,1.307989944,1.4730857458565305
rhynchosporium,decision_tree,1.301401881,1.547567608258686
rhynchosporium,decision_tree,1.312510549,1.547567608258686
rhynchosporium,decision_tree,1.308943569,1.4730857458565305
rhynchosporium,decision_tree,1.309306927,1.547567608258686
rhynchosporium,decision_tree,1.308841766,1.7236719352719572
rhynchosporium,decision_tree,1.312800815,1.7236719352719572
rhynchosporium,decision_tree,1.310054512,1.4730857458565305
rhynchosporium,decision_tree,1.308703013,1.7202617263710573
rhynchosporium,decision_tree,1.312103602,1.4730857458565305
rhynchosporium,decision_tree,1.314996021,1.7087614825934683
rhynchosporium,decision_tree,1.308676098,1.547567608258686
rhynchosporium,decision_tree,1.32482464,1.7236719352719572
rhynchosporium,decision_tree,1.322951217,1.4730857458565305
rhynchosporium,decision_tree,1.267071087,1.7087614825934683
rhynchosporium,decision_tree,1.314265219,1.7202617263710573
rhynchosporium,decision_tree,1.309905797,1.7202617263710573
rhynchosporium,decision_tree,1.318010051,1.7236719352719572
rhynchosporium,decision_tree,1.322779797,1.7087614825934683
rhynchosporium,decision_tree,1.252998815,1.7236719352719572
rhynchosporium,decision_tree,1.316599262,1.7236719352719572
rhynchosporium,decision_tree,1.307150585,1.547567608258686
rhynchosporium,decision_tree,1.315671734,1.547567608258686
rhynchosporium,decision_tree,1.300729129,1.547567608258686
rhynchosporium,decision_tree,1.310931866,1.7202617263710573
rhynchosporium,decision_tree,1.316058707,1.7236719352719572
rhynchosporium,decision_tree,1.307164241,1.4730857458565305
rhynchosporium,decision_tree,1.290038545,1.4730857458565305
rhynchosporium,decision_tree,1.308237993,1.4730857458565305
rhynchosporium,decision_tree,1.316175088,1.7202617263710573
rhynchosporium,decision_tree,1.81538176,1.547567608258686
rhynchosporium,decision_tree,1.311018919,1.547567608258686
rhynchosporium,decision_tree,1.307961342,1.7236719352719572
rhynchosporium,decision_tree,1.307469195,1.547567608258686
rhynchosporium,decision_tree,1.268497884,1.7202617263710573
rhynchosporium,decision_tree,1.305901404,1.547567608258686
rhynchosporium,decision_tree,1.308050027,1.7202617263710573
rhynchosporium,decision_tree,1.309096144,1.7236719352719572
rhynchosporium,decision_tree,1.308247643,1.547567608258686
rhynchosporium,decision_tree,1.309079766,1.7202617263710573
rhynchosporium,decision_tree,1.307694076,1.7087614825934683
rhynchosporium,decision_tree,1.309096144,1.7202617263710573
rhynchosporium,decision_tree,1.313883603,1.4730857458565305
rhynchosporium,decision_tree,1.309006625,1.7202617263710573
rhynchosporium,decision_tree,1.309212467,1.7202617263710573
rhynchosporium,decision_tree,1.308198495,1.7087614825934683
rhynchosporium,decision_tree,1.315560425,1.4730857458565305
rhynchosporium,decision_tree,1.312120559,1.7087614825934683
rhynchosporium,decision_tree,1.808301646,1.7202617263710573
rhynchosporium,decision_tree,1.328080852,1.7236719352719572
rhynchosporium,decision_tree,1.322951217,1.7087614825934683
rhynchosporium,decision_tree,1.308239795,1.7202617263710573
rhynchosporium,decision_tree,1.278771807,1.7202617263710573
rhynchosporium,decision_tree,1.329407666,1.8916292189200001
rhynchosporium,decision_tree,1.308260727,1.4730857458565305
rhynchosporium,decision_tree,1.275090296,1.7202617263710573
rhynchosporium,decision_tree,1.307673316,1.7087614825934683
rhynchosporium,decision_tree,1.274338592,1.7087614825934683
rhynchosporium,decision_tree,1.30866066,1.4730857458565305
rhynchosporium,decision_tree,1.324421665,1.4730857458565305
rhynchosporium,decision_tree,1.307093272,1.4730857458565305
rhynchosporium,decision_tree,1.309095755,1.7202617263710573
rhynchosporium,decision_tree,1.315213226,1.7087614825934683
rhynchosporium,decision_tree,1.315018532,1.7202617263710573
rhynchosporium,decision_tree,1.258830292,1.4730857458565305
rhynchosporium,decision_tree,1.327624404,1.7236719352719572
rhynchosporium,decision_tree,1.317228039,1.7087614825934683
rhynchosporium,decision_tree,1.312866393,1.7087614825934683
rhynchosporium,decision_tree,1.309335211,1.7202617263710573
rhynchosporium,decision_tree,1.342810291,1.7087614825934683
rhynchosporium,decision_tree,1.302186095,1.7236719352719572
rhynchosporium,decision_tree,1.306884244,1.7202617263710573
rhynchosporium,decision_tree,1.310472929,1.7236719352719572
rhynchosporium,decision_tree,1.308016728,1.7202617263710573
rhynchosporium,decision_tree,2.827815956,1.4730857458565305
rhynchosporium,decision_tree,1.300518857,1.4730857458565305
rhynchosporium,decision_tree,1.252689086,1.7236719352719572
rhynchosporium,decision_tree,1.313219661,1.7087614825934683
rhynchosporium,decision_tree,1.313806303,1.4730857458565305
rhynchosporium,decision_tree,1.31361679,1.7087614825934683
rhynchosporium,decision_tree,1.310758946,1.7236719352719572
rhynchosporium,decision_tree,1.309051787,1.7202617263710573
rhynchosporium,decision_tree,1.308016728,1.7087614825934683
rhynchosporium,decision_tree,1.308494695,1.7236719352719572
rhynchosporium,decision_tree,1.667037446,1.4730857458565305
rhynchosporium,decision_tree,1.308143677,1.7202617263710573
rhynchosporium,decision_tree,1.310023317,1.7202617263710573
rhynchosporium,decision_tree,1.310350169,1.547567608258686
rhynchosporium,decision_tree,1.327478504,1.547567608258686
rhynchosporium,decision_tree,1.322836722,1.7087614825934683
rhynchosporium,decision_tree,1.30752193,1.547567608258686
rhynchosporium,decision_tree,1.315414499,1.7087614825934683
rhynchosporium,decision_tree,1.31653304,1.7202617263710573
rhynchosporium,decision_tree,1.272442298,3.0354381202000003
rhynchosporium,decision_tree,1.279118075,1.7202617263710573
rhynchosporium,decision_tree,1.308947469,1.7087614825934683
rhynchosporium,decision_tree,1.308369146,1.547567608258686
rhynchosporium,decision_tree,1.339424681,1.7236719352719572
rhynchosporium,decision_tree,1.316674426,1.7202617263710573
rhynchosporium,decision_tree,1.309926121,1.4730857458565305
rhynchosporium,decision_tree,1.309306927,1.547567608258686
rhynchosporium,decision_tree,1.309890252,1.4730857458565305
rhynchosporium,decision_tree,1.314600533,1.4730857458565305
rhynchosporium,decision_tree,1.273468868,1.7087614825934683
rhynchosporium,decision_tree,1.308904143,1.547567608258686
rhynchosporium,decision_tree,1.253999664,1.7087614825934683
rhynchosporium,decision_tree,1.308713182,1.7236719352719572
rhynchosporium,decision_tree,1.285008082,1.547567608258686
rhynchosporium,decision_tree,1.328948698,1.547567608258686
rhynchosporium,decision_tree,1.308096772,1.547567608258686
rhynchosporium,decision_tree,1.308621299,1.4730857458565305
rhynchosporium,decision_tree,1.31146662,1.4730857458565305
rhynchosporium,decision_tree,1.301544971,1.547567608258686
rhynchosporium,decision_tree,1.51603867,1.7202617263710573
rhynchosporium,decision_tree,0.937511538,1.7236719352719572
rhynchosporium,decision_tree,1.079658797,1.7236719352719572
rhynchosporium,decision_tree,1.677442248,1.4730857458565305
rhynchosporium,decision_tree,1.079658759,1.4730857458565305
rhynchosporium,decision_tree,1.286671559,1.4730857458565305
rhynchosporium,decision_tree,1.795364238,1.7236719352719572
rhynchosporium,decision_tree,1.166565918,1.7087614825934683
rhynchosporium,decision_tree,1.23174408,1.7202617263710573
rhynchosporium,decision_tree,1.373891306,1.7087614825934683
rhynchosporium,decision_tree,1.291022042,1.7202617263710573
rhynchosporium,decision_tree,1.037759143,1.7202617263710573
rhynchosporium,decision_tree,1.917653567,1.4730857458565305
rhynchosporium,decision_tree,3.179617596,1.7202617263710573
rhynchosporium,decision_tree,1.295372633,1.547567608258686
rhynchosporium,decision_tree,1.084627797,1.547567608258686
rhynchosporium,decision_tree,1.226775079,1.7087614825934683
rhynchosporium,decision_tree,1.286671565,1.7087614825934683
rhynchosporium,decision_tree,1.286671546,1.547567608258686
rhynchosporium,decision_tree,1.166565887,1.547567608258686
rhynchosporium,decision_tree,1.368922367,1.4730857458565305
rhynchosporium,decision_tree,1.03775914,1.547567608258686
rhynchosporium,decision_tree,2.50610068,1.547567608258686
rhynchosporium,decision_tree,1.27106203,1.547567608258686
rhynchosporium,decision_tree,1.511069701,1.547567608258686
rhynchosporium,decision_tree,1.162215282,1.4730857458565305
rhynchosporium,decision_tree,1.663078025,1.547567608258686
rhynchosporium,decision_tree,1.291022078,1.7087614825934683
rhynchosporium,decision_tree,1.226775054,1.7202617263710573
rhynchosporium,decision_tree,1.084627821,1.547567608258686
rhynchosporium,decision_tree,2.299723209,1.7202617263710573
rhynchosporium,decision_tree,1.037759175,1.7236719352719572
rhynchosporium,decision_tree,0.937511516,1.547567608258686
rhynchosporium,decision_tree,1.664390598,1.7236719352719572
rhynchosporium,decision_tree,1.404219362,1.547567608258686
rhynchosporium,decision_tree,1.937511561,1.4730857458565305
rhynchosporium,decision_tree,1.521488009,1.8916292189200001
rhynchosporium,decision_tree,1.150956341,1.7087614825934683
rhynchosporium,decision_tree,1.084627763,1.7236719352719572
rhynchosporium,decision_tree,1.166565869,1.4730857458565305
rhynchosporium,decision_tree,1.524324946,1.7202617263710573
rhynchosporium,decision_tree,6.158751803,1.4730857458565305
rhynchosporium,decision_tree,1.95241852,1.7236719352719572
rhynchosporium,decision_tree,1.544285,1.547567608258686
rhynchosporium,decision_tree,0.937511479,1.4730857458565305
rhynchosporium,decision_tree,2.061187515,1.4730857458565305
rhynchosporium,decision_tree,1.291022057,1.7202617263710573
rhynchosporium,decision_tree,2.226775064,1.779847844334861
rhynchosporium,decision_tree,1.368922407,1.4730857458565305
rhynchosporium,decision_tree,1.773237299,1.7087614825934683
rhynchosporium,decision_tree,2.299723207,1.7202617263710573
rhynchosporium,decision_tree,1.800333245,1.4730857458565305
rhynchosporium,decision_tree,1.544284931,1.547567608258686
rhynchosporium,decision_tree,1.363953375,1.4730857458565305
rhynchosporium,decision_tree,1.162215353,1.7087614825934683
rhynchosporium,decision_tree,1.668123863,1.547567608258686
rhynchosporium,decision_tree,1.399868796,1.7202617263710573
rhynchosporium,decision_tree,1.648781129,1.4730857458565305
rhynchosporium,decision_tree,1.02214961,1.547567608258686
rhynchosporium,decision_tree,1.037759133,1.7236719352719572
rhynchosporium,decision_tree,1.03775913,1.4730857458565305
rhynchosporium,decision_tree,1.275412633,1.7236719352719572
rhynchosporium,decision_tree,1.419828814,1.547567608258686
rhynchosporium,decision_tree,1.552986156,1.547567608258686
rhynchosporium,decision_tree,1.291022071,1.7202617263710573
rhynchosporium,decision_tree,1.926354595,1.4730857458565305
rhynchosporium,decision_tree,1.437846618,1.547567608258686
rhynchosporium,decision_tree,0.937511523,1.547567608258686
rhynchosporium,decision_tree,1.415478252,1.7087614825934683
rhynchosporium,decision_tree,1.913303026,1.547567608258686
rhynchosporium,decision_tree,1.816741229,1.7202617263710573
rhynchosporium,decision_tree,1.226775117,1.7202617263710573
rhynchosporium,decision_tree,1.221806107,1.7236719352719572
rhynchosporium,decision_tree,2.521007615,1.7236719352719572
rhynchosporium,decision_tree,1.516038669,1.547567608258686
rhynchosporium,decision_tree,1.51603864,1.4730857458565305
rhynchosporium,decision_tree,1.810271116,1.7087614825934683
rhynchosporium,decision_tree,1.653216953,1.7236719352719572
rhynchosporium,decision_tree,2.777628285,1.7236719352719572
rhynchosporium,decision_tree,1.279763126,1.547567608258686
rhynchosporium,decision_tree,1.653216943,1.7202617263710573
rhynchosporium,decision_tree,1.43784663,1.7202617263710573
rhynchosporium,decision_tree,1.777587875,1.7202617263710573
rhynchosporium,decision_tree,1.216484223,1.7087614825934683
rhynchosporium,decision_tree,1.037759125,1.4730857458565305
rhynchosporium,decision_tree,1.769890301,1.7087614825934683
rhynchosporium,decision_tree,2.162215319,1.4730857458565305
rhynchosporium,decision_tree,1.166565905,1.7087614825934683
rhynchosporium,decision_tree,1.291022093,1.7236719352719572
rhynchosporium,decision_tree,1.079658848,1.7236719352719572
rhynchosporium,decision_tree,2.40856985,1.7202617263710573
rhynchosporium,decision_tree,1.937511479,1.7236719352719572
rhynchosporium,decision_tree,1.926354621,1.7202617263710573
rhynchosporium,decision_tree,1.415478213,1.7087614825934683
rhynchosporium,decision_tree,1.788846803,1.4730857458565305
rhynchosporium,decision_tree,1.331034388,1.7087614825934683
rhynchosporium,decision_tree,2.299723204,1.7236719352719572
rhynchosporium,decision_tree,1.947506556,1.547567608258686
rhynchosporium,decision_tree,1.079658805,1.547567608258686
rhynchosporium,decision_tree,1.55239688,1.7087614825934683
rhynchosporium,decision_tree,1.101933874,1.4730857458565305
rhynchosporium,decision_tree,1.08462778,1.547567608258686
rhynchosporium,decision_tree,1.4111277,1.7236719352719572
rhynchosporium,decision_tree,1.291022039,1.7202617263710573
rhynchosporium,decision_tree,1.363953384,1.7236719352719572
rhynchosporium,decision_tree,1.212615101,1.7236719352719572
rhynchosporium,decision_tree,1.511069629,1.4730857458565305
rhynchosporium,decision_tree,1.937511524,1.7087614825934683
rhynchosporium,decision_tree,1.231744048,1.4730857458565305
rhynchosporium,decision_tree,1.216484127,1.7202617263710573
rhynchosporium,decision_tree,1.404219404,1.7087614825934683
rhynchosporium,decision_tree,6.459407529,1.7087614825934683
rhynchosporium,decision_tree,1.468817719,1.7236719352719572
rhynchosporium,decision_tree,1.216484168,1.7236719352719572
rhynchosporium,decision_tree,1.162215357,1.7236719352719572
rhynchosporium,decision_tree,1.552986087,1.7202617263710573
rhynchosporium,decision_tree,1.022149615,1.7087614825934683
rhynchosporium,decision_tree,1.150956396,1.547567608258686
rhynchosporium,decision_tree,1.037759195,1.547567608258686
rhynchosporium,decision_tree,1.084627815,1.7202617263710573
rhynchosporium,decision_tree,1.415478249,1.7087614825934683
rhynchosporium,decision_tree,1.368922286,1.7087614825934683
rhynchosporium,decision_tree,1.668123855,1.7087614825934683
rhynchosporium,decision_tree,6.459407487,1.8916292189200001
rhynchosporium,decision_tree,1.166565898,1.7236719352719572
rhynchosporium,decision_tree,1.820929035,1.547567608258686
rhynchosporium,decision_tree,1.226775013,1.7087614825934683
rhynchosporium,decision_tree,1.415478216,1.547567608258686
rhynchosporium,decision_tree,1.275412589,1.7202617263710573
rhynchosporium,decision_tree,1.561187543,1.4730857458565305
rhynchosporium,decision_tree,1.216484175,1.7236719352719572
rhynchosporium,decision_tree,2.224399466,1.7087614825934683
rhynchosporium,decision_tree,1.037759159,1.7087614825934683
rhynchosporium,decision_tree,1.08462777,1.7087614825934683
rhynchosporium,decision_tree,3.393767266,1.547567608258686
rhynchosporium,decision_tree,1.373891396,1.547567608258686
rhynchosporium,decision_tree,6.459407488,1.4730857458565305
rhynchosporium,decision_tree,1.368922349,1.7202617263710573
rhynchosporium,decision_tree,2.166565885,1.7087614825934683
rhynchosporium,decision_tree,1.373891317,1.7236719352719572
rhynchosporium,decision_tree,1.295372638,1.547567608258686
rhynchosporium,decision_tree,1.275412571,1.7236719352719572
rhynchosporium,decision_tree,1.913303013,1.7202617263710573
rhynchosporium,decision_tree,1.399868752,1.4730857458565305
rhynchosporium,decision_tree,1.295372592,1.4730857458565305
rhynchosporium,decision_tree,1.363953381,1.7202617263710573
rhynchosporium,decision_tree,1.788846828,1.4730857458565305
rhynchosporium,decision_tree,1.037759186,1.7202617263710573
rhynchosporium,decision_tree,1.331034461,1.7236719352719572
rhynchosporium,decision_tree,1.895068956,1.7202617263710573
rhynchosporium,decision_tree,0.937511542,1.4730857458565305
rhynchosporium,decision_tree,1.291022061,1.547567608258686
rhynchosporium,decision_tree,1.327165361,1.7087614825934683
rhynchosporium,decision_tree,1.162215314,1.7087614825934683
rhynchosporium,decision_tree,1.539934443,1.7236719352719572
rhynchosporium,decision_tree,1.942480466,1.547567608258686
rhynchosporium,decision_tree,2.815240088,1.4730857458565305
rhynchosporium,decision_tree,1.022149652,1.7087614825934683
rhynchosporium,decision_tree,1.331034471,1.7202617263710573
rhynchosporium,decision_tree,1.441715617,1.547567608258686
rhynchosporium,decision_tree,2.286671505,1.7236719352719572
rhynchosporium,decision_tree,1.162215317,1.7202617263710573
rhynchosporium,decision_tree,2.271062039,1.7087614825934683
rhynchosporium,decision_tree,2.937511467,1.4730857458565305
rhynchosporium,decision_tree,1.411127733,1.7202617263710573
rhynchosporium,decision_tree,1.32716541,1.547567608258686
rhynchosporium,decision_tree,1.231744003,1.7087614825934683
rhynchosporium,decision_tree,1.084627807,1.7236719352719572
rhynchosporium,decision_tree,1.942480435,1.7202617263710573
rhynchosporium,decision_tree,2.00285975,1.547567608258686
rhynchosporium,decision_tree,1.310662828,1.7202617263710573
rhynchosporium,decision_tree,1.345295665,1.7202617263710573
rhynchosporium,decision_tree,1.308152926,1.7800547223597796
rhynchosporium,decision_tree,1.329615671,1.779847844334861
rhynchosporium,decision_tree,1.309136661,2.3099436795833332
rhynchosporium,decision_tree,1.347090622,1.547567608258686
rhynchosporium,decision_tree,1.345964928,1.547567608258686
rhynchosporium,decision_tree,1.32218118,1.7087614825934683
rhynchosporium,decision_tree,1.312014403,1.7087614825934683
rhynchosporium,decision_tree,1.345987229,1.7087614825934683
rhynchosporium,decision_tree,1.376770695,1.7202617263710573
rhynchosporium,decision_tree,1.361658452,1.7087614825934683
rhynchosporium,decision_tree,1.373389813,1.7087614825934683
rhynchosporium,decision_tree,1.307816663,1.7800547223597796
rhynchosporium,decision_tree,1.31737709,1.7087614825934683
rhynchosporium,decision_tree,1.309189968,1.547567608258686
rhynchosporium,decision_tree,2.349505539,1.7087614825934683
rhynchosporium,decision_tree,1.3471061,1.7236719352719572
rhynchosporium,decision_tree,1.343521037,1.4730857458565305
rhynchosporium,decision_tree,1.328575392,1.7236719352719572
rhynchosporium,decision_tree,1.339987066,1.7202617263710573
rhynchosporium,decision_tree,1.345611308,1.7202617263710573
rhynchosporium,decision_tree,1.343836725,1.779847844334861
rhynchosporium,decision_tree,1.347981651,1.7087614825934683
rhynchosporium,decision_tree,1.346664439,1.547567608258686
rhynchosporium,decision_tree,1.3438632,1.7202617263710573
rhynchosporium,decision_tree,1.361658452,1.4730857458565305
rhynchosporium,decision_tree,1.343884369,1.547567608258686
rhynchosporium,decision_tree,1.308494695,1.8916292189200001
rhynchosporium,decision_tree,1.34529899,1.7202617263710573
rhynchosporium,decision_tree,1.34599483,1.7202617263710573
rhynchosporium,decision_tree,1.346448141,1.7087614825934683
rhynchosporium,decision_tree,1.344630982,1.7236719352719572
rhynchosporium,decision_tree,1.344338755,1.7202617263710573
rhynchosporium,decision_tree,2.298577029,1.7202617263710573
rhynchosporium,decision_tree,1.331018761,1.7202617263710573
rhynchosporium,decision_tree,1.30814784,1.7202617263710573
rhynchosporium,decision_tree,1.307463626,3.0354381202000003
rhynchosporium,decision_tree,1.358698169,1.7202617263710573
rhynchosporium,decision_tree,1.356796248,1.7236719352719572
rhynchosporium,decision_tree,1.362765677,1.4730857458565305
rhynchosporium,decision_tree,1.315504218,1.7236719352719572
rhynchosporium,decision_tree,1.320015099,1.4730857458565305
rhynchosporium,decision_tree,1.343894857,1.779847844334861
rhynchosporium,decision_tree,1.358698169,1.7202617263710573
rhynchosporium,decision_tree,1.372354411,1.7236719352719572
rhynchosporium,decision_tree,1.361337796,1.7087614825934683
rhynchosporium,decision_tree,1.3438632,1.547567608258686
rhynchosporium,decision_tree,1.320043805,1.7202617263710573
rhynchosporium,decision_tree,1.362765677,1.7236719352719572
rhynchosporium,decision_tree,1.346453976,1.779847844334861
rhynchosporium,decision_tree,1.343884369,1.337074245
rhynchosporium,decision_tree,1.673626471,1.7087614825934683
rhynchosporium,decision_tree,1.343290102,1.7087614825934683
rhynchosporium,decision_tree,1.345964928,1.7087614825934683
rhynchosporium,decision_tree,1.345987229,1.779847844334861
rhynchosporium,decision_tree,1.347090622,1.7087614825934683
rhynchosporium,decision_tree,1.344101569,1.7087614825934683
rhynchosporium,decision_tree,1.361759762,3.0354381202000003
rhynchosporium,decision_tree,1.307594555,1.7087614825934683
rhynchosporium,decision_tree,1.345419789,1.7236719352719572
rhynchosporium,decision_tree,1.38064486,1.7202617263710573
rhynchosporium,decision_tree,1.347090622,3.0354381202000003
rhynchosporium,decision_tree,1.274000406,1.7202617263710573
rhynchosporium,decision_tree,1.342984828,1.7087614825934683
rhynchosporium,decision_tree,1.358510891,1.4730857458565305
rhynchosporium,decision_tree,1.344116137,1.779847844334861
rhynchosporium,decision_tree,1.308874274,1.7202617263710573
rhynchosporium,decision_tree,1.868275097,1.7800547223597796
rhynchosporium,decision_tree,1.261762696,1.7087614825934683
rhynchosporium,decision_tree,1.343290102,1.8916292189200001
rhynchosporium,decision_tree,1.418277421,1.779847844334861
rhynchosporium,decision_tree,1.342365499,1.7087614825934683
rhynchosporium,decision_tree,1.348299515,1.7087614825934683
rhynchosporium,decision_tree,1.324382238,1.547567608258686
rhynchosporium,decision_tree,1.313470676,1.7236719352719572
rhynchosporium,decision_tree,1.30761712,2.7666729630000004
rhynchosporium,decision_tree,1.348299515,1.4730857458565305
rhynchosporium,decision_tree,1.30840155,1.7236719352719572
rhynchosporium,decision_tree,3.345611308,1.7202617263710573
rhynchosporium,decision_tree,1.316608886,1.7236719352719572
rhynchosporium,decision_tree,1.309275417,1.7236719352719572
rhynchosporium,decision_tree,1.358530138,1.7202617263710573
rhynchosporium,decision_tree,1.361658452,1.7202617263710573
rhynchosporium,decision_tree,1.520433454,1.7800547223597796
rhynchosporium,decision_tree,1.345221174,1.4730857458565305
rhynchosporium,decision_tree,1.344338755,1.7236719352719572
rhynchosporium,decision_tree,1.330384449,1.7236719352719572
rhynchosporium,decision_tree,1.345010008,1.7236719352719572
rhynchosporium,decision_tree,1.361337796,1.7236719352719572
rhynchosporium,decision_tree,1.307741567,1.7087614825934683
rhynchosporium,decision_tree,1.344195959,1.7087614825934683
rhynchosporium,decision_tree,1.308810999,1.7202617263710573
rhynchosporium,decision_tree,1.345005202,1.7236719352719572
rhynchosporium,decision_tree,1.347981651,1.7236719352719572
rhynchosporium,decision_tree,1.345164609,1.7800547223597796
rhynchosporium,decision_tree,1.346664439,1.7202617263710573
rhynchosporium,decision_tree,1.343825587,1.4730857458565305
rhynchosporium,decision_tree,1.342365499,1.7800547223597796
rhynchosporium,decision_tree,1.346685288,1.7236719352719572
rhynchosporium,decision_tree,1.3438632,1.7087614825934683
rhynchosporium,decision_tree,1.345005202,1.547567608258686
rhynchosporium,decision_tree,1.348299515,1.779847844334861
rhynchosporium,decision_tree,1.345221174,1.7236719352719572
rhynchosporium,decision_tree,1.342365499,1.7236719352719572
rhynchosporium,decision_tree,1.345005202,1.547567608258686
rhynchosporium,decision_tree,1.34529899,1.7202617263710573
rhynchosporium,decision_tree,1.31157668,1.7202617263710573
rhynchosporium,decision_tree,1.34098313,1.7236719352719572
rhynchosporium,decision_tree,1.345010008,1.547567608258686
rhynchosporium,decision_tree,1.307140951,1.7800547223597796
rhynchosporium,decision_tree,1.308295119,1.7202617263710573
rhynchosporium,decision_tree,1.345164609,1.7236719352719572
rhynchosporium,decision_tree,1.362765677,1.7202617263710573
rhynchosporium,decision_tree,1.345112701,1.4730857458565305
rhynchosporium,decision_tree,1.308095006,1.7202617263710573
rhynchosporium,decision_tree,2.267762271,1.779847844334861
rhynchosporium,decision_tree,1.254449435,1.547567608258686
rhynchosporium,decision_tree,1.343894857,1.7800547223597796
rhynchosporium,decision_tree,1.28543033,1.4730857458565305
rhynchosporium,decision_tree,1.361759762,1.7236719352719572
rhynchosporium,decision_tree,1.373389813,1.547567608258686
rhynchosporium,decision_tree,1.273772365,1.7202617263710573
rhynchosporium,decision_tree,1.344195959,1.779847844334861
rhynchosporium,decision_tree,1.343836725,1.7800547223597796
rhynchosporium,decision_tree,1.352646083,1.7202617263710573
rhynchosporium,decision_tree,1.343825587,1.7202617263710573
rhynchosporium,decision_tree,1.345221174,1.7202617263710573
rhynchosporium,decision_tree,1.362108974,1.4730857458565305
rhynchosporium,decision_tree,1.343521037,1.7087614825934683
rhynchosporium,decision_tree,1.345221174,1.7087614825934683
rhynchosporium,decision_tree,1.362108974,1.7202617263710573
rhynchosporium,decision_tree,1.413527402,1.7202617263710573
rhynchosporium,decision_tree,1.308756762,1.8916292189200001
rhynchosporium,decision_tree,1.345955249,1.7087614825934683
rhynchosporium,decision_tree,1.345548918,1.7202617263710573
rhynchosporium,decision_tree,1.376770695,1.7800547223597796
rhynchosporium,decision_tree,1.343521037,1.7087614825934683
rhynchosporium,decision_tree,2.298577029,1.7087614825934683
rhynchosporium,decision_tree,1.3471061,1.547567608258686
rhynchosporium,decision_tree,1.362724719,1.779847844334861
rhynchosporium,decision_tree,1.373389813,1.7087614825934683
rhynchosporium,decision_tree,1.343775605,1.7800547223597796
rhynchosporium,decision_tree,1.344116137,1.7236719352719572
rhynchosporium,decision_tree,1.268581383,1.7087614825934683
rhynchosporium,decision_tree,1.362108974,1.779847844334861
rhynchosporium,decision_tree,1.344101569,3.0354381202000003
rhynchosporium,decision_tree,1.352646083,1.7087614825934683
rhynchosporium,decision_tree,1.344003723,1.7800547223597796
rhynchosporium,decision_tree,1.347090622,1.7087614825934683
rhynchosporium,decision_tree,1.342828272,1.7087614825934683
rhynchosporium,decision_tree,1.343290102,1.7202617263710573
rhynchosporium,decision_tree,1.343290102,1.7800547223597796
rhynchosporium,decision_tree,1.34529899,1.7202617263710573
rhynchosporium,decision_tree,1.347981651,1.779847844334861
rhynchosporium,decision_tree,1.329598578,1.7202617263710573
rhynchosporium,decision_tree,1.342040205,1.7800547223597796
rhynchosporium,decision_tree,1.872196484,1.7236719352719572
rhynchosporium,decision_tree,1.345010008,1.4730857458565305
rhynchosporium,decision_tree,1.345221174,1.7202617263710573
rhynchosporium,decision_tree,1.344003723,1.7202617263710573
rhynchosporium,decision_tree,1.343661201,1.7236719352719572
rhynchosporium,decision_tree,1.346664439,1.7236719352719572
rhynchosporium,decision_tree,1.324382238,1.7236719352719572
rhynchosporium,decision_tree,1.34599483,1.7087614825934683
rhynchosporium,decision_tree,1.404285801,1.779847844334861
rhynchosporium,decision_tree,1.346689537,1.7087614825934683
rhynchosporium,decision_tree,1.330384449,1.7087614825934683
rhynchosporium,decision_tree,1.346685288,1.7236719352719572
rhynchosporium,decision_tree,1.32789758,1.7202617263710573
rhynchosporium,decision_tree,1.319540847,1.7800547223597796
rhynchosporium,decision_tree,1.376770695,1.547567608258686
rhynchosporium,decision_tree,1.34529899,1.779847844334861
rhynchosporium,decision_tree,1.345955249,1.7236719352719572
rhynchosporium,decision_tree,1.347090622,1.7236719352719572
rhynchosporium,decision_tree,1.344116137,1.8916292189200001
rhynchosporium,decision_tree,1.345164609,1.7236719352719572
rhynchosporium,decision_tree,1.346448141,1.4730857458565305
rhynchosporium,decision_tree,1.345987229,1.779847844334861
rhynchosporium,decision_tree,1.376770695,1.7202617263710573
rhynchosporium,decision_tree,1.34599483,1.7087614825934683
rhynchosporium,decision_tree,1.346689537,1.7202617263710573
rhynchosporium,decision_tree,1.344630982,1.547567608258686
rhynchosporium,decision_tree,3.343199505,1.7087614825934683
rhynchosporium,decision_tree,1.344116137,1.7202617263710573
rhynchosporium,decision_tree,1.329598578,2.6648861511666673
rhynchosporium,decision_tree,1.347981651,1.7236719352719572
rhynchosporium,decision_tree,1.343894857,1.7800547223597796
rhynchosporium,decision_tree,1.343836725,1.7087614825934683
rhynchosporium,decision_tree,1.370487668,1.8916292189200001
rhynchosporium,decision_tree,1.346689537,2.7666729630000004
rhynchosporium,decision_tree,1.345112701,1.547567608258686
rhynchosporium,decision_tree,1.345548918,1.7087614825934683
rhynchosporium,decision_tree,1.345548918,1.4730857458565305
rhynchosporium,decision_tree,1.358530138,1.7236719352719572
rhynchosporium,decision_tree,1.342984828,1.7202617263710573
rhynchosporium,decision_tree,1.307571682,1.4730857458565305
rhynchosporium,decision_tree,1.367352762,1.4730857458565305
rhynchosporium,decision_tree,1.345987229,1.7236719352719572
rhynchosporium,decision_tree,1.344640469,1.7087614825934683
rhynchosporium,decision_tree,1.342365499,1.7800547223597796
rhynchosporium,decision_tree,1.274951367,2.3099436795833332
rhynchosporium,decision_tree,1.345955249,1.7800547223597796
rhynchosporium,decision_tree,1.362108974,1.7202617263710573
rhynchosporium,decision_tree,1.3471061,1.7236719352719572
rhynchosporium,decision_tree,1.859770775,1.547567608258686
rhynchosporium,decision_tree,1.323171999,1.7202617263710573
rhynchosporium,decision_tree,1.345964928,1.7236719352719572
rhynchosporium,decision_tree,1.376770695,1.7087614825934683
rhynchosporium,decision_tree,1.345419789,1.7087614825934683
rhynchosporium,decision_tree,1.343836725,1.7236719352719572
rhynchosporium,decision_tree,1.343884369,1.7236719352719572
rhynchosporium,decision_tree,1.346448141,1.7236719352719572
rhynchosporium,decision_tree,1.344640469,1.547567608258686
rhynchosporium,decision_tree,1.308160209,1.7800547223597796
rhynchosporium,decision_tree,1.373389813,1.7087614825934683
rhynchosporium,decision_tree,1.346448141,1.7202617263710573
rhynchosporium,decision_tree,1.344003723,1.547567608258686
rhynchosporium,decision_tree,1.343775605,1.4730857458565305
rhynchosporium,decision_tree,1.345221174,1.547567608258686
rhynchosporium,decision_tree,1.352646083,1.4730857458565305
rhynchosporium,decision_tree,1.342528747,1.7087614825934683
rhynchosporium,decision_tree,1.323413606,1.7236719352719572
rhynchosporium,decision_tree,1.308576545,1.7800547223597796
rhynchosporium,decision_tree,1.358698169,1.7087614825934683
rhynchosporium,decision_tree,1.398877693,1.7202617263710573
rhynchosporium,decision_tree,1.349505539,1.7236719352719572
rhynchosporium,decision_tree,1.34098313,1.7202617263710573
rhynchosporium,decision_tree,1.306815206,1.7087614825934683
rhynchosporium,decision_tree,1.659224765,1.7087614825934683
rhynchosporium,decision_tree,1.349505539,1.7202617263710573
rhynchosporium,decision_tree,1.34599483,1.7202617263710573
rhynchosporium,decision_tree,1.345987229,1.7087614825934683
rhynchosporium,decision_tree,1.345964928,1.7202617263710573
rhynchosporium,decision_tree,1.342828272,1.7087614825934683
rhynchosporium,decision_tree,1.300292809,1.7087614825934683
rhynchosporium,decision_tree,1.345164609,1.7202617263710573
rhynchosporium,decision_tree,1.345240852,1.7202617263710573
rhynchosporium,decision_tree,1.307943939,1.7087614825934683
rhynchosporium,decision_tree,1.309751459,1.779847844334861
rhynchosporium,decision_tree,1.273468868,1.7202617263710573
rhynchosporium,decision_tree,1.370487668,1.7087614825934683
rhynchosporium,decision_tree,1.31727149,1.7236719352719572
rhynchosporium,decision_tree,3.344302198,1.7202617263710573
rhynchosporium,decision_tree,1.343884369,1.7087614825934683
rhynchosporium,decision_tree,1.345221174,1.7202617263710573
rhynchosporium,decision_tree,1.345955249,1.7800547223597796
rhynchosporium,decision_tree,1.373389813,1.7800547223597796
rhynchosporium,decision_tree,1.34298733,1.7236719352719572
rhynchosporium,decision_tree,1.372354411,1.7800547223597796
rhynchosporium,decision_tree,1.345611308,1.7202617263710573
rhynchosporium,decision_tree,1.346689537,1.7202617263710573
rhynchosporium,decision_tree,1.254267769,1.547567608258686
rhynchosporium,decision_tree,1.267762271,1.7087614825934683
rhynchosporium,decision_tree,1.308397703,1.7087614825934683
rhynchosporium,decision_tree,2.321384749,1.7236719352719572
rhynchosporium,decision_tree,1.343825587,1.7800547223597796
rhynchosporium,decision_tree,1.342984828,1.7236719352719572
rhynchosporium,decision_tree,1.345964928,1.7236719352719572
rhynchosporium,decision_tree,1.301161561,1.7087614825934683
rhynchosporium,decision_tree,1.344101569,1.7087614825934683
rhynchosporium,decision_tree,1.343661201,1.8916292189200001
rhynchosporium,decision_tree,1.344630982,1.7202617263710573
rhynchosporium,decision_tree,1.308025907,1.7780133226744186
rhynchosporium,decision_tree,1.362765677,1.7236719352719572
rhynchosporium,decision_tree,1.358698169,1.7236719352719572
rhynchosporium,decision_tree,1.307560079,1.7236719352719572
rhynchosporium,decision_tree,1.3471061,1.7236719352719572
rhynchosporium,decision_tree,1.345112701,1.7087614825934683
rhynchosporium,decision_tree,1.360066546,1.7800547223597796
rhynchosporium,decision_tree,1.345010008,1.7202617263710573
rhynchosporium,decision_tree,1.418277421,1.779847844334861
rhynchosporium,decision_tree,1.307535089,1.4730857458565305
rhynchosporium,decision_tree,1.345611308,1.779847844334861
rhynchosporium,decision_tree,1.34298733,1.7202617263710573
rhynchosporium,decision_tree,1.345955249,1.7236719352719572
rhynchosporium,decision_tree,1.352646083,1.7236719352719572
rhynchosporium,decision_tree,3.358510891,1.7800547223597796
rhynchosporium,decision_tree,1.312579352,1.7800547223597796
rhynchosporium,decision_tree,1.309600007,1.7236719352719572
rhynchosporium,decision_tree,1.329598578,1.7800547223597796
rhynchosporium,decision_tree,1.343661201,1.547567608258686
rhynchosporium,decision_tree,1.366050664,1.4730857458565305
rhynchosporium,decision_tree,1.306632111,1.7087614825934683
rhynchosporium,decision_tree,1.344640469,1.7087614825934683
rhynchosporium,decision_tree,1.342040205,1.7087614825934683
rhynchosporium,decision_tree,1.342528747,1.7087614825934683
rhynchosporium,decision_tree,1.346453976,1.7087614825934683
rhynchosporium,decision_tree,1.345005202,1.779847844334861
rhynchosporium,decision_tree,1.344338755,1.7087614825934683
rhynchosporium,decision_tree,3.329598578,1.7087614825934683
rhynchosporium,decision_tree,1.343290102,1.7202617263710573
rhynchosporium,decision_tree,1.345419789,1.7087614825934683
rhynchosporium,decision_tree,1.340082861,1.7087614825934683
rhynchosporium,decision_tree,1.343199505,1.7236719352719572
rhynchosporium,decision_tree,1.308804498,1.7087614825934683
rhynchosporium,decision_tree,1.308716982,1.7202617263710573
rhynchosporium,decision_tree,1.34599483,2.3099436795833332
rhynchosporium,decision_tree,1.413527402,1.7202617263710573
rhynchosporium,decision_tree,1.418277421,1.7087614825934683
rhynchosporium,decision_tree,1.376770695,2.6648861511666673
rhynchosporium,decision_tree,1.362765677,1.7087614825934683
rhynchosporium,decision_tree,1.358510891,1.7236719352719572
rhynchosporium,decision_tree,1.308183347,1.7087614825934683
rhynchosporium,decision_tree,2.324939367,1.7800547223597796
rhynchosporium,decision_tree,1.349505539,1.547567608258686
rhynchosporium,decision_tree,1.31638602,1.7202617263710573
rhynchosporium,decision_tree,1.346685288,1.7087614825934683
rhynchosporium,decision_tree,1.36845848,1.547567608258686
rhynchosporium,decision_tree,1.343213976,1.7236719352719572
rhynchosporium,decision_tree,1.343199505,1.547567608258686
rhynchosporium,decision_tree,1.308662994,1.547567608258686
rhynchosporium,decision_tree,1.346689537,1.547567608258686
rhynchosporium,decision_tree,1.345419789,1.7800547223597796
rhynchosporium,decision_tree,1.362108974,1.7236719352719572
rhynchosporium,decision_tree,1.34098313,1.7202617263710573
rhynchosporium,decision_tree,1.346685288,1.7202617263710573
rhynchosporium,decision_tree,1.349505539,1.7202617263710573
rhynchosporium,decision_tree,1.342365499,1.7087614825934683
rhynchosporium,decision_tree,1.358510891,1.7087614825934683
rhynchosporium,decision_tree,1.348299515,1.7087614825934683
rhynchosporium,decision_tree,1.361337796,1.7236719352719572
rhynchosporium,decision_tree,1.330384449,1.7087614825934683
rhynchosporium,decision_tree,1.254152301,1.7202617263710573
rhynchosporium,decision_tree,1.344338755,1.8916292189200001
rhynchosporium,decision_tree,1.345295665,1.779847844334861
rhynchosporium,decision_tree,1.345295665,1.7236719352719572
rhynchosporium,decision_tree,1.358698169,1.547567608258686
rhynchosporium,decision_tree,1.345112701,1.7087614825934683
rhynchosporium,decision_tree,1.347090622,1.7236719352719572
rhynchosporium,decision_tree,1.345295665,1.7202617263710573
rhynchosporium,decision_tree,1.307591499,1.7087614825934683
rhynchosporium,decision_tree,1.345112701,1.7087614825934683
rhynchosporium,decision_tree,1.86754999,1.7087614825934683
rhynchosporium,decision_tree,1.344640469,1.7236719352719572
rhynchosporium,decision_tree,1.370487668,1.7800547223597796
rhynchosporium,decision_tree,1.346664439,1.7202617263710573
rhynchosporium,decision_tree,1.343521037,1.779847844334861
rhynchosporium,decision_tree,1.353220165,1.4730857458565305
rhynchosporium,decision_tree,1.322837368,1.7236719352719572
rhynchosporium,decision_tree,1.345010008,1.547567608258686
rhynchosporium,decision_tree,1.3471061,1.7236719352719572
rhynchosporium,decision_tree,1.347981651,1.779847844334861
rhynchosporium,decision_tree,1.34098313,1.7236719352719572
rhynchosporium,decision_tree,1.360066546,1.7236719352719572
rhynchosporium,decision_tree,1.34098313,1.4730857458565305
rhynchosporium,decision_tree,1.34599483,1.7087614825934683
rhynchosporium,decision_tree,1.345295665,1.7236719352719572
rhynchosporium,decision_tree,1.345164609,1.7236719352719572
rhynchosporium,decision_tree,1.343775605,1.7236719352719572
rhynchosporium,decision_tree,1.353220165,1.7236719352719572
rhynchosporium,decision_tree,1.345548918,1.7202617263710573
rhynchosporium,decision_tree,1.343884369,1.7202617263710573
rhynchosporium,decision_tree,1.308720507,1.779847844334861
rhynchosporium,decision_tree,1.344630982,1.7087614825934683
rhynchosporium,decision_tree,1.343894857,1.547567608258686
rhynchosporium,decision_tree,1.301392636,1.7236719352719572
rhynchosporium,decision_tree,1.353220165,1.779847844334861
rhynchosporium,decision_tree,1.343825587,1.779847844334861
rhynchosporium,decision_tree,1.343661201,1.7202617263710573
rhynchosporium,decision_tree,1.336920793,1.779847844334861
rhynchosporium,decision_tree,1.305544366,1.337074245
rhynchosporium,decision_tree,1.362765677,1.7800547223597796
rhynchosporium,decision_tree,1.346685288,1.7087614825934683
rhynchosporium,decision_tree,1.340363673,1.779847844334861
rhynchosporium,decision_tree,1.309444785,1.7236719352719572
rhynchosporium,decision_tree,1.361658452,1.547567608258686
rhynchosporium,decision_tree,1.305675356,1.4730857458565305
rhynchosporium,decision_tree,1.307959865,1.4730857458565305
rhynchosporium,decision_tree,1.344630982,1.7202617263710573
rhynchosporium,decision_tree,1.346448141,1.7202617263710573
rhynchosporium,decision_tree,1.348299515,1.547567608258686
rhynchosporium,decision_tree,1.343836725,1.4730857458565305
rhynchosporium,decision_tree,1.326515081,1.7236719352719572
rhynchosporium,decision_tree,1.298577029,1.779847844334861
rhynchosporium,decision_tree,1.347090622,1.7202617263710573
rhynchosporium,decision_tree,1.343290102,1.7087614825934683
rhynchosporium,decision_tree,1.330384449,1.4730857458565305
rhynchosporium,decision_tree,1.344640469,1.7236719352719572
rhynchosporium,decision_tree,1.360066546,1.7087614825934683
rhynchosporium,decision_tree,1.358510891,3.0354381202000003
rhynchosporium,decision_tree,1.344640469,1.7087614825934683
rhynchosporium,decision_tree,1.345112701,1.779847844334861
rhynchosporium,decision_tree,1.362108974,1.7236719352719572
rhynchosporium,decision_tree,1.345005202,1.7202617263710573
rhynchosporium,decision_tree,1.372354411,1.7236719352719572
rhynchosporium,decision_tree,1.343199505,1.547567608258686
rhynchosporium,decision_tree,1.3438632,1.779847844334861
rhynchosporium,decision_tree,1.367836057,1.7236719352719572
rhynchosporium,decision_tree,1.346664439,1.547567608258686
rhynchosporium,decision_tree,1.349505539,1.4730857458565305
rhynchosporium,decision_tree,1.376770695,1.7800547223597796
rhynchosporium,decision_tree,1.344630982,1.7236719352719572
rhynchosporium,decision_tree,1.346685288,1.7236719352719572
rhynchosporium,decision_tree,1.346453976,1.7087614825934683
rhynchosporium,decision_tree,1.348299515,1.7202617263710573
rhynchosporium,decision_tree,1.348299515,1.7202617263710573
rhynchosporium,decision_tree,1.3077768,1.7800547223597796
rhynchosporium,decision_tree,1.418277421,1.7202617263710573
rhynchosporium,decision_tree,1.342828272,1.779847844334861
rhynchosporium,decision_tree,1.308165434,1.7236719352719572
rhynchosporium,decision_tree,1.346689537,1.7236719352719572
rhynchosporium,decision_tree,1.346664439,1.7202617263710573
rhynchosporium,decision_tree,1.301249564,1.7087614825934683
rhynchosporium,decision_tree,1.344101569,1.7236719352719572
rhynchosporium,decision_tree,1.34529899,1.7202617263710573
rhynchosporium,decision_tree,1.343775605,1.7087614825934683
rhynchosporium,decision_tree,1.335189025,1.779847844334861
rhynchosporium,decision_tree,1.344101569,1.7202617263710573
rhynchosporium,decision_tree,1.32933753,1.7087614825934683
rhynchosporium,decision_tree,1.298577029,1.4730857458565305
rhynchosporium,decision_tree,1.345295665,1.7236719352719572
rhynchosporium,decision_tree,1.315406884,1.547567608258686
rhynchosporium,decision_tree,1.349505539,1.7800547223597796
rhynchosporium,decision_tree,1.34298733,1.7800547223597796
rhynchosporium,decision_tree,1.346664439,1.7087614825934683
rhynchosporium,decision_tree,1.3579537285,1.7087614825934683
rhynchosporium,decision_tree,1.398346461,1.779847844334861
rhynchosporium,decision_tree,1.339987066,1.7202617263710573
rhynchosporium,decision_tree,1.343661201,1.7800547223597796
rhynchosporium,decision_tree,1.345964928,1.7202617263710573
rhynchosporium,decision_tree,1.3471061,1.7236719352719572
rhynchosporium,decision_tree,1.346448141,3.0354381202000003
rhynchosporium,decision_tree,1.343836725,1.7202617263710573
rhynchosporium,decision_tree,1.346482527,1.7202617263710573
rhynchosporium,decision_tree,1.360066546,1.7800547223597796
rhynchosporium,decision_tree,1.345987229,1.7087614825934683
rhynchosporium,decision_tree,1.346453976,1.7236719352719572
rhynchosporium,decision_tree,1.308055837,1.7800547223597796
rhynchosporium,decision_tree,1.34098313,1.7236719352719572
rhynchosporium,decision_tree,1.361337796,1.7202617263710573
rhynchosporium,decision_tree,1.343661201,1.7236719352719572
rhynchosporium,decision_tree,1.343521037,1.7202617263710573
rhynchosporium,decision_tree,1.346685288,1.547567608258686
rhynchosporium,decision_tree,1.309197826,1.8916292189200001
rhynchosporium,decision_tree,1.342040205,1.7236719352719572
rhynchosporium,decision_tree,1.520433454,1.7202617263710573
rhynchosporium,decision_tree,1.300671927,1.7236719352719572
rhynchosporium,decision_tree,1.361337796,1.7087614825934683
rhynchosporium,decision_tree,1.361759762,1.7202617263710573
rhynchosporium,decision_tree,2.778129841,1.7236719352719572
rhynchosporium,decision_tree,1.340363673,1.8916292189200001
rhynchosporium,decision_tree,1.343825587,1.7202617263710573
rhynchosporium,decision_tree,1.346453976,1.7087614825934683
rhynchosporium,decision_tree,1.358530138,1.7236719352719572
rhynchosporium,decision_tree,1.372354411,1.7087614825934683
rhynchosporium,decision_tree,1.30807905,1.7236719352719572
rhynchosporium,decision_tree,1.866814843,2.6648861511666673
rhynchosporium,decision_tree,1.344003723,1.4730857458565305
rhynchosporium,decision_tree,1.308054608,1.7236719352719572
rhynchosporium,decision_tree,1.349505539,1.7236719352719572
rhynchosporium,decision_tree,1.3438632,1.779847844334861
rhynchosporium,decision_tree,1.30780901,1.7202617263710573
rhynchosporium,decision_tree,1.305640819,1.779847844334861
rhynchosporium,decision_tree,1.3094274,1.7087614825934683
rhynchosporium,decision_tree,5.342723977,1.7087614825934683
rhynchosporium,decision_tree,1.345008161,1.7087614825934683
rhynchosporium,decision_tree,1.353220165,1.547567608258686
rhynchosporium,decision_tree,1.348299515,1.7202617263710573
rhynchosporium,decision_tree,1.346689537,1.7800547223597796
rhynchosporium,decision_tree,1.342040205,1.7202617263710573
rhynchosporium,decision_tree,1.361337796,1.7202617263710573
rhynchosporium,decision_tree,1.353220165,1.779847844334861
rhynchosporium,decision_tree,1.344003723,1.7202617263710573
rhynchosporium,decision_tree,1.343521037,1.7800547223597796
rhynchosporium,decision_tree,1.307782504,1.7236719352719572
rhynchosporium,decision_tree,1.344003723,1.7800547223597796
rhynchosporium,decision_tree,1.273690741,1.779847844334861
rhynchosporium,decision_tree,1.347090622,1.7236719352719572
rhynchosporium,decision_tree,1.345005202,1.7202617263710573
rhynchosporium,decision_tree,1.358530138,1.7236719352719572
rhynchosporium,decision_tree,1.347981651,1.7236719352719572
rhynchosporium,decision_tree,1.344116137,1.547567608258686
rhynchosporium,decision_tree,1.413527402,1.7087614825934683
rhynchosporium,decision_tree,3.889058053,1.7202617263710573
rhynchosporium,decision_tree,1.307550168,1.7087614825934683
rhynchosporium,decision_tree,1.301544971,1.7202617263710573
rhynchosporium,decision_tree,3.811587476,1.7236719352719572
rhynchosporium,decision_tree,1.34599483,1.7236719352719572
rhynchosporium,decision_tree,1.272689828,1.7780133226744186
rhynchosporium,decision_tree,1.274764257,1.779847844334861
rhynchosporium,decision_tree,1.340363673,1.7236719352719572
rhynchosporium,decision_tree,1.34529899,1.7800547223597796
rhynchosporium,decision_tree,1.342828272,1.7087614825934683
rhynchosporium,decision_tree,1.307278278,1.7202617263710573
rhynchosporium,decision_tree,1.348299515,1.7202617263710573
rhynchosporium,decision_tree,1.3239048,1.7087614825934683
rhynchosporium,decision_tree,1.307591499,1.7087614825934683
rhynchosporium,decision_tree,1.345987229,1.7202617263710573
rhynchosporium,decision_tree,1.831244023,2.3099436795833332
rhynchosporium,decision_tree,1.310157253,1.7202617263710573
rhynchosporium,decision_tree,1.311861531,1.7087614825934683
rhynchosporium,decision_tree,1.358698169,1.7202617263710573
rhynchosporium,decision_tree,1.298577029,1.7236719352719572
rhynchosporium,decision_tree,1.342040205,1.7202617263710573
rhynchosporium,decision_tree,1.322963995,1.547567608258686
rhynchosporium,decision_tree,1.321444246,1.7236719352719572
rhynchosporium,decision_tree,1.346448141,1.7236719352719572
rhynchosporium,decision_tree,1.308350204,1.547567608258686
rhynchosporium,decision_tree,1.344195959,1.7236719352719572
rhynchosporium,decision_tree,1.850124299,1.7202617263710573
rhynchosporium,decision_tree,1.361658452,1.7800547223597796
rhynchosporium,decision_tree,1.321500144,1.7087614825934683
rhynchosporium,decision_tree,1.307520684,1.7202617263710573
rhynchosporium,decision_tree,1.370487668,1.7202617263710573
rhynchosporium,decision_tree,1.340363673,1.547567608258686
rhynchosporium,decision_tree,1.376770695,1.7236719352719572
rhynchosporium,decision_tree,1.346685288,1.7236719352719572
rhynchosporium,decision_tree,1.344338755,1.7236719352719572
rhynchosporium,decision_tree,1.329438861,1.4730857458565305
rhynchosporium,decision_tree,2.358510891,1.4730857458565305
rhynchosporium,decision_tree,1.342528747,1.337074245
rhynchosporium,decision_tree,1.413527402,1.7800547223597796
rhynchosporium,decision_tree,1.346453976,2.6648861511666673
rhynchosporium,decision_tree,1.360066546,1.7087614825934683
rhynchosporium,decision_tree,1.313352083,1.7087614825934683
rhynchosporium,decision_tree,1.342528747,1.4730857458565305
rhynchosporium,decision_tree,1.347981651,1.7236719352719572
rhynchosporium,decision_tree,1.344893435,1.547567608258686
rhynchosporium,decision_tree,1.344195959,1.547567608258686
rhynchosporium,decision_tree,1.352646083,1.7236719352719572
rhynchosporium,decision_tree,1.308812035,1.779847844334861
rhynchosporium,decision_tree,1.330384449,1.7202617263710573
rhynchosporium,decision_tree,1.3471061,1.7202617263710573
rhynchosporium,decision_tree,3.055161343,1.7202617263710573
rhynchosporium,decision_tree,1.150956425,1.547567608258686
rhynchosporium,decision_tree,2.66439061,1.779847844334861
rhynchosporium,decision_tree,2.797547908,1.4730857458565305
rhynchosporium,decision_tree,1.166565902,1.7236719352719572
rhynchosporium,decision_tree,1.800333172,1.7780133226744186
rhynchosporium,decision_tree,1.226775092,1.779847844334861
rhynchosporium,decision_tree,1.0846278,1.7236719352719572
rhynchosporium,decision_tree,2.084627793,1.7087614825934683
rhynchosporium,decision_tree,1.084627814,1.7236719352719572
rhynchosporium,decision_tree,3.677442262,1.7087614825934683
rhynchosporium,decision_tree,1.777587867,1.7202617263710573
rhynchosporium,decision_tree,1.926354636,1.547567608258686
rhynchosporium,decision_tree,2.800333104,1.547567608258686
rhynchosporium,decision_tree,4.034188774,2.7666729630000004
rhynchosporium,decision_tree,1.539934426,1.7780133226744186
rhynchosporium,decision_tree,3.072987176,1.7236719352719572
rhynchosporium,decision_tree,3.383829302,1.7236719352719572
rhynchosporium,decision_tree,1.800333181,1.7236719352719572
rhynchosporium,decision_tree,5.942480457,1.7202617263710573
rhynchosporium,decision_tree,2.548635579,1.7780133226744186
rhynchosporium,decision_tree,3.910745141,1.4730857458565305
rhynchosporium,decision_tree,2.094565749,1.779847844334861
rhynchosporium,decision_tree,1.544284983,1.7087614825934683
rhynchosporium,decision_tree,4.806249044,1.4730857458565305
rhynchosporium,decision_tree,5.937389355,1.547567608258686
rhynchosporium,decision_tree,4.719895978,3.0354381202000003
rhynchosporium,decision_tree,5.537376594,1.547567608258686
rhynchosporium,decision_tree,2.327165351,1.7202617263710573
rhynchosporium,decision_tree,1.548527852,1.7202617263710573
rhynchosporium,decision_tree,1.516038609,1.7087614825934683
rhynchosporium,decision_tree,4.077337742,1.7800547223597796
rhynchosporium,decision_tree,4.717020916,1.7236719352719572
rhynchosporium,decision_tree,3.81059953,1.8916292189200001
rhynchosporium,decision_tree,1.022149746,1.7236719352719572
rhynchosporium,decision_tree,1.150956412,1.7236719352719572
rhynchosporium,decision_tree,1.795364245,1.547567608258686
rhynchosporium,decision_tree,2.10580294,1.7202617263710573
rhynchosporium,decision_tree,2.521007582,1.7236719352719572
rhynchosporium,decision_tree,3.428529944,1.779847844334861
rhynchosporium,decision_tree,1.150956416,1.7087614825934683
rhynchosporium,decision_tree,1.295372619,1.7236719352719572
rhynchosporium,decision_tree,3.393767268,1.7087614825934683
rhynchosporium,decision_tree,3.525976592,1.7202617263710573
rhynchosporium,decision_tree,2.802384279,1.7087614825934683
rhynchosporium,decision_tree,1.411127677,1.779847844334861
rhynchosporium,decision_tree,1.373891306,1.779847844334861
rhynchosporium,decision_tree,2.284113702,2.7666729630000004
rhynchosporium,decision_tree,3.962356462,1.7236719352719572
rhynchosporium,decision_tree,1.793197301,1.7236719352719572
rhynchosporium,decision_tree,1.535583863,1.7087614825934683
rhynchosporium,decision_tree,1.368922381,1.7800547223597796
rhynchosporium,decision_tree,4.816695389,2.7666729630000004
rhynchosporium,decision_tree,5.039551927,1.7087614825934683
rhynchosporium,decision_tree,3.437231032,2.6648861511666673
rhynchosporium,decision_tree,3.552396836,1.779847844334861
rhynchosporium,decision_tree,5.162620829,1.7236719352719572
rhynchosporium,decision_tree,4.717020954,1.7087614825934683
rhynchosporium,decision_tree,6.424179376,1.7800547223597796
rhynchosporium,decision_tree,4.432880485,1.7087614825934683
rhynchosporium,decision_tree,3.231743977,1.7087614825934683
rhynchosporium,decision_tree,3.810271171,1.7800547223597796
rhynchosporium,decision_tree,2.399868753,1.7202617263710573
rhynchosporium,decision_tree,2.166565836,1.7202617263710573
rhynchosporium,decision_tree,3.794990068,1.7087614825934683
rhynchosporium,decision_tree,4.806249013,1.7202617263710573
rhynchosporium,decision_tree,4.717020891,1.7087614825934683
rhynchosporium,decision_tree,1.29102209,1.779847844334861
rhynchosporium,decision_tree,2.037759198,1.7087614825934683
rhynchosporium,decision_tree,3.820209121,1.7236719352719572
rhynchosporium,decision_tree,1.368922386,1.547567608258686
rhynchosporium,decision_tree,4.104503709,1.7087614825934683
rhynchosporium,decision_tree,3.677442243,1.7202617263710573
rhynchosporium,decision_tree,3.383829285,1.547567608258686
rhynchosporium,decision_tree,3.437231044,1.4730857458565305
rhynchosporium,decision_tree,3.228091223,1.7236719352719572
rhynchosporium,decision_tree,3.97028386,1.547567608258686
rhynchosporium,decision_tree,4.295628113,1.7236719352719572
rhynchosporium,decision_tree,1.399868768,1.547567608258686
rhynchosporium,decision_tree,1.150956338,1.7087614825934683
rhynchosporium,decision_tree,4.231960254,1.4730857458565305
rhynchosporium,decision_tree,1.995121674,1.7087614825934683
rhynchosporium,decision_tree,4.050810802,1.547567608258686
rhynchosporium,decision_tree,6.236713047,1.779847844334861
rhynchosporium,decision_tree,1.995121717,1.7236719352719572
rhynchosporium,decision_tree,2.795364243,1.7800547223597796
rhynchosporium,decision_tree,6.255551244,1.779847844334861
rhynchosporium,decision_tree,2.236713072,1.7087614825934683
rhynchosporium,decision_tree,2.378860355,1.547567608258686
rhynchosporium,decision_tree,3.281040107,1.7800547223597796
rhynchosporium,decision_tree,2.673092864,2.6648861511666673
rhynchosporium,decision_tree,4.002859751,1.7800547223597796
rhynchosporium,decision_tree,6.077544384,1.547567608258686
rhynchosporium,decision_tree,5.21484569,1.779847844334861
rhynchosporium,decision_tree,1.084627823,1.7236719352719572
rhynchosporium,decision_tree,3.899916617,1.7087614825934683
rhynchosporium,decision_tree,3.613083774,1.337074245
rhynchosporium,decision_tree,0.93751152,1.7202617263710573
rhynchosporium,decision_tree,4.104503652,1.7800547223597796
rhynchosporium,decision_tree,1.166565829,1.779847844334861
rhynchosporium,decision_tree,1.291022085,1.7780133226744186
rhynchosporium,decision_tree,1.373891358,1.7800547223597796
rhynchosporium,decision_tree,1.653216896,1.7800547223597796
rhynchosporium,decision_tree,2.226775035,1.7236719352719572
rhynchosporium,decision_tree,4.673091663,1.7202617263710573
rhynchosporium,decision_tree,1.216484133,1.7202617263710573
rhynchosporium,decision_tree,4.166489864,1.7236719352719572
rhynchosporium,decision_tree,0.937511537,1.7236719352719572
rhynchosporium,decision_tree,2.521007596,1.7202617263710573
rhynchosporium,decision_tree,1.673091741,1.7087614825934683
rhynchosporium,decision_tree,1.216484222,1.7087614825934683
rhynchosporium,decision_tree,4.246650991,1.7800547223597796
rhynchosporium,decision_tree,4.530945561,1.779847844334861
rhynchosporium,decision_tree,1.101933942,1.7202617263710573
rhynchosporium,decision_tree,2.150956438,1.7087614825934683
rhynchosporium,decision_tree,1.216484184,1.547567608258686
rhynchosporium,decision_tree,2.644430528,1.779847844334861
rhynchosporium,decision_tree,2.166565854,1.7087614825934683
rhynchosporium,decision_tree,1.913302957,1.547567608258686
rhynchosporium,decision_tree,2.166565886,1.7202617263710573
rhynchosporium,decision_tree,1.516038645,1.7236719352719572
rhynchosporium,decision_tree,2.363953405,1.7236719352719572
rhynchosporium,decision_tree,1.295372655,1.547567608258686
rhynchosporium,decision_tree,1.150956419,1.7202617263710573
rhynchosporium,decision_tree,2.226775042,1.547567608258686
rhynchosporium,decision_tree,1.793197387,1.7800547223597796
rhynchosporium,decision_tree,3.535914538,1.779847844334861
rhynchosporium,decision_tree,1.511069651,1.547567608258686
rhynchosporium,decision_tree,3.113541001,1.7202617263710573
rhynchosporium,decision_tree,1.271062017,1.7087614825934683
rhynchosporium,decision_tree,1.373891344,1.7236719352719572
rhynchosporium,decision_tree,2.42417935,1.7800547223597796
rhynchosporium,decision_tree,2.236713022,1.779847844334861
rhynchosporium,decision_tree,1.537724038,1.7236719352719572
rhynchosporium,decision_tree,1.653217027,1.7087614825934683
rhynchosporium,decision_tree,1.793197323,1.7236719352719572
rhynchosporium,decision_tree,4.424179399,1.7087614825934683
rhynchosporium,decision_tree,1.810271144,3.0354381202000003
rhynchosporium,decision_tree,1.677442321,1.7236719352719572
rhynchosporium,decision_tree,1.433977626,1.547567608258686
rhynchosporium,decision_tree,1.27541261,1.7087614825934683
rhynchosporium,decision_tree,1.415478246,1.7236719352719572
rhynchosporium,decision_tree,5.588214198,1.7780133226744186
rhynchosporium,decision_tree,1.942480502,1.7202617263710573
rhynchosporium,decision_tree,2.368922315,1.7236719352719572
rhynchosporium,decision_tree,0.937511542,1.7087614825934683
rhynchosporium,decision_tree,2.657482196,1.337074245
rhynchosporium,decision_tree,2.002859784,1.779847844334861
rhynchosporium,decision_tree,2.433977617,1.779847844334861
rhynchosporium,decision_tree,3.668123866,1.7202617263710573
rhynchosporium,decision_tree,1.795364238,1.7202617263710573
rhynchosporium,decision_tree,3.544284971,1.4730857458565305
rhynchosporium,decision_tree,1.593738644,1.7202617263710573
rhynchosporium,decision_tree,2.05081083,1.7236719352719572
rhynchosporium,decision_tree,1.653131708,1.7087614825934683
rhynchosporium,decision_tree,0.937511517,1.7202617263710573
rhynchosporium,decision_tree,1.584627849,1.7087614825934683
rhynchosporium,decision_tree,1.150956381,1.7087614825934683
rhynchosporium,decision_tree,4.957387446,1.7780133226744186
rhynchosporium,decision_tree,1.231744074,1.7236719352719572
rhynchosporium,decision_tree,2.286671477,1.7202617263710573
rhynchosporium,decision_tree,0.937511531,1.4730857458565305
rhynchosporium,decision_tree,1.221806126,1.7202617263710573
rhynchosporium,decision_tree,1.022149651,1.779847844334861
rhynchosporium,decision_tree,1.658185947,1.7236719352719572
rhynchosporium,decision_tree,1.648247976,1.4730857458565305
rhynchosporium,decision_tree,1.037759191,1.7800547223597796
rhynchosporium,decision_tree,1.511069661,1.7087614825934683
rhynchosporium,decision_tree,1.234068626,1.7202617263710573
rhynchosporium,decision_tree,1.084627801,1.7087614825934683
rhynchosporium,decision_tree,1.777587835,1.7087614825934683
rhynchosporium,decision_tree,1.664390642,1.547567608258686
rhynchosporium,decision_tree,1.291022087,1.4730857458565305
rhynchosporium,decision_tree,4.388798298,1.7236719352719572
rhynchosporium,decision_tree,5.383829257,1.779847844334861
rhynchosporium,decision_tree,4.408569952,1.547567608258686
rhynchosporium,decision_tree,2.026500251,1.7202617263710573
rhynchosporium,decision_tree,2.4378466,1.4730857458565305
rhynchosporium,decision_tree,1.539934439,1.547567608258686
rhynchosporium,decision_tree,1.166565894,1.7202617263710573
rhynchosporium,decision_tree,2.059511906,1.7087614825934683
rhynchosporium,decision_tree,1.917653563,1.7202617263710573
rhynchosporium,decision_tree,1.221806052,1.7236719352719572
rhynchosporium,decision_tree,1.404219315,1.7236719352719572
rhynchosporium,decision_tree,2.516038625,1.7800547223597796
rhynchosporium,decision_tree,2.378860278,1.7202617263710573
rhynchosporium,decision_tree,1.084627778,1.547567608258686
rhynchosporium,decision_tree,1.516038621,1.4730857458565305
rhynchosporium,decision_tree,1.166565922,1.7800547223597796
rhynchosporium,decision_tree,3.712670323,1.7202617263710573
rhynchosporium,decision_tree,1.226775087,1.7236719352719572
rhynchosporium,decision_tree,1.037759156,2.7666729630000004
rhynchosporium,decision_tree,1.373891335,1.7202617263710573
rhynchosporium,decision_tree,2.797547878,1.7087614825934683
rhynchosporium,decision_tree,2.077337735,1.7236719352719572
rhynchosporium,decision_tree,2.506100645,1.7236719352719572
rhynchosporium,decision_tree,1.079658796,1.7236719352719572
rhynchosporium,decision_tree,1.552396851,1.7087614825934683
rhynchosporium,decision_tree,1.777587867,1.547567608258686
rhynchosporium,decision_tree,1.800333178,1.7236719352719572
rhynchosporium,decision_tree,1.079658812,1.547567608258686
rhynchosporium,decision_tree,3.31277491,1.7087614825934683
rhynchosporium,decision_tree,5.304073726,1.779847844334861
rhynchosporium,decision_tree,2.037759125,1.7236719352719572
rhynchosporium,decision_tree,4.673092846,1.7087614825934683
rhynchosporium,decision_tree,4.468108579,1.7236719352719572
rhynchosporium,decision_tree,3.241682005,1.7236719352719572
rhynchosporium,decision_tree,2.579856833,1.7202617263710573
rhynchosporium,decision_tree,1.166565842,1.4730857458565305
rhynchosporium,decision_tree,1.231744098,1.7087614825934683
rhynchosporium,decision_tree,1.884440496,1.547567608258686
rhynchosporium,decision_tree,2.050810773,1.7087614825934683
rhynchosporium,decision_tree,4.459407456,1.7202617263710573
rhynchosporium,decision_tree,1.295372719,1.7087614825934683
rhynchosporium,decision_tree,3.31277491,1.7087614825934683
rhynchosporium,decision_tree,1.286671536,1.7236719352719572
rhynchosporium,decision_tree,1.64824796,1.4730857458565305
rhynchosporium,decision_tree,1.441715643,1.4730857458565305
rhynchosporium,decision_tree,1.942480444,1.7202617263710573
rhynchosporium,decision_tree,2.084627779,1.547567608258686
rhynchosporium,decision_tree,1.022149666,1.7800547223597796
rhynchosporium,decision_tree,1.275412545,1.7087614825934683
rhynchosporium,decision_tree,1.146605826,1.7236719352719572
rhynchosporium,decision_tree,2.666183394,1.779847844334861
rhynchosporium,decision_tree,1.08462779,1.547567608258686
rhynchosporium,decision_tree,1.942480489,1.7087614825934683
rhynchosporium,decision_tree,2.445584667,1.7236719352719572
rhynchosporium,decision_tree,1.535583834,1.7236719352719572
rhynchosporium,decision_tree,2.648781076,1.779847844334861
rhynchosporium,decision_tree,4.219196206,1.7202617263710573
rhynchosporium,decision_tree,1.084627748,1.547567608258686
rhynchosporium,decision_tree,1.399868734,1.4730857458565305
rhynchosporium,decision_tree,1.231744032,1.7087614825934683
rhynchosporium,decision_tree,2.524324925,1.547567608258686
rhynchosporium,decision_tree,1.648781119,1.4730857458565305
rhynchosporium,decision_tree,2.037759174,1.4730857458565305
rhynchosporium,decision_tree,1.942480508,1.7236719352719572
rhynchosporium,decision_tree,0.937511521,1.7780133226744186
rhynchosporium,decision_tree,3.428529935,1.779847844334861
rhynchosporium,decision_tree,1.216484155,1.7202617263710573
rhynchosporium,decision_tree,3.962356371,2.6648861511666673
rhynchosporium,decision_tree,1.516038648,1.7800547223597796
rhynchosporium,decision_tree,1.908952426,1.4730857458565305
rhynchosporium,decision_tree,4.269433029,1.7087614825934683
rhynchosporium,decision_tree,1.279763171,1.547567608258686
rhynchosporium,decision_tree,1.810271154,1.779847844334861
rhynchosporium,decision_tree,2.445584659,1.7087614825934683
rhynchosporium,decision_tree,2.087624947,2.6648861511666673
rhynchosporium,decision_tree,2.084627862,1.8916292189200001
rhynchosporium,decision_tree,1.327165418,1.7800547223597796
rhynchosporium,decision_tree,1.166565928,1.7087614825934683
rhynchosporium,decision_tree,1.664390597,1.4730857458565305
rhynchosporium,decision_tree,1.150956433,1.7202617263710573
rhynchosporium,decision_tree,3.52597656,1.4730857458565305
rhynchosporium,decision_tree,1.810271179,1.7800547223597796
rhynchosporium,decision_tree,1.880571458,1.7202617263710573
rhynchosporium,decision_tree,0.937511466,1.7202617263710573
rhynchosporium,decision_tree,1.827165365,1.779847844334861
rhynchosporium,decision_tree,1.079658813,1.547567608258686
rhynchosporium,decision_tree,1.795364214,1.7087614825934683
rhynchosporium,decision_tree,2.888309544,1.7236719352719572
rhynchosporium,decision_tree,2.53993443,1.7236719352719572
rhynchosporium,decision_tree,3.560134905,1.7236719352719572
rhynchosporium,decision_tree,2.368922365,1.7236719352719572
rhynchosporium,decision_tree,4.468108555,1.779847844334861
rhynchosporium,decision_tree,1.221806109,1.547567608258686
rhynchosporium,decision_tree,3.338772488,1.7087614825934683
rhynchosporium,decision_tree,1.653216924,1.4730857458565305
rhynchosporium,decision_tree,0.937511585,1.779847844334861
rhynchosporium,decision_tree,1.295372587,1.7087614825934683
rhynchosporium,decision_tree,1.275412609,1.547567608258686
rhynchosporium,decision_tree,2.23196032,1.779847844334861
rhynchosporium,decision_tree,5.712670401,1.779847844334861
rhynchosporium,decision_tree,3.235829364,1.7236719352719572
rhynchosporium,decision_tree,2.663154846,1.7236719352719572
rhynchosporium,decision_tree,1.884440493,1.7236719352719572
rhynchosporium,decision_tree,1.594565755,1.7202617263710573
rhynchosporium,decision_tree,5.605345756,1.7202617263710573
rhynchosporium,decision_tree,1.079658816,1.7202617263710573
rhynchosporium,decision_tree,1.91765356,1.779847844334861
rhynchosporium,decision_tree,3.39376729,1.7236719352719572
rhynchosporium,decision_tree,3.91248631,1.7202617263710573
rhynchosporium,decision_tree,1.291022115,1.7236719352719572
rhynchosporium,decision_tree,3.051939641,1.7800547223597796
rhynchosporium,decision_tree,4.806249012,1.7087614825934683
rhynchosporium,decision_tree,4.246650957,1.7202617263710573
rhynchosporium,decision_tree,1.212615116,1.547567608258686
rhynchosporium,decision_tree,1.668741198,1.4730857458565305
